{
"type": "FeatureCollection",
"name": "obis_espacial_2023",
"crs": { "type": "name", "properties": { "name": "urn:ogc:def:crs:OGC:1.3:CRS84" } },
"features": [
{ "type": "Feature", "properties": { "basisOfRecord": "HumanObservation", "date_year": 2023, "eventDate": "2023-06-23T17:26:00+02:00", "individualCount": null, "scientificName": "Rissa tridactyla", "id": "000520d1-6149-4653-a2c1-aec08be9368a", "especie_normalizada": "Rissa tridactyla", "decada": 2020.0 }, "geometry": { "type": "Point", "coordinates": [ 31.087820833399999, 70.266231598399997 ] } },
{ "type": "Feature", "properties": { "basisOfRecord": "HumanObservation", "date_year": 2023, "eventDate": "2023-07-14T18:16:00+00:00", "individualCount": null, "scientificName": "Rissa tridactyla", "id": "002cc982-f0c0-48b0-b958-8c48c3c42904", "especie_normalizada": "Rissa tridactyla", "decada": 2020.0 }, "geometry": { "type": "Point", "coordinates": [ -23.700686945, 64.895992778299998 ] } },
{ "type": "Feature", "properties": { "basisOfRecord": "HumanObservation", "date_year": 2023, "eventDate": "2023-06-01T13:38:56+00:00", "individualCount": null, "scientificName": "Fratercula arctica", "id": "0033a903-0f15-4377-b0e3-a4296ad91d43", "especie_normalizada": "Fratercula arctica", "decada": 2020.0 }, "geometry": { "type": "Point", "coordinates": [ -21.969888210299999, 64.171961993 ] } },
{ "type": "Feature", "properties": { "basisOfRecord": "HumanObservation", "date_year": 2023, "eventDate": "2023-05-30T12:11:00+02:00", "individualCount": null, "scientificName": "Fratercula arctica", "id": "0058e37e-3af1-498c-b15c-1865be24e6d7", "especie_normalizada": "Fratercula arctica", "decada": 2020.0 }, "geometry": { "type": "Point", "coordinates": [ 5.7141126927, 62.574992117500003 ] } },
{ "type": "Feature", "properties": { "basisOfRecord": "HumanObservation", "date_year": 2023, "eventDate": "2023-03-24T11:28:00+01:00", "individualCount": null, "scientificName": "Rissa tridactyla", "id": "0078f038-61a5-4360-b8d7-d17e3612221e", "especie_normalizada": "Rissa tridactyla", "decada": 2020.0 }, "geometry": { "type": "Point", "coordinates": [ 31.019897995499999, 70.285645186599993 ] } },
{ "type": "Feature", "properties": { "basisOfRecord": "HumanObservation", "date_year": 2023, "eventDate": "2023-07-16T13:40:00+00:00", "individualCount": null, "scientificName": "Fratercula arctica", "id": "007bb699-5d22-4787-988a-c4c46b79cb1e", "especie_normalizada": "Fratercula arctica", "decada": 2020.0 }, "geometry": { "type": "Point", "coordinates": [ -24.527784721700002, 65.500782221700007 ] } },
{ "type": "Feature", "properties": { "basisOfRecord": "HumanObservation", "date_year": 2023, "eventDate": "2023-07-17T09:57:00+02:00", "individualCount": null, "scientificName": "Fratercula arctica", "id": "007fb350-72cc-4b5c-a967-fe978f427aac", "especie_normalizada": "Fratercula arctica", "decada": 2020.0 }, "geometry": { "type": "Point", "coordinates": [ 25.245383131, 70.950919677599998 ] } },
{ "type": "Feature", "properties": { "basisOfRecord": "HumanObservation", "date_year": 2023, "eventDate": "2023-06-06T07:26:00+00:00", "individualCount": null, "scientificName": "Fratercula arctica", "id": "00a194e2-9e1d-4648-884d-c24fad01624c", "especie_normalizada": "Fratercula arctica", "decada": 2020.0 }, "geometry": { "type": "Point", "coordinates": [ -17.599695808100002, 66.190253190799993 ] } },
{ "type": "Feature", "properties": { "basisOfRecord": "HumanObservation", "date_year": 2023, "eventDate": "2023-06-23T14:53:00+02:00", "individualCount": null, "scientificName": "Rissa tridactyla", "id": "00aad296-3f47-421d-9318-1ef1fe1e46c6", "especie_normalizada": "Rissa tridactyla", "decada": 2020.0 }, "geometry": { "type": "Point", "coordinates": [ 31.178265369799998, 70.274533143400006 ] } },
{ "type": "Feature", "properties": { "basisOfRecord": "HumanObservation", "date_year": 2023, "eventDate": "2023-07-28T11:44:42+02:00", "individualCount": null, "scientificName": "Fratercula arctica", "id": "010bf01b-e39c-43e7-aa2f-3bfcd438ffca", "especie_normalizada": "Fratercula arctica", "decada": 2020.0 }, "geometry": { "type": "Point", "coordinates": [ 25.104848604099999, 71.158156548199997 ] } },
{ "type": "Feature", "properties": { "basisOfRecord": "HumanObservation", "date_year": 2023, "eventDate": "2023-06-05T17:14:00+00:00", "individualCount": null, "scientificName": "Fratercula arctica", "id": "015ef741-ec4f-4fee-bafd-afc94a5d63f5", "especie_normalizada": "Fratercula arctica", "decada": 2020.0 }, "geometry": { "type": "Point", "coordinates": [ -13.754710938900001, 65.5383750811 ] } },
{ "type": "Feature", "properties": { "basisOfRecord": "HumanObservation", "date_year": 2023, "eventDate": "2023-07-06T10:01:00+00:00", "individualCount": null, "scientificName": "Rissa tridactyla", "id": "019fa7ba-c3a0-4780-a613-f708cf16e4ac", "especie_normalizada": "Rissa tridactyla", "decada": 2020.0 }, "geometry": { "type": "Point", "coordinates": [ -23.6450850065, 64.751642986700006 ] } },
{ "type": "Feature", "properties": { "basisOfRecord": "HumanObservation", "date_year": 2023, "eventDate": "2023-10-03T09:29:00-01:00", "individualCount": null, "scientificName": "Rissa tridactyla", "id": "01d80f74-84e8-439b-83be-7c02dcdcc113", "especie_normalizada": "Rissa tridactyla", "decada": 2020.0 }, "geometry": { "type": "Point", "coordinates": [ -10.961450595300001, 64.1726863425 ] } },
{ "type": "Feature", "properties": { "basisOfRecord": "HumanObservation", "date_year": 2023, "eventDate": "2023-06-23T16:46:00+02:00", "individualCount": null, "scientificName": "Rissa tridactyla", "id": "020d561b-8165-484e-821e-685721f85bf1", "especie_normalizada": "Rissa tridactyla", "decada": 2020.0 }, "geometry": { "type": "Point", "coordinates": [ 31.096169599700001, 70.237526436500005 ] } },
{ "type": "Feature", "properties": { "basisOfRecord": "HumanObservation", "date_year": 2023, "eventDate": "2023-02-11T18:04:21+00:00", "individualCount": null, "scientificName": "Fratercula arctica", "id": "0220d6fa-10ac-4d91-8cf5-caac54adeddf", "especie_normalizada": "Fratercula arctica", "decada": 2020.0 }, "geometry": { "type": "Point", "coordinates": [ -19.007610321, 63.414199829099999 ] } },
{ "type": "Feature", "properties": { "basisOfRecord": "HumanObservation", "date_year": 2023, "eventDate": "2023-01-01T11:13:00+00:00", "individualCount": null, "scientificName": "Rissa tridactyla", "id": "026fe630-bbb3-45d5-ae0b-fff0344ba4be", "especie_normalizada": "Rissa tridactyla", "decada": 2020.0 }, "geometry": { "type": "Point", "coordinates": [ -1.2205738185, 60.003232492800002 ] } },
{ "type": "Feature", "properties": { "basisOfRecord": "HumanObservation", "date_year": 2023, "eventDate": "2023-07-24T14:51:00+00:00", "individualCount": null, "scientificName": "Fratercula arctica", "id": "0279a69c-e856-4685-85a0-46a6211b5305", "especie_normalizada": "Fratercula arctica", "decada": 2020.0 }, "geometry": { "type": "Point", "coordinates": [ -20.261458328100002, 63.445026695800003 ] } },
{ "type": "Feature", "properties": { "basisOfRecord": "HumanObservation", "date_year": 2023, "eventDate": "2023-07-11T16:52:56+02:00", "individualCount": null, "scientificName": "Rissa tridactyla", "id": "02c8b914-a3f3-4f41-9f04-cfc06597866a", "especie_normalizada": "Rissa tridactyla", "decada": 2020.0 }, "geometry": { "type": "Point", "coordinates": [ 21.320911666699999, 77.968711666700003 ] } },
{ "type": "Feature", "properties": { "basisOfRecord": "HumanObservation", "date_year": 2023, "eventDate": "2023-06-23T17:05:00+02:00", "individualCount": null, "scientificName": "Fratercula arctica", "id": "031a7ae2-a47f-4109-9653-b69e8b0c1ab1", "especie_normalizada": "Fratercula arctica", "decada": 2020.0 }, "geometry": { "type": "Point", "coordinates": [ 31.0810035877, 70.354144356299997 ] } },
{ "type": "Feature", "properties": { "basisOfRecord": "HumanObservation", "date_year": 2023, "eventDate": "2023-09-26T15:27:00+02:00", "individualCount": null, "scientificName": "Balaenoptera physalus", "id": "03288377-d573-41f8-861e-c1d79604fcfc", "especie_normalizada": "Balaenoptera physalus", "decada": 2020.0 }, "geometry": { "type": "Point", "coordinates": [ 14.4222800394, 76.893089001500002 ] } },
{ "type": "Feature", "properties": { "basisOfRecord": "HumanObservation", "date_year": 2023, "eventDate": "2023-05-16T22:23:00+00:00", "individualCount": null, "scientificName": "Fratercula arctica", "id": "0373b9a2-957f-4b81-84b3-21e1681ad2b0", "especie_normalizada": "Fratercula arctica", "decada": 2020.0 }, "geometry": { "type": "Point", "coordinates": [ -19.040534067199999, 63.402710066700003 ] } },
{ "type": "Feature", "properties": { "basisOfRecord": "HumanObservation", "date_year": 2023, "eventDate": "2023-09-01T09:45:00-01:00", "individualCount": null, "scientificName": "Rissa tridactyla", "id": "03795b21-4567-4598-a422-d4653b9538da", "especie_normalizada": "Rissa tridactyla", "decada": 2020.0 }, "geometry": { "type": "Point", "coordinates": [ -21.292368704400001, 68.722373625900005 ] } },
{ "type": "Feature", "properties": { "basisOfRecord": "HumanObservation", "date_year": 2023, "eventDate": "2023-06-23T16:33:00+02:00", "individualCount": null, "scientificName": "Fratercula arctica", "id": "03a3da86-59cc-42bb-b474-86fc7f73bb30", "especie_normalizada": "Fratercula arctica", "decada": 2020.0 }, "geometry": { "type": "Point", "coordinates": [ 31.088526936499999, 70.337566281600004 ] } },
{ "type": "Feature", "properties": { "basisOfRecord": "HumanObservation", "date_year": 2023, "eventDate": "2023-10-14T11:29:48+02:00", "individualCount": null, "scientificName": "Rissa tridactyla", "id": "03c1714b-303e-4a24-aa21-98064563e0bc", "especie_normalizada": "Rissa tridactyla", "decada": 2020.0 }, "geometry": { "type": "Point", "coordinates": [ 11.608878724, 57.6977268897 ] } },
{ "type": "Feature", "properties": { "basisOfRecord": "HumanObservation", "date_year": 2023, "eventDate": "2023-08-02T10:34:40+00:00", "individualCount": null, "scientificName": "Fratercula arctica", "id": "03c6a16e-72d4-4ea7-8167-f435dfcc2516", "especie_normalizada": "Fratercula arctica", "decada": 2020.0 }, "geometry": { "type": "Point", "coordinates": [ -19.1535396576, 63.4334106445 ] } },
{ "type": "Feature", "properties": { "basisOfRecord": "HumanObservation", "date_year": 2023, "eventDate": "2023-08-12T09:40:08+00:00", "individualCount": null, "scientificName": "Fratercula arctica", "id": "03d1cb7c-ec25-4e04-8fab-06141767fcf0", "especie_normalizada": "Fratercula arctica", "decada": 2020.0 }, "geometry": { "type": "Point", "coordinates": [ -19.0412649885, 63.402554216 ] } },
{ "type": "Feature", "properties": { "basisOfRecord": "HumanObservation", "date_year": 2023, "eventDate": "2023-06-21T11:54:00+00:00", "individualCount": null, "scientificName": "Rissa tridactyla", "id": "03e8c90c-0974-413b-9d58-401d5bfd3d28", "especie_normalizada": "Rissa tridactyla", "decada": 2020.0 }, "geometry": { "type": "Point", "coordinates": [ -24.526835382600002, 65.4999883 ] } },
{ "type": "Feature", "properties": { "basisOfRecord": "HumanObservation", "date_year": 2023, "eventDate": "2023-06-17T15:38:06+01:00", "individualCount": null, "scientificName": "Fratercula arctica", "id": "0426880b-69e3-4a5b-8bf8-0c929441d15f", "especie_normalizada": "Fratercula arctica", "decada": 2020.0 }, "geometry": { "type": "Point", "coordinates": [ -1.2755630538, 59.853780202599999 ] } },
{ "type": "Feature", "properties": { "basisOfRecord": "HumanObservation", "date_year": 2023, "eventDate": "2023-09-09T10:18:53+02:00", "individualCount": null, "scientificName": "Rissa tridactyla", "id": "04413b37-1982-47ab-a838-dfa3c0b43b37", "especie_normalizada": "Rissa tridactyla", "decada": 2020.0 }, "geometry": { "type": "Point", "coordinates": [ 12.495759275399999, 79.538652226699995 ] } },
{ "type": "Feature", "properties": { "basisOfRecord": "HumanObservation", "date_year": 2023, "eventDate": "2023-06-29T21:23:00+02:00", "individualCount": null, "scientificName": "Rissa tridactyla", "id": "047ae1cd-1a13-4ffa-80b9-609c020320d1", "especie_normalizada": "Rissa tridactyla", "decada": 2020.0 }, "geometry": { "type": "Point", "coordinates": [ 31.0602741376, 70.280914779 ] } },
{ "type": "Feature", "properties": { "basisOfRecord": "HumanObservation", "date_year": 2023, "eventDate": "2023-06-23T15:39:00+02:00", "individualCount": null, "scientificName": "Fratercula arctica", "id": "04920071-9e7b-4c43-900e-08cd7fdbbb63", "especie_normalizada": "Fratercula arctica", "decada": 2020.0 }, "geometry": { "type": "Point", "coordinates": [ 31.1777385557, 70.269468805100004 ] } },
{ "type": "Feature", "properties": { "basisOfRecord": "HumanObservation", "date_year": 2023, "eventDate": "2023-07-14T12:55:00+00:00", "individualCount": null, "scientificName": "Rissa tridactyla", "id": "04acb98c-b11f-40b3-afab-b6c4ee11ab36", "especie_normalizada": "Rissa tridactyla", "decada": 2020.0 }, "geometry": { "type": "Point", "coordinates": [ -24.041323611700001, 64.886778055 ] } },
{ "type": "Feature", "properties": { "basisOfRecord": "HumanObservation", "date_year": 2023, "eventDate": "2023-07-24T10:52:38+02:00", "individualCount": null, "scientificName": "Rissa tridactyla", "id": "04d41225-3796-4275-bcf0-697e86f4af01", "especie_normalizada": "Rissa tridactyla", "decada": 2020.0 }, "geometry": { "type": "Point", "coordinates": [ 21.9216307439, 78.266917141199997 ] } },
{ "type": "Feature", "properties": { "basisOfRecord": "HumanObservation", "date_year": 2023, "eventDate": "2023-05-26T17:06:06+00:00", "individualCount": null, "scientificName": "Rissa tridactyla", "id": "051543f8-9110-4360-92c5-cf42dc3c5280", "especie_normalizada": "Rissa tridactyla", "decada": 2020.0 }, "geometry": { "type": "Point", "coordinates": [ -22.714266666699999, 63.812111666699998 ] } },
{ "type": "Feature", "properties": { "basisOfRecord": "HumanObservation", "date_year": 2023, "eventDate": "2023-07-03T12:29:00+02:00", "individualCount": null, "scientificName": "Fratercula arctica", "id": "05f80e3b-d639-4c7d-90ce-31ddf70b2912", "especie_normalizada": "Fratercula arctica", "decada": 2020.0 }, "geometry": { "type": "Point", "coordinates": [ 10.320052244499999, 78.2545523613 ] } },
{ "type": "Feature", "properties": { "basisOfRecord": "HumanObservation", "date_year": 2023, "eventDate": "2023-06-19T13:54:00+00:00", "individualCount": null, "scientificName": "Fratercula arctica", "id": "05fa4574-24c4-4fe0-90f6-5701ad59e2c6", "especie_normalizada": "Fratercula arctica", "decada": 2020.0 }, "geometry": { "type": "Point", "coordinates": [ -18.013575971400002, 66.556266150400006 ] } },
{ "type": "Feature", "properties": { "basisOfRecord": "HumanObservation", "date_year": 2023, "eventDate": "2023-07-17T12:20:57+02:00", "individualCount": null, "scientificName": "Fratercula arctica", "id": "06a066a4-1fd0-4a8a-8e6a-5b098730c1c8", "especie_normalizada": "Fratercula arctica", "decada": 2020.0 }, "geometry": { "type": "Point", "coordinates": [ 5.6692377174, 62.478170915100002 ] } },
{ "type": "Feature", "properties": { "basisOfRecord": "HumanObservation", "date_year": 2023, "eventDate": "2023-06-23T15:28:00+02:00", "individualCount": null, "scientificName": "Fratercula arctica", "id": "06c59b6d-c04f-4b7a-b65c-2166408798a9", "especie_normalizada": "Fratercula arctica", "decada": 2020.0 }, "geometry": { "type": "Point", "coordinates": [ 31.194799642300001, 70.354788289599995 ] } },
{ "type": "Feature", "properties": { "basisOfRecord": "HumanObservation", "date_year": 2023, "eventDate": "2023-07-08T10:18:28+02:00", "individualCount": null, "scientificName": "Rissa tridactyla", "id": "06f6a896-0ffe-4e4c-8791-a0239868d2d8", "especie_normalizada": "Rissa tridactyla", "decada": 2020.0 }, "geometry": { "type": "Point", "coordinates": [ 11.808471666699999, 79.786361666700003 ] } },
{ "type": "Feature", "properties": { "basisOfRecord": "HumanObservation", "date_year": 2023, "eventDate": "2023-06-10T11:43:43+01:00", "individualCount": null, "scientificName": "Rissa tridactyla", "id": "06ff1f36-adf6-429a-b6c1-2fd5248b1bea", "especie_normalizada": "Rissa tridactyla", "decada": 2020.0 }, "geometry": { "type": "Point", "coordinates": [ -7.6476837, 62.101711399700001 ] } },
{ "type": "Feature", "properties": { "basisOfRecord": "HumanObservation", "date_year": 2023, "eventDate": "2023-06-01T10:41:00-01:00", "individualCount": null, "scientificName": "Rissa tridactyla", "id": "07231719-6a27-49c8-97a6-592333a4323c", "especie_normalizada": "Rissa tridactyla", "decada": 2020.0 }, "geometry": { "type": "Point", "coordinates": [ -7.9435038, 62.819015 ] } },
{ "type": "Feature", "properties": { "basisOfRecord": "HumanObservation", "date_year": 2023, "eventDate": "2023-07-16T15:08:00+02:00", "individualCount": null, "scientificName": "Rissa tridactyla", "id": "07583a59-9a96-44ce-81e6-ebee5ec2f33a", "especie_normalizada": "Rissa tridactyla", "decada": 2020.0 }, "geometry": { "type": "Point", "coordinates": [ 18.8799014903, 69.722249917200003 ] } },
{ "type": "Feature", "properties": { "basisOfRecord": "HumanObservation", "date_year": 2023, "eventDate": "2023-07-15T11:09:00+01:00", "individualCount": null, "scientificName": "Fratercula arctica", "id": "07652512-3199-4fc1-9975-d7272973e013", "especie_normalizada": "Fratercula arctica", "decada": 2020.0 }, "geometry": { "type": "Point", "coordinates": [ -6.9417463264, 62.326964614700003 ] } },
{ "type": "Feature", "properties": { "basisOfRecord": "HumanObservation", "date_year": 2023, "eventDate": "2023-07-17T09:17:01", "individualCount": "1", "scientificName": "Balaenoptera musculus", "id": "07c27369-eb02-4ae1-9d6a-cbc55b5414a1", "especie_normalizada": "Balaenoptera musculus", "decada": 2020.0 }, "geometry": { "type": "Point", "coordinates": [ 11.687355, 78.115449 ] } },
{ "type": "Feature", "properties": { "basisOfRecord": "HumanObservation", "date_year": 2023, "eventDate": "2023-07-29T10:59:53+01:00", "individualCount": null, "scientificName": "Rissa tridactyla", "id": "080f7b5f-8db3-45e9-9276-0618032774b6", "especie_normalizada": "Rissa tridactyla", "decada": 2020.0 }, "geometry": { "type": "Point", "coordinates": [ -3.0663895234, 58.4300796132 ] } },
{ "type": "Feature", "properties": { "basisOfRecord": "HumanObservation", "date_year": 2023, "eventDate": "2023-07-14T08:33:00+02:00", "individualCount": null, "scientificName": "Fratercula arctica", "id": "082f39b9-6a94-4f11-9c81-199b7439e5cc", "especie_normalizada": "Fratercula arctica", "decada": 2020.0 }, "geometry": { "type": "Point", "coordinates": [ 14.856520276199999, 68.971178699199996 ] } },
{ "type": "Feature", "properties": { "basisOfRecord": "HumanObservation", "date_year": 2023, "eventDate": "2023-06-23T16:15:00+02:00", "individualCount": null, "scientificName": "Fratercula arctica", "id": "085e7efe-d5c3-4d03-a1fe-dbef1f111104", "especie_normalizada": "Fratercula arctica", "decada": 2020.0 }, "geometry": { "type": "Point", "coordinates": [ 31.156559238300002, 70.335339912400002 ] } },
{ "type": "Feature", "properties": { "basisOfRecord": "HumanObservation", "date_year": 2023, "eventDate": "2023-06-23T16:19:00+02:00", "individualCount": null, "scientificName": "Fratercula arctica", "id": "089ae25f-d562-4b55-95f2-db7a194317cf", "especie_normalizada": "Fratercula arctica", "decada": 2020.0 }, "geometry": { "type": "Point", "coordinates": [ 31.1131681271, 70.365201340900001 ] } },
{ "type": "Feature", "properties": { "basisOfRecord": "HumanObservation", "date_year": 2023, "eventDate": "2023-07-25", "individualCount": null, "scientificName": "Fratercula arctica", "id": "09b8779d-0bcf-44fa-8deb-b2ccdaeb4701", "especie_normalizada": "Fratercula arctica", "decada": 2020.0 }, "geometry": { "type": "Point", "coordinates": [ -3.0273412541, 58.644018582199998 ] } },
{ "type": "Feature", "properties": { "basisOfRecord": "HumanObservation", "date_year": 2023, "eventDate": "2023-09-11T14:24:00+02:00", "individualCount": null, "scientificName": "Fratercula arctica", "id": "09b99b6f-20b9-4f3f-a764-dd56317719d7", "especie_normalizada": "Fratercula arctica", "decada": 2020.0 }, "geometry": { "type": "Point", "coordinates": [ 15.8576822283, 69.281539197200004 ] } },
{ "type": "Feature", "properties": { "basisOfRecord": "HumanObservation", "date_year": 2023, "eventDate": "2023-05-30T11:42:38+00:00", "individualCount": null, "scientificName": "Fratercula arctica", "id": "0a4e029c-284b-476e-b0db-3161271935a8", "especie_normalizada": "Fratercula arctica", "decada": 2020.0 }, "geometry": { "type": "Point", "coordinates": [ -18.0090112416, 65.889642047899997 ] } },
{ "type": "Feature", "properties": { "basisOfRecord": "HumanObservation", "date_year": 2023, "eventDate": "2023-06-29T11:24:00+02:00", "individualCount": null, "scientificName": "Fratercula arctica", "id": "0b29a4f1-b776-42ae-a39f-927716bfcf38", "especie_normalizada": "Fratercula arctica", "decada": 2020.0 }, "geometry": { "type": "Point", "coordinates": [ 31.1817396161, 70.231569759400003 ] } },
{ "type": "Feature", "properties": { "basisOfRecord": "HumanObservation", "date_year": 2023, "eventDate": "2023-06-23T16:34:00+02:00", "individualCount": null, "scientificName": "Fratercula arctica", "id": "0b6fd893-96f9-4244-971e-2c8b12bd6431", "especie_normalizada": "Fratercula arctica", "decada": 2020.0 }, "geometry": { "type": "Point", "coordinates": [ 31.057041209, 70.351096894400001 ] } },
{ "type": "Feature", "properties": { "basisOfRecord": "HumanObservation", "date_year": 2023, "eventDate": "2023-07-19T12:27:00+00:00", "individualCount": null, "scientificName": "Rissa tridactyla", "id": "0b7d956f-2dc8-4d43-931c-847597dca051", "especie_normalizada": "Rissa tridactyla", "decada": 2020.0 }, "geometry": { "type": "Point", "coordinates": [ -23.775094258199999, 64.735150336700002 ] } },
{ "type": "Feature", "properties": { "basisOfRecord": "HumanObservation", "date_year": 2023, "eventDate": "2023-07-13T15:38:00+02:00", "individualCount": null, "scientificName": "Rissa tridactyla", "id": "0c1da13d-22cb-4b95-8a03-e545acf92126", "especie_normalizada": "Rissa tridactyla", "decada": 2020.0 }, "geometry": { "type": "Point", "coordinates": [ 18.801081896399999, 69.761161033299999 ] } },
{ "type": "Feature", "properties": { "basisOfRecord": "HumanObservation", "date_year": 2023, "eventDate": "2023-07-23T18:41:00+00:00", "individualCount": null, "scientificName": "Fratercula arctica", "id": "0c7da887-dee0-4ded-a2bd-e1fc9f31c088", "especie_normalizada": "Fratercula arctica", "decada": 2020.0 }, "geometry": { "type": "Point", "coordinates": [ -19.131097778299999, 63.401993888299998 ] } },
{ "type": "Feature", "properties": { "basisOfRecord": "HumanObservation", "date_year": 2023, "eventDate": "2023-08-02T14:07:00+00:00", "individualCount": null, "scientificName": "Fratercula arctica", "id": "0cc34277-b38b-46ba-815b-80f27e967338", "especie_normalizada": "Fratercula arctica", "decada": 2020.0 }, "geometry": { "type": "Point", "coordinates": [ -24.530087702199999, 65.500652897 ] } },
{ "type": "Feature", "properties": { "basisOfRecord": "HumanObservation", "date_year": 2023, "eventDate": "2023-06-23T15:45:00+02:00", "individualCount": null, "scientificName": "Rissa tridactyla", "id": "0ccd0747-b031-41d6-a85c-05ecb1c3e132", "especie_normalizada": "Rissa tridactyla", "decada": 2020.0 }, "geometry": { "type": "Point", "coordinates": [ 31.042485115600002, 70.288443197600003 ] } },
{ "type": "Feature", "properties": { "basisOfRecord": "HumanObservation", "date_year": 2023, "eventDate": "2023-03-24T13:41:00+01:00", "individualCount": null, "scientificName": "Rissa tridactyla", "id": "0d7cd9e1-63c7-4cf1-a119-7dcf8865e0fc", "especie_normalizada": "Rissa tridactyla", "decada": 2020.0 }, "geometry": { "type": "Point", "coordinates": [ 31.0056392495, 70.203705894600006 ] } },
{ "type": "Feature", "properties": { "basisOfRecord": "HumanObservation", "date_year": 2023, "eventDate": "2023-06-23T17:29:43+02:00", "individualCount": null, "scientificName": "Rissa tridactyla", "id": "0d9b3e62-ce4c-4f6c-a6d7-24f17056d96f", "especie_normalizada": "Rissa tridactyla", "decada": 2020.0 }, "geometry": { "type": "Point", "coordinates": [ 31.039671848, 70.276916412600002 ] } },
{ "type": "Feature", "properties": { "basisOfRecord": "HumanObservation", "date_year": 2023, "eventDate": "2023-07-28T11:52:02+02:00", "individualCount": null, "scientificName": "Fratercula arctica", "id": "0d9b6fab-051e-4f7a-8744-bc9eca332773", "especie_normalizada": "Fratercula arctica", "decada": 2020.0 }, "geometry": { "type": "Point", "coordinates": [ 25.210741026400001, 71.122706302599994 ] } },
{ "type": "Feature", "properties": { "basisOfRecord": "HumanObservation", "date_year": 2023, "eventDate": "2023-06-23T15:06:00+02:00", "individualCount": null, "scientificName": "Fratercula arctica", "id": "0daed8ab-baa8-4044-958f-78edb18d1f05", "especie_normalizada": "Fratercula arctica", "decada": 2020.0 }, "geometry": { "type": "Point", "coordinates": [ 31.053085254199999, 70.364652138899999 ] } },
{ "type": "Feature", "properties": { "basisOfRecord": "HumanObservation", "date_year": 2023, "eventDate": "2023-09-03T13:57:58+00:00", "individualCount": null, "scientificName": "Fratercula arctica", "id": "0ddf8698-672f-44ae-a378-599234f75ee4", "especie_normalizada": "Fratercula arctica", "decada": 2020.0 }, "geometry": { "type": "Point", "coordinates": [ -19.988878333300001, 63.615938333300001 ] } },
{ "type": "Feature", "properties": { "basisOfRecord": "HumanObservation", "date_year": 2023, "eventDate": "2023-06-06T23:20", "individualCount": "1", "scientificName": "Balaenoptera musculus", "id": "0e1ba53d-a811-437e-8916-ea082bf3afc0", "especie_normalizada": "Balaenoptera musculus", "decada": 2020.0 }, "geometry": { "type": "Point", "coordinates": [ 12.193451, 78.184883 ] } },
{ "type": "Feature", "properties": { "basisOfRecord": "HumanObservation", "date_year": 2023, "eventDate": "2023-05-31T12:18:00+02:00", "individualCount": null, "scientificName": "Balaenoptera physalus", "id": "0e2e3f4a-0cdf-45e1-a0d2-2c5a1cf32f80", "especie_normalizada": "Balaenoptera physalus", "decada": 2020.0 }, "geometry": { "type": "Point", "coordinates": [ 30.519972, 70.573985 ] } },
{ "type": "Feature", "properties": { "basisOfRecord": "HumanObservation", "date_year": 2023, "eventDate": "2023-07-24T14:09:00+00:00", "individualCount": null, "scientificName": "Rissa tridactyla", "id": "0e5ae964-c78f-4ae3-a87f-749005727f14", "especie_normalizada": "Rissa tridactyla", "decada": 2020.0 }, "geometry": { "type": "Point", "coordinates": [ -20.258387518900001, 63.444973184299997 ] } },
{ "type": "Feature", "properties": { "basisOfRecord": "HumanObservation", "date_year": 2023, "eventDate": "2023-06-06T21:52:13", "individualCount": "1", "scientificName": "Balaenoptera musculus", "id": "0eea200b-785e-47a7-92e6-3ee44677bf91", "especie_normalizada": "Balaenoptera musculus", "decada": 2020.0 }, "geometry": { "type": "Point", "coordinates": [ 11.811667, 78.085 ] } },
{ "type": "Feature", "properties": { "basisOfRecord": "HumanObservation", "date_year": 2023, "eventDate": "2023-11-30T12:21:54+01:00", "individualCount": null, "scientificName": "Physeter macrocephalus", "id": "0ef184c9-30ed-4b13-8c41-6381a4dd63cc", "especie_normalizada": "Physeter macrocephalus", "decada": 2020.0 }, "geometry": { "type": "Point", "coordinates": [ 21.015969864500001, 70.171240942699995 ] } },
{ "type": "Feature", "properties": { "basisOfRecord": "HumanObservation", "date_year": 2023, "eventDate": "2023-05-25T16:32:00+02:00", "individualCount": null, "scientificName": "Fratercula arctica", "id": "0f325020-c25f-4594-b074-c5c50225b0fb", "especie_normalizada": "Fratercula arctica", "decada": 2020.0 }, "geometry": { "type": "Point", "coordinates": [ 15.9395783333, 78.4716566667 ] } },
{ "type": "Feature", "properties": { "basisOfRecord": "HumanObservation", "date_year": 2023, "eventDate": "2023-06-23T13:03:00+02:00", "individualCount": null, "scientificName": "Rissa tridactyla", "id": "0f4c7e57-1a3a-491a-91f3-b4119b87c8d0", "especie_normalizada": "Rissa tridactyla", "decada": 2020.0 }, "geometry": { "type": "Point", "coordinates": [ 15.9680662, 77.08015889 ] } },
{ "type": "Feature", "properties": { "basisOfRecord": "HumanObservation", "date_year": 2023, "eventDate": "2023-06-23T17:22:00+02:00", "individualCount": null, "scientificName": "Rissa tridactyla", "id": "0f6a6071-bbd2-4407-9e75-499e64766cf4", "especie_normalizada": "Rissa tridactyla", "decada": 2020.0 }, "geometry": { "type": "Point", "coordinates": [ 31.069110483399999, 70.310468337800003 ] } },
{ "type": "Feature", "properties": { "basisOfRecord": "HumanObservation", "date_year": 2023, "eventDate": "2023-07-12T13:51:42+02:00", "individualCount": null, "scientificName": "Physeter macrocephalus", "id": "0f925bfb-fb60-4b1d-a656-118f3989be98", "especie_normalizada": "Physeter macrocephalus", "decada": 2020.0 }, "geometry": { "type": "Point", "coordinates": [ 16.192546681100001, 69.362173250599994 ] } },
{ "type": "Feature", "properties": { "basisOfRecord": "HumanObservation", "date_year": 2023, "eventDate": "2023-06-17", "individualCount": "1", "scientificName": "Balaenoptera musculus", "id": "0f9f490e-1107-4da9-8f89-d3138697c5a1", "especie_normalizada": "Balaenoptera musculus", "decada": 2020.0 }, "geometry": { "type": "Point", "coordinates": [ 13.540649, 78.151247 ] } },
{ "type": "Feature", "properties": { "basisOfRecord": "HumanObservation", "date_year": 2023, "eventDate": "2023-06-26T15:38:00+02:00", "individualCount": null, "scientificName": "Rissa tridactyla", "id": "102b2b7c-8b5e-4fb8-b887-19cf5b398f3c", "especie_normalizada": "Rissa tridactyla", "decada": 2020.0 }, "geometry": { "type": "Point", "coordinates": [ 10.9973341279, 79.739478162899999 ] } },
{ "type": "Feature", "properties": { "basisOfRecord": "HumanObservation", "date_year": 2023, "eventDate": "2023-06-13", "individualCount": null, "scientificName": "Rissa tridactyla", "id": "1077dc2d-dbab-4ff9-ab3a-4ac62df8fb6b", "especie_normalizada": "Rissa tridactyla", "decada": 2020.0 }, "geometry": { "type": "Point", "coordinates": [ 13.089602103, 67.846977143199993 ] } },
{ "type": "Feature", "properties": { "basisOfRecord": "HumanObservation", "date_year": 2023, "eventDate": "2023-06-29T02:42:00+00:00", "individualCount": null, "scientificName": "Rissa tridactyla", "id": "10a5257d-8565-41c2-a433-8ea93d6579f3", "especie_normalizada": "Rissa tridactyla", "decada": 2020.0 }, "geometry": { "type": "Point", "coordinates": [ -22.913634996300001, 65.376121886799993 ] } },
{ "type": "Feature", "properties": { "basisOfRecord": "HumanObservation", "date_year": 2023, "eventDate": "2023-06-17", "individualCount": null, "scientificName": "Fratercula arctica", "id": "10c77bfa-0ba8-4d3c-a87c-46be29fcab82", "especie_normalizada": "Fratercula arctica", "decada": 2020.0 }, "geometry": { "type": "Point", "coordinates": [ 5.6080935994, 62.3936535761 ] } },
{ "type": "Feature", "properties": { "basisOfRecord": "HumanObservation", "date_year": 2023, "eventDate": "2023-08-13T13:12:07+01:00", "individualCount": null, "scientificName": "Fratercula arctica", "id": "10ec72da-41df-4753-8046-9bb4e1539f41", "especie_normalizada": "Fratercula arctica", "decada": 2020.0 }, "geometry": { "type": "Point", "coordinates": [ -7.6603031158, 62.1029846108 ] } },
{ "type": "Feature", "properties": { "basisOfRecord": "HumanObservation", "date_year": 2023, "eventDate": "2023-06-15T19:41:00+00:00", "individualCount": null, "scientificName": "Rissa tridactyla", "id": "1110991d-bddc-4dcf-885a-6a12887cf459", "especie_normalizada": "Rissa tridactyla", "decada": 2020.0 }, "geometry": { "type": "Point", "coordinates": [ -22.6512494, 64.0705324 ] } },
{ "type": "Feature", "properties": { "basisOfRecord": "HumanObservation", "date_year": 2023, "eventDate": "2023-08-16T09:44:00-02:00", "individualCount": null, "scientificName": "Rissa tridactyla", "id": "112261c4-a925-416f-a466-b2142122e860", "especie_normalizada": "Rissa tridactyla", "decada": 2020.0 }, "geometry": { "type": "Point", "coordinates": [ -22.725001666699999, 67.934203333300005 ] } },
{ "type": "Feature", "properties": { "basisOfRecord": "HumanObservation", "date_year": 2023, "eventDate": "2023-06-23T17:04:00+02:00", "individualCount": null, "scientificName": "Fratercula arctica", "id": "11540cb1-86d1-44ac-87c6-6d5d0a3a777f", "especie_normalizada": "Fratercula arctica", "decada": 2020.0 }, "geometry": { "type": "Point", "coordinates": [ 31.135995591499999, 70.315780025199999 ] } },
{ "type": "Feature", "properties": { "basisOfRecord": "HumanObservation", "date_year": 2023, "eventDate": "2023-09-19T16:15:00+02:00", "individualCount": null, "scientificName": "Rissa tridactyla", "id": "1210aaaf-f1c3-4772-9098-df26faa48a94", "especie_normalizada": "Rissa tridactyla", "decada": 2020.0 }, "geometry": { "type": "Point", "coordinates": [ 12.690415270300001, 79.609329742400007 ] } },
{ "type": "Feature", "properties": { "basisOfRecord": "HumanObservation", "date_year": 2023, "eventDate": "2023-07-20T13:34:00+00:00", "individualCount": null, "scientificName": "Fratercula arctica", "id": "12513e76-f2aa-4d25-8dc9-2abd118a8507", "especie_normalizada": "Fratercula arctica", "decada": 2020.0 }, "geometry": { "type": "Point", "coordinates": [ -18.0106761117, 66.537640833300003 ] } },
{ "type": "Feature", "properties": { "basisOfRecord": "HumanObservation", "date_year": 2023, "eventDate": "2023-06-23T15:36:00+02:00", "individualCount": null, "scientificName": "Fratercula arctica", "id": "129ff8df-9dc3-4d95-9288-40319becfa04", "especie_normalizada": "Fratercula arctica", "decada": 2020.0 }, "geometry": { "type": "Point", "coordinates": [ 31.191585369199998, 70.397479596300002 ] } },
{ "type": "Feature", "properties": { "basisOfRecord": "HumanObservation", "date_year": 2023, "eventDate": "2023-06-27T08:56:00+01:00", "individualCount": null, "scientificName": "Fratercula arctica", "id": "12a8339e-2b93-4cb5-be7e-e6196997b6c6", "especie_normalizada": "Fratercula arctica", "decada": 2020.0 }, "geometry": { "type": "Point", "coordinates": [ -1.2745718, 59.8543369 ] } },
{ "type": "Feature", "properties": { "basisOfRecord": "HumanObservation", "date_year": 2023, "eventDate": "2023-07-13T15:08:00+02:00", "individualCount": null, "scientificName": "Rissa tridactyla", "id": "12c6aba6-37fd-4dfe-a1d4-93eba7c989f7", "especie_normalizada": "Rissa tridactyla", "decada": 2020.0 }, "geometry": { "type": "Point", "coordinates": [ 18.893184740199999, 69.727143540100002 ] } },
{ "type": "Feature", "properties": { "basisOfRecord": "HumanObservation", "date_year": 2023, "eventDate": "2023-05-13", "individualCount": "1", "scientificName": "Balaenoptera musculus", "id": "12faea75-7662-4e23-b4e6-45120d056b4e", "especie_normalizada": "Balaenoptera musculus", "decada": 2020.0 }, "geometry": { "type": "Point", "coordinates": [ -17.55, 66.076667 ] } },
{ "type": "Feature", "properties": { "basisOfRecord": "HumanObservation", "date_year": 2023, "eventDate": "2023-06-23T15:22:00+02:00", "individualCount": null, "scientificName": "Rissa tridactyla", "id": "13bb2192-10fc-4c10-9ae6-ddbcb78dd089", "especie_normalizada": "Rissa tridactyla", "decada": 2020.0 }, "geometry": { "type": "Point", "coordinates": [ 31.165303786500001, 70.249217102299994 ] } },
{ "type": "Feature", "properties": { "basisOfRecord": "HumanObservation", "date_year": 2023, "eventDate": "2023-07-03T15:13:00+02:00", "individualCount": null, "scientificName": "Fratercula arctica", "id": "13effe23-aca2-4e25-a6f1-e43981de9079", "especie_normalizada": "Fratercula arctica", "decada": 2020.0 }, "geometry": { "type": "Point", "coordinates": [ 9.8260425219, 78.881852494399993 ] } },
{ "type": "Feature", "properties": { "basisOfRecord": "HumanObservation", "date_year": 2023, "eventDate": "2023-06-23T17:26:00+02:00", "individualCount": null, "scientificName": "Rissa tridactyla", "id": "13f459a9-824a-4fae-b388-66fdeb927131", "especie_normalizada": "Rissa tridactyla", "decada": 2020.0 }, "geometry": { "type": "Point", "coordinates": [ 31.074018538499999, 70.336220404299993 ] } },
{ "type": "Feature", "properties": { "basisOfRecord": "HumanObservation", "date_year": 2023, "eventDate": "2023-06-14T14:27:00+02:00", "individualCount": null, "scientificName": "Rissa tridactyla", "id": "1475ef00-7dcb-481f-9748-fb16f0639bf0", "especie_normalizada": "Rissa tridactyla", "decada": 2020.0 }, "geometry": { "type": "Point", "coordinates": [ 16.489782029099999, 77.031291067200002 ] } },
{ "type": "Feature", "properties": { "basisOfRecord": "HumanObservation", "date_year": 2023, "eventDate": "2023-06-12T18:01:00+00:00", "individualCount": null, "scientificName": "Fratercula arctica", "id": "14b54828-a989-4c57-88e8-e5407b30de0c", "especie_normalizada": "Fratercula arctica", "decada": 2020.0 }, "geometry": { "type": "Point", "coordinates": [ -21.664666134299999, 63.825917969400003 ] } },
{ "type": "Feature", "properties": { "basisOfRecord": "HumanObservation", "date_year": 2023, "eventDate": "2023-05-21T17:27:00+02:00", "individualCount": null, "scientificName": "Fratercula arctica", "id": "14c6fbb2-e48d-4a74-b7a6-a191f415578a", "especie_normalizada": "Fratercula arctica", "decada": 2020.0 }, "geometry": { "type": "Point", "coordinates": [ 16.258890448399999, 69.201447613799999 ] } },
{ "type": "Feature", "properties": { "basisOfRecord": "HumanObservation", "date_year": 2023, "eventDate": "2023-07-13T17:09:00+00:00", "individualCount": null, "scientificName": "Rissa tridactyla", "id": "1537bdd2-7404-48ab-9b87-9e5585c83201", "especie_normalizada": "Rissa tridactyla", "decada": 2020.0 }, "geometry": { "type": "Point", "coordinates": [ -23.616716388299999, 64.767773333299999 ] } },
{ "type": "Feature", "properties": { "basisOfRecord": "HumanObservation", "date_year": 2023, "eventDate": "2023-07-19T02:37:00+01:00", "individualCount": null, "scientificName": "Rissa tridactyla", "id": "1596076c-6287-490d-abc4-6fd6ceb1f592", "especie_normalizada": "Rissa tridactyla", "decada": 2020.0 }, "geometry": { "type": "Point", "coordinates": [ 19.3124018, 74.7199358 ] } },
{ "type": "Feature", "properties": { "basisOfRecord": "HumanObservation", "date_year": 2023, "eventDate": "2023-06-22T11:49:00+00:00", "individualCount": null, "scientificName": "Fratercula arctica", "id": "15aeb059-ce40-4874-865b-68b00503beb0", "especie_normalizada": "Fratercula arctica", "decada": 2020.0 }, "geometry": { "type": "Point", "coordinates": [ -22.926347483400001, 65.374042398699999 ] } },
{ "type": "Feature", "properties": { "basisOfRecord": "HumanObservation", "date_year": 2023, "eventDate": "2023-07-24T15:55:00+00:00", "individualCount": null, "scientificName": "Rissa tridactyla", "id": "16298838-2fe7-481f-ad50-9c05d27c2915", "especie_normalizada": "Rissa tridactyla", "decada": 2020.0 }, "geometry": { "type": "Point", "coordinates": [ -23.6466828326, 64.750684412300004 ] } },
{ "type": "Feature", "properties": { "basisOfRecord": "HumanObservation", "date_year": 2023, "eventDate": "2023-06-23T15:17:00+02:00", "individualCount": null, "scientificName": "Rissa tridactyla", "id": "1666af1d-da59-4e56-a88d-8859b25b9ac0", "especie_normalizada": "Rissa tridactyla", "decada": 2020.0 }, "geometry": { "type": "Point", "coordinates": [ 31.1411222045, 70.352302170399994 ] } },
{ "type": "Feature", "properties": { "basisOfRecord": "HumanObservation", "date_year": 2023, "eventDate": "2023-07-17", "individualCount": "1", "scientificName": "Balaenoptera physalus", "id": "16a628be-df3a-4399-be9a-d81eff041f84", "especie_normalizada": "Balaenoptera physalus", "decada": 2020.0 }, "geometry": { "type": "Point", "coordinates": [ 11.72, 79.0 ] } },
{ "type": "Feature", "properties": { "basisOfRecord": "HumanObservation", "date_year": 2023, "eventDate": "2023-06-12T11:55:00+00:00", "individualCount": null, "scientificName": "Fratercula arctica", "id": "16d2078c-c75d-4bf2-ad8e-d546cff1a839", "especie_normalizada": "Fratercula arctica", "decada": 2020.0 }, "geometry": { "type": "Point", "coordinates": [ -21.895794824500001, 64.185947923499995 ] } },
{ "type": "Feature", "properties": { "basisOfRecord": "HumanObservation", "date_year": 2023, "eventDate": "2023-05-26T13:27:46+01:00", "individualCount": null, "scientificName": "Fratercula arctica", "id": "1767300f-3932-4a84-8325-80ed06ced79e", "especie_normalizada": "Fratercula arctica", "decada": 2020.0 }, "geometry": { "type": "Point", "coordinates": [ -5.0430804587, 58.308005457599997 ] } },
{ "type": "Feature", "properties": { "basisOfRecord": "HumanObservation", "date_year": 2023, "eventDate": "2023-06-23T15:25:00+02:00", "individualCount": null, "scientificName": "Fratercula arctica", "id": "180336d1-a518-4977-a16a-585e402d759b", "especie_normalizada": "Fratercula arctica", "decada": 2020.0 }, "geometry": { "type": "Point", "coordinates": [ 31.089222509799999, 70.364685210700003 ] } },
{ "type": "Feature", "properties": { "basisOfRecord": "HumanObservation", "date_year": 2023, "eventDate": "2023-05-13", "individualCount": "1", "scientificName": "Balaenoptera musculus", "id": "1809bb0c-d11d-412b-8bb1-a74f09a97e31", "especie_normalizada": "Balaenoptera musculus", "decada": 2020.0 }, "geometry": { "type": "Point", "coordinates": [ -17.55, 66.076667 ] } },
{ "type": "Feature", "properties": { "basisOfRecord": "HumanObservation", "date_year": 2023, "eventDate": "2023-05-11T15:00", "individualCount": "1", "scientificName": "Balaenoptera musculus", "id": "18a1c9fc-ba16-4ff9-864d-f18ce464f510", "especie_normalizada": "Balaenoptera musculus", "decada": 2020.0 }, "geometry": { "type": "Point", "coordinates": [ -17.561646, 66.058082 ] } },
{ "type": "Feature", "properties": { "basisOfRecord": "HumanObservation", "date_year": 2023, "eventDate": "2023-07-19T14:15:20+00:00", "individualCount": null, "scientificName": "Fratercula arctica", "id": "18ebd5a6-da60-4e5b-8913-1c3565210ff9", "especie_normalizada": "Fratercula arctica", "decada": 2020.0 }, "geometry": { "type": "Point", "coordinates": [ -19.103233337399999, 63.404205322300001 ] } },
{ "type": "Feature", "properties": { "basisOfRecord": "HumanObservation", "date_year": 2023, "eventDate": "2023-09-28T16:56:00-01:00", "individualCount": null, "scientificName": "Rissa tridactyla", "id": "19087ad8-7f4f-44c9-9c5b-2f5488e55b44", "especie_normalizada": "Rissa tridactyla", "decada": 2020.0 }, "geometry": { "type": "Point", "coordinates": [ -9.7070521374, 70.473612843 ] } },
{ "type": "Feature", "properties": { "basisOfRecord": "HumanObservation", "date_year": 2023, "eventDate": "2023-09-11T15:10:00+02:00", "individualCount": null, "scientificName": "Rissa tridactyla", "id": "1975fe68-7907-46c6-90b2-3b6214528a8c", "especie_normalizada": "Rissa tridactyla", "decada": 2020.0 }, "geometry": { "type": "Point", "coordinates": [ 29.6519, 79.9007 ] } },
{ "type": "Feature", "properties": { "basisOfRecord": "HumanObservation", "date_year": 2023, "eventDate": "2023-06-19T05:02:00+00:00", "individualCount": null, "scientificName": "Fratercula arctica", "id": "19bb3655-684c-4a4f-b3f0-8c5c08edc26c", "especie_normalizada": "Fratercula arctica", "decada": 2020.0 }, "geometry": { "type": "Point", "coordinates": [ -19.103241666700001, 63.404268333300003 ] } },
{ "type": "Feature", "properties": { "basisOfRecord": "HumanObservation", "date_year": 2023, "eventDate": "2023-06-23T15:10:51+02:00", "individualCount": null, "scientificName": "Fratercula arctica", "id": "1a0d6034-a071-499f-9578-543f3fb90843", "especie_normalizada": "Fratercula arctica", "decada": 2020.0 }, "geometry": { "type": "Point", "coordinates": [ 31.135157165399999, 70.3187943768 ] } },
{ "type": "Feature", "properties": { "basisOfRecord": "HumanObservation", "date_year": 2023, "eventDate": "2023-06-30T07:41:00+00:00", "individualCount": null, "scientificName": "Rissa tridactyla", "id": "1a2dfee4-3071-4163-9bad-4aa85c6ec04e", "especie_normalizada": "Rissa tridactyla", "decada": 2020.0 }, "geometry": { "type": "Point", "coordinates": [ -24.510755512, 65.499297823899994 ] } },
{ "type": "Feature", "properties": { "basisOfRecord": "HumanObservation", "date_year": 2023, "eventDate": "2023-07-03T15:24:00+00:00", "individualCount": null, "scientificName": "Fratercula arctica", "id": "1a2e9e24-1c9b-49cf-a36e-a2cac6e07545", "especie_normalizada": "Fratercula arctica", "decada": 2020.0 }, "geometry": { "type": "Point", "coordinates": [ -20.297564271100001, 63.396934364099998 ] } },
{ "type": "Feature", "properties": { "basisOfRecord": "HumanObservation", "date_year": 2023, "eventDate": "2023-07-10T16:38:00+01:00", "individualCount": null, "scientificName": "Fratercula arctica", "id": "1a49df6a-9e83-4929-932c-a9fa108af7c9", "especie_normalizada": "Fratercula arctica", "decada": 2020.0 }, "geometry": { "type": "Point", "coordinates": [ -6.804072758, 61.7715682603 ] } },
{ "type": "Feature", "properties": { "basisOfRecord": "HumanObservation", "date_year": 2023, "eventDate": "2023-06-22T11:09:09+00:00", "individualCount": null, "scientificName": "Fratercula arctica", "id": "1a91fc6c-5f6c-4b54-b135-262b22de3adc", "especie_normalizada": "Fratercula arctica", "decada": 2020.0 }, "geometry": { "type": "Point", "coordinates": [ -19.1033470759, 63.404257917300001 ] } },
{ "type": "Feature", "properties": { "basisOfRecord": "HumanObservation", "date_year": 2023, "eventDate": "2023-06-05T16:57:00+00:00", "individualCount": null, "scientificName": "Rissa tridactyla", "id": "1b18cb04-0899-416d-a1da-ba2d86b8f9d2", "especie_normalizada": "Rissa tridactyla", "decada": 2020.0 }, "geometry": { "type": "Point", "coordinates": [ -13.756671276, 65.554292625800002 ] } },
{ "type": "Feature", "properties": { "basisOfRecord": "HumanObservation", "date_year": 2023, "eventDate": "2023-07-21", "individualCount": null, "scientificName": "Fratercula arctica", "id": "1b21ae53-10ad-4eea-aedb-384cc2d00c38", "especie_normalizada": "Fratercula arctica", "decada": 2020.0 }, "geometry": { "type": "Point", "coordinates": [ -2.534343861, 59.093591741600001 ] } },
{ "type": "Feature", "properties": { "basisOfRecord": "HumanObservation", "date_year": 2023, "eventDate": "2023-07-18T11:25:00+02:00", "individualCount": null, "scientificName": "Rissa tridactyla", "id": "1b26a864-d0ba-441e-b969-3c690dcec3cc", "especie_normalizada": "Rissa tridactyla", "decada": 2020.0 }, "geometry": { "type": "Point", "coordinates": [ 12.8636814983, 67.993315569299995 ] } },
{ "type": "Feature", "properties": { "basisOfRecord": "HumanObservation", "date_year": 2023, "eventDate": "2023-03-23T10:19:00+01:00", "individualCount": null, "scientificName": "Rissa tridactyla", "id": "1c054dea-21ba-4fd2-ae9a-eb42a9de84ec", "especie_normalizada": "Rissa tridactyla", "decada": 2020.0 }, "geometry": { "type": "Point", "coordinates": [ 30.0312080034, 70.060138677099999 ] } },
{ "type": "Feature", "properties": { "basisOfRecord": "HumanObservation", "date_year": 2023, "eventDate": "2023-06-23T15:27:03+02:00", "individualCount": null, "scientificName": "Fratercula arctica", "id": "1cf749d5-b135-4e36-be62-0b8a3c8a21e6", "especie_normalizada": "Fratercula arctica", "decada": 2020.0 }, "geometry": { "type": "Point", "coordinates": [ 31.183081812200001, 70.348866561199998 ] } },
{ "type": "Feature", "properties": { "basisOfRecord": "HumanObservation", "date_year": 2023, "eventDate": "2023-07-28T11:18:00+00:00", "individualCount": null, "scientificName": "Fratercula arctica", "id": "1cfb9b63-8749-456e-9bed-e5d5d3ea2793", "especie_normalizada": "Fratercula arctica", "decada": 2020.0 }, "geometry": { "type": "Point", "coordinates": [ -19.130225662200001, 63.4040405549 ] } },
{ "type": "Feature", "properties": { "basisOfRecord": "HumanObservation", "date_year": 2023, "eventDate": "2023-05-19T12:49:43+02:00", "individualCount": null, "scientificName": "Rissa tridactyla", "id": "1d1a98f9-294f-42ff-a3c8-f63b99d1ebec", "especie_normalizada": "Rissa tridactyla", "decada": 2020.0 }, "geometry": { "type": "Point", "coordinates": [ 26.092021233200001, 71.083307812399994 ] } },
{ "type": "Feature", "properties": { "basisOfRecord": "HumanObservation", "date_year": 2023, "eventDate": "2023-06-23T15:25:00+02:00", "individualCount": null, "scientificName": "Fratercula arctica", "id": "1d774255-e7dc-4817-b966-9a2d3cd09037", "especie_normalizada": "Fratercula arctica", "decada": 2020.0 }, "geometry": { "type": "Point", "coordinates": [ 31.0485265031, 70.243108447 ] } },
{ "type": "Feature", "properties": { "basisOfRecord": "HumanObservation", "date_year": 2023, "eventDate": "2023-09-11T10:49:00+02:00", "individualCount": null, "scientificName": "Rissa tridactyla", "id": "1d98d379-46b0-4aeb-bc32-11d524a91c9c", "especie_normalizada": "Rissa tridactyla", "decada": 2020.0 }, "geometry": { "type": "Point", "coordinates": [ 16.1670382002, 69.255644109599999 ] } },
{ "type": "Feature", "properties": { "basisOfRecord": "HumanObservation", "date_year": 2023, "eventDate": "2023-07-23T11:51:00+00:00", "individualCount": null, "scientificName": "Fratercula arctica", "id": "1d9ad29b-4159-4c93-b5cc-76e3284fe55c", "especie_normalizada": "Fratercula arctica", "decada": 2020.0 }, "geometry": { "type": "Point", "coordinates": [ -13.754824923399999, 65.5421225531 ] } },
{ "type": "Feature", "properties": { "basisOfRecord": "HumanObservation", "date_year": 2023, "eventDate": "2023-07-29T15:34:04+02:00", "individualCount": null, "scientificName": "Rissa tridactyla", "id": "1e0ab3bc-fe2c-4b0e-b6a7-8893c64d5784", "especie_normalizada": "Rissa tridactyla", "decada": 2020.0 }, "geometry": { "type": "Point", "coordinates": [ 18.8942252318, 69.770561187300004 ] } },
{ "type": "Feature", "properties": { "basisOfRecord": "HumanObservation", "date_year": 2023, "eventDate": "2023-08-02T20:55:52+00:00", "individualCount": null, "scientificName": "Fratercula arctica", "id": "1e30f835-d1d9-4476-9ac1-661ec650ff7f", "especie_normalizada": "Fratercula arctica", "decada": 2020.0 }, "geometry": { "type": "Point", "coordinates": [ -22.704671666700001, 65.095213833299994 ] } },
{ "type": "Feature", "properties": { "basisOfRecord": "HumanObservation", "date_year": 2023, "eventDate": "2023-06-15T14:59:50+00:00", "individualCount": null, "scientificName": "Fratercula arctica", "id": "1e96e3a6-381a-495e-8c6d-8da437220ac8", "especie_normalizada": "Fratercula arctica", "decada": 2020.0 }, "geometry": { "type": "Point", "coordinates": [ -19.101847166700001, 63.404716666699997 ] } },
{ "type": "Feature", "properties": { "basisOfRecord": "HumanObservation", "date_year": 2023, "eventDate": "2023-08-11T08:30:00+00:00", "individualCount": null, "scientificName": "Rissa tridactyla", "id": "1eb64e8a-06d5-4b33-9d5a-d700d976cc44", "especie_normalizada": "Rissa tridactyla", "decada": 2020.0 }, "geometry": { "type": "Point", "coordinates": [ -13.755936, 65.542569 ] } },
{ "type": "Feature", "properties": { "basisOfRecord": "HumanObservation", "date_year": 2023, "eventDate": "2023-07-08T18:13:00+02:00", "individualCount": null, "scientificName": "Rissa tridactyla", "id": "1ebfdec3-65ce-45e9-96e5-b758cc84ae7f", "especie_normalizada": "Rissa tridactyla", "decada": 2020.0 }, "geometry": { "type": "Point", "coordinates": [ 29.156553905399999, 70.883089614200003 ] } },
{ "type": "Feature", "properties": { "basisOfRecord": "HumanObservation", "date_year": 2023, "eventDate": "2023-09-21T08:47:00+02:00", "individualCount": null, "scientificName": "Rissa tridactyla", "id": "1ed62aae-c872-4312-a8a6-f743e4121923", "especie_normalizada": "Rissa tridactyla", "decada": 2020.0 }, "geometry": { "type": "Point", "coordinates": [ 21.921581204399999, 78.266848317899999 ] } },
{ "type": "Feature", "properties": { "basisOfRecord": "HumanObservation", "date_year": 2023, "eventDate": "2023-06-26T10:59:17+01:00", "individualCount": null, "scientificName": "Fratercula arctica", "id": "1f520817-e1cc-4f32-a0a0-51e13b112b9d", "especie_normalizada": "Fratercula arctica", "decada": 2020.0 }, "geometry": { "type": "Point", "coordinates": [ -5.2053256902, 58.382849919100003 ] } },
{ "type": "Feature", "properties": { "basisOfRecord": "HumanObservation", "date_year": 2023, "eventDate": "2023-06-25T09:37:00+02:00", "individualCount": null, "scientificName": "Fratercula arctica", "id": "1f7cee38-3c25-40de-93d5-5e0216e9e246", "especie_normalizada": "Fratercula arctica", "decada": 2020.0 }, "geometry": { "type": "Point", "coordinates": [ 11.596673816499999, 79.010672700900002 ] } },
{ "type": "Feature", "properties": { "basisOfRecord": "HumanObservation", "date_year": 2023, "eventDate": "2023-06-23T15:03:00+02:00", "individualCount": null, "scientificName": "Fratercula arctica", "id": "1fa8de21-d358-48c4-b920-55a1e4d5db57", "especie_normalizada": "Fratercula arctica", "decada": 2020.0 }, "geometry": { "type": "Point", "coordinates": [ 31.0316751057, 70.355752726600002 ] } },
{ "type": "Feature", "properties": { "basisOfRecord": "HumanObservation", "date_year": 2023, "eventDate": "2023-06-17T07:48:00+02:00", "individualCount": null, "scientificName": "Fratercula arctica", "id": "1fbddaf4-8b0d-4b93-8adb-5cd973738459", "especie_normalizada": "Fratercula arctica", "decada": 2020.0 }, "geometry": { "type": "Point", "coordinates": [ 5.6310079521, 62.410624490700002 ] } },
{ "type": "Feature", "properties": { "basisOfRecord": "HumanObservation", "date_year": 2023, "eventDate": "2023-06-01T13:14:24+00:00", "individualCount": null, "scientificName": "Fratercula arctica", "id": "1fc96007-c0dc-4887-beeb-fe777e013e0b", "especie_normalizada": "Fratercula arctica", "decada": 2020.0 }, "geometry": { "type": "Point", "coordinates": [ -21.924643032300001, 64.172004531200002 ] } },
{ "type": "Feature", "properties": { "basisOfRecord": "HumanObservation", "date_year": 2023, "eventDate": "2023-06-23T16:39:00+02:00", "individualCount": null, "scientificName": "Fratercula arctica", "id": "20afce89-7f6e-4706-bf9e-14334eb1269d", "especie_normalizada": "Fratercula arctica", "decada": 2020.0 }, "geometry": { "type": "Point", "coordinates": [ 31.0366236389, 70.259916136399994 ] } },
{ "type": "Feature", "properties": { "basisOfRecord": "HumanObservation", "date_year": 2023, "eventDate": "2023-06-02T13:17:43+00:00", "individualCount": null, "scientificName": "Rissa tridactyla", "id": "20e38511-aa39-4a6a-abea-4e98fdb2b9a1", "especie_normalizada": "Rissa tridactyla", "decada": 2020.0 }, "geometry": { "type": "Point", "coordinates": [ -23.616767227699999, 64.7679027776 ] } },
{ "type": "Feature", "properties": { "basisOfRecord": "HumanObservation", "date_year": 2023, "eventDate": "2023-07-08T11:57:00+02:00", "individualCount": null, "scientificName": "Rissa tridactyla", "id": "21186291-4054-4eb0-bb24-13b14218ba64", "especie_normalizada": "Rissa tridactyla", "decada": 2020.0 }, "geometry": { "type": "Point", "coordinates": [ 16.033298467400002, 77.076793001699997 ] } },
{ "type": "Feature", "properties": { "basisOfRecord": "HumanObservation", "date_year": 2023, "eventDate": "2023-06-17T14:32:07+01:00", "individualCount": null, "scientificName": "Fratercula arctica", "id": "21431c04-d4af-4326-a67c-31a40d958cb1", "especie_normalizada": "Fratercula arctica", "decada": 2020.0 }, "geometry": { "type": "Point", "coordinates": [ -1.2755630538, 59.853780202599999 ] } },
{ "type": "Feature", "properties": { "basisOfRecord": "HumanObservation", "date_year": 2023, "eventDate": "2023-08-25T12:23:32", "individualCount": "1", "scientificName": "Balaenoptera musculus", "id": "2155de41-a9c0-482a-a947-90fcff299c62", "especie_normalizada": "Balaenoptera musculus", "decada": 2020.0 }, "geometry": { "type": "Point", "coordinates": [ -19.697113, 63.393694 ] } },
{ "type": "Feature", "properties": { "basisOfRecord": "HumanObservation", "date_year": 2023, "eventDate": "2023-06-23T15:09:00+02:00", "individualCount": null, "scientificName": "Fratercula arctica", "id": "21631346-d6f4-4ccd-b5ed-f370c9f5987e", "especie_normalizada": "Fratercula arctica", "decada": 2020.0 }, "geometry": { "type": "Point", "coordinates": [ 31.152493211, 70.282592484199995 ] } },
{ "type": "Feature", "properties": { "basisOfRecord": "HumanObservation", "date_year": 2023, "eventDate": "2023-07-16T15:28:00+00:00", "individualCount": null, "scientificName": "Fratercula arctica", "id": "2187cde3-e9d5-4f8d-8cc6-9af3686808ab", "especie_normalizada": "Fratercula arctica", "decada": 2020.0 }, "geometry": { "type": "Point", "coordinates": [ -24.531174721700001, 65.5023261117 ] } },
{ "type": "Feature", "properties": { "basisOfRecord": "HumanObservation", "date_year": 2023, "eventDate": "2023-04-30T20:16:00+02:00", "individualCount": null, "scientificName": "Fratercula arctica", "id": "21b30476-d2c7-493c-9881-cd7747156375", "especie_normalizada": "Fratercula arctica", "decada": 2020.0 }, "geometry": { "type": "Point", "coordinates": [ 12.314121824700001, 66.351065044 ] } },
{ "type": "Feature", "properties": { "basisOfRecord": "HumanObservation", "date_year": 2023, "eventDate": "2023-06-26T09:32:02+00:00", "individualCount": null, "scientificName": "Fratercula arctica", "id": "21d58982-14ab-48fb-984b-7660ee98def9", "especie_normalizada": "Fratercula arctica", "decada": 2020.0 }, "geometry": { "type": "Point", "coordinates": [ -19.131031199700001, 63.402740899699999 ] } },
{ "type": "Feature", "properties": { "basisOfRecord": "HumanObservation", "date_year": 2023, "eventDate": "2023-06-23T17:26:00+02:00", "individualCount": null, "scientificName": "Rissa tridactyla", "id": "21de1bb8-deee-49a9-9cfd-2e3f15a1c747", "especie_normalizada": "Rissa tridactyla", "decada": 2020.0 }, "geometry": { "type": "Point", "coordinates": [ 31.079332874199999, 70.334652859800002 ] } },
{ "type": "Feature", "properties": { "basisOfRecord": "HumanObservation", "date_year": 2023, "eventDate": "2023-06-26T14:28:00+02:00", "individualCount": null, "scientificName": "Rissa tridactyla", "id": "21f69b92-b815-4bb5-bd65-8cb1ea1ff882", "especie_normalizada": "Rissa tridactyla", "decada": 2020.0 }, "geometry": { "type": "Point", "coordinates": [ -8.68291064, 70.96891561 ] } },
{ "type": "Feature", "properties": { "basisOfRecord": "HumanObservation", "date_year": 2023, "eventDate": "2023-07-13T14:30:25+01:00", "individualCount": null, "scientificName": "Fratercula arctica", "id": "228de70d-f5bd-4700-9816-2ce2adb5cbec", "especie_normalizada": "Fratercula arctica", "decada": 2020.0 }, "geometry": { "type": "Point", "coordinates": [ -3.3306199685, 59.137810922699998 ] } },
{ "type": "Feature", "properties": { "basisOfRecord": "HumanObservation", "date_year": 2023, "eventDate": "2023-08-09T13:55:50+00:00", "individualCount": null, "scientificName": "Fratercula arctica", "id": "228f1ac2-0127-42d4-a03e-8c682e5a1ee9", "especie_normalizada": "Fratercula arctica", "decada": 2020.0 }, "geometry": { "type": "Point", "coordinates": [ -19.022141666700001, 63.411178333300001 ] } },
{ "type": "Feature", "properties": { "basisOfRecord": "HumanObservation", "date_year": 2023, "eventDate": "2023-07-14T14:56:00+01:00", "individualCount": null, "scientificName": "Fratercula arctica", "id": "229932c6-855d-4cb2-a1c4-b84459ee9f61", "especie_normalizada": "Fratercula arctica", "decada": 2020.0 }, "geometry": { "type": "Point", "coordinates": [ -5.19733376, 58.387495145700001 ] } },
{ "type": "Feature", "properties": { "basisOfRecord": "HumanObservation", "date_year": 2023, "eventDate": "2023-06-04T01:37:00+02:00", "individualCount": null, "scientificName": "Fratercula arctica", "id": "22bebb84-5db8-472b-b8c2-952c312f2a43", "especie_normalizada": "Fratercula arctica", "decada": 2020.0 }, "geometry": { "type": "Point", "coordinates": [ 31.0863986588, 70.357046003899995 ] } },
{ "type": "Feature", "properties": { "basisOfRecord": "HumanObservation", "date_year": 2023, "eventDate": "2023-06-01T13:36:10+00:00", "individualCount": null, "scientificName": "Fratercula arctica", "id": "22e47d4c-2605-4ed6-8add-bea365ae58eb", "especie_normalizada": "Fratercula arctica", "decada": 2020.0 }, "geometry": { "type": "Point", "coordinates": [ -21.9647931867, 64.175302852 ] } },
{ "type": "Feature", "properties": { "basisOfRecord": "HumanObservation", "date_year": 2023, "eventDate": "2023-05-14T15:51:00+00:00", "individualCount": null, "scientificName": "Rissa tridactyla", "id": "22fda782-b14a-4d02-b6bf-c80db8f46e9c", "especie_normalizada": "Rissa tridactyla", "decada": 2020.0 }, "geometry": { "type": "Point", "coordinates": [ -22.739565238, 63.880745462299998 ] } },
{ "type": "Feature", "properties": { "basisOfRecord": "HumanObservation", "date_year": 2023, "eventDate": "2023-06-17T22:20:00+02:00", "individualCount": null, "scientificName": "Balaenoptera physalus", "id": "2300f90a-c749-4fc5-9540-acbf55d4fc2a", "especie_normalizada": "Balaenoptera physalus", "decada": 2020.0 }, "geometry": { "type": "Point", "coordinates": [ 23.716118290499999, 77.512919645300002 ] } },
{ "type": "Feature", "properties": { "basisOfRecord": "HumanObservation", "date_year": 2023, "eventDate": "2023-08-11T16:39:09+02:00", "individualCount": null, "scientificName": "Fratercula arctica", "id": "23212901-5ee6-4559-ae1b-2f6ae773573a", "especie_normalizada": "Fratercula arctica", "decada": 2020.0 }, "geometry": { "type": "Point", "coordinates": [ 15.9551630176, 69.243924330300004 ] } },
{ "type": "Feature", "properties": { "basisOfRecord": "HumanObservation", "date_year": 2023, "eventDate": "2023-08-02T09:00:00+02:00", "individualCount": null, "scientificName": "Rissa tridactyla", "id": "23459f49-b238-4065-b41e-44624bd7517a", "especie_normalizada": "Rissa tridactyla", "decada": 2020.0 }, "geometry": { "type": "Point", "coordinates": [ 10.8926933333, 79.721538333300003 ] } },
{ "type": "Feature", "properties": { "basisOfRecord": "HumanObservation", "date_year": 2023, "eventDate": "2023-08-10T19:59:30+00:00", "individualCount": null, "scientificName": "Fratercula arctica", "id": "2395154e-67bd-4ab8-ba13-0f4796902d26", "especie_normalizada": "Fratercula arctica", "decada": 2020.0 }, "geometry": { "type": "Point", "coordinates": [ -19.036848396100002, 63.403023604799998 ] } },
{ "type": "Feature", "properties": { "basisOfRecord": "HumanObservation", "date_year": 2023, "eventDate": "2023-07-16T14:32:00+00:00", "individualCount": null, "scientificName": "Fratercula arctica", "id": "24519d86-b2e4-4251-b3dc-e8b1d3c99126", "especie_normalizada": "Fratercula arctica", "decada": 2020.0 }, "geometry": { "type": "Point", "coordinates": [ -24.515044166700001, 65.496584445 ] } },
{ "type": "Feature", "properties": { "basisOfRecord": "HumanObservation", "date_year": 2023, "eventDate": "2023-07-14T12:38:00+02:00", "individualCount": null, "scientificName": "Fratercula arctica", "id": "246903a6-e6e9-4fee-ad07-de38fcd18183", "especie_normalizada": "Fratercula arctica", "decada": 2020.0 }, "geometry": { "type": "Point", "coordinates": [ 25.3841562452, 71.092933904099993 ] } },
{ "type": "Feature", "properties": { "basisOfRecord": "HumanObservation", "date_year": 2023, "eventDate": "2023-05-30T19:51:00+00:00", "individualCount": null, "scientificName": "Fratercula arctica", "id": "24baea47-ceab-4205-94f6-8bbcba2a441e", "especie_normalizada": "Fratercula arctica", "decada": 2020.0 }, "geometry": { "type": "Point", "coordinates": [ -21.952835732200001, 64.150063854199999 ] } },
{ "type": "Feature", "properties": { "basisOfRecord": "HumanObservation", "date_year": 2023, "eventDate": "2023-06-23T17:28:00+02:00", "individualCount": null, "scientificName": "Rissa tridactyla", "id": "24dc0450-0602-4326-b962-a43e7489f55d", "especie_normalizada": "Rissa tridactyla", "decada": 2020.0 }, "geometry": { "type": "Point", "coordinates": [ 31.095847841, 70.345156029199998 ] } },
{ "type": "Feature", "properties": { "basisOfRecord": "HumanObservation", "date_year": 2023, "eventDate": "2023-07-30T11:32:00+02:00", "individualCount": null, "scientificName": "Fratercula arctica", "id": "24df6f80-d6b9-4ddb-ad91-a277d5c4afcf", "especie_normalizada": "Fratercula arctica", "decada": 2020.0 }, "geometry": { "type": "Point", "coordinates": [ 20.528757283299999, 80.752878208200002 ] } },
{ "type": "Feature", "properties": { "basisOfRecord": "HumanObservation", "date_year": 2023, "eventDate": "2023-07-14T12:26:00+02:00", "individualCount": null, "scientificName": "Fratercula arctica", "id": "250dc46a-db0a-47d6-a034-413376a623f7", "especie_normalizada": "Fratercula arctica", "decada": 2020.0 }, "geometry": { "type": "Point", "coordinates": [ 25.342163864100002, 71.087951513600004 ] } },
{ "type": "Feature", "properties": { "basisOfRecord": "HumanObservation", "date_year": 2023, "eventDate": "2023-07-21T21:28:45+02:00", "individualCount": null, "scientificName": "Rissa tridactyla", "id": "254fe331-e6d9-4b60-869c-32bb15290ec4", "especie_normalizada": "Rissa tridactyla", "decada": 2020.0 }, "geometry": { "type": "Point", "coordinates": [ 9.023438199699999, 57.1580245 ] } },
{ "type": "Feature", "properties": { "basisOfRecord": "HumanObservation", "date_year": 2023, "eventDate": "2023-07-31T18:55:00+02:00", "individualCount": null, "scientificName": "Fratercula arctica", "id": "2554343e-1a4f-482a-8c03-ae7e5d01c358", "especie_normalizada": "Fratercula arctica", "decada": 2020.0 }, "geometry": { "type": "Point", "coordinates": [ 11.1062781753, 79.186205802200007 ] } },
{ "type": "Feature", "properties": { "basisOfRecord": "HumanObservation", "date_year": 2023, "eventDate": "2023-06-01T13:18:19+00:00", "individualCount": null, "scientificName": "Fratercula arctica", "id": "25a0ed3e-ab6e-4432-a9ac-46d7f0095fde", "especie_normalizada": "Fratercula arctica", "decada": 2020.0 }, "geometry": { "type": "Point", "coordinates": [ -21.924568433299999, 64.172428948900006 ] } },
{ "type": "Feature", "properties": { "basisOfRecord": "HumanObservation", "date_year": 2023, "eventDate": "2023-08-09T07:15:00+02:00", "individualCount": null, "scientificName": "Fratercula arctica", "id": "260fb8a6-4fdb-4763-88d5-6d4ff619bb7c", "especie_normalizada": "Fratercula arctica", "decada": 2020.0 }, "geometry": { "type": "Point", "coordinates": [ 15.810695, 77.004911666699996 ] } },
{ "type": "Feature", "properties": { "basisOfRecord": "HumanObservation", "date_year": 2023, "eventDate": "2023-06-01T13:32:56+00:00", "individualCount": null, "scientificName": "Fratercula arctica", "id": "2623c1dd-5396-4f1d-b6de-babcce496681", "especie_normalizada": "Fratercula arctica", "decada": 2020.0 }, "geometry": { "type": "Point", "coordinates": [ -21.9642174337, 64.174211989200003 ] } },
{ "type": "Feature", "properties": { "basisOfRecord": "HumanObservation", "date_year": 2023, "eventDate": "2023-06-23T16:12:00+02:00", "individualCount": null, "scientificName": "Fratercula arctica", "id": "266911bc-56e9-4668-81e7-e40227da7848", "especie_normalizada": "Fratercula arctica", "decada": 2020.0 }, "geometry": { "type": "Point", "coordinates": [ 31.083972839, 70.396381278600003 ] } },
{ "type": "Feature", "properties": { "basisOfRecord": "HumanObservation", "date_year": 2023, "eventDate": "2023-06-20T22:01:13", "individualCount": "1", "scientificName": "Balaenoptera musculus", "id": "26de3430-e168-4b49-9d15-0af2dc078de5", "especie_normalizada": "Balaenoptera musculus", "decada": 2020.0 }, "geometry": { "type": "Point", "coordinates": [ 10.019531, 78.275969 ] } },
{ "type": "Feature", "properties": { "basisOfRecord": "HumanObservation", "date_year": 2023, "eventDate": "2023-06-18T13:08:03+00:00", "individualCount": null, "scientificName": "Fratercula arctica", "id": "26fab7b3-85ba-4f69-80d8-95b88a9f6627", "especie_normalizada": "Fratercula arctica", "decada": 2020.0 }, "geometry": { "type": "Point", "coordinates": [ -17.0109, 66.1796 ] } },
{ "type": "Feature", "properties": { "basisOfRecord": "HumanObservation", "date_year": 2023, "eventDate": "2023-07-01T05:25:00+00:00", "individualCount": null, "scientificName": "Rissa tridactyla tridactyla", "id": "27046f37-142c-4abb-a288-2fb44d66c6e8", "especie_normalizada": "Rissa tridactyla", "decada": 2020.0 }, "geometry": { "type": "Point", "coordinates": [ -13.754581, 65.541336 ] } },
{ "type": "Feature", "properties": { "basisOfRecord": "HumanObservation", "date_year": 2023, "eventDate": "2023-06-02T15:19:00+02:00", "individualCount": null, "scientificName": "Fratercula arctica", "id": "272b36cc-b0cd-4dad-b959-fe92b8570da4", "especie_normalizada": "Fratercula arctica", "decada": 2020.0 }, "geometry": { "type": "Point", "coordinates": [ 16.125143878599999, 78.364063219399995 ] } },
{ "type": "Feature", "properties": { "basisOfRecord": "HumanObservation", "date_year": 2023, "eventDate": "2023-06-23T16:34:00+02:00", "individualCount": null, "scientificName": "Fratercula arctica", "id": "276923b9-8341-40b0-bebc-79501bfd9fad", "especie_normalizada": "Fratercula arctica", "decada": 2020.0 }, "geometry": { "type": "Point", "coordinates": [ 31.010730516500001, 70.3211935641 ] } },
{ "type": "Feature", "properties": { "basisOfRecord": "HumanObservation", "date_year": 2023, "eventDate": "2023-08-16T14:27:00+00:00", "individualCount": null, "scientificName": "Rissa tridactyla", "id": "27ed0cf5-42c8-47d1-ab28-34a82f9de19b", "especie_normalizada": "Rissa tridactyla", "decada": 2020.0 }, "geometry": { "type": "Point", "coordinates": [ -24.526461666700001, 65.500245555600003 ] } },
{ "type": "Feature", "properties": { "basisOfRecord": "HumanObservation", "date_year": 2023, "eventDate": "2023-06-23T15:16:00+02:00", "individualCount": null, "scientificName": "Fratercula arctica", "id": "2801a9d1-f858-4a88-80fb-d74f91d2f4d0", "especie_normalizada": "Fratercula arctica", "decada": 2020.0 }, "geometry": { "type": "Point", "coordinates": [ 31.118619278, 70.214733906800006 ] } },
{ "type": "Feature", "properties": { "basisOfRecord": "HumanObservation", "date_year": 2023, "eventDate": "2023-06-29T12:28:00+02:00", "individualCount": null, "scientificName": "Fratercula arctica", "id": "280db6c4-81e9-4c91-bf0a-a790949b13bc", "especie_normalizada": "Fratercula arctica", "decada": 2020.0 }, "geometry": { "type": "Point", "coordinates": [ 31.172388095900001, 70.310234923699994 ] } },
{ "type": "Feature", "properties": { "basisOfRecord": "HumanObservation", "date_year": 2023, "eventDate": "2023-08-14T12:56:46+03:00", "individualCount": null, "scientificName": "Rissa tridactyla", "id": "281bad65-d5cc-425c-9c63-b7db9aac75a4", "especie_normalizada": "Rissa tridactyla", "decada": 2020.0 }, "geometry": { "type": "Point", "coordinates": [ 31.9849269722, 69.922573972199999 ] } },
{ "type": "Feature", "properties": { "basisOfRecord": "HumanObservation", "date_year": 2023, "eventDate": "2023-06-23T17:26:00+02:00", "individualCount": null, "scientificName": "Rissa tridactyla", "id": "2826d797-8d03-4dc7-a666-6869919f86e1", "especie_normalizada": "Rissa tridactyla", "decada": 2020.0 }, "geometry": { "type": "Point", "coordinates": [ 31.093379354300001, 70.207775579400007 ] } },
{ "type": "Feature", "properties": { "basisOfRecord": "HumanObservation", "date_year": 2023, "eventDate": "2023-07-28T18:19:45+02:00", "individualCount": null, "scientificName": "Fratercula arctica", "id": "28939b3c-941e-4d9c-8c57-63f097dea67f", "especie_normalizada": "Fratercula arctica", "decada": 2020.0 }, "geometry": { "type": "Point", "coordinates": [ 25.294684394800001, 71.037660656200003 ] } },
{ "type": "Feature", "properties": { "basisOfRecord": "HumanObservation", "date_year": 2023, "eventDate": "2023-06-23T16:45:00+02:00", "individualCount": null, "scientificName": "Fratercula arctica", "id": "28c031cb-1f80-46f7-9074-6c74d079ea69", "especie_normalizada": "Fratercula arctica", "decada": 2020.0 }, "geometry": { "type": "Point", "coordinates": [ 31.159040023500001, 70.275596336500001 ] } },
{ "type": "Feature", "properties": { "basisOfRecord": "HumanObservation", "date_year": 2023, "eventDate": "2023-07-14T12:50:00+02:00", "individualCount": null, "scientificName": "Fratercula arctica", "id": "2916b8ee-66f9-4a7c-a4fe-2c59d3cbedbc", "especie_normalizada": "Fratercula arctica", "decada": 2020.0 }, "geometry": { "type": "Point", "coordinates": [ 25.3861006309, 71.131891180599993 ] } },
{ "type": "Feature", "properties": { "basisOfRecord": "HumanObservation", "date_year": 2023, "eventDate": "2023-05-26T11:10:00+00:00", "individualCount": null, "scientificName": "Rissa tridactyla", "id": "29211e4f-b1cb-488e-8fe1-e03bf6d3dc53", "especie_normalizada": "Rissa tridactyla", "decada": 2020.0 }, "geometry": { "type": "Point", "coordinates": [ -18.0151560692, 66.544657598599997 ] } },
{ "type": "Feature", "properties": { "basisOfRecord": "HumanObservation", "date_year": 2023, "eventDate": "2023-06-04T11:01:40+00:00", "individualCount": null, "scientificName": "Fratercula arctica", "id": "29e329de-1642-4906-a0bc-24df01eddadf", "especie_normalizada": "Fratercula arctica", "decada": 2020.0 }, "geometry": { "type": "Point", "coordinates": [ -17.368042149499999, 66.115159493 ] } },
{ "type": "Feature", "properties": { "basisOfRecord": "HumanObservation", "date_year": 2023, "eventDate": "2023-05-11T15:00", "individualCount": "1", "scientificName": "Balaenoptera musculus", "id": "2a229f68-b230-4249-a537-6d17df8f1ef8", "especie_normalizada": "Balaenoptera musculus", "decada": 2020.0 }, "geometry": { "type": "Point", "coordinates": [ -17.561646, 66.058082 ] } },
{ "type": "Feature", "properties": { "basisOfRecord": "HumanObservation", "date_year": 2023, "eventDate": "2023-07-14T12:38:00+02:00", "individualCount": null, "scientificName": "Fratercula arctica", "id": "2a81997b-d0d6-471b-a962-1eb29fbc0383", "especie_normalizada": "Fratercula arctica", "decada": 2020.0 }, "geometry": { "type": "Point", "coordinates": [ 25.293550855900001, 71.161981143 ] } },
{ "type": "Feature", "properties": { "basisOfRecord": "HumanObservation", "date_year": 2023, "eventDate": "2023-07-05T10:54:58+01:00", "individualCount": null, "scientificName": "Fratercula arctica", "id": "2a949b03-f939-4f7e-9774-fdf3ea1fe1a5", "especie_normalizada": "Fratercula arctica", "decada": 2020.0 }, "geometry": { "type": "Point", "coordinates": [ -1.2729751086, 59.856258497900001 ] } },
{ "type": "Feature", "properties": { "basisOfRecord": "HumanObservation", "date_year": 2023, "eventDate": "2023-07-17T09:52:00+02:00", "individualCount": null, "scientificName": "Fratercula arctica", "id": "2b3f6b37-2447-483c-b9fd-99d67f377dae", "especie_normalizada": "Fratercula arctica", "decada": 2020.0 }, "geometry": { "type": "Point", "coordinates": [ 25.290285698200002, 70.968561575199999 ] } },
{ "type": "Feature", "properties": { "basisOfRecord": "HumanObservation", "date_year": 2023, "eventDate": "2023-07-07T09:56:00+02:00", "individualCount": null, "scientificName": "Rissa tridactyla", "id": "2c3063b0-e29e-41f8-a857-eb94de8518cc", "especie_normalizada": "Rissa tridactyla", "decada": 2020.0 }, "geometry": { "type": "Point", "coordinates": [ 21.53, 78.15 ] } },
{ "type": "Feature", "properties": { "basisOfRecord": "HumanObservation", "date_year": 2023, "eventDate": "2023-07-06T09:35:00+02:00", "individualCount": null, "scientificName": "Rissa tridactyla", "id": "2c6f603a-4715-40c0-be70-ec233cc96136", "especie_normalizada": "Rissa tridactyla", "decada": 2020.0 }, "geometry": { "type": "Point", "coordinates": [ 20.75753254, 79.363112618100004 ] } },
{ "type": "Feature", "properties": { "basisOfRecord": "HumanObservation", "date_year": 2023, "eventDate": "2023-06-23T17:28:00+02:00", "individualCount": null, "scientificName": "Rissa tridactyla", "id": "2c9427af-496a-496c-ac12-6ff59d87c9eb", "especie_normalizada": "Rissa tridactyla", "decada": 2020.0 }, "geometry": { "type": "Point", "coordinates": [ 31.078943880899999, 70.345246495799998 ] } },
{ "type": "Feature", "properties": { "basisOfRecord": "HumanObservation", "date_year": 2023, "eventDate": "2023-06-23T17:01:00+02:00", "individualCount": null, "scientificName": "Fratercula arctica", "id": "2cb88a13-5c58-4066-bf9b-edff492a0878", "especie_normalizada": "Fratercula arctica", "decada": 2020.0 }, "geometry": { "type": "Point", "coordinates": [ 31.129277372800001, 70.3843665415 ] } },
{ "type": "Feature", "properties": { "basisOfRecord": "HumanObservation", "date_year": 2023, "eventDate": "2023-06-30", "individualCount": null, "scientificName": "Fratercula arctica", "id": "2cca35fd-52b9-48fb-bb76-7bf411f84d7c", "especie_normalizada": "Fratercula arctica", "decada": 2020.0 }, "geometry": { "type": "Point", "coordinates": [ -24.528372260800001, 65.501032991399995 ] } },
{ "type": "Feature", "properties": { "basisOfRecord": "HumanObservation", "date_year": 2023, "eventDate": "2023-06-23T15:35:00+02:00", "individualCount": null, "scientificName": "Fratercula arctica", "id": "2cedf0fb-47a7-454a-b3d4-0c764bdac900", "especie_normalizada": "Fratercula arctica", "decada": 2020.0 }, "geometry": { "type": "Point", "coordinates": [ 31.029630321300001, 70.270638654500004 ] } },
{ "type": "Feature", "properties": { "basisOfRecord": "HumanObservation", "date_year": 2023, "eventDate": "2023-08-11T12:30:26+02:00", "individualCount": null, "scientificName": "Rissa tridactyla", "id": "2cf08118-eac0-4c01-a585-d1207e0f93f3", "especie_normalizada": "Rissa tridactyla", "decada": 2020.0 }, "geometry": { "type": "Point", "coordinates": [ 15.0732431809, 68.934730092500004 ] } },
{ "type": "Feature", "properties": { "basisOfRecord": "HumanObservation", "date_year": 2023, "eventDate": "2023-06-23T15:29:00+02:00", "individualCount": null, "scientificName": "Fratercula arctica", "id": "2d04979e-ceb4-4c68-95d1-886ce91decb1", "especie_normalizada": "Fratercula arctica", "decada": 2020.0 }, "geometry": { "type": "Point", "coordinates": [ 31.006450095400002, 70.267932574900001 ] } },
{ "type": "Feature", "properties": { "basisOfRecord": "HumanObservation", "date_year": 2023, "eventDate": "2023-09-09T15:52:00+02:00", "individualCount": null, "scientificName": "Rissa tridactyla", "id": "2d4c8d91-a487-4a70-ba71-8ced9c34ee09", "especie_normalizada": "Rissa tridactyla", "decada": 2020.0 }, "geometry": { "type": "Point", "coordinates": [ 12.902500145, 79.653516813500005 ] } },
{ "type": "Feature", "properties": { "basisOfRecord": "HumanObservation", "date_year": 2023, "eventDate": "2023-07-10T09:56:00+02:00", "individualCount": null, "scientificName": "Fratercula arctica", "id": "2e292c66-8069-4f5d-947e-4bccb3fd7a3c", "especie_normalizada": "Fratercula arctica", "decada": 2020.0 }, "geometry": { "type": "Point", "coordinates": [ 31.079286604299998, 70.359122963499999 ] } },
{ "type": "Feature", "properties": { "basisOfRecord": "HumanObservation", "date_year": 2023, "eventDate": "2023-08-17T16:43:04+00:00", "individualCount": null, "scientificName": "Fratercula arctica", "id": "2e2bf9fa-82c7-4ac6-a699-374ebadd6f8d", "especie_normalizada": "Fratercula arctica", "decada": 2020.0 }, "geometry": { "type": "Point", "coordinates": [ -19.1019278333, 63.404696666699998 ] } },
{ "type": "Feature", "properties": { "basisOfRecord": "HumanObservation", "date_year": 2023, "eventDate": "2023-07-24T13:17:57+00:00", "individualCount": null, "scientificName": "Fratercula arctica", "id": "2e395ca2-2cd6-4d64-a85c-58cbe1e1e6cb", "especie_normalizada": "Fratercula arctica", "decada": 2020.0 }, "geometry": { "type": "Point", "coordinates": [ -22.8295140713, 66.053524480600004 ] } },
{ "type": "Feature", "properties": { "basisOfRecord": "HumanObservation", "date_year": 2023, "eventDate": "2023-05-20T19:37:52+02:00", "individualCount": null, "scientificName": "Rissa tridactyla", "id": "2e420ec2-d2ba-43a1-bff8-cc32545efc58", "especie_normalizada": "Rissa tridactyla", "decada": 2020.0 }, "geometry": { "type": "Point", "coordinates": [ 9.0234, 57.157397166700001 ] } },
{ "type": "Feature", "properties": { "basisOfRecord": "HumanObservation", "date_year": 2023, "eventDate": "2023-06-09", "individualCount": null, "scientificName": "Rissa tridactyla", "id": "2e56d90c-1e66-45c5-9756-8b1fa6d18411", "especie_normalizada": "Rissa tridactyla", "decada": 2020.0 }, "geometry": { "type": "Point", "coordinates": [ 23.122279744299998, 69.814083231500007 ] } },
{ "type": "Feature", "properties": { "basisOfRecord": "HumanObservation", "date_year": 2023, "eventDate": "2023-05-29T09:32:54+01:00", "individualCount": null, "scientificName": "Fratercula arctica", "id": "2ecf777a-7c76-489d-9d1f-30e09da5f105", "especie_normalizada": "Fratercula arctica", "decada": 2020.0 }, "geometry": { "type": "Point", "coordinates": [ -7.2231053128, 62.163576205799998 ] } },
{ "type": "Feature", "properties": { "basisOfRecord": "HumanObservation", "date_year": 2023, "eventDate": "2023-03-24T12:25:00+01:00", "individualCount": null, "scientificName": "Fratercula arctica", "id": "2f127baa-6bff-4f3c-96ce-8db97103307c", "especie_normalizada": "Fratercula arctica", "decada": 2020.0 }, "geometry": { "type": "Point", "coordinates": [ 31.143119903599999, 70.257499378099993 ] } },
{ "type": "Feature", "properties": { "basisOfRecord": "HumanObservation", "date_year": 2023, "eventDate": "2023-08-09T18:41:47+02:00", "individualCount": null, "scientificName": "Fratercula arctica", "id": "2f85b5c5-d27c-4e41-9683-f47265498fed", "especie_normalizada": "Fratercula arctica", "decada": 2020.0 }, "geometry": { "type": "Point", "coordinates": [ 15.972276316, 69.298800848400006 ] } },
{ "type": "Feature", "properties": { "basisOfRecord": "HumanObservation", "date_year": 2023, "eventDate": "2023-06-23T14:52:00+02:00", "individualCount": null, "scientificName": "Rissa tridactyla", "id": "303b54a0-1d50-4348-b326-8ea8ff35ff24", "especie_normalizada": "Rissa tridactyla", "decada": 2020.0 }, "geometry": { "type": "Point", "coordinates": [ 31.0853595697, 70.287912632 ] } },
{ "type": "Feature", "properties": { "basisOfRecord": "HumanObservation", "date_year": 2023, "eventDate": "2023-07-03T15:18:00+00:00", "individualCount": null, "scientificName": "Fratercula arctica", "id": "305c345b-9b4e-43e5-b85e-0bc7553bdb58", "especie_normalizada": "Fratercula arctica", "decada": 2020.0 }, "geometry": { "type": "Point", "coordinates": [ -20.297564271100001, 63.396934364099998 ] } },
{ "type": "Feature", "properties": { "basisOfRecord": "HumanObservation", "date_year": 2023, "eventDate": "2023-06-13T11:01:00+00:00", "individualCount": null, "scientificName": "Rissa tridactyla", "id": "308bc5de-47db-4835-8497-d89c1548b37c", "especie_normalizada": "Rissa tridactyla", "decada": 2020.0 }, "geometry": { "type": "Point", "coordinates": [ -20.28516, 63.404745 ] } },
{ "type": "Feature", "properties": { "basisOfRecord": "HumanObservation", "date_year": 2023, "eventDate": "2023-09-20T14:52:56+02:00", "individualCount": null, "scientificName": "Rissa tridactyla", "id": "3112e63c-b73a-42b3-9166-d44813796dac", "especie_normalizada": "Rissa tridactyla", "decada": 2020.0 }, "geometry": { "type": "Point", "coordinates": [ 19.243225604300001, 79.515163632500006 ] } },
{ "type": "Feature", "properties": { "basisOfRecord": "HumanObservation", "date_year": 2023, "eventDate": "2023-06-23T17:40:00+02:00", "individualCount": null, "scientificName": "Rissa tridactyla", "id": "318825fa-d422-412c-b858-728a3dd2cbfa", "especie_normalizada": "Rissa tridactyla", "decada": 2020.0 }, "geometry": { "type": "Point", "coordinates": [ 31.111625976300001, 70.216644168 ] } },
{ "type": "Feature", "properties": { "basisOfRecord": "HumanObservation", "date_year": 2023, "eventDate": "2023-07-17T08:13:00+00:00", "individualCount": null, "scientificName": "Rissa tridactyla", "id": "31d54647-9fa7-4b2a-a08a-6a73c9169612", "especie_normalizada": "Rissa tridactyla", "decada": 2020.0 }, "geometry": { "type": "Point", "coordinates": [ -22.688624473899999, 64.082164270800007 ] } },
{ "type": "Feature", "properties": { "basisOfRecord": "HumanObservation", "date_year": 2023, "eventDate": "2023-07-24T20:46:00+00:00", "individualCount": null, "scientificName": "Rissa tridactyla", "id": "320676d0-21d3-472c-8ed6-6fd65dc5da1e", "especie_normalizada": "Rissa tridactyla", "decada": 2020.0 }, "geometry": { "type": "Point", "coordinates": [ -20.2694397217, 63.406955278300003 ] } },
{ "type": "Feature", "properties": { "basisOfRecord": "HumanObservation", "date_year": 2023, "eventDate": "2023-06-01T11:28:00+00:00", "individualCount": null, "scientificName": "Fratercula arctica", "id": "320912f0-2eb6-4be4-af47-27010d3183d5", "especie_normalizada": "Fratercula arctica", "decada": 2020.0 }, "geometry": { "type": "Point", "coordinates": [ -24.5316578477, 65.502340613 ] } },
{ "type": "Feature", "properties": { "basisOfRecord": "HumanObservation", "date_year": 2023, "eventDate": "2023-06-21T11:54:00+00:00", "individualCount": null, "scientificName": "Rissa tridactyla", "id": "323f5620-9928-4b5f-9f93-9bf3c2b30c47", "especie_normalizada": "Rissa tridactyla", "decada": 2020.0 }, "geometry": { "type": "Point", "coordinates": [ -24.526929259900001, 65.500021668800002 ] } },
{ "type": "Feature", "properties": { "basisOfRecord": "HumanObservation", "date_year": 2023, "eventDate": "2023-06-11T14:10:00+01:00", "individualCount": null, "scientificName": "Fratercula arctica", "id": "32517cda-5b71-4f7d-a08b-aa37b74fcdd4", "especie_normalizada": "Fratercula arctica", "decada": 2020.0 }, "geometry": { "type": "Point", "coordinates": [ -7.6613796875, 62.102605766800004 ] } },
{ "type": "Feature", "properties": { "basisOfRecord": "HumanObservation", "date_year": 2023, "eventDate": "2023-09-11T18:35:00+02:00", "individualCount": null, "scientificName": "Balaenoptera physalus", "id": "32571eb2-24ce-466f-8359-c7d892aac79c", "especie_normalizada": "Balaenoptera physalus", "decada": 2020.0 }, "geometry": { "type": "Point", "coordinates": [ 27.7693501836, 79.633826917 ] } },
{ "type": "Feature", "properties": { "basisOfRecord": "HumanObservation", "date_year": 2023, "eventDate": "2023-06-21T20:14:00+02:00", "individualCount": null, "scientificName": "Fratercula arctica", "id": "325b02bc-a675-4a3f-9227-dd09eb287acd", "especie_normalizada": "Fratercula arctica", "decada": 2020.0 }, "geometry": { "type": "Point", "coordinates": [ 13.656051250200001, 77.774205260599999 ] } },
{ "type": "Feature", "properties": { "basisOfRecord": "HumanObservation", "date_year": 2023, "eventDate": "2023-06-23T15:25:00+02:00", "individualCount": null, "scientificName": "Fratercula arctica", "id": "32a99603-0af5-4167-a9b3-9805f7153509", "especie_normalizada": "Fratercula arctica", "decada": 2020.0 }, "geometry": { "type": "Point", "coordinates": [ 31.195420266300001, 70.218093846499997 ] } },
{ "type": "Feature", "properties": { "basisOfRecord": "HumanObservation", "date_year": 2023, "eventDate": "2023-07-17T07:15:00+00:00", "individualCount": null, "scientificName": "Fratercula arctica", "id": "32c2f028-b2df-46ed-bbb8-3ac48a8917ac", "especie_normalizada": "Fratercula arctica", "decada": 2020.0 }, "geometry": { "type": "Point", "coordinates": [ -22.694666134799999, 64.082540266400002 ] } },
{ "type": "Feature", "properties": { "basisOfRecord": "HumanObservation", "date_year": 2023, "eventDate": "2023-06-23T17:26:00+02:00", "individualCount": null, "scientificName": "Rissa tridactyla", "id": "3306b570-3218-4f39-98a5-79523a543cac", "especie_normalizada": "Rissa tridactyla", "decada": 2020.0 }, "geometry": { "type": "Point", "coordinates": [ 31.042100919100001, 70.382989125700007 ] } },
{ "type": "Feature", "properties": { "basisOfRecord": "HumanObservation", "date_year": 2023, "eventDate": "2023-07-15T16:02:29+02:00", "individualCount": null, "scientificName": "Rissa tridactyla", "id": "3317e8de-a7e6-475e-966f-214ad2d5e04d", "especie_normalizada": "Rissa tridactyla", "decada": 2020.0 }, "geometry": { "type": "Point", "coordinates": [ 28.944347368399999, 70.144751615399997 ] } },
{ "type": "Feature", "properties": { "basisOfRecord": "HumanObservation", "date_year": 2023, "eventDate": "2023-06-07T13:26:03", "individualCount": null, "scientificName": "Balaenoptera physalus", "id": "336dc2d4-6494-4419-88a8-7bfb1d2f684f", "especie_normalizada": "Balaenoptera physalus", "decada": 2020.0 }, "geometry": { "type": "Point", "coordinates": [ -2.7247, 58.9684 ] } },
{ "type": "Feature", "properties": { "basisOfRecord": "HumanObservation", "date_year": 2023, "eventDate": "2023-07-07T09:31:00+00:00", "individualCount": null, "scientificName": "Rissa tridactyla", "id": "33756572-3abf-429d-810f-8064a8a22580", "especie_normalizada": "Rissa tridactyla", "decada": 2020.0 }, "geometry": { "type": "Point", "coordinates": [ -23.775135, 64.7353973 ] } },
{ "type": "Feature", "properties": { "basisOfRecord": "HumanObservation", "date_year": 2023, "eventDate": "2023-05-28T12:02:00+00:00", "individualCount": null, "scientificName": "Rissa tridactyla", "id": "344ea27e-8d9c-48f3-861d-cf157c5344cc", "especie_normalizada": "Rissa tridactyla", "decada": 2020.0 }, "geometry": { "type": "Point", "coordinates": [ -23.510482456199998, 64.933698718900004 ] } },
{ "type": "Feature", "properties": { "basisOfRecord": "HumanObservation", "date_year": 2023, "eventDate": "2023-06-01T13:43:49+00:00", "individualCount": null, "scientificName": "Fratercula arctica", "id": "3497cbdd-cb98-4053-9680-237085267c32", "especie_normalizada": "Fratercula arctica", "decada": 2020.0 }, "geometry": { "type": "Point", "coordinates": [ -21.967304572500002, 64.172086799599995 ] } },
{ "type": "Feature", "properties": { "basisOfRecord": "HumanObservation", "date_year": 2023, "eventDate": "2023-07-06T03:17:13+00:00", "individualCount": null, "scientificName": "Fratercula arctica", "id": "34e6fb1a-cf4d-496e-a64a-c34c14bdfee1", "especie_normalizada": "Fratercula arctica", "decada": 2020.0 }, "geometry": { "type": "Point", "coordinates": [ -19.1226945, 63.401846666700003 ] } },
{ "type": "Feature", "properties": { "basisOfRecord": "HumanObservation", "date_year": 2023, "eventDate": "2023-06-26T15:11:56+00:00", "individualCount": null, "scientificName": "Fratercula arctica", "id": "34e78be7-1529-4362-a33c-e330accc186f", "especie_normalizada": "Fratercula arctica", "decada": 2020.0 }, "geometry": { "type": "Point", "coordinates": [ -20.287345, 63.40353 ] } },
{ "type": "Feature", "properties": { "basisOfRecord": "HumanObservation", "date_year": 2023, "eventDate": "2023-07-03T15:47:43+02:00", "individualCount": null, "scientificName": "Rissa tridactyla", "id": "35aa8f2f-1a10-421e-8090-99d0b80e71a4", "especie_normalizada": "Rissa tridactyla", "decada": 2020.0 }, "geometry": { "type": "Point", "coordinates": [ 12.9470719721, 67.954874849299998 ] } },
{ "type": "Feature", "properties": { "basisOfRecord": "HumanObservation", "date_year": 2023, "eventDate": "2023-06-23T16:47:00+02:00", "individualCount": null, "scientificName": "Rissa tridactyla", "id": "360a9712-79cf-48c8-9833-2ca2ce6ac2a2", "especie_normalizada": "Rissa tridactyla", "decada": 2020.0 }, "geometry": { "type": "Point", "coordinates": [ 31.128726046200001, 70.233491762100002 ] } },
{ "type": "Feature", "properties": { "basisOfRecord": "HumanObservation", "date_year": 2023, "eventDate": "2023-05-30T19:51:00+00:00", "individualCount": null, "scientificName": "Rissa tridactyla", "id": "36260fe6-0773-4c69-9fc3-3244edfdd851", "especie_normalizada": "Rissa tridactyla", "decada": 2020.0 }, "geometry": { "type": "Point", "coordinates": [ -23.702979196, 64.895504814 ] } },
{ "type": "Feature", "properties": { "basisOfRecord": "HumanObservation", "date_year": 2023, "eventDate": "2023-07-20T14:41:00+00:00", "individualCount": null, "scientificName": "Fratercula arctica", "id": "3649be45-6da7-474e-92b6-29fec9dd71bd", "especie_normalizada": "Fratercula arctica", "decada": 2020.0 }, "geometry": { "type": "Point", "coordinates": [ -18.001641388300001, 66.534895555 ] } },
{ "type": "Feature", "properties": { "basisOfRecord": "HumanObservation", "date_year": 2023, "eventDate": "2023-07-24T21:56:00+00:00", "individualCount": null, "scientificName": "Fratercula arctica", "id": "36b2ba41-8e36-4baa-9af3-491c2c01ec1a", "especie_normalizada": "Fratercula arctica", "decada": 2020.0 }, "geometry": { "type": "Point", "coordinates": [ -20.280048485799998, 63.429026894300002 ] } },
{ "type": "Feature", "properties": { "basisOfRecord": "HumanObservation", "date_year": 2023, "eventDate": "2023-06-22T14:36:00+02:00", "individualCount": null, "scientificName": "Rissa tridactyla", "id": "3764a3fb-ceb4-4af0-8b2c-c27ef581776b", "especie_normalizada": "Rissa tridactyla", "decada": 2020.0 }, "geometry": { "type": "Point", "coordinates": [ 15.8917146557, 77.022411472800002 ] } },
{ "type": "Feature", "properties": { "basisOfRecord": "HumanObservation", "date_year": 2023, "eventDate": "2023-08-17T18:21:47", "individualCount": "1", "scientificName": "Balaenoptera physalus", "id": "381e2f13-9780-41fe-9e6a-aee3e42293e2", "especie_normalizada": "Balaenoptera physalus", "decada": 2020.0 }, "geometry": { "type": "Point", "coordinates": [ 14.743652, 78.252506 ] } },
{ "type": "Feature", "properties": { "basisOfRecord": "HumanObservation", "date_year": 2023, "eventDate": "2023-06-23T16:40:00+02:00", "individualCount": null, "scientificName": "Fratercula arctica", "id": "382004b4-79c8-43f4-b748-2fa68285c662", "especie_normalizada": "Fratercula arctica", "decada": 2020.0 }, "geometry": { "type": "Point", "coordinates": [ 31.0671207229, 70.341136650600006 ] } },
{ "type": "Feature", "properties": { "basisOfRecord": "HumanObservation", "date_year": 2023, "eventDate": "2023-06-23T16:54:00+02:00", "individualCount": null, "scientificName": "Fratercula arctica", "id": "3829ff05-da26-479a-99b3-d871af0b6545", "especie_normalizada": "Fratercula arctica", "decada": 2020.0 }, "geometry": { "type": "Point", "coordinates": [ 31.046921847099998, 70.214252564 ] } },
{ "type": "Feature", "properties": { "basisOfRecord": "HumanObservation", "date_year": 2023, "eventDate": "2023-06-22T13:00:05+02:00", "individualCount": null, "scientificName": "Rissa tridactyla", "id": "38418625-a850-4092-b382-62ba0d4abf92", "especie_normalizada": "Rissa tridactyla", "decada": 2020.0 }, "geometry": { "type": "Point", "coordinates": [ 30.7966769925, 69.720299400399995 ] } },
{ "type": "Feature", "properties": { "basisOfRecord": "HumanObservation", "date_year": 2023, "eventDate": "2023-07-13T15:05:00+02:00", "individualCount": null, "scientificName": "Rissa tridactyla", "id": "38d111de-593d-4cd4-a4ed-8189d2797465", "especie_normalizada": "Rissa tridactyla", "decada": 2020.0 }, "geometry": { "type": "Point", "coordinates": [ 13.291009, 78.122438 ] } },
{ "type": "Feature", "properties": { "basisOfRecord": "HumanObservation", "date_year": 2023, "eventDate": "2023-07-10T20:05:23+01:00", "individualCount": null, "scientificName": "Fratercula arctica", "id": "38f5ceab-5b65-46c3-94f0-cf23b1335940", "especie_normalizada": "Fratercula arctica", "decada": 2020.0 }, "geometry": { "type": "Point", "coordinates": [ -6.804691, 61.773371 ] } },
{ "type": "Feature", "properties": { "basisOfRecord": "HumanObservation", "date_year": 2023, "eventDate": "2023-09-09T11:59:00+02:00", "individualCount": null, "scientificName": "Rissa tridactyla", "id": "3901dbf0-04fd-4b5e-a49d-ff29b5b13801", "especie_normalizada": "Rissa tridactyla", "decada": 2020.0 }, "geometry": { "type": "Point", "coordinates": [ 12.435771214, 79.529635029 ] } },
{ "type": "Feature", "properties": { "basisOfRecord": "HumanObservation", "date_year": 2023, "eventDate": "2023-06-06T22:00:24", "individualCount": "1", "scientificName": "Balaenoptera musculus", "id": "39581ae6-ec8e-4aff-ac1e-07d8b94d4ec8", "especie_normalizada": "Balaenoptera musculus", "decada": 2020.0 }, "geometry": { "type": "Point", "coordinates": [ 11.811667, 78.085 ] } },
{ "type": "Feature", "properties": { "basisOfRecord": "HumanObservation", "date_year": 2023, "eventDate": "2023-05-17T12:36:32+01:00", "individualCount": null, "scientificName": "Fratercula arctica", "id": "39640ebc-856a-47b2-bb86-964bbc761d32", "especie_normalizada": "Fratercula arctica", "decada": 2020.0 }, "geometry": { "type": "Point", "coordinates": [ -7.66083331, 62.1024755 ] } },
{ "type": "Feature", "properties": { "basisOfRecord": "HumanObservation", "date_year": 2023, "eventDate": "2023-06-02T13:24:15+00:00", "individualCount": null, "scientificName": "Rissa tridactyla", "id": "3997ed48-469b-42d5-8573-7e0a2f779e21", "especie_normalizada": "Rissa tridactyla", "decada": 2020.0 }, "geometry": { "type": "Point", "coordinates": [ -23.616473861100001, 64.767719213899994 ] } },
{ "type": "Feature", "properties": { "basisOfRecord": "HumanObservation", "date_year": 2023, "eventDate": "2023-09-12T10:38:00+02:00", "individualCount": null, "scientificName": "Rissa tridactyla", "id": "39e4086a-cf18-4c8f-b86d-29183d19f25a", "especie_normalizada": "Rissa tridactyla", "decada": 2020.0 }, "geometry": { "type": "Point", "coordinates": [ 21.920084813799999, 78.266717104199998 ] } },
{ "type": "Feature", "properties": { "basisOfRecord": "HumanObservation", "date_year": 2023, "eventDate": "2023-06-23T17:39:00+02:00", "individualCount": null, "scientificName": "Rissa tridactyla", "id": "3a50502b-4160-433c-970a-02b582721ff6", "especie_normalizada": "Rissa tridactyla", "decada": 2020.0 }, "geometry": { "type": "Point", "coordinates": [ 31.057796182699999, 70.2179568958 ] } },
{ "type": "Feature", "properties": { "basisOfRecord": "HumanObservation", "date_year": 2023, "eventDate": "2023-06-21T08:46:00+02:00", "individualCount": null, "scientificName": "Rissa tridactyla", "id": "3a5d09d4-aa47-4796-842f-b1c6c3ab86aa", "especie_normalizada": "Rissa tridactyla", "decada": 2020.0 }, "geometry": { "type": "Point", "coordinates": [ 15.0649732563, 77.55303846 ] } },
{ "type": "Feature", "properties": { "basisOfRecord": "HumanObservation", "date_year": 2023, "eventDate": "2023-06-05T16:43:00+00:00", "individualCount": null, "scientificName": "Fratercula arctica", "id": "3ad6eba9-29b8-402a-a14e-a6e9fd5f4e6d", "especie_normalizada": "Fratercula arctica", "decada": 2020.0 }, "geometry": { "type": "Point", "coordinates": [ -13.754531694400001, 65.542070076399995 ] } },
{ "type": "Feature", "properties": { "basisOfRecord": "HumanObservation", "date_year": 2023, "eventDate": "2023-06-23T16:35:00+02:00", "individualCount": null, "scientificName": "Fratercula arctica", "id": "3ae734e2-bfe9-48f5-99f5-3a35b3a44646", "especie_normalizada": "Fratercula arctica", "decada": 2020.0 }, "geometry": { "type": "Point", "coordinates": [ 31.043098023300001, 70.371341292599993 ] } },
{ "type": "Feature", "properties": { "basisOfRecord": "HumanObservation", "date_year": 2023, "eventDate": "2023-07-03T16:41:00+00:00", "individualCount": null, "scientificName": "Fratercula arctica", "id": "3b1d160b-ef38-40dc-9ada-1f8b90da9452", "especie_normalizada": "Fratercula arctica", "decada": 2020.0 }, "geometry": { "type": "Point", "coordinates": [ -21.930065417400002, 64.090242497399998 ] } },
{ "type": "Feature", "properties": { "basisOfRecord": "HumanObservation", "date_year": 2023, "eventDate": "2023-06-04T09:28:00+00:00", "individualCount": null, "scientificName": "Fratercula arctica", "id": "3ba4b7e1-e057-4afb-babe-89afd6a36b81", "especie_normalizada": "Fratercula arctica", "decada": 2020.0 }, "geometry": { "type": "Point", "coordinates": [ -13.758834181299999, 65.542848647200003 ] } },
{ "type": "Feature", "properties": { "basisOfRecord": "HumanObservation", "date_year": 2023, "eventDate": "2023-08-19", "individualCount": null, "scientificName": "Fratercula arctica", "id": "3bf5a93f-745a-4b95-97f9-0b3e2ae44abe", "especie_normalizada": "Fratercula arctica", "decada": 2020.0 }, "geometry": { "type": "Point", "coordinates": [ -22.832193933399999, 66.052736140199997 ] } },
{ "type": "Feature", "properties": { "basisOfRecord": "HumanObservation", "date_year": 2023, "eventDate": "2023-06-23T15:25:00+02:00", "individualCount": null, "scientificName": "Fratercula arctica", "id": "3c8e88b1-1d44-40e5-8dae-3d6d6414c6b7", "especie_normalizada": "Fratercula arctica", "decada": 2020.0 }, "geometry": { "type": "Point", "coordinates": [ 31.104604080600001, 70.361942315 ] } },
{ "type": "Feature", "properties": { "basisOfRecord": "HumanObservation", "date_year": 2023, "eventDate": "2023-06-23T15:07:00+02:00", "individualCount": null, "scientificName": "Fratercula arctica", "id": "3c9af811-6b9c-4c48-8a59-82f9dd74b68f", "especie_normalizada": "Fratercula arctica", "decada": 2020.0 }, "geometry": { "type": "Point", "coordinates": [ 31.151917794700001, 70.335687512800007 ] } },
{ "type": "Feature", "properties": { "basisOfRecord": "HumanObservation", "date_year": 2023, "eventDate": "2023-07-24T12:01:00+00:00", "individualCount": null, "scientificName": "Fratercula arctica", "id": "3cc196b3-c467-4405-9e03-5438465ca4b7", "especie_normalizada": "Fratercula arctica", "decada": 2020.0 }, "geometry": { "type": "Point", "coordinates": [ -20.1493648591, 63.4995591303 ] } },
{ "type": "Feature", "properties": { "basisOfRecord": "HumanObservation", "date_year": 2023, "eventDate": "2023-09-13T17:30:00+00:00", "individualCount": null, "scientificName": "Fratercula arctica", "id": "3cf67f3b-7569-4f2e-9c19-d3d8f723a476", "especie_normalizada": "Fratercula arctica", "decada": 2020.0 }, "geometry": { "type": "Point", "coordinates": [ -14.808717037299999, 64.577859568600005 ] } },
{ "type": "Feature", "properties": { "basisOfRecord": "HumanObservation", "date_year": 2023, "eventDate": "2023-03-04", "individualCount": "1", "scientificName": "Balaenoptera musculus", "id": "3cfd6a36-84ce-407f-827e-7d41afaa3b89", "especie_normalizada": "Balaenoptera musculus", "decada": 2020.0 }, "geometry": { "type": "Point", "coordinates": [ -17.55, 66.076667 ] } },
{ "type": "Feature", "properties": { "basisOfRecord": "HumanObservation", "date_year": 2023, "eventDate": "2023-05-13T11:45:44+00:00", "individualCount": null, "scientificName": "Fratercula arctica", "id": "3d54c8f8-2bb6-4515-b01c-f0b87f7f09bd", "especie_normalizada": "Fratercula arctica", "decada": 2020.0 }, "geometry": { "type": "Point", "coordinates": [ -17.367831820100001, 66.114507638199996 ] } },
{ "type": "Feature", "properties": { "basisOfRecord": "HumanObservation", "date_year": 2023, "eventDate": "2023-06-23T16:20:00+02:00", "individualCount": null, "scientificName": "Fratercula arctica", "id": "3dc4df01-8167-427b-b617-ddd50bc65472", "especie_normalizada": "Fratercula arctica", "decada": 2020.0 }, "geometry": { "type": "Point", "coordinates": [ 31.022951775300001, 70.330942045499995 ] } },
{ "type": "Feature", "properties": { "basisOfRecord": "HumanObservation", "date_year": 2023, "eventDate": "2023-06-18T09:58:00+02:00", "individualCount": null, "scientificName": "Rissa tridactyla", "id": "3e06d9d3-6cb7-480a-969b-6d91cde2414c", "especie_normalizada": "Rissa tridactyla", "decada": 2020.0 }, "geometry": { "type": "Point", "coordinates": [ 10.963514114200001, 79.546764506800002 ] } },
{ "type": "Feature", "properties": { "basisOfRecord": "HumanObservation", "date_year": 2023, "eventDate": "2023-06-23T16:51:00+02:00", "individualCount": null, "scientificName": "Fratercula arctica", "id": "3e69cb7e-c159-4189-a68b-db647531daa2", "especie_normalizada": "Fratercula arctica", "decada": 2020.0 }, "geometry": { "type": "Point", "coordinates": [ 31.021463838199999, 70.257216285799998 ] } },
{ "type": "Feature", "properties": { "basisOfRecord": "HumanObservation", "date_year": 2023, "eventDate": "2023-07-20T13:17:00+00:00", "individualCount": null, "scientificName": "Fratercula arctica", "id": "3e7062c0-23c1-4440-97d5-4fb8c6b04f0b", "especie_normalizada": "Fratercula arctica", "decada": 2020.0 }, "geometry": { "type": "Point", "coordinates": [ -18.0132410095, 66.538946939799999 ] } },
{ "type": "Feature", "properties": { "basisOfRecord": "HumanObservation", "date_year": 2023, "eventDate": "2023-07-23T11:08:52+00:00", "individualCount": null, "scientificName": "Fratercula arctica", "id": "3e9c1626-afab-4752-8105-bd155af666d6", "especie_normalizada": "Fratercula arctica", "decada": 2020.0 }, "geometry": { "type": "Point", "coordinates": [ -22.827091666699999, 66.047561166700007 ] } },
{ "type": "Feature", "properties": { "basisOfRecord": "HumanObservation", "date_year": 2023, "eventDate": "2023-06-23T14:34:00+02:00", "individualCount": null, "scientificName": "Rissa tridactyla", "id": "3ef2f891-23d9-4474-9a3e-b7cd856ed46d", "especie_normalizada": "Rissa tridactyla", "decada": 2020.0 }, "geometry": { "type": "Point", "coordinates": [ 11.8952380556, 79.121219722199996 ] } },
{ "type": "Feature", "properties": { "basisOfRecord": "HumanObservation", "date_year": 2023, "eventDate": "2023-06-26T21:32:44+00:00", "individualCount": null, "scientificName": "Fratercula arctica", "id": "3f7c6786-ea33-4805-8c21-1400609735b3", "especie_normalizada": "Fratercula arctica", "decada": 2020.0 }, "geometry": { "type": "Point", "coordinates": [ -24.5304866667, 65.501813333300007 ] } },
{ "type": "Feature", "properties": { "basisOfRecord": "HumanObservation", "date_year": 2023, "eventDate": "2023-07-13T14:14:10+02:00", "individualCount": null, "scientificName": "Rissa tridactyla", "id": "3f8960ec-9878-45c0-89ee-b919cc4b234a", "especie_normalizada": "Rissa tridactyla", "decada": 2020.0 }, "geometry": { "type": "Point", "coordinates": [ 11.636303333300001, 79.312591666700001 ] } },
{ "type": "Feature", "properties": { "basisOfRecord": "HumanObservation", "date_year": 2023, "eventDate": "2023-07-29T11:29:10+02:00", "individualCount": null, "scientificName": "Rissa tridactyla", "id": "3fa21837-ce48-4041-a828-811f667191d5", "especie_normalizada": "Rissa tridactyla", "decada": 2020.0 }, "geometry": { "type": "Point", "coordinates": [ 18.816836423600002, 69.701379425300004 ] } },
{ "type": "Feature", "properties": { "basisOfRecord": "HumanObservation", "date_year": 2023, "eventDate": "2023-07-30T14:37:29+02:00", "individualCount": null, "scientificName": "Rissa tridactyla", "id": "3fa44d79-cb00-4f02-9b8f-090c6834033a", "especie_normalizada": "Rissa tridactyla", "decada": 2020.0 }, "geometry": { "type": "Point", "coordinates": [ 13.038928587199999, 67.968246735500003 ] } },
{ "type": "Feature", "properties": { "basisOfRecord": "HumanObservation", "date_year": 2023, "eventDate": "2023-06-23T16:57:00+02:00", "individualCount": null, "scientificName": "Rissa tridactyla", "id": "40196589-2661-4fe7-96a5-9af597e68cc8", "especie_normalizada": "Rissa tridactyla", "decada": 2020.0 }, "geometry": { "type": "Point", "coordinates": [ 31.031228071200001, 70.348482527300007 ] } },
{ "type": "Feature", "properties": { "basisOfRecord": "HumanObservation", "date_year": 2023, "eventDate": "2023-06-28T07:47:00+00:00", "individualCount": null, "scientificName": "Rissa tridactyla", "id": "4061a541-c274-4c3a-b09c-eb26d9943fa8", "especie_normalizada": "Rissa tridactyla", "decada": 2020.0 }, "geometry": { "type": "Point", "coordinates": [ -22.899167067499999, 65.235555226599999 ] } },
{ "type": "Feature", "properties": { "basisOfRecord": "HumanObservation", "date_year": 2023, "eventDate": "2023-06-01T06:23:00+00:00", "individualCount": null, "scientificName": "Fratercula arctica", "id": "40697a99-715e-40f7-8e9a-22cbddbef6c5", "especie_normalizada": "Fratercula arctica", "decada": 2020.0 }, "geometry": { "type": "Point", "coordinates": [ -19.182865747800001, 63.4256187971 ] } },
{ "type": "Feature", "properties": { "basisOfRecord": "HumanObservation", "date_year": 2023, "eventDate": "2023-09-11T07:37:00+02:00", "individualCount": null, "scientificName": "Rissa tridactyla", "id": "407131d9-663f-4d07-9edf-0c8e77911460", "especie_normalizada": "Rissa tridactyla", "decada": 2020.0 }, "geometry": { "type": "Point", "coordinates": [ 31.144103282100001, 80.104321553 ] } },
{ "type": "Feature", "properties": { "basisOfRecord": "HumanObservation", "date_year": 2023, "eventDate": "2023-06-01T15:36:00+02:00", "individualCount": null, "scientificName": "Fratercula arctica", "id": "40a959ec-9aa8-4f44-a1ba-48d55b65f7fa", "especie_normalizada": "Fratercula arctica", "decada": 2020.0 }, "geometry": { "type": "Point", "coordinates": [ 11.8909650746, 79.118282866599998 ] } },
{ "type": "Feature", "properties": { "basisOfRecord": "HumanObservation", "date_year": 2023, "eventDate": "2023-08-11T13:33:00+00:00", "individualCount": null, "scientificName": "Fratercula arctica", "id": "40b9229f-f454-4c28-b040-2991dfcdfcf1", "especie_normalizada": "Fratercula arctica", "decada": 2020.0 }, "geometry": { "type": "Point", "coordinates": [ -22.838384807099999, 66.136166599199996 ] } },
{ "type": "Feature", "properties": { "basisOfRecord": "HumanObservation", "date_year": 2023, "eventDate": "2023-07-17T07:54:00+00:00", "individualCount": null, "scientificName": "Rissa tridactyla", "id": "40d21012-861b-4f3b-bc26-ac94a27679c8", "especie_normalizada": "Rissa tridactyla", "decada": 2020.0 }, "geometry": { "type": "Point", "coordinates": [ -22.690141946200001, 64.084559624400001 ] } },
{ "type": "Feature", "properties": { "basisOfRecord": "HumanObservation", "date_year": 2023, "eventDate": "2023-08-24T09:36:00+00:00", "individualCount": null, "scientificName": "Balaenoptera physalus", "id": "40f91cab-7de4-456f-9068-5b4a42310917", "especie_normalizada": "Balaenoptera physalus", "decada": 2020.0 }, "geometry": { "type": "Point", "coordinates": [ -6.5454234541, 76.762349813399993 ] } },
{ "type": "Feature", "properties": { "basisOfRecord": "HumanObservation", "date_year": 2023, "eventDate": "2023-08-04T22:37:29", "individualCount": "1", "scientificName": "Balaenoptera musculus", "id": "41024e19-6d8b-44ff-b69c-d2cd12e6d718", "especie_normalizada": "Balaenoptera musculus", "decada": 2020.0 }, "geometry": { "type": "Point", "coordinates": [ 13.331174, 78.147691 ] } },
{ "type": "Feature", "properties": { "basisOfRecord": "HumanObservation", "date_year": 2023, "eventDate": "2023-06-11T15:53:46+00:00", "individualCount": null, "scientificName": "Fratercula arctica", "id": "4174d7c0-aed5-47ca-8203-1dcc4c8e3ddd", "especie_normalizada": "Fratercula arctica", "decada": 2020.0 }, "geometry": { "type": "Point", "coordinates": [ -22.2126965225, 63.827049076199998 ] } },
{ "type": "Feature", "properties": { "basisOfRecord": "HumanObservation", "date_year": 2023, "eventDate": "2023-06-18T13:37:33+00:00", "individualCount": null, "scientificName": "Fratercula arctica", "id": "417fb599-720a-495e-9721-b7127bc97c6e", "especie_normalizada": "Fratercula arctica", "decada": 2020.0 }, "geometry": { "type": "Point", "coordinates": [ -18.018064498899999, 66.563415527299995 ] } },
{ "type": "Feature", "properties": { "basisOfRecord": "HumanObservation", "date_year": 2023, "eventDate": "2023-05-10T10:29:09", "individualCount": "1", "scientificName": "Balaenoptera physalus", "id": "41aadab1-02a5-4598-9cfc-51c97a37a824", "especie_normalizada": "Balaenoptera physalus", "decada": 2020.0 }, "geometry": { "type": "Point", "coordinates": [ 31.166621, 70.389607 ] } },
{ "type": "Feature", "properties": { "basisOfRecord": "HumanObservation", "date_year": 2023, "eventDate": "2023-05-26T11:48:51+00:00", "individualCount": null, "scientificName": "Fratercula arctica", "id": "41caae22-08a2-45e8-a236-a5a79cbe90b5", "especie_normalizada": "Fratercula arctica", "decada": 2020.0 }, "geometry": { "type": "Point", "coordinates": [ -18.0247666667, 66.548875 ] } },
{ "type": "Feature", "properties": { "basisOfRecord": "HumanObservation", "date_year": 2023, "eventDate": "2023-07-04T16:42:00+02:00", "individualCount": null, "scientificName": "Rissa tridactyla", "id": "421877be-ccbe-43be-8bf2-f5fba1b25983", "especie_normalizada": "Rissa tridactyla", "decada": 2020.0 }, "geometry": { "type": "Point", "coordinates": [ 11.654399377400001, 79.855728020800001 ] } },
{ "type": "Feature", "properties": { "basisOfRecord": "HumanObservation", "date_year": 2023, "eventDate": "2023-08-09T13:04:10+00:00", "individualCount": null, "scientificName": "Fratercula arctica", "id": "422315a0-170f-4083-82b7-b99753cd4f50", "especie_normalizada": "Fratercula arctica", "decada": 2020.0 }, "geometry": { "type": "Point", "coordinates": [ -19.130997166699999, 63.40258 ] } },
{ "type": "Feature", "properties": { "basisOfRecord": "HumanObservation", "date_year": 2023, "eventDate": "2023-09-10T09:27:00+01:00", "individualCount": null, "scientificName": "Fratercula arctica", "id": "422b50ee-4ef2-4475-803f-7ce2c905c5ec", "especie_normalizada": "Fratercula arctica", "decada": 2020.0 }, "geometry": { "type": "Point", "coordinates": [ -3.4681638889, 58.867175 ] } },
{ "type": "Feature", "properties": { "basisOfRecord": "HumanObservation", "date_year": 2023, "eventDate": "2023-08-04T14:38:22+00:00", "individualCount": null, "scientificName": "Fratercula arctica", "id": "42418e2a-a48e-4aae-8a0b-0a1ef7368103", "especie_normalizada": "Fratercula arctica", "decada": 2020.0 }, "geometry": { "type": "Point", "coordinates": [ -22.827263333299999, 66.047486166699997 ] } },
{ "type": "Feature", "properties": { "basisOfRecord": "HumanObservation", "date_year": 2023, "eventDate": "2023-07-23T16:08:01+00:00", "individualCount": null, "scientificName": "Fratercula arctica", "id": "42720c4a-78fa-4e3e-a114-0b2de7bc7caa", "especie_normalizada": "Fratercula arctica", "decada": 2020.0 }, "geometry": { "type": "Point", "coordinates": [ -24.531337077900002, 65.502318263199996 ] } },
{ "type": "Feature", "properties": { "basisOfRecord": "HumanObservation", "date_year": 2023, "eventDate": "2023-07-21T22:04:00+02:00", "individualCount": null, "scientificName": "Fratercula arctica", "id": "4303b5e6-0094-41f3-92b0-6f91a510b9ec", "especie_normalizada": "Fratercula arctica", "decada": 2020.0 }, "geometry": { "type": "Point", "coordinates": [ 5.4048103937, 62.406719964799997 ] } },
{ "type": "Feature", "properties": { "basisOfRecord": "HumanObservation", "date_year": 2023, "eventDate": "2023-06-29T22:09:00+02:00", "individualCount": null, "scientificName": "Balaenoptera physalus", "id": "43b68eed-2f67-4092-a201-38f2161a24d7", "especie_normalizada": "Balaenoptera physalus", "decada": 2020.0 }, "geometry": { "type": "Point", "coordinates": [ 11.185263361500001, 78.320063080500006 ] } },
{ "type": "Feature", "properties": { "basisOfRecord": "HumanObservation", "date_year": 2023, "eventDate": "2023-06-13T13:35:00+02:00", "individualCount": null, "scientificName": "Rissa tridactyla", "id": "43ea180a-ea40-4fbf-9c3c-7c0964f16f03", "especie_normalizada": "Rissa tridactyla", "decada": 2020.0 }, "geometry": { "type": "Point", "coordinates": [ 14.5942713495, 77.511642332500003 ] } },
{ "type": "Feature", "properties": { "basisOfRecord": "HumanObservation", "date_year": 2023, "eventDate": "2023-06-16T13:29:05+01:00", "individualCount": null, "scientificName": "Fratercula arctica", "id": "43ff13ff-48cf-4549-849a-79dce558a249", "especie_normalizada": "Fratercula arctica", "decada": 2020.0 }, "geometry": { "type": "Point", "coordinates": [ -3.3394883333, 59.136947166699997 ] } },
{ "type": "Feature", "properties": { "basisOfRecord": "HumanObservation", "date_year": 2023, "eventDate": "2023-03-24T11:30:00+01:00", "individualCount": null, "scientificName": "Rissa tridactyla", "id": "44072069-5bab-4d83-aa0d-6ce8c14154a0", "especie_normalizada": "Rissa tridactyla", "decada": 2020.0 }, "geometry": { "type": "Point", "coordinates": [ 31.067927896099999, 70.372242808400003 ] } },
{ "type": "Feature", "properties": { "basisOfRecord": "HumanObservation", "date_year": 2023, "eventDate": "2023-06-15T16:11:00+02:00", "individualCount": null, "scientificName": "Fratercula arctica", "id": "44229d24-b654-46c5-a7d8-cd84e4dbf1bb", "especie_normalizada": "Fratercula arctica", "decada": 2020.0 }, "geometry": { "type": "Point", "coordinates": [ 16.0211159033, 78.527019933 ] } },
{ "type": "Feature", "properties": { "basisOfRecord": "HumanObservation", "date_year": 2023, "eventDate": "2023-07-20T14:09:00+00:00", "individualCount": null, "scientificName": "Fratercula arctica", "id": "443c00dc-647e-4160-b94e-c3939cafe699", "especie_normalizada": "Fratercula arctica", "decada": 2020.0 }, "geometry": { "type": "Point", "coordinates": [ -17.992494445, 66.528237221699996 ] } },
{ "type": "Feature", "properties": { "basisOfRecord": "HumanObservation", "date_year": 2023, "eventDate": "2023-07-18T19:51:00+02:00", "individualCount": null, "scientificName": "Balaenoptera physalus", "id": "4471aa53-8f6a-44d8-8c83-a7e8c1ca05b0", "especie_normalizada": "Balaenoptera physalus", "decada": 2020.0 }, "geometry": { "type": "Point", "coordinates": [ 13.0083921423, 67.846878437699999 ] } },
{ "type": "Feature", "properties": { "basisOfRecord": "HumanObservation", "date_year": 2023, "eventDate": "2023-05-26T11:28:00+00:00", "individualCount": null, "scientificName": "Fratercula arctica", "id": "447ba3c0-6ef3-468c-bc0d-bd17a523a0c2", "especie_normalizada": "Fratercula arctica", "decada": 2020.0 }, "geometry": { "type": "Point", "coordinates": [ -18.0151560692, 66.544657598599997 ] } },
{ "type": "Feature", "properties": { "basisOfRecord": "HumanObservation", "date_year": 2023, "eventDate": "2023-06-23T16:20:00+02:00", "individualCount": null, "scientificName": "Fratercula arctica", "id": "448d76de-4ac4-40d5-9c60-1ac0bd6e8bf9", "especie_normalizada": "Fratercula arctica", "decada": 2020.0 }, "geometry": { "type": "Point", "coordinates": [ 31.159977422699999, 70.267810797600006 ] } },
{ "type": "Feature", "properties": { "basisOfRecord": "HumanObservation", "date_year": 2023, "eventDate": "2023-06-23T16:58:00+02:00", "individualCount": null, "scientificName": "Fratercula arctica", "id": "44c1e133-9f7a-4a51-bb8a-d5471c43328f", "especie_normalizada": "Fratercula arctica", "decada": 2020.0 }, "geometry": { "type": "Point", "coordinates": [ 31.001182542199999, 70.330456848799997 ] } },
{ "type": "Feature", "properties": { "basisOfRecord": "HumanObservation", "date_year": 2023, "eventDate": "2023-06-23T16:20:00+02:00", "individualCount": null, "scientificName": "Fratercula arctica", "id": "4529a9c5-4d33-48cf-9688-65b360f081af", "especie_normalizada": "Fratercula arctica", "decada": 2020.0 }, "geometry": { "type": "Point", "coordinates": [ 31.1614109251, 70.291821301 ] } },
{ "type": "Feature", "properties": { "basisOfRecord": "HumanObservation", "date_year": 2023, "eventDate": "2023-06-26T09:45:00+01:00", "individualCount": null, "scientificName": "Fratercula arctica", "id": "45615ed4-d3b6-4753-b1a8-17a8757e177c", "especie_normalizada": "Fratercula arctica", "decada": 2020.0 }, "geometry": { "type": "Point", "coordinates": [ -1.623900899, 60.490955796199998 ] } },
{ "type": "Feature", "properties": { "basisOfRecord": "HumanObservation", "date_year": 2023, "eventDate": "2023-06-23T16:54:00+02:00", "individualCount": null, "scientificName": "Fratercula arctica", "id": "460b5f86-b73f-48a6-9fa2-aca63409f07a", "especie_normalizada": "Fratercula arctica", "decada": 2020.0 }, "geometry": { "type": "Point", "coordinates": [ 31.059573974, 70.341738100300006 ] } },
{ "type": "Feature", "properties": { "basisOfRecord": "HumanObservation", "date_year": 2023, "eventDate": "2023-06-15T17:24:00+00:00", "individualCount": null, "scientificName": "Rissa tridactyla", "id": "460e68e3-94c7-417c-8757-3e9dc0ae699c", "especie_normalizada": "Rissa tridactyla", "decada": 2020.0 }, "geometry": { "type": "Point", "coordinates": [ -22.7296295298, 64.0804084743 ] } },
{ "type": "Feature", "properties": { "basisOfRecord": "HumanObservation", "date_year": 2023, "eventDate": "2023-07-14T17:56:05+02:00", "individualCount": null, "scientificName": "Fratercula arctica", "id": "462fbf7f-c13c-4c0c-9440-29144ab68617", "especie_normalizada": "Fratercula arctica", "decada": 2020.0 }, "geometry": { "type": "Point", "coordinates": [ 16.0770695, 78.524641666700006 ] } },
{ "type": "Feature", "properties": { "basisOfRecord": "HumanObservation", "date_year": 2023, "eventDate": "2023-06-29T22:25:09", "individualCount": "1", "scientificName": "Balaenoptera musculus", "id": "463795c1-5331-4661-98a7-af62c2277ee6", "especie_normalizada": "Balaenoptera musculus", "decada": 2020.0 }, "geometry": { "type": "Point", "coordinates": [ 11.435, 78.115 ] } },
{ "type": "Feature", "properties": { "basisOfRecord": "HumanObservation", "date_year": 2023, "eventDate": "2023-08-14T15:23:01+00:00", "individualCount": null, "scientificName": "Rissa tridactyla", "id": "46c18359-da24-4911-9742-464cea94eb31", "especie_normalizada": "Rissa tridactyla", "decada": 2020.0 }, "geometry": { "type": "Point", "coordinates": [ -18.014713861, 66.552060513300006 ] } },
{ "type": "Feature", "properties": { "basisOfRecord": "HumanObservation", "date_year": 2023, "eventDate": "2023-06-03T12:25:56+02:00", "individualCount": null, "scientificName": "Rissa tridactyla", "id": "46e1eacd-e665-4773-92f6-1b502ae8cd15", "especie_normalizada": "Rissa tridactyla", "decada": 2020.0 }, "geometry": { "type": "Point", "coordinates": [ 31.059249276599999, 70.356037625200003 ] } },
{ "type": "Feature", "properties": { "basisOfRecord": "HumanObservation", "date_year": 2023, "eventDate": "2023-06-23T15:36:00+02:00", "individualCount": null, "scientificName": "Fratercula arctica", "id": "46f8ede8-0b42-40f2-84e6-848fe2f2c630", "especie_normalizada": "Fratercula arctica", "decada": 2020.0 }, "geometry": { "type": "Point", "coordinates": [ 31.197345108, 70.272365153799996 ] } },
{ "type": "Feature", "properties": { "basisOfRecord": "HumanObservation", "date_year": 2023, "eventDate": "2023-06-23T15:03:00+02:00", "individualCount": null, "scientificName": "Fratercula arctica", "id": "476510e4-5648-44e0-acfc-3af7aa63b342", "especie_normalizada": "Fratercula arctica", "decada": 2020.0 }, "geometry": { "type": "Point", "coordinates": [ 31.176595623099999, 70.235226587200003 ] } },
{ "type": "Feature", "properties": { "basisOfRecord": "HumanObservation", "date_year": 2023, "eventDate": "2023-06-23T14:53:00+02:00", "individualCount": null, "scientificName": "Rissa tridactyla", "id": "47cd6fbf-df62-4db9-80cf-426e12d1d76c", "especie_normalizada": "Rissa tridactyla", "decada": 2020.0 }, "geometry": { "type": "Point", "coordinates": [ 31.1367907124, 70.275501253900003 ] } },
{ "type": "Feature", "properties": { "basisOfRecord": "HumanObservation", "date_year": 2023, "eventDate": "2023-06-23T15:05:00+02:00", "individualCount": null, "scientificName": "Fratercula arctica", "id": "47f41734-1a65-4f86-a5f9-2c1b09095984", "especie_normalizada": "Fratercula arctica", "decada": 2020.0 }, "geometry": { "type": "Point", "coordinates": [ 31.158411879900001, 70.278375375699994 ] } },
{ "type": "Feature", "properties": { "basisOfRecord": "HumanObservation", "date_year": 2023, "eventDate": "2023-07-23T18:40:00+00:00", "individualCount": null, "scientificName": "Fratercula arctica", "id": "48289e8b-25d3-4918-b54e-a2eb4be4e187", "especie_normalizada": "Fratercula arctica", "decada": 2020.0 }, "geometry": { "type": "Point", "coordinates": [ -19.131128055, 63.4026175 ] } },
{ "type": "Feature", "properties": { "basisOfRecord": "HumanObservation", "date_year": 2023, "eventDate": "2023-07-13T17:02:00+00:00", "individualCount": null, "scientificName": "Rissa tridactyla", "id": "48e4b756-5da0-4dc3-8a13-4d991aa5be83", "especie_normalizada": "Rissa tridactyla", "decada": 2020.0 }, "geometry": { "type": "Point", "coordinates": [ -23.554342631, 64.771691607400001 ] } },
{ "type": "Feature", "properties": { "basisOfRecord": "HumanObservation", "date_year": 2023, "eventDate": "2023-07-20T11:38:02+01:00", "individualCount": null, "scientificName": "Fratercula arctica", "id": "48ee6f46-f7f1-400e-b12d-69ce81a1eb29", "especie_normalizada": "Fratercula arctica", "decada": 2020.0 }, "geometry": { "type": "Point", "coordinates": [ -7.6600633333, 62.102577833300003 ] } },
{ "type": "Feature", "properties": { "basisOfRecord": "HumanObservation", "date_year": 2023, "eventDate": "2023-09-08T10:00:00+02:00", "individualCount": null, "scientificName": "Rissa tridactyla", "id": "49175f24-23ab-48de-8430-edc368b4992e", "especie_normalizada": "Rissa tridactyla", "decada": 2020.0 }, "geometry": { "type": "Point", "coordinates": [ 11.0172959841, 79.560121750199997 ] } },
{ "type": "Feature", "properties": { "basisOfRecord": "HumanObservation", "date_year": 2023, "eventDate": "2023-06-23T17:24:00+02:00", "individualCount": null, "scientificName": "Rissa tridactyla", "id": "49252b15-0a9d-4adb-aeaa-043c3d509c33", "especie_normalizada": "Rissa tridactyla", "decada": 2020.0 }, "geometry": { "type": "Point", "coordinates": [ 31.047582715699999, 70.300820300699996 ] } },
{ "type": "Feature", "properties": { "basisOfRecord": "HumanObservation", "date_year": 2023, "eventDate": "2023-06-23T16:46:00+02:00", "individualCount": null, "scientificName": "Fratercula arctica", "id": "49357b8b-4d7c-4f56-a9fb-05e7d0826271", "especie_normalizada": "Fratercula arctica", "decada": 2020.0 }, "geometry": { "type": "Point", "coordinates": [ 31.1634280627, 70.296836377800005 ] } },
{ "type": "Feature", "properties": { "basisOfRecord": "HumanObservation", "date_year": 2023, "eventDate": "2023-06-13T03:57:00+00:00", "individualCount": null, "scientificName": "Rissa tridactyla", "id": "493915b1-2896-408f-a822-6d932e652afe", "especie_normalizada": "Rissa tridactyla", "decada": 2020.0 }, "geometry": { "type": "Point", "coordinates": [ -20.282088333299999, 63.443513333299997 ] } },
{ "type": "Feature", "properties": { "basisOfRecord": "HumanObservation", "date_year": 2023, "eventDate": "2023-07-17T11:59:00+01:00", "individualCount": null, "scientificName": "Fratercula arctica", "id": "49b2151a-6682-431e-8dc7-4a572e8781c8", "especie_normalizada": "Fratercula arctica", "decada": 2020.0 }, "geometry": { "type": "Point", "coordinates": [ -6.7863168584, 62.362034265600002 ] } },
{ "type": "Feature", "properties": { "basisOfRecord": "HumanObservation", "date_year": 2023, "eventDate": "2023-06-29T13:49:45+00:00", "individualCount": null, "scientificName": "Rissa tridactyla", "id": "49f9c494-c6df-471a-aafe-d57844b80c6d", "especie_normalizada": "Rissa tridactyla", "decada": 2020.0 }, "geometry": { "type": "Point", "coordinates": [ -23.616838333299999, 64.767738333300002 ] } },
{ "type": "Feature", "properties": { "basisOfRecord": "HumanObservation", "date_year": 2023, "eventDate": "2023-06-05T13:46:00+01:00", "individualCount": null, "scientificName": "Fratercula arctica", "id": "4ab35ab3-b4a9-4c85-96f3-aa26e4a8b87c", "especie_normalizada": "Fratercula arctica", "decada": 2020.0 }, "geometry": { "type": "Point", "coordinates": [ -5.1968871542, 58.386821575500001 ] } },
{ "type": "Feature", "properties": { "basisOfRecord": "HumanObservation", "date_year": 2023, "eventDate": "2023-03-24T12:00:00+01:00", "individualCount": null, "scientificName": "Rissa tridactyla", "id": "4bb6f9ba-28fa-4f9e-8fed-b6a3c14e993d", "especie_normalizada": "Rissa tridactyla", "decada": 2020.0 }, "geometry": { "type": "Point", "coordinates": [ 31.142590386799998, 70.3023865941 ] } },
{ "type": "Feature", "properties": { "basisOfRecord": "HumanObservation", "date_year": 2023, "eventDate": "2023-06-10T02:01:00+00:00", "individualCount": null, "scientificName": "Rissa tridactyla", "id": "4bdf8ae2-6a8a-4820-a480-4896540835a0", "especie_normalizada": "Rissa tridactyla", "decada": 2020.0 }, "geometry": { "type": "Point", "coordinates": [ -19.253943, 66.075622 ] } },
{ "type": "Feature", "properties": { "basisOfRecord": "HumanObservation", "date_year": 2023, "eventDate": "2023-06-17T16:42:17+01:00", "individualCount": null, "scientificName": "Fratercula arctica", "id": "4c204dce-ae10-418d-8c7d-abef91847423", "especie_normalizada": "Fratercula arctica", "decada": 2020.0 }, "geometry": { "type": "Point", "coordinates": [ -1.2763455556, 59.853671388899997 ] } },
{ "type": "Feature", "properties": { "basisOfRecord": "HumanObservation", "date_year": 2023, "eventDate": "2023-06-23T15:31:00+02:00", "individualCount": null, "scientificName": "Fratercula arctica", "id": "4c2ab0da-8ec5-466f-9e14-554138725f6e", "especie_normalizada": "Fratercula arctica", "decada": 2020.0 }, "geometry": { "type": "Point", "coordinates": [ 31.191064831599999, 70.272091937400006 ] } },
{ "type": "Feature", "properties": { "basisOfRecord": "HumanObservation", "date_year": 2023, "eventDate": "2023-06-22T08:38:00+02:00", "individualCount": null, "scientificName": "Rissa tridactyla", "id": "4c52ca8b-9996-42de-b874-668c61451d65", "especie_normalizada": "Rissa tridactyla", "decada": 2020.0 }, "geometry": { "type": "Point", "coordinates": [ 15.978160238599999, 77.082518429199993 ] } },
{ "type": "Feature", "properties": { "basisOfRecord": "HumanObservation", "date_year": 2023, "eventDate": "2023-09-07T08:25:00+02:00", "individualCount": null, "scientificName": "Rissa tridactyla", "id": "4c864ccd-b107-4fee-b1c4-397369b4b2a8", "especie_normalizada": "Rissa tridactyla", "decada": 2020.0 }, "geometry": { "type": "Point", "coordinates": [ 11.892182200200001, 78.957351890300004 ] } },
{ "type": "Feature", "properties": { "basisOfRecord": "HumanObservation", "date_year": 2023, "eventDate": "2023-07-15T15:49:00+01:00", "individualCount": null, "scientificName": "Fratercula arctica", "id": "4ca4c44e-e299-44e4-ba37-4fcdc3e862b7", "especie_normalizada": "Fratercula arctica", "decada": 2020.0 }, "geometry": { "type": "Point", "coordinates": [ -6.9419354921, 62.3284465395 ] } },
{ "type": "Feature", "properties": { "basisOfRecord": "HumanObservation", "date_year": 2023, "eventDate": "2023-06-23T17:27:00+02:00", "individualCount": null, "scientificName": "Rissa tridactyla", "id": "4d76cbf5-9162-4cd6-931f-33c21cbfdf9f", "especie_normalizada": "Rissa tridactyla", "decada": 2020.0 }, "geometry": { "type": "Point", "coordinates": [ 31.080411747500001, 70.395076259099994 ] } },
{ "type": "Feature", "properties": { "basisOfRecord": "HumanObservation", "date_year": 2023, "eventDate": "2023-06-23T17:28:00+02:00", "individualCount": null, "scientificName": "Rissa tridactyla", "id": "4df086aa-bce1-4f20-96c2-58c2a5cc99ff", "especie_normalizada": "Rissa tridactyla", "decada": 2020.0 }, "geometry": { "type": "Point", "coordinates": [ 31.055915576499999, 70.302971392499998 ] } },
{ "type": "Feature", "properties": { "basisOfRecord": "HumanObservation", "date_year": 2023, "eventDate": "2023-07-09T13:52:00+02:00", "individualCount": null, "scientificName": "Rissa tridactyla", "id": "4e1fb35c-e45f-4635-9c55-0af63b2a0e4e", "especie_normalizada": "Rissa tridactyla", "decada": 2020.0 }, "geometry": { "type": "Point", "coordinates": [ 30.074024020300001, 70.084626153100004 ] } },
{ "type": "Feature", "properties": { "basisOfRecord": "HumanObservation", "date_year": 2023, "eventDate": "2023-03-22T12:10:00+01:00", "individualCount": null, "scientificName": "Rissa tridactyla", "id": "4ea43f1b-bb8c-4d93-881a-64324b2713bb", "especie_normalizada": "Rissa tridactyla", "decada": 2020.0 }, "geometry": { "type": "Point", "coordinates": [ 12.9571246452, 67.8875716692 ] } },
{ "type": "Feature", "properties": { "basisOfRecord": "HumanObservation", "date_year": 2023, "eventDate": "2023-07-11T09:53:40+00:00", "individualCount": null, "scientificName": "Fratercula arctica", "id": "4f2dc9dd-88d5-4c0b-8cf6-6a5d9d8801e9", "especie_normalizada": "Fratercula arctica", "decada": 2020.0 }, "geometry": { "type": "Point", "coordinates": [ -19.055472222199999, 63.435391666699999 ] } },
{ "type": "Feature", "properties": { "basisOfRecord": "HumanObservation", "date_year": 2023, "eventDate": "2023-06-24T08:57:00+02:00", "individualCount": null, "scientificName": "Fratercula arctica", "id": "4f2f29c0-aa60-4aff-a069-c22f5bbc8c43", "especie_normalizada": "Fratercula arctica", "decada": 2020.0 }, "geometry": { "type": "Point", "coordinates": [ 19.12662455, 74.35474746 ] } },
{ "type": "Feature", "properties": { "basisOfRecord": "HumanObservation", "date_year": 2023, "eventDate": "2023-06-28T22:30:41", "individualCount": "1", "scientificName": "Balaenoptera musculus", "id": "501fc504-73f4-4971-a308-049b9b25405f", "especie_normalizada": "Balaenoptera musculus", "decada": 2020.0 }, "geometry": { "type": "Point", "coordinates": [ 13.480372, 77.900152 ] } },
{ "type": "Feature", "properties": { "basisOfRecord": "HumanObservation", "date_year": 2023, "eventDate": "2023-06-23T15:09:00+02:00", "individualCount": null, "scientificName": "Fratercula arctica", "id": "505edb87-0f33-446d-9c12-38cc01341a77", "especie_normalizada": "Fratercula arctica", "decada": 2020.0 }, "geometry": { "type": "Point", "coordinates": [ 31.039510782200001, 70.324304476400002 ] } },
{ "type": "Feature", "properties": { "basisOfRecord": "HumanObservation", "date_year": 2023, "eventDate": "2023-07-03T15:06:00+00:00", "individualCount": null, "scientificName": "Rissa tridactyla", "id": "5095262a-972e-48a8-9d92-598a58c4c614", "especie_normalizada": "Rissa tridactyla", "decada": 2020.0 }, "geometry": { "type": "Point", "coordinates": [ -20.303042077600001, 63.399682912499998 ] } },
{ "type": "Feature", "properties": { "basisOfRecord": "HumanObservation", "date_year": 2023, "eventDate": "2023-07-31T16:49:00+00:00", "individualCount": null, "scientificName": "Fratercula arctica", "id": "509d7866-a4d0-482f-b67f-0ed1588e2071", "especie_normalizada": "Fratercula arctica", "decada": 2020.0 }, "geometry": { "type": "Point", "coordinates": [ -19.1307350298, 63.402589772900001 ] } },
{ "type": "Feature", "properties": { "basisOfRecord": "HumanObservation", "date_year": 2023, "eventDate": "2023-05-17T09:49:36", "individualCount": "1", "scientificName": "Balaenoptera musculus", "id": "50ee965e-a4cf-453c-833f-ec6be59b301b", "especie_normalizada": "Balaenoptera musculus", "decada": 2020.0 }, "geometry": { "type": "Point", "coordinates": [ -17.352342, 66.17877 ] } },
{ "type": "Feature", "properties": { "basisOfRecord": "HumanObservation", "date_year": 2023, "eventDate": "2023-12-27T11:08:04+01:00", "individualCount": null, "scientificName": "Fratercula arctica", "id": "5111749d-8487-46ef-851c-27b95226113f", "especie_normalizada": "Fratercula arctica", "decada": 2020.0 }, "geometry": { "type": "Point", "coordinates": [ 9.7070827483, 57.370292663299999 ] } },
{ "type": "Feature", "properties": { "basisOfRecord": "HumanObservation", "date_year": 2023, "eventDate": "2023-07-28T12:03:46+02:00", "individualCount": null, "scientificName": "Fratercula arctica", "id": "515fe568-52b0-48de-b808-5cc61b205111", "especie_normalizada": "Fratercula arctica", "decada": 2020.0 }, "geometry": { "type": "Point", "coordinates": [ 25.2724307939, 71.184783570199997 ] } },
{ "type": "Feature", "properties": { "basisOfRecord": "HumanObservation", "date_year": 2023, "eventDate": "2023-06-18T09:45:04+00:00", "individualCount": null, "scientificName": "Fratercula arctica", "id": "516dba73-0a65-4072-b611-f6f058673330", "especie_normalizada": "Fratercula arctica", "decada": 2020.0 }, "geometry": { "type": "Point", "coordinates": [ -18.021701812700002, 66.544761657699993 ] } },
{ "type": "Feature", "properties": { "basisOfRecord": "HumanObservation", "date_year": 2023, "eventDate": "2023-06-17T17:23:00+01:00", "individualCount": null, "scientificName": "Fratercula arctica", "id": "51e0f7bb-eb3f-4390-9ed4-ecc172dc9160", "especie_normalizada": "Fratercula arctica", "decada": 2020.0 }, "geometry": { "type": "Point", "coordinates": [ -1.2725153938, 59.857024024899999 ] } },
{ "type": "Feature", "properties": { "basisOfRecord": "HumanObservation", "date_year": 2023, "eventDate": "2023-06-23T16:22:00+02:00", "individualCount": null, "scientificName": "Fratercula arctica", "id": "5242628c-7c2a-4d92-a2f5-b61d898587d5", "especie_normalizada": "Fratercula arctica", "decada": 2020.0 }, "geometry": { "type": "Point", "coordinates": [ 31.0192423644, 70.303107747799999 ] } },
{ "type": "Feature", "properties": { "basisOfRecord": "HumanObservation", "date_year": 2023, "eventDate": "2023-07-08T22:01:00+00:00", "individualCount": null, "scientificName": "Fratercula arctica", "id": "526e5b11-0583-4e80-bf5a-022f2ff04941", "especie_normalizada": "Fratercula arctica", "decada": 2020.0 }, "geometry": { "type": "Point", "coordinates": [ -18.02435, 66.549044722199994 ] } },
{ "type": "Feature", "properties": { "basisOfRecord": "HumanObservation", "date_year": 2023, "eventDate": "2023-09-29T08:48:00-01:00", "individualCount": null, "scientificName": "Fratercula arctica", "id": "529890db-f3d5-4a0e-ad91-dce4e767730d", "especie_normalizada": "Fratercula arctica", "decada": 2020.0 }, "geometry": { "type": "Point", "coordinates": [ -14.366893666699999, 68.264410994200006 ] } },
{ "type": "Feature", "properties": { "basisOfRecord": "HumanObservation", "date_year": 2023, "eventDate": "2023-06-23T17:38:58+02:00", "individualCount": null, "scientificName": "Rissa tridactyla", "id": "537d46d6-a5af-4de4-8407-1e237de0f1f8", "especie_normalizada": "Rissa tridactyla", "decada": 2020.0 }, "geometry": { "type": "Point", "coordinates": [ 31.010844618699998, 70.323439042800004 ] } },
{ "type": "Feature", "properties": { "basisOfRecord": "HumanObservation", "date_year": 2023, "eventDate": "2023-08-25T04:20:37+00:00", "individualCount": null, "scientificName": "Fratercula arctica", "id": "5385e2e4-549b-43dc-8a45-ad102ec97a18", "especie_normalizada": "Fratercula arctica", "decada": 2020.0 }, "geometry": { "type": "Point", "coordinates": [ -19.1032361667, 63.404163333299998 ] } },
{ "type": "Feature", "properties": { "basisOfRecord": "HumanObservation", "date_year": 2023, "eventDate": "2023-06-21T19:39:00+00:00", "individualCount": null, "scientificName": "Rissa tridactyla", "id": "53f21250-eb98-47b5-8433-adf44fa588b7", "especie_normalizada": "Rissa tridactyla", "decada": 2020.0 }, "geometry": { "type": "Point", "coordinates": [ -18.011741726099999, 66.551133003 ] } },
{ "type": "Feature", "properties": { "basisOfRecord": "HumanObservation", "date_year": 2023, "eventDate": "2023-07-05T22:42:00+02:00", "individualCount": null, "scientificName": "Rissa tridactyla", "id": "53fbfbd2-33c0-4192-a7d6-8193c8730cdc", "especie_normalizada": "Rissa tridactyla", "decada": 2020.0 }, "geometry": { "type": "Point", "coordinates": [ 18.184928324200001, 79.703483473199995 ] } },
{ "type": "Feature", "properties": { "basisOfRecord": "HumanObservation", "date_year": 2023, "eventDate": "2023-09-07T16:11:00+02:00", "individualCount": null, "scientificName": "Fratercula arctica", "id": "53fe157e-0c23-457a-8f10-394f43cf7b07", "especie_normalizada": "Fratercula arctica", "decada": 2020.0 }, "geometry": { "type": "Point", "coordinates": [ 11.993640813600001, 78.952309556 ] } },
{ "type": "Feature", "properties": { "basisOfRecord": "HumanObservation", "date_year": 2023, "eventDate": "2023-06-22T13:03:00+00:00", "individualCount": null, "scientificName": "Fratercula arctica", "id": "54a68f49-8454-4d64-9941-2ceeab310e31", "especie_normalizada": "Fratercula arctica", "decada": 2020.0 }, "geometry": { "type": "Point", "coordinates": [ -21.900071461500001, 64.170837210100004 ] } },
{ "type": "Feature", "properties": { "basisOfRecord": "HumanObservation", "date_year": 2023, "eventDate": "2023-06-23T17:27:00+02:00", "individualCount": null, "scientificName": "Rissa tridactyla", "id": "54bb7d6b-116d-49f7-b80e-469a65f6e2cd", "especie_normalizada": "Rissa tridactyla", "decada": 2020.0 }, "geometry": { "type": "Point", "coordinates": [ 31.186539438299999, 70.337289583800001 ] } },
{ "type": "Feature", "properties": { "basisOfRecord": "HumanObservation", "date_year": 2023, "eventDate": "2023-07-20T13:31:00+00:00", "individualCount": null, "scientificName": "Fratercula arctica", "id": "54d1925d-fe28-4f1e-b4fa-07b2730554f6", "especie_normalizada": "Fratercula arctica", "decada": 2020.0 }, "geometry": { "type": "Point", "coordinates": [ -18.010644166700001, 66.537623888300004 ] } },
{ "type": "Feature", "properties": { "basisOfRecord": "HumanObservation", "date_year": 2023, "eventDate": "2023-06-26T22:50:54+00:00", "individualCount": null, "scientificName": "Fratercula arctica", "id": "54fd8f0f-8626-49d6-ae17-bf393a5246b5", "especie_normalizada": "Fratercula arctica", "decada": 2020.0 }, "geometry": { "type": "Point", "coordinates": [ -20.28196536, 63.403470620299998 ] } },
{ "type": "Feature", "properties": { "basisOfRecord": "HumanObservation", "date_year": 2023, "eventDate": "2023-06-16T11:04:53", "individualCount": "1", "scientificName": "Balaenoptera musculus", "id": "5511c00f-e250-41ff-9a1d-933adf28c495", "especie_normalizada": "Balaenoptera musculus", "decada": 2020.0 }, "geometry": { "type": "Point", "coordinates": [ -17.443542, 66.161326 ] } },
{ "type": "Feature", "properties": { "basisOfRecord": "HumanObservation", "date_year": 2023, "eventDate": "2023-06-29T12:33:00+02:00", "individualCount": null, "scientificName": "Fratercula arctica", "id": "5519bfa3-2d6d-4b08-8a52-d256b728d670", "especie_normalizada": "Fratercula arctica", "decada": 2020.0 }, "geometry": { "type": "Point", "coordinates": [ 31.073981223099999, 70.233430261600006 ] } },
{ "type": "Feature", "properties": { "basisOfRecord": "HumanObservation", "date_year": 2023, "eventDate": "2023-06-23T16:35:00+02:00", "individualCount": null, "scientificName": "Fratercula arctica", "id": "55bb2cb7-99b1-4edd-991c-bba1642a44f3", "especie_normalizada": "Fratercula arctica", "decada": 2020.0 }, "geometry": { "type": "Point", "coordinates": [ 31.026332546100001, 70.224088469700007 ] } },
{ "type": "Feature", "properties": { "basisOfRecord": "HumanObservation", "date_year": 2023, "eventDate": "2023-06-30", "individualCount": null, "scientificName": "Fratercula arctica", "id": "55d25ee8-eb9d-4ff1-96a3-6f5d6b4f3e6b", "especie_normalizada": "Fratercula arctica", "decada": 2020.0 }, "geometry": { "type": "Point", "coordinates": [ 25.204791477099999, 71.037631506400004 ] } },
{ "type": "Feature", "properties": { "basisOfRecord": "HumanObservation", "date_year": 2023, "eventDate": "2023-12-31T10:47:35", "individualCount": "1", "scientificName": "Physeter macrocephalus", "id": "5633eb19-05dc-4d83-b995-eb910934bb81", "especie_normalizada": "Physeter macrocephalus", "decada": 2020.0 }, "geometry": { "type": "Point", "coordinates": [ 21.768624, 69.934301 ] } },
{ "type": "Feature", "properties": { "basisOfRecord": "HumanObservation", "date_year": 2023, "eventDate": "2023-08-12T16:35:55+01:00", "individualCount": null, "scientificName": "Physeter macrocephalus", "id": "564003dc-45ca-4cb0-ab99-6979f3fe138a", "especie_normalizada": "Physeter macrocephalus", "decada": 2020.0 }, "geometry": { "type": "Point", "coordinates": [ 20.109319706899999, 81.117231751700004 ] } },
{ "type": "Feature", "properties": { "basisOfRecord": "HumanObservation", "date_year": 2023, "eventDate": "2023-07-14T13:14:00+00:00", "individualCount": null, "scientificName": "Rissa tridactyla", "id": "56985cf4-4010-4995-86d6-274a2eb29ec1", "especie_normalizada": "Rissa tridactyla", "decada": 2020.0 }, "geometry": { "type": "Point", "coordinates": [ -24.042743888299999, 64.886579445 ] } },
{ "type": "Feature", "properties": { "basisOfRecord": "HumanObservation", "date_year": 2023, "eventDate": "2023-06-29T16:26:00+01:00", "individualCount": null, "scientificName": "Fratercula arctica", "id": "56a7732d-3298-4b53-a3b8-0affd006fe94", "especie_normalizada": "Fratercula arctica", "decada": 2020.0 }, "geometry": { "type": "Point", "coordinates": [ -7.4348910505, 62.106267577799997 ] } },
{ "type": "Feature", "properties": { "basisOfRecord": "HumanObservation", "date_year": 2023, "eventDate": "2023-07-30", "individualCount": "1", "scientificName": "Balaenoptera musculus", "id": "56a79385-6867-4457-8294-20316c522a82", "especie_normalizada": "Balaenoptera musculus", "decada": 2020.0 }, "geometry": { "type": "Point", "coordinates": [ 9.831828, 78.213641 ] } },
{ "type": "Feature", "properties": { "basisOfRecord": "HumanObservation", "date_year": 2023, "eventDate": "2023-06-23T20:16:00+02:00", "individualCount": null, "scientificName": "Rissa tridactyla", "id": "56ca1e22-e25e-45eb-a358-ca7bda86cad3", "especie_normalizada": "Rissa tridactyla", "decada": 2020.0 }, "geometry": { "type": "Point", "coordinates": [ 31.122710958500001, 70.284958177299998 ] } },
{ "type": "Feature", "properties": { "basisOfRecord": "HumanObservation", "date_year": 2023, "eventDate": "2023-06-23T15:29:56+02:00", "individualCount": null, "scientificName": "Fratercula arctica", "id": "56efc3bf-8f1b-43ae-9c79-d8fb367e2afc", "especie_normalizada": "Fratercula arctica", "decada": 2020.0 }, "geometry": { "type": "Point", "coordinates": [ 31.041356233, 70.32747546 ] } },
{ "type": "Feature", "properties": { "basisOfRecord": "HumanObservation", "date_year": 2023, "eventDate": "2023-09-11T12:48:00+02:00", "individualCount": null, "scientificName": "Rissa tridactyla", "id": "576b2782-2dcb-4336-a99c-77525c61c849", "especie_normalizada": "Rissa tridactyla", "decada": 2020.0 }, "geometry": { "type": "Point", "coordinates": [ 16.063053211900002, 69.356980395600004 ] } },
{ "type": "Feature", "properties": { "basisOfRecord": "HumanObservation", "date_year": 2023, "eventDate": "2023-06-23T17:24:00+02:00", "individualCount": null, "scientificName": "Rissa tridactyla", "id": "57dd0567-c4e4-471a-82a2-00423d6e72e3", "especie_normalizada": "Rissa tridactyla", "decada": 2020.0 }, "geometry": { "type": "Point", "coordinates": [ 31.077872058699999, 70.372045791199994 ] } },
{ "type": "Feature", "properties": { "basisOfRecord": "HumanObservation", "date_year": 2023, "eventDate": "2023-06-15T20:30:00+00:00", "individualCount": null, "scientificName": "Rissa tridactyla", "id": "57e9a86e-0e93-485f-9329-9315cdc4d8b4", "especie_normalizada": "Rissa tridactyla", "decada": 2020.0 }, "geometry": { "type": "Point", "coordinates": [ -22.6512494, 64.0705324 ] } },
{ "type": "Feature", "properties": { "basisOfRecord": "HumanObservation", "date_year": 2023, "eventDate": "2023-07-04T21:36:12", "individualCount": "1", "scientificName": "Balaenoptera musculus", "id": "586b4581-6b85-471d-9c34-06c489dd731b", "especie_normalizada": "Balaenoptera musculus", "decada": 2020.0 }, "geometry": { "type": "Point", "coordinates": [ 14.32251, 78.244138 ] } },
{ "type": "Feature", "properties": { "basisOfRecord": "HumanObservation", "date_year": 2023, "eventDate": "2023-06-09T12:11:51+00:00", "individualCount": null, "scientificName": "Fratercula arctica", "id": "5899b8d2-29a3-4588-9c92-8e6c3fcf7083", "especie_normalizada": "Fratercula arctica", "decada": 2020.0 }, "geometry": { "type": "Point", "coordinates": [ -19.021937660900001, 63.411312522599999 ] } },
{ "type": "Feature", "properties": { "basisOfRecord": "HumanObservation", "date_year": 2023, "eventDate": "2023-07-18T11:27:00+02:00", "individualCount": null, "scientificName": "Rissa tridactyla", "id": "58e80501-bc18-469a-bdc0-95529792eea6", "especie_normalizada": "Rissa tridactyla", "decada": 2020.0 }, "geometry": { "type": "Point", "coordinates": [ 12.895783121299999, 67.801152350199999 ] } },
{ "type": "Feature", "properties": { "basisOfRecord": "HumanObservation", "date_year": 2023, "eventDate": "2023-02-10T13:55:00+01:00", "individualCount": null, "scientificName": "Rissa tridactyla", "id": "598d61dc-1358-4430-8590-bf81f63d43c1", "especie_normalizada": "Rissa tridactyla", "decada": 2020.0 }, "geometry": { "type": "Point", "coordinates": [ 8.5980348587, 57.120552063 ] } },
{ "type": "Feature", "properties": { "basisOfRecord": "HumanObservation", "date_year": 2023, "eventDate": "2023-06-29T15:40:00+00:00", "individualCount": null, "scientificName": "Rissa tridactyla", "id": "5a57c936-930b-46fc-a04a-8c8e7d92c537", "especie_normalizada": "Rissa tridactyla", "decada": 2020.0 }, "geometry": { "type": "Point", "coordinates": [ -17.4092362327, 66.035073815600001 ] } },
{ "type": "Feature", "properties": { "basisOfRecord": "HumanObservation", "date_year": 2023, "eventDate": "2023-06-23T17:08:00+02:00", "individualCount": null, "scientificName": "Fratercula arctica", "id": "5a7dc0f6-73c0-430f-af4f-1bf10dd8c6ec", "especie_normalizada": "Fratercula arctica", "decada": 2020.0 }, "geometry": { "type": "Point", "coordinates": [ 31.031778987, 70.202099131 ] } },
{ "type": "Feature", "properties": { "basisOfRecord": "HumanObservation", "date_year": 2023, "eventDate": "2023-08-12T18:55:30+00:00", "individualCount": null, "scientificName": "Rissa tridactyla", "id": "5a81fe6a-5f50-4165-949d-51c0451e554a", "especie_normalizada": "Rissa tridactyla", "decada": 2020.0 }, "geometry": { "type": "Point", "coordinates": [ -16.1796517298, 64.044462218199996 ] } },
{ "type": "Feature", "properties": { "basisOfRecord": "HumanObservation", "date_year": 2023, "eventDate": "2023-05-14T22:24:48", "individualCount": "1", "scientificName": "Physeter macrocephalus", "id": "5ab39031-67fe-4ec5-b507-863a5aed575d", "especie_normalizada": "Physeter macrocephalus", "decada": 2020.0 }, "geometry": { "type": "Point", "coordinates": [ -24.220017, 64.91505 ] } },
{ "type": "Feature", "properties": { "basisOfRecord": "HumanObservation", "date_year": 2023, "eventDate": "2023-03-23T09:57:00+01:00", "individualCount": null, "scientificName": "Rissa tridactyla", "id": "5ac89e2d-e09a-4e31-95ae-7752bba5b58e", "especie_normalizada": "Rissa tridactyla", "decada": 2020.0 }, "geometry": { "type": "Point", "coordinates": [ 30.114402891600001, 70.018089034799999 ] } },
{ "type": "Feature", "properties": { "basisOfRecord": "HumanObservation", "date_year": 2023, "eventDate": "2023-07-14T13:11:00+02:00", "individualCount": null, "scientificName": "Rissa tridactyla", "id": "5b13f7d7-7f85-40e5-9d68-f60c66f1e5c8", "especie_normalizada": "Rissa tridactyla", "decada": 2020.0 }, "geometry": { "type": "Point", "coordinates": [ 25.2938879433, 71.125388227 ] } },
{ "type": "Feature", "properties": { "basisOfRecord": "HumanObservation", "date_year": 2023, "eventDate": "2023-07-17T16:36:00+02:00", "individualCount": null, "scientificName": "Rissa tridactyla", "id": "5b81ba03-e433-4692-befa-01b6c3028789", "especie_normalizada": "Rissa tridactyla", "decada": 2020.0 }, "geometry": { "type": "Point", "coordinates": [ 27.230462580699999, 70.820503936199998 ] } },
{ "type": "Feature", "properties": { "basisOfRecord": "HumanObservation", "date_year": 2023, "eventDate": "2023-09-30T21:25:00+00:00", "individualCount": null, "scientificName": "Rissa tridactyla", "id": "5bbe2a94-e710-45ac-b8ee-9913b31847ca", "especie_normalizada": "Rissa tridactyla", "decada": 2020.0 }, "geometry": { "type": "Point", "coordinates": [ -20.538389682799998, 64.009247801 ] } },
{ "type": "Feature", "properties": { "basisOfRecord": "HumanObservation", "date_year": 2023, "eventDate": "2023-06-23T15:17:10+02:00", "individualCount": null, "scientificName": "Fratercula arctica", "id": "5bdb111f-fec2-41aa-9aea-bbc287186f47", "especie_normalizada": "Fratercula arctica", "decada": 2020.0 }, "geometry": { "type": "Point", "coordinates": [ 31.045844350799999, 70.238115515100006 ] } },
{ "type": "Feature", "properties": { "basisOfRecord": "HumanObservation", "date_year": 2023, "eventDate": "2023-07-11T15:52:00+02:00", "individualCount": null, "scientificName": "Rissa tridactyla", "id": "5c5fdd6c-26ea-44a0-9d53-83530461ae38", "especie_normalizada": "Rissa tridactyla", "decada": 2020.0 }, "geometry": { "type": "Point", "coordinates": [ 15.6578947386, 78.225431606399994 ] } },
{ "type": "Feature", "properties": { "basisOfRecord": "HumanObservation", "date_year": 2023, "eventDate": "2023-09-04T10:28:00+02:00", "individualCount": null, "scientificName": "Rissa tridactyla", "id": "5c5fe787-14ba-417f-80d8-d70d45f7fe20", "especie_normalizada": "Rissa tridactyla", "decada": 2020.0 }, "geometry": { "type": "Point", "coordinates": [ 19.287192049200002, 79.1747269918 ] } },
{ "type": "Feature", "properties": { "basisOfRecord": "HumanObservation", "date_year": 2023, "eventDate": "2023-06-26T16:32:00+00:00", "individualCount": null, "scientificName": "Fratercula arctica", "id": "5c967872-9ed1-49f7-b351-1dd5a2d85126", "especie_normalizada": "Fratercula arctica", "decada": 2020.0 }, "geometry": { "type": "Point", "coordinates": [ -13.744238994, 65.542774092499997 ] } },
{ "type": "Feature", "properties": { "basisOfRecord": "HumanObservation", "date_year": 2023, "eventDate": "2023-06-23T17:27:00+02:00", "individualCount": null, "scientificName": "Rissa tridactyla", "id": "5d253618-ff55-48b3-a9a4-48baf31627f4", "especie_normalizada": "Rissa tridactyla", "decada": 2020.0 }, "geometry": { "type": "Point", "coordinates": [ 31.0397912615, 70.233716690400001 ] } },
{ "type": "Feature", "properties": { "basisOfRecord": "HumanObservation", "date_year": 2023, "eventDate": "2023-06-29T11:01:00+02:00", "individualCount": null, "scientificName": "Rissa tridactyla", "id": "5d27ada8-b36c-4494-929d-4335a4d2cd58", "especie_normalizada": "Rissa tridactyla", "decada": 2020.0 }, "geometry": { "type": "Point", "coordinates": [ 31.1998520912, 70.304857924299995 ] } },
{ "type": "Feature", "properties": { "basisOfRecord": "HumanObservation", "date_year": 2023, "eventDate": "2023-09-26T15:04:00+02:00", "individualCount": null, "scientificName": "Rissa tridactyla", "id": "5d64a767-b871-49ed-ad8e-dac7d888aabe", "especie_normalizada": "Rissa tridactyla", "decada": 2020.0 }, "geometry": { "type": "Point", "coordinates": [ 14.9598, 76.906 ] } },
{ "type": "Feature", "properties": { "basisOfRecord": "HumanObservation", "date_year": 2023, "eventDate": "2023-06-23T15:34:00+02:00", "individualCount": null, "scientificName": "Fratercula arctica", "id": "5db6e38c-a854-4083-a7cf-6b1ba9f2c45a", "especie_normalizada": "Fratercula arctica", "decada": 2020.0 }, "geometry": { "type": "Point", "coordinates": [ 31.141414243700002, 70.224425885499997 ] } },
{ "type": "Feature", "properties": { "basisOfRecord": "HumanObservation", "date_year": 2023, "eventDate": "2023-07-01T10:02:00+02:00", "individualCount": null, "scientificName": "Fratercula arctica", "id": "5df95bf4-22f0-4309-aa33-ffe72941dab3", "especie_normalizada": "Fratercula arctica", "decada": 2020.0 }, "geometry": { "type": "Point", "coordinates": [ 31.183589834399999, 70.221743353799994 ] } },
{ "type": "Feature", "properties": { "basisOfRecord": "HumanObservation", "date_year": 2023, "eventDate": "2023-06-03T10:36:00+00:00", "individualCount": null, "scientificName": "Fratercula arctica", "id": "5e3bac3b-f5ab-4b89-95a7-91ffa802d36c", "especie_normalizada": "Fratercula arctica", "decada": 2020.0 }, "geometry": { "type": "Point", "coordinates": [ -18.019695630200001, 66.546964226300005 ] } },
{ "type": "Feature", "properties": { "basisOfRecord": "HumanObservation", "date_year": 2023, "eventDate": "2023-07-16T09:01:00+02:00", "individualCount": null, "scientificName": "Fratercula arctica", "id": "5e3c606f-147e-4b26-a9e8-423f2c9f304e", "especie_normalizada": "Fratercula arctica", "decada": 2020.0 }, "geometry": { "type": "Point", "coordinates": [ 17.1522314411, 68.958708316900001 ] } },
{ "type": "Feature", "properties": { "basisOfRecord": "HumanObservation", "date_year": 2023, "eventDate": "2023-06-29T21:33:00+02:00", "individualCount": null, "scientificName": "Rissa tridactyla", "id": "5e4ec8fd-377b-497b-9b63-6a666ee980e9", "especie_normalizada": "Rissa tridactyla", "decada": 2020.0 }, "geometry": { "type": "Point", "coordinates": [ 15.7655697186, 76.994388971700005 ] } },
{ "type": "Feature", "properties": { "basisOfRecord": "HumanObservation", "date_year": 2023, "eventDate": "2023-05-30T12:20:55+01:00", "individualCount": null, "scientificName": "Fratercula arctica", "id": "5e63168c-d0f2-49bf-807e-6ec3ce274adf", "especie_normalizada": "Fratercula arctica", "decada": 2020.0 }, "geometry": { "type": "Point", "coordinates": [ -1.0138222167, 60.132866666699996 ] } },
{ "type": "Feature", "properties": { "basisOfRecord": "HumanObservation", "date_year": 2023, "eventDate": "2023-10-03T13:12:00-01:00", "individualCount": null, "scientificName": "Rissa tridactyla", "id": "5f265b02-5294-48b4-ac16-9968bdf17aca", "especie_normalizada": "Rissa tridactyla", "decada": 2020.0 }, "geometry": { "type": "Point", "coordinates": [ -10.1087036225, 63.7983716464 ] } },
{ "type": "Feature", "properties": { "basisOfRecord": "HumanObservation", "date_year": 2023, "eventDate": "2023-06-23T16:21:57+02:00", "individualCount": null, "scientificName": "Fratercula arctica", "id": "5f8e01c2-470f-4fa3-baf5-930dd9cab1bc", "especie_normalizada": "Fratercula arctica", "decada": 2020.0 }, "geometry": { "type": "Point", "coordinates": [ 31.1190365601, 70.365725357499997 ] } },
{ "type": "Feature", "properties": { "basisOfRecord": "HumanObservation", "date_year": 2023, "eventDate": "2023-06-28T03:58:30", "individualCount": "1", "scientificName": "Balaenoptera musculus", "id": "5fa933ef-3856-4a31-94d1-66ef9a092ba2", "especie_normalizada": "Balaenoptera musculus", "decada": 2020.0 }, "geometry": { "type": "Point", "coordinates": [ 9.986572, 79.891183 ] } },
{ "type": "Feature", "properties": { "basisOfRecord": "HumanObservation", "date_year": 2023, "eventDate": "2023-06-30", "individualCount": null, "scientificName": "Fratercula arctica", "id": "5ffe4499-9884-41d0-aa00-331c3bdfcb38", "especie_normalizada": "Fratercula arctica", "decada": 2020.0 }, "geometry": { "type": "Point", "coordinates": [ 25.3648300013, 71.058034152199994 ] } },
{ "type": "Feature", "properties": { "basisOfRecord": "HumanObservation", "date_year": 2023, "eventDate": "2023-06-06T15:54:00+00:00", "individualCount": null, "scientificName": "Physeter macrocephalus", "id": "6007f80d-43fb-4e23-be32-a2da97da4278", "especie_normalizada": "Physeter macrocephalus", "decada": 2020.0 }, "geometry": { "type": "Point", "coordinates": [ -23.947780505, 64.966102378399995 ] } },
{ "type": "Feature", "properties": { "basisOfRecord": "HumanObservation", "date_year": 2023, "eventDate": "2023-06-13T14:31:01+00:00", "individualCount": null, "scientificName": "Fratercula arctica", "id": "601ae179-3a3e-4fce-b816-fd9080102b0d", "especie_normalizada": "Fratercula arctica", "decada": 2020.0 }, "geometry": { "type": "Point", "coordinates": [ -24.509169906499999, 65.522445975300002 ] } },
{ "type": "Feature", "properties": { "basisOfRecord": "HumanObservation", "date_year": 2023, "eventDate": "2023-06-18T15:24:00+02:00", "individualCount": null, "scientificName": "Rissa tridactyla", "id": "6047220c-007b-4e2b-8d1c-da56921140a0", "especie_normalizada": "Rissa tridactyla", "decada": 2020.0 }, "geometry": { "type": "Point", "coordinates": [ 10.9891160321, 79.738776863200002 ] } },
{ "type": "Feature", "properties": { "basisOfRecord": "HumanObservation", "date_year": 2023, "eventDate": "2023-06-23T15:05:00+02:00", "individualCount": null, "scientificName": "Rissa tridactyla", "id": "606e6440-d274-49ec-bcfb-c5be6b34303b", "especie_normalizada": "Rissa tridactyla", "decada": 2020.0 }, "geometry": { "type": "Point", "coordinates": [ 31.052413209, 70.306843117 ] } },
{ "type": "Feature", "properties": { "basisOfRecord": "HumanObservation", "date_year": 2023, "eventDate": "2023-06-02T13:11:41+00:00", "individualCount": null, "scientificName": "Rissa tridactyla", "id": "60af2bdc-700f-4175-ba69-bc446cf0f952", "especie_normalizada": "Rissa tridactyla", "decada": 2020.0 }, "geometry": { "type": "Point", "coordinates": [ -23.617943460100001, 64.769221544299995 ] } },
{ "type": "Feature", "properties": { "basisOfRecord": "HumanObservation", "date_year": 2023, "eventDate": "2023-07-23T11:10:32+02:00", "individualCount": null, "scientificName": "Rissa tridactyla", "id": "60cac8eb-b37c-4750-830d-1b4f236c2d32", "especie_normalizada": "Rissa tridactyla", "decada": 2020.0 }, "geometry": { "type": "Point", "coordinates": [ 13.388007566300001, 68.083584696900004 ] } },
{ "type": "Feature", "properties": { "basisOfRecord": "HumanObservation", "date_year": 2023, "eventDate": "2023-07-03T16:40:00+00:00", "individualCount": null, "scientificName": "Rissa tridactyla", "id": "614e43dd-3063-464d-b762-4285842cd510", "especie_normalizada": "Rissa tridactyla", "decada": 2020.0 }, "geometry": { "type": "Point", "coordinates": [ -21.930065417400002, 64.090242497399998 ] } },
{ "type": "Feature", "properties": { "basisOfRecord": "HumanObservation", "date_year": 2023, "eventDate": "2023-03-24T12:05:00+01:00", "individualCount": null, "scientificName": "Physeter macrocephalus", "id": "6159409d-b5cd-4f61-976c-87026e9c0a35", "especie_normalizada": "Physeter macrocephalus", "decada": 2020.0 }, "geometry": { "type": "Point", "coordinates": [ 16.227697035199999, 69.419250259 ] } },
{ "type": "Feature", "properties": { "basisOfRecord": "HumanObservation", "date_year": 2023, "eventDate": "2023-06-23T17:39:00+02:00", "individualCount": null, "scientificName": "Rissa tridactyla", "id": "6163e738-013d-4e86-bff7-9549812fcf33", "especie_normalizada": "Rissa tridactyla", "decada": 2020.0 }, "geometry": { "type": "Point", "coordinates": [ 31.073634457299999, 70.226370757200002 ] } },
{ "type": "Feature", "properties": { "basisOfRecord": "HumanObservation", "date_year": 2023, "eventDate": "2023-08-09T22:30:22+00:00", "individualCount": null, "scientificName": "Physeter macrocephalus", "id": "620c72dd-6ab3-46fa-9196-3762aecb9a45", "especie_normalizada": "Physeter macrocephalus", "decada": 2020.0 }, "geometry": { "type": "Point", "coordinates": [ -22.297954559699999, 66.396569537600001 ] } },
{ "type": "Feature", "properties": { "basisOfRecord": "HumanObservation", "date_year": 2023, "eventDate": "2023-06-21T19:35:00+00:00", "individualCount": null, "scientificName": "Rissa tridactyla", "id": "622812e3-4680-4a70-8a43-d683d04c06f7", "especie_normalizada": "Rissa tridactyla", "decada": 2020.0 }, "geometry": { "type": "Point", "coordinates": [ -18.011741726099999, 66.551133003 ] } },
{ "type": "Feature", "properties": { "basisOfRecord": "HumanObservation", "date_year": 2023, "eventDate": "2023-06-24T22:46:00+02:00", "individualCount": null, "scientificName": "Rissa tridactyla", "id": "62aa9fd8-1415-4510-be57-d2b51b3ceb9f", "especie_normalizada": "Rissa tridactyla", "decada": 2020.0 }, "geometry": { "type": "Point", "coordinates": [ 13.920082106900001, 78.173228789099994 ] } },
{ "type": "Feature", "properties": { "basisOfRecord": "HumanObservation", "date_year": 2023, "eventDate": "2023-09-22T16:15:00+00:00", "individualCount": null, "scientificName": "Rissa tridactyla", "id": "62dabb79-6427-438f-aec0-948867331d2b", "especie_normalizada": "Rissa tridactyla", "decada": 2020.0 }, "geometry": { "type": "Point", "coordinates": [ -17.722533617500002, 66.104123762100002 ] } },
{ "type": "Feature", "properties": { "basisOfRecord": "HumanObservation", "date_year": 2023, "eventDate": "2023-06-23T16:59:00+02:00", "individualCount": null, "scientificName": "Fratercula arctica", "id": "62f164bd-6fac-49bd-9ed1-7a8836b16c59", "especie_normalizada": "Fratercula arctica", "decada": 2020.0 }, "geometry": { "type": "Point", "coordinates": [ 31.012924377400001, 70.275099889 ] } },
{ "type": "Feature", "properties": { "basisOfRecord": "HumanObservation", "date_year": 2023, "eventDate": "2023-06-02T15:28:00+02:00", "individualCount": null, "scientificName": "Fratercula arctica", "id": "62fb63ac-b714-44da-86e1-83614d80d070", "especie_normalizada": "Fratercula arctica", "decada": 2020.0 }, "geometry": { "type": "Point", "coordinates": [ 16.125143878599999, 78.364063219399995 ] } },
{ "type": "Feature", "properties": { "basisOfRecord": "HumanObservation", "date_year": 2023, "eventDate": "2023-07-09T11:09:00+00:00", "individualCount": null, "scientificName": "Fratercula arctica", "id": "630ebfd9-3e57-4c46-92d0-fcda16a3f94b", "especie_normalizada": "Fratercula arctica", "decada": 2020.0 }, "geometry": { "type": "Point", "coordinates": [ -18.138288127399999, 66.362693344799993 ] } },
{ "type": "Feature", "properties": { "basisOfRecord": "HumanObservation", "date_year": 2023, "eventDate": "2023-07-18T20:27:00+02:00", "individualCount": null, "scientificName": "Rissa tridactyla", "id": "631eff87-fd0c-4282-b82f-3a6e799d447d", "especie_normalizada": "Rissa tridactyla", "decada": 2020.0 }, "geometry": { "type": "Point", "coordinates": [ 20.9751822, 77.8749725 ] } },
{ "type": "Feature", "properties": { "basisOfRecord": "HumanObservation", "date_year": 2023, "eventDate": "2023-06-05T03:31:00+00:00", "individualCount": null, "scientificName": "Rissa tridactyla", "id": "6323cc75-f816-4bc9-8e75-cbf80e189735", "especie_normalizada": "Rissa tridactyla", "decada": 2020.0 }, "geometry": { "type": "Point", "coordinates": [ -13.754408385, 65.542303434600001 ] } },
{ "type": "Feature", "properties": { "basisOfRecord": "HumanObservation", "date_year": 2023, "eventDate": "2023-07-02T16:22:00+00:00", "individualCount": null, "scientificName": "Rissa tridactyla", "id": "63337b4f-7dab-49db-8835-a1c39de03b7c", "especie_normalizada": "Rissa tridactyla", "decada": 2020.0 }, "geometry": { "type": "Point", "coordinates": [ -24.268801953099999, 65.637279972599998 ] } },
{ "type": "Feature", "properties": { "basisOfRecord": "HumanObservation", "date_year": 2023, "eventDate": "2023-06-23T16:38:39+02:00", "individualCount": null, "scientificName": "Fratercula arctica", "id": "638867fb-a4c3-4e15-9474-e9970fc11916", "especie_normalizada": "Fratercula arctica", "decada": 2020.0 }, "geometry": { "type": "Point", "coordinates": [ 31.1440955735, 70.322848286500005 ] } },
{ "type": "Feature", "properties": { "basisOfRecord": "HumanObservation", "date_year": 2023, "eventDate": "2023-06-01T19:26:00+00:00", "individualCount": null, "scientificName": "Rissa tridactyla", "id": "63f6b87d-9863-4c21-a291-dae14351b4eb", "especie_normalizada": "Rissa tridactyla", "decada": 2020.0 }, "geometry": { "type": "Point", "coordinates": [ -24.5275081588, 65.501566660199998 ] } },
{ "type": "Feature", "properties": { "basisOfRecord": "HumanObservation", "date_year": 2023, "eventDate": "2023-08-21T15:38:05+00:00", "individualCount": null, "scientificName": "Fratercula arctica", "id": "6433f986-e2a2-4622-b117-83de12c81076", "especie_normalizada": "Fratercula arctica", "decada": 2020.0 }, "geometry": { "type": "Point", "coordinates": [ -20.30104182, 63.42766523 ] } },
{ "type": "Feature", "properties": { "basisOfRecord": "HumanObservation", "date_year": 2023, "eventDate": "2023-06-23T17:05:00+02:00", "individualCount": null, "scientificName": "Fratercula arctica", "id": "64606780-7a67-4f7c-889c-9d8868f62f54", "especie_normalizada": "Fratercula arctica", "decada": 2020.0 }, "geometry": { "type": "Point", "coordinates": [ 31.1198089574, 70.360049621599998 ] } },
{ "type": "Feature", "properties": { "basisOfRecord": "HumanObservation", "date_year": 2023, "eventDate": "2023-07-03T17:29:00+00:00", "individualCount": null, "scientificName": "Rissa tridactyla", "id": "646d63d3-ac7e-412d-b963-95620d61d4dc", "especie_normalizada": "Rissa tridactyla", "decada": 2020.0 }, "geometry": { "type": "Point", "coordinates": [ -20.130694055100001, 63.515972039799998 ] } },
{ "type": "Feature", "properties": { "basisOfRecord": "HumanObservation", "date_year": 2023, "eventDate": "2023-10-17T09:19:19+02:00", "individualCount": null, "scientificName": "Fratercula arctica", "id": "654deb5d-f9d3-4093-a23f-956579ace97d", "especie_normalizada": "Fratercula arctica", "decada": 2020.0 }, "geometry": { "type": "Point", "coordinates": [ 11.0990888333, 58.87997 ] } },
{ "type": "Feature", "properties": { "basisOfRecord": "HumanObservation", "date_year": 2023, "eventDate": "2023-06-23T16:54:00+02:00", "individualCount": null, "scientificName": "Fratercula arctica", "id": "65646da9-eb60-4750-9734-2cd0fb93c74e", "especie_normalizada": "Fratercula arctica", "decada": 2020.0 }, "geometry": { "type": "Point", "coordinates": [ 31.185275336899998, 70.350728022400006 ] } },
{ "type": "Feature", "properties": { "basisOfRecord": "HumanObservation", "date_year": 2023, "eventDate": "2023-08-11T17:54:07+00:00", "individualCount": null, "scientificName": "Fratercula arctica", "id": "65fed974-51e4-430e-bf36-1d61e37329d0", "especie_normalizada": "Fratercula arctica", "decada": 2020.0 }, "geometry": { "type": "Point", "coordinates": [ -19.130945652699999, 63.405012305 ] } },
{ "type": "Feature", "properties": { "basisOfRecord": "HumanObservation", "date_year": 2023, "eventDate": "2023-07-24T15:40:00+00:00", "individualCount": null, "scientificName": "Rissa tridactyla", "id": "6621ad30-429f-4f86-9332-980c97a04c3b", "especie_normalizada": "Rissa tridactyla", "decada": 2020.0 }, "geometry": { "type": "Point", "coordinates": [ -20.274321945, 63.407201666699997 ] } },
{ "type": "Feature", "properties": { "basisOfRecord": "HumanObservation", "date_year": 2023, "eventDate": "2023-06-18T13:42:00+00:00", "individualCount": null, "scientificName": "Fratercula arctica", "id": "664d32ab-a32a-442b-b91a-698094a4d6e4", "especie_normalizada": "Fratercula arctica", "decada": 2020.0 }, "geometry": { "type": "Point", "coordinates": [ -16.9502737804, 66.143137344199999 ] } },
{ "type": "Feature", "properties": { "basisOfRecord": "HumanObservation", "date_year": 2023, "eventDate": "2023-06-23T16:37:00+02:00", "individualCount": null, "scientificName": "Fratercula arctica", "id": "666151a8-df4c-48d9-a92a-52c47febc959", "especie_normalizada": "Fratercula arctica", "decada": 2020.0 }, "geometry": { "type": "Point", "coordinates": [ 31.149987469399999, 70.283946372900004 ] } },
{ "type": "Feature", "properties": { "basisOfRecord": "HumanObservation", "date_year": 2023, "eventDate": "2023-07-05T22:39:00+02:00", "individualCount": null, "scientificName": "Balaenoptera physalus", "id": "6665b749-5a46-4e6b-bc99-6517185b4511", "especie_normalizada": "Balaenoptera physalus", "decada": 2020.0 }, "geometry": { "type": "Point", "coordinates": [ 18.319523498100001, 79.778921795299993 ] } },
{ "type": "Feature", "properties": { "basisOfRecord": "HumanObservation", "date_year": 2023, "eventDate": "2023-07-06T14:47:36+02:00", "individualCount": null, "scientificName": "Rissa tridactyla", "id": "672cf500-8db9-48ff-abbe-ea8d27692b14", "especie_normalizada": "Rissa tridactyla", "decada": 2020.0 }, "geometry": { "type": "Point", "coordinates": [ 7.6315454679, 63.1459950542 ] } },
{ "type": "Feature", "properties": { "basisOfRecord": "HumanObservation", "date_year": 2023, "eventDate": "2023-10-03T21:22:00+00:00", "individualCount": null, "scientificName": "Rissa tridactyla", "id": "6747d15a-a417-4dc5-a29e-235322ece6c9", "especie_normalizada": "Rissa tridactyla", "decada": 2020.0 }, "geometry": { "type": "Point", "coordinates": [ -18.077452182799998, 64.467631720200004 ] } },
{ "type": "Feature", "properties": { "basisOfRecord": "HumanObservation", "date_year": 2023, "eventDate": "2023-06-04T09:31:00+00:00", "individualCount": null, "scientificName": "Rissa tridactyla", "id": "67b294ed-ee60-4df8-9bea-843f3c42ead6", "especie_normalizada": "Rissa tridactyla", "decada": 2020.0 }, "geometry": { "type": "Point", "coordinates": [ -13.7572892289, 65.543346132300002 ] } },
{ "type": "Feature", "properties": { "basisOfRecord": "HumanObservation", "date_year": 2023, "eventDate": "2023-06-30", "individualCount": "1", "scientificName": "Balaenoptera physalus", "id": "68150381-b4c0-4367-84f5-4b5bbfacb1c9", "especie_normalizada": "Balaenoptera physalus", "decada": 2020.0 }, "geometry": { "type": "Point", "coordinates": [ 25.745885, 71.177308 ] } },
{ "type": "Feature", "properties": { "basisOfRecord": "HumanObservation", "date_year": 2023, "eventDate": "2023-06-23T15:34:00+02:00", "individualCount": null, "scientificName": "Fratercula arctica", "id": "68494555-7513-4c31-a5f0-eb4e22f9171b", "especie_normalizada": "Fratercula arctica", "decada": 2020.0 }, "geometry": { "type": "Point", "coordinates": [ 31.027889311900001, 70.359570022300005 ] } },
{ "type": "Feature", "properties": { "basisOfRecord": "HumanObservation", "date_year": 2023, "eventDate": "2023-07-09T10:08:00+02:00", "individualCount": null, "scientificName": "Rissa tridactyla", "id": "68a04988-9327-4cc2-ad1e-99722b882f3a", "especie_normalizada": "Rissa tridactyla", "decada": 2020.0 }, "geometry": { "type": "Point", "coordinates": [ 15.0595511236, 77.553245747800005 ] } },
{ "type": "Feature", "properties": { "basisOfRecord": "HumanObservation", "date_year": 2023, "eventDate": "2023-07-13T13:48:00+02:00", "individualCount": null, "scientificName": "Fratercula arctica", "id": "692134de-2c32-4c92-9b5b-e6609b90704d", "especie_normalizada": "Fratercula arctica", "decada": 2020.0 }, "geometry": { "type": "Point", "coordinates": [ 16.135262795199999, 78.365399678399996 ] } },
{ "type": "Feature", "properties": { "basisOfRecord": "HumanObservation", "date_year": 2023, "eventDate": "2023-07-22T13:30:00+00:00", "individualCount": null, "scientificName": "Rissa tridactyla", "id": "6a07ca40-012c-4fb9-8cb4-15b62cf6ad2f", "especie_normalizada": "Rissa tridactyla", "decada": 2020.0 }, "geometry": { "type": "Point", "coordinates": [ -16.180860555, 64.048708888299998 ] } },
{ "type": "Feature", "properties": { "basisOfRecord": "HumanObservation", "date_year": 2023, "eventDate": "2023-07-02T04:05:00+00:00", "individualCount": null, "scientificName": "Rissa tridactyla", "id": "6a3885bb-f413-4d29-bc3b-a7d81a0a6288", "especie_normalizada": "Rissa tridactyla", "decada": 2020.0 }, "geometry": { "type": "Point", "coordinates": [ -16.180388822499999, 64.048446323099995 ] } },
{ "type": "Feature", "properties": { "basisOfRecord": "HumanObservation", "date_year": 2023, "eventDate": "2023-12-27T10:57:43+01:00", "individualCount": null, "scientificName": "Fratercula arctica", "id": "6a4f2543-8360-48c4-b284-167c26c29364", "especie_normalizada": "Fratercula arctica", "decada": 2020.0 }, "geometry": { "type": "Point", "coordinates": [ 9.6999645231, 57.365497588899999 ] } },
{ "type": "Feature", "properties": { "basisOfRecord": "HumanObservation", "date_year": 2023, "eventDate": "2023-05-31T14:26:00+00:00", "individualCount": null, "scientificName": "Physeter macrocephalus", "id": "6a519194-91f2-4ef8-a42d-b4a30525f10f", "especie_normalizada": "Physeter macrocephalus", "decada": 2020.0 }, "geometry": { "type": "Point", "coordinates": [ -24.0039626302, 64.817997720600005 ] } },
{ "type": "Feature", "properties": { "basisOfRecord": "HumanObservation", "date_year": 2023, "eventDate": "2023-07-07T08:36:00+02:00", "individualCount": null, "scientificName": "Rissa tridactyla", "id": "6ab64f7c-cc00-47a3-b99b-a3fed892e968", "especie_normalizada": "Rissa tridactyla", "decada": 2020.0 }, "geometry": { "type": "Point", "coordinates": [ 21.920900160799999, 78.264575764100002 ] } },
{ "type": "Feature", "properties": { "basisOfRecord": "HumanObservation", "date_year": 2023, "eventDate": "2023-08-16T10:17:00+01:00", "individualCount": null, "scientificName": "Rissa tridactyla", "id": "6ba16376-29e5-466a-b2f3-94e1a58d7f8e", "especie_normalizada": "Rissa tridactyla", "decada": 2020.0 }, "geometry": { "type": "Point", "coordinates": [ -3.349527897, 58.726786492 ] } },
{ "type": "Feature", "properties": { "basisOfRecord": "HumanObservation", "date_year": 2023, "eventDate": "2023-07-13T13:28:00+01:00", "individualCount": null, "scientificName": "Fratercula arctica", "id": "6bf34b83-28eb-4fda-a427-88fef41ce688", "especie_normalizada": "Fratercula arctica", "decada": 2020.0 }, "geometry": { "type": "Point", "coordinates": [ -6.9410741027, 62.3274446406 ] } },
{ "type": "Feature", "properties": { "basisOfRecord": "HumanObservation", "date_year": 2023, "eventDate": "2023-03-14T09:15:24+01:00", "individualCount": null, "scientificName": "Rissa tridactyla", "id": "6bf94939-f215-47eb-ae07-53015133ae05", "especie_normalizada": "Rissa tridactyla", "decada": 2020.0 }, "geometry": { "type": "Point", "coordinates": [ 12.341749007400001, 66.351510031900006 ] } },
{ "type": "Feature", "properties": { "basisOfRecord": "HumanObservation", "date_year": 2023, "eventDate": "2023-06-19T16:10:00+02:00", "individualCount": null, "scientificName": "Rissa tridactyla", "id": "6c8d11f9-caeb-4c5f-90de-89129aa8fad3", "especie_normalizada": "Rissa tridactyla", "decada": 2020.0 }, "geometry": { "type": "Point", "coordinates": [ 11.9292738829, 79.806807343299994 ] } },
{ "type": "Feature", "properties": { "basisOfRecord": "HumanObservation", "date_year": 2023, "eventDate": "2023-07-12T17:17:00+02:00", "individualCount": null, "scientificName": "Rissa tridactyla", "id": "6ca3edb0-ca4e-40bb-94bf-4a130d5a59a6", "especie_normalizada": "Rissa tridactyla", "decada": 2020.0 }, "geometry": { "type": "Point", "coordinates": [ 12.2842268162, 79.733432433299996 ] } },
{ "type": "Feature", "properties": { "basisOfRecord": "HumanObservation", "date_year": 2023, "eventDate": "2023-06-09T17:41:00+02:00", "individualCount": null, "scientificName": "Rissa tridactyla", "id": "6ce39f4d-1043-48d7-882a-d9cf97e1fc48", "especie_normalizada": "Rissa tridactyla", "decada": 2020.0 }, "geometry": { "type": "Point", "coordinates": [ 11.535719453600001, 79.266546548400001 ] } },
{ "type": "Feature", "properties": { "basisOfRecord": "HumanObservation", "date_year": 2023, "eventDate": "2023-07-01T10:02:34+01:00", "individualCount": null, "scientificName": "Fratercula arctica", "id": "6d0277ff-2263-408a-afb9-0dc34d21f7c5", "especie_normalizada": "Fratercula arctica", "decada": 2020.0 }, "geometry": { "type": "Point", "coordinates": [ -6.8113466667, 62.368296666699997 ] } },
{ "type": "Feature", "properties": { "basisOfRecord": "HumanObservation", "date_year": 2023, "eventDate": "2023-06-01T08:13:00+00:00", "individualCount": null, "scientificName": "Fratercula arctica", "id": "6d1f4664-64bd-4d90-a818-97b98b01e742", "especie_normalizada": "Fratercula arctica", "decada": 2020.0 }, "geometry": { "type": "Point", "coordinates": [ -24.526926751200001, 65.499851718800002 ] } },
{ "type": "Feature", "properties": { "basisOfRecord": "HumanObservation", "date_year": 2023, "eventDate": "2023-06-23T17:26:00+02:00", "individualCount": null, "scientificName": "Rissa tridactyla", "id": "6d3d2e4d-0ab4-46b2-8356-9790cdf0569f", "especie_normalizada": "Rissa tridactyla", "decada": 2020.0 }, "geometry": { "type": "Point", "coordinates": [ 31.093185154, 70.280421432599994 ] } },
{ "type": "Feature", "properties": { "basisOfRecord": "HumanObservation", "date_year": 2023, "eventDate": "2023-08-16T08:52:16+00:00", "individualCount": null, "scientificName": "Fratercula arctica", "id": "6d470203-db78-4857-915e-c3309a24590d", "especie_normalizada": "Fratercula arctica", "decada": 2020.0 }, "geometry": { "type": "Point", "coordinates": [ -21.955234527599998, 64.174446106 ] } },
{ "type": "Feature", "properties": { "basisOfRecord": "HumanObservation", "date_year": 2023, "eventDate": "2023-09-12T09:16:14+02:00", "individualCount": null, "scientificName": "Rissa tridactyla", "id": "6d891ab0-f71d-425f-bda0-27e1b89281e2", "especie_normalizada": "Rissa tridactyla", "decada": 2020.0 }, "geometry": { "type": "Point", "coordinates": [ 21.953050111700001, 78.259975377 ] } },
{ "type": "Feature", "properties": { "basisOfRecord": "HumanObservation", "date_year": 2023, "eventDate": "2023-06-23T15:27:00+02:00", "individualCount": null, "scientificName": "Fratercula arctica", "id": "6d8c0d5a-0143-4320-8285-5f727460ed0d", "especie_normalizada": "Fratercula arctica", "decada": 2020.0 }, "geometry": { "type": "Point", "coordinates": [ 31.191567061400001, 70.398019203700002 ] } },
{ "type": "Feature", "properties": { "basisOfRecord": "HumanObservation", "date_year": 2023, "eventDate": "2023-09-14T17:42:49", "individualCount": "1", "scientificName": "Balaenoptera physalus", "id": "6dcc61f3-68d0-4211-bd23-1e19d496de2c", "especie_normalizada": "Balaenoptera physalus", "decada": 2020.0 }, "geometry": { "type": "Point", "coordinates": [ -8.679199, 71.078232 ] } },
{ "type": "Feature", "properties": { "basisOfRecord": "HumanObservation", "date_year": 2023, "eventDate": "2023-07-01T12:47:00+01:00", "individualCount": null, "scientificName": "Fratercula arctica", "id": "6dcee722-6712-4382-91aa-be1807c015df", "especie_normalizada": "Fratercula arctica", "decada": 2020.0 }, "geometry": { "type": "Point", "coordinates": [ -6.8830338, 61.9560203 ] } },
{ "type": "Feature", "properties": { "basisOfRecord": "HumanObservation", "date_year": 2023, "eventDate": "2023-06-08T12:46:40+00:00", "individualCount": null, "scientificName": "Fratercula arctica", "id": "6e0ede06-2bb0-49eb-abbd-cba5da844ade", "especie_normalizada": "Fratercula arctica", "decada": 2020.0 }, "geometry": { "type": "Point", "coordinates": [ -22.138779484499999, 64.210262824799997 ] } },
{ "type": "Feature", "properties": { "basisOfRecord": "HumanObservation", "date_year": 2023, "eventDate": "2023-06-06T15:54:19", "individualCount": "1", "scientificName": "Physeter macrocephalus", "id": "6e585b6c-d873-47ec-ba50-51d05f039779", "especie_normalizada": "Physeter macrocephalus", "decada": 2020.0 }, "geometry": { "type": "Point", "coordinates": [ -23.819733, 65.003543 ] } },
{ "type": "Feature", "properties": { "basisOfRecord": "HumanObservation", "date_year": 2023, "eventDate": "2023-11-27T10:38:24+01:00", "individualCount": null, "scientificName": "Balaenoptera physalus", "id": "6e796d3d-f7ae-4749-97b9-b75d662e881a", "especie_normalizada": "Balaenoptera physalus", "decada": 2020.0 }, "geometry": { "type": "Point", "coordinates": [ 21.264341129400002, 70.280230357799994 ] } },
{ "type": "Feature", "properties": { "basisOfRecord": "HumanObservation", "date_year": 2023, "eventDate": "2023-07-02T09:43:00+00:00", "individualCount": null, "scientificName": "Fratercula arctica", "id": "6e79921b-b634-4d71-8a01-71d904931fc0", "especie_normalizada": "Fratercula arctica", "decada": 2020.0 }, "geometry": { "type": "Point", "coordinates": [ -22.908773445, 65.378011278299994 ] } },
{ "type": "Feature", "properties": { "basisOfRecord": "HumanObservation", "date_year": 2023, "eventDate": "2023-05-15T10:06:05+01:00", "individualCount": null, "scientificName": "Fratercula arctica", "id": "6e8bea53-e1c1-4872-9a1b-7c5f9a503a39", "especie_normalizada": "Fratercula arctica", "decada": 2020.0 }, "geometry": { "type": "Point", "coordinates": [ -3.3304783333, 59.1379055 ] } },
{ "type": "Feature", "properties": { "basisOfRecord": "HumanObservation", "date_year": 2023, "eventDate": "2023-07-30T02:36:00+02:00", "individualCount": null, "scientificName": "Rissa tridactyla", "id": "6ec91631-5e34-4dbe-a629-4c39233eef0c", "especie_normalizada": "Rissa tridactyla", "decada": 2020.0 }, "geometry": { "type": "Point", "coordinates": [ 15.627813333300001, 78.225815 ] } },
{ "type": "Feature", "properties": { "basisOfRecord": "HumanObservation", "date_year": 2023, "eventDate": "2023-07-30T11:32:36+02:00", "individualCount": null, "scientificName": "Fratercula arctica", "id": "6ecf7173-ef3a-4899-a9e6-9d8353e3c2ae", "especie_normalizada": "Fratercula arctica", "decada": 2020.0 }, "geometry": { "type": "Point", "coordinates": [ 20.327076385400002, 80.848942940599997 ] } },
{ "type": "Feature", "properties": { "basisOfRecord": "HumanObservation", "date_year": 2023, "eventDate": "2023-06-23T15:34:00+02:00", "individualCount": null, "scientificName": "Fratercula arctica", "id": "6f1ea163-1344-4602-9e9d-d4d52dd20e81", "especie_normalizada": "Fratercula arctica", "decada": 2020.0 }, "geometry": { "type": "Point", "coordinates": [ 31.127509849, 70.210924853099996 ] } },
{ "type": "Feature", "properties": { "basisOfRecord": "HumanObservation", "date_year": 2023, "eventDate": "2023-07-09T18:16:00+00:00", "individualCount": null, "scientificName": "Rissa tridactyla", "id": "6f26dc66-2dfb-46a9-ad92-ecfd834c0558", "especie_normalizada": "Rissa tridactyla", "decada": 2020.0 }, "geometry": { "type": "Point", "coordinates": [ -17.982606583300001, 66.527652934499997 ] } },
{ "type": "Feature", "properties": { "basisOfRecord": "HumanObservation", "date_year": 2023, "eventDate": "2023-07-10T11:16:35+00:00", "individualCount": null, "scientificName": "Fratercula arctica", "id": "6f3bc117-13fb-4d09-a990-25d1109a0c75", "especie_normalizada": "Fratercula arctica", "decada": 2020.0 }, "geometry": { "type": "Point", "coordinates": [ -13.9714632769, 65.153725469099996 ] } },
{ "type": "Feature", "properties": { "basisOfRecord": "HumanObservation", "date_year": 2023, "eventDate": "2023-09-28T16:14:00-01:00", "individualCount": null, "scientificName": "Rissa tridactyla", "id": "6f5fabd9-feac-4c65-b283-04fb5a046fac", "especie_normalizada": "Rissa tridactyla", "decada": 2020.0 }, "geometry": { "type": "Point", "coordinates": [ -9.471, 70.5635 ] } },
{ "type": "Feature", "properties": { "basisOfRecord": "HumanObservation", "date_year": 2023, "eventDate": "2023-06-01T11:59:08", "individualCount": "1", "scientificName": "Physeter macrocephalus", "id": "6f764e2b-cd85-4b1d-a79a-5efa1ac69d0b", "especie_normalizada": "Physeter macrocephalus", "decada": 2020.0 }, "geometry": { "type": "Point", "coordinates": [ -24.088898, 64.975674 ] } },
{ "type": "Feature", "properties": { "basisOfRecord": "HumanObservation", "date_year": 2023, "eventDate": "2023-08-06T01:04:00+01:00", "individualCount": null, "scientificName": "Fratercula arctica", "id": "6fa99938-0d72-4eaf-b4a8-dbf57bd3378a", "especie_normalizada": "Fratercula arctica", "decada": 2020.0 }, "geometry": { "type": "Point", "coordinates": [ -3.0000634878, 58.717473561600002 ] } },
{ "type": "Feature", "properties": { "basisOfRecord": "HumanObservation", "date_year": 2023, "eventDate": "2023-07-20T10:17:00+00:00", "individualCount": null, "scientificName": "Fratercula arctica", "id": "70cd0463-f2f0-4647-b21f-27b76c4365cb", "especie_normalizada": "Fratercula arctica", "decada": 2020.0 }, "geometry": { "type": "Point", "coordinates": [ -23.2524970698, 64.925720509599998 ] } },
{ "type": "Feature", "properties": { "basisOfRecord": "HumanObservation", "date_year": 2023, "eventDate": "2023-06-20T06:43:00+02:00", "individualCount": null, "scientificName": "Rissa tridactyla", "id": "70e417b2-ea21-49ec-b998-7f9e02147b89", "especie_normalizada": "Rissa tridactyla", "decada": 2020.0 }, "geometry": { "type": "Point", "coordinates": [ 14.95226425, 77.59571471 ] } },
{ "type": "Feature", "properties": { "basisOfRecord": "HumanObservation", "date_year": 2023, "eventDate": "2023-06-23T15:24:54+02:00", "individualCount": null, "scientificName": "Fratercula arctica", "id": "71054751-da4e-4e69-a580-dfd2b1d5507d", "especie_normalizada": "Fratercula arctica", "decada": 2020.0 }, "geometry": { "type": "Point", "coordinates": [ 31.1813381274, 70.266662574400002 ] } },
{ "type": "Feature", "properties": { "basisOfRecord": "HumanObservation", "date_year": 2023, "eventDate": "2023-08-15T22:39:00+00:00", "individualCount": null, "scientificName": "Fratercula arctica", "id": "71090a61-2c24-4f2a-9f7f-ed60a3ef2e27", "especie_normalizada": "Fratercula arctica", "decada": 2020.0 }, "geometry": { "type": "Point", "coordinates": [ -19.1185522, 63.4046799 ] } },
{ "type": "Feature", "properties": { "basisOfRecord": "HumanObservation", "date_year": 2023, "eventDate": "2023-06-07T10:56:36+00:00", "individualCount": null, "scientificName": "Rissa tridactyla", "id": "711f090f-479d-482a-8552-552562763acc", "especie_normalizada": "Rissa tridactyla", "decada": 2020.0 }, "geometry": { "type": "Point", "coordinates": [ -23.6246333333, 64.764305 ] } },
{ "type": "Feature", "properties": { "basisOfRecord": "HumanObservation", "date_year": 2023, "eventDate": "2023-06-06T11:16:29+01:00", "individualCount": null, "scientificName": "Fratercula arctica", "id": "71a4722e-7d0a-4055-9da7-5ecb7d275001", "especie_normalizada": "Fratercula arctica", "decada": 2020.0 }, "geometry": { "type": "Point", "coordinates": [ -1.6125875711, 59.534698486300002 ] } },
{ "type": "Feature", "properties": { "basisOfRecord": "HumanObservation", "date_year": 2023, "eventDate": "2023-07-16T14:13:00+00:00", "individualCount": null, "scientificName": "Fratercula arctica", "id": "71e87ef6-6d32-493b-85ed-52e69a2ff0cf", "especie_normalizada": "Fratercula arctica", "decada": 2020.0 }, "geometry": { "type": "Point", "coordinates": [ -24.515106388300001, 65.496655278299997 ] } },
{ "type": "Feature", "properties": { "basisOfRecord": "HumanObservation", "date_year": 2023, "eventDate": "2023-06-23T16:20:00+02:00", "individualCount": null, "scientificName": "Fratercula arctica", "id": "71f0f02e-0b0d-4a25-b6b3-b26ad6a1e85d", "especie_normalizada": "Fratercula arctica", "decada": 2020.0 }, "geometry": { "type": "Point", "coordinates": [ 31.159599008099999, 70.254741183 ] } },
{ "type": "Feature", "properties": { "basisOfRecord": "HumanObservation", "date_year": 2023, "eventDate": "2023-06-04T09:09:00+00:00", "individualCount": null, "scientificName": "Fratercula arctica", "id": "722b19ee-4b99-47bf-970b-3193bc62e77b", "especie_normalizada": "Fratercula arctica", "decada": 2020.0 }, "geometry": { "type": "Point", "coordinates": [ -13.7541047362, 65.541915806199995 ] } },
{ "type": "Feature", "properties": { "basisOfRecord": "HumanObservation", "date_year": 2023, "eventDate": "2023-07-01T11:03:00+02:00", "individualCount": null, "scientificName": "Fratercula arctica", "id": "722f3427-fe0e-4dc9-887f-53ec1fb2e602", "especie_normalizada": "Fratercula arctica", "decada": 2020.0 }, "geometry": { "type": "Point", "coordinates": [ 31.0009547929, 70.265923782300007 ] } },
{ "type": "Feature", "properties": { "basisOfRecord": "HumanObservation", "date_year": 2023, "eventDate": "2023-07-19T08:45:00+02:00", "individualCount": null, "scientificName": "Rissa tridactyla", "id": "72490110-6bcf-4812-8984-bac33f04b3d8", "especie_normalizada": "Rissa tridactyla", "decada": 2020.0 }, "geometry": { "type": "Point", "coordinates": [ 19.091430812, 74.348286181299997 ] } },
{ "type": "Feature", "properties": { "basisOfRecord": "HumanObservation", "date_year": 2023, "eventDate": "2023-07-10T11:30:00+00:00", "individualCount": null, "scientificName": "Fratercula arctica", "id": "72c8ec0a-5c4a-41d4-b941-110d0881a4f9", "especie_normalizada": "Fratercula arctica", "decada": 2020.0 }, "geometry": { "type": "Point", "coordinates": [ -16.668212, 63.860594 ] } },
{ "type": "Feature", "properties": { "basisOfRecord": "HumanObservation", "date_year": 2023, "eventDate": "2023-07-18T21:16:00+02:00", "individualCount": null, "scientificName": "Fratercula arctica", "id": "72dec84f-83a9-48ba-8a95-f2badb54257d", "especie_normalizada": "Fratercula arctica", "decada": 2020.0 }, "geometry": { "type": "Point", "coordinates": [ 12.790424316699999, 67.773106512699997 ] } },
{ "type": "Feature", "properties": { "basisOfRecord": "HumanObservation", "date_year": 2023, "eventDate": "2023-07-24T14:13:00+00:00", "individualCount": null, "scientificName": "Fratercula arctica", "id": "7411f69a-0371-43ff-b5fd-7bfd3855a2c9", "especie_normalizada": "Fratercula arctica", "decada": 2020.0 }, "geometry": { "type": "Point", "coordinates": [ -20.260290012199999, 63.445133082399998 ] } },
{ "type": "Feature", "properties": { "basisOfRecord": "HumanObservation", "date_year": 2023, "eventDate": "2023-07-17T12:11:00+02:00", "individualCount": null, "scientificName": "Fratercula arctica", "id": "74127d19-f800-4026-920b-199c528728e6", "especie_normalizada": "Fratercula arctica", "decada": 2020.0 }, "geometry": { "type": "Point", "coordinates": [ 25.312125691, 71.125325928899997 ] } },
{ "type": "Feature", "properties": { "basisOfRecord": "HumanObservation", "date_year": 2023, "eventDate": "2023-06-23T17:26:00+02:00", "individualCount": null, "scientificName": "Rissa tridactyla", "id": "7458af5e-7492-4220-8212-63c709b0459d", "especie_normalizada": "Rissa tridactyla", "decada": 2020.0 }, "geometry": { "type": "Point", "coordinates": [ 31.1424599867, 70.399926894800004 ] } },
{ "type": "Feature", "properties": { "basisOfRecord": "HumanObservation", "date_year": 2023, "eventDate": "2023-06-23T15:22:00+02:00", "individualCount": null, "scientificName": "Rissa tridactyla", "id": "745eb9fc-e746-4e91-a888-d2722b974768", "especie_normalizada": "Rissa tridactyla", "decada": 2020.0 }, "geometry": { "type": "Point", "coordinates": [ 31.1265312622, 70.262050083899993 ] } },
{ "type": "Feature", "properties": { "basisOfRecord": "HumanObservation", "date_year": 2023, "eventDate": "2023-08-10T15:35:54+02:00", "individualCount": null, "scientificName": "Rissa tridactyla", "id": "74879f2b-9bca-4a09-b425-65e2404704fa", "especie_normalizada": "Rissa tridactyla", "decada": 2020.0 }, "geometry": { "type": "Point", "coordinates": [ 9.025584971500001, 57.158517544200002 ] } },
{ "type": "Feature", "properties": { "basisOfRecord": "HumanObservation", "date_year": 2023, "eventDate": "2023-06-23T16:55:00+02:00", "individualCount": null, "scientificName": "Fratercula arctica", "id": "748c1e91-3898-4646-8b25-bf012ce7cf9e", "especie_normalizada": "Fratercula arctica", "decada": 2020.0 }, "geometry": { "type": "Point", "coordinates": [ 31.128562453200001, 70.330783312700007 ] } },
{ "type": "Feature", "properties": { "basisOfRecord": "HumanObservation", "date_year": 2023, "eventDate": "2023-07-26T14:33:47+00:00", "individualCount": null, "scientificName": "Fratercula arctica", "id": "748c8aa2-eba0-4ef1-917a-50a002556300", "especie_normalizada": "Fratercula arctica", "decada": 2020.0 }, "geometry": { "type": "Point", "coordinates": [ -19.0420784, 63.4025728 ] } },
{ "type": "Feature", "properties": { "basisOfRecord": "HumanObservation", "date_year": 2023, "eventDate": "2023-06-11T10:51:00+02:00", "individualCount": null, "scientificName": "Fratercula arctica", "id": "749ef4ee-ff70-459e-a92c-843134154639", "especie_normalizada": "Fratercula arctica", "decada": 2020.0 }, "geometry": { "type": "Point", "coordinates": [ 11.4592708413, 79.842509586399999 ] } },
{ "type": "Feature", "properties": { "basisOfRecord": "HumanObservation", "date_year": 2023, "eventDate": "2023-06-25T12:07:00+02:00", "individualCount": null, "scientificName": "Rissa tridactyla", "id": "74ae845a-8d80-43f1-8f41-6ab7de85c108", "especie_normalizada": "Rissa tridactyla", "decada": 2020.0 }, "geometry": { "type": "Point", "coordinates": [ 11.956118757600001, 78.922760326599999 ] } },
{ "type": "Feature", "properties": { "basisOfRecord": "HumanObservation", "date_year": 2023, "eventDate": "2023-08-05T13:17:00+00:00", "individualCount": null, "scientificName": "Rissa tridactyla", "id": "74c789a9-850c-4c9c-b709-04435ddddbab", "especie_normalizada": "Rissa tridactyla", "decada": 2020.0 }, "geometry": { "type": "Point", "coordinates": [ -13.7549983333, 65.541544166700007 ] } },
{ "type": "Feature", "properties": { "basisOfRecord": "HumanObservation", "date_year": 2023, "eventDate": "2023-06-23T17:26:00+02:00", "individualCount": null, "scientificName": "Rissa tridactyla", "id": "74d3cfeb-a312-4101-9631-e9fa72d18741", "especie_normalizada": "Rissa tridactyla", "decada": 2020.0 }, "geometry": { "type": "Point", "coordinates": [ 31.0221697765, 70.257113404600005 ] } },
{ "type": "Feature", "properties": { "basisOfRecord": "HumanObservation", "date_year": 2023, "eventDate": "2023-06-23T13:13:00+02:00", "individualCount": null, "scientificName": "Rissa tridactyla", "id": "74f2c2a4-2a85-441d-9daa-73157906044d", "especie_normalizada": "Rissa tridactyla", "decada": 2020.0 }, "geometry": { "type": "Point", "coordinates": [ 29.9635724559, 70.035773357400004 ] } },
{ "type": "Feature", "properties": { "basisOfRecord": "HumanObservation", "date_year": 2023, "eventDate": "2023-07-12T13:34:00+02:00", "individualCount": null, "scientificName": "Fratercula arctica", "id": "74fa7103-90ec-4970-898c-b7f2c2f3693e", "especie_normalizada": "Fratercula arctica", "decada": 2020.0 }, "geometry": { "type": "Point", "coordinates": [ 31.0835053827, 70.3367675346 ] } },
{ "type": "Feature", "properties": { "basisOfRecord": "HumanObservation", "date_year": 2023, "eventDate": "2023-07-20T10:49:10+00:00", "individualCount": null, "scientificName": "Fratercula arctica", "id": "7573a523-c998-452a-9f23-4048fbfcdd9a", "especie_normalizada": "Fratercula arctica", "decada": 2020.0 }, "geometry": { "type": "Point", "coordinates": [ -13.754739799699999, 65.5419392 ] } },
{ "type": "Feature", "properties": { "basisOfRecord": "HumanObservation", "date_year": 2023, "eventDate": "2023-06-23T15:04:00+02:00", "individualCount": null, "scientificName": "Fratercula arctica", "id": "757412a2-7ac3-48f5-98bd-b30ddfe00d9d", "especie_normalizada": "Fratercula arctica", "decada": 2020.0 }, "geometry": { "type": "Point", "coordinates": [ 31.050690790699999, 70.277236249400005 ] } },
{ "type": "Feature", "properties": { "basisOfRecord": "HumanObservation", "date_year": 2023, "eventDate": "2023-06-23T17:02:00+02:00", "individualCount": null, "scientificName": "Fratercula arctica", "id": "759b1671-a1d8-4fb2-9194-ab43d8d4730a", "especie_normalizada": "Fratercula arctica", "decada": 2020.0 }, "geometry": { "type": "Point", "coordinates": [ 31.0382304026, 70.269297120499999 ] } },
{ "type": "Feature", "properties": { "basisOfRecord": "HumanObservation", "date_year": 2023, "eventDate": "2023-08-19T14:51:30+01:00", "individualCount": null, "scientificName": "Fratercula arctica", "id": "75c3dae8-43c8-43ed-adc1-2b01c89fed1f", "especie_normalizada": "Fratercula arctica", "decada": 2020.0 }, "geometry": { "type": "Point", "coordinates": [ -7.6570197567, 62.103019906599997 ] } },
{ "type": "Feature", "properties": { "basisOfRecord": "HumanObservation", "date_year": 2023, "eventDate": "2023-06-23T15:31:00+02:00", "individualCount": null, "scientificName": "Fratercula arctica", "id": "75d54645-63cc-4f42-82d0-26416eed7dce", "especie_normalizada": "Fratercula arctica", "decada": 2020.0 }, "geometry": { "type": "Point", "coordinates": [ 31.180464609, 70.289455365 ] } },
{ "type": "Feature", "properties": { "basisOfRecord": "HumanObservation", "date_year": 2023, "eventDate": "2023-06-23T15:17:00+02:00", "individualCount": null, "scientificName": "Rissa tridactyla", "id": "75d9e15e-3243-41f6-94b3-971dea0ceca3", "especie_normalizada": "Rissa tridactyla", "decada": 2020.0 }, "geometry": { "type": "Point", "coordinates": [ 31.0892985431, 70.341927635100006 ] } },
{ "type": "Feature", "properties": { "basisOfRecord": "HumanObservation", "date_year": 2023, "eventDate": "2023-07-01T17:00:00+00:00", "individualCount": null, "scientificName": "Fratercula arctica", "id": "75e396e9-ff0f-47e1-82ab-2d531d7f3bef", "especie_normalizada": "Fratercula arctica", "decada": 2020.0 }, "geometry": { "type": "Point", "coordinates": [ -22.82722305, 66.04716313 ] } },
{ "type": "Feature", "properties": { "basisOfRecord": "HumanObservation", "date_year": 2023, "eventDate": "2023-06-22T11:54:58+00:00", "individualCount": null, "scientificName": "Rissa tridactyla", "id": "762beaa7-ef7a-4e1c-8db5-52083d475aa4", "especie_normalizada": "Rissa tridactyla", "decada": 2020.0 }, "geometry": { "type": "Point", "coordinates": [ -18.01137147, 66.55576602 ] } },
{ "type": "Feature", "properties": { "basisOfRecord": "HumanObservation", "date_year": 2023, "eventDate": "2023-07-25T13:14:00+01:00", "individualCount": null, "scientificName": "Fratercula arctica", "id": "763706a8-3d00-476a-ac70-8154cbc1adec", "especie_normalizada": "Fratercula arctica", "decada": 2020.0 }, "geometry": { "type": "Point", "coordinates": [ -2.4188716, 59.372008 ] } },
{ "type": "Feature", "properties": { "basisOfRecord": "HumanObservation", "date_year": 2023, "eventDate": "2023-06-23T16:21:00+02:00", "individualCount": null, "scientificName": "Fratercula arctica", "id": "76506c53-996e-4a20-8eb2-8524a618d94f", "especie_normalizada": "Fratercula arctica", "decada": 2020.0 }, "geometry": { "type": "Point", "coordinates": [ 31.184867459399999, 70.204068945499998 ] } },
{ "type": "Feature", "properties": { "basisOfRecord": "HumanObservation", "date_year": 2023, "eventDate": "2023-06-22T19:25:23-01:00", "individualCount": null, "scientificName": "Balaenoptera physalus", "id": "76b1c748-cac3-4013-a64d-3551d9497a15", "especie_normalizada": "Balaenoptera physalus", "decada": 2020.0 }, "geometry": { "type": "Point", "coordinates": [ -13.8272045581, 66.818612267 ] } },
{ "type": "Feature", "properties": { "basisOfRecord": "HumanObservation", "date_year": 2023, "eventDate": "2023-06-23T15:05:00+02:00", "individualCount": null, "scientificName": "Rissa tridactyla", "id": "77160f6e-ca26-4938-bf6d-e2e9f952201e", "especie_normalizada": "Rissa tridactyla", "decada": 2020.0 }, "geometry": { "type": "Point", "coordinates": [ 31.194731447900001, 70.357397349099998 ] } },
{ "type": "Feature", "properties": { "basisOfRecord": "HumanObservation", "date_year": 2023, "eventDate": "2023-05-24T08:53:15+01:00", "individualCount": null, "scientificName": "Fratercula arctica", "id": "772bedbf-7e4f-46c4-894a-df1a9a2fe055", "especie_normalizada": "Fratercula arctica", "decada": 2020.0 }, "geometry": { "type": "Point", "coordinates": [ -1.6023916667, 59.534793333300001 ] } },
{ "type": "Feature", "properties": { "basisOfRecord": "HumanObservation", "date_year": 2023, "eventDate": "2023-07-13T16:56:00+00:00", "individualCount": null, "scientificName": "Rissa tridactyla", "id": "77384169-545c-4d3a-b382-e4de34780533", "especie_normalizada": "Rissa tridactyla", "decada": 2020.0 }, "geometry": { "type": "Point", "coordinates": [ -23.554342631, 64.771691607400001 ] } },
{ "type": "Feature", "properties": { "basisOfRecord": "HumanObservation", "date_year": 2023, "eventDate": "2023-06-01T19:32:00+01:00", "individualCount": null, "scientificName": "Rissa tridactyla tridactyla", "id": "77820fee-7ec8-4f2b-8821-6796e0a325cc", "especie_normalizada": "Rissa tridactyla", "decada": 2020.0 }, "geometry": { "type": "Point", "coordinates": [ -7.1821779128, 62.245112703499998 ] } },
{ "type": "Feature", "properties": { "basisOfRecord": "HumanObservation", "date_year": 2023, "eventDate": "2023-07-09T17:10:00+00:00", "individualCount": null, "scientificName": "Fratercula arctica", "id": "77a03ca3-f202-4857-a69d-78113579026f", "especie_normalizada": "Fratercula arctica", "decada": 2020.0 }, "geometry": { "type": "Point", "coordinates": [ -17.9823518844, 66.530403338599996 ] } },
{ "type": "Feature", "properties": { "basisOfRecord": "HumanObservation", "date_year": 2023, "eventDate": "2023-06-22T14:18:00+02:00", "individualCount": null, "scientificName": "Rissa tridactyla", "id": "77aa0ef1-01c8-4d39-8d16-42014a139cf7", "especie_normalizada": "Rissa tridactyla", "decada": 2020.0 }, "geometry": { "type": "Point", "coordinates": [ 30.7899962059, 69.634264825599999 ] } },
{ "type": "Feature", "properties": { "basisOfRecord": "HumanObservation", "date_year": 2023, "eventDate": "2023-05-31T16:16:00+00:00", "individualCount": null, "scientificName": "Fratercula arctica", "id": "77d3e4a3-6148-40de-8a8a-b4f59f367783", "especie_normalizada": "Fratercula arctica", "decada": 2020.0 }, "geometry": { "type": "Point", "coordinates": [ -13.7562839213, 65.542628834 ] } },
{ "type": "Feature", "properties": { "basisOfRecord": "HumanObservation", "date_year": 2023, "eventDate": "2023-07-28T11:05:02+02:00", "individualCount": null, "scientificName": "Fratercula arctica", "id": "77f7aea8-251c-443f-b424-9afb7717da43", "especie_normalizada": "Fratercula arctica", "decada": 2020.0 }, "geometry": { "type": "Point", "coordinates": [ 24.662802920200001, 71.119290999399993 ] } },
{ "type": "Feature", "properties": { "basisOfRecord": "HumanObservation", "date_year": 2023, "eventDate": "2023-07-05T10:26:00+00:00", "individualCount": null, "scientificName": "Rissa tridactyla", "id": "78103410-1040-424d-8805-786c06cdb9a0", "especie_normalizada": "Rissa tridactyla", "decada": 2020.0 }, "geometry": { "type": "Point", "coordinates": [ -23.6446599619, 64.751560254099999 ] } },
{ "type": "Feature", "properties": { "basisOfRecord": "HumanObservation", "date_year": 2023, "eventDate": "2023-07-28T12:11:46+02:00", "individualCount": null, "scientificName": "Fratercula arctica", "id": "7900095f-93fa-4088-a7ba-04569ff0783b", "especie_normalizada": "Fratercula arctica", "decada": 2020.0 }, "geometry": { "type": "Point", "coordinates": [ 25.220886462700001, 71.116773694599999 ] } },
{ "type": "Feature", "properties": { "basisOfRecord": "HumanObservation", "date_year": 2023, "eventDate": "2023-06-02T13:24:25+00:00", "individualCount": null, "scientificName": "Rissa tridactyla", "id": "7933a826-3654-4471-8863-82408ee6abf7", "especie_normalizada": "Rissa tridactyla", "decada": 2020.0 }, "geometry": { "type": "Point", "coordinates": [ -23.616471666700001, 64.7677 ] } },
{ "type": "Feature", "properties": { "basisOfRecord": "HumanObservation", "date_year": 2023, "eventDate": "2023-07-07T13:41:00+00:00", "individualCount": null, "scientificName": "Fratercula arctica", "id": "7950e585-4b43-4711-beae-b373190b7ac0", "especie_normalizada": "Fratercula arctica", "decada": 2020.0 }, "geometry": { "type": "Point", "coordinates": [ -14.771627517300001, 66.360560062900007 ] } },
{ "type": "Feature", "properties": { "basisOfRecord": "HumanObservation", "date_year": 2023, "eventDate": "2023-07-16T12:14:00+01:00", "individualCount": null, "scientificName": "Fratercula arctica", "id": "799b0b32-e459-4bed-a9a8-7e6ba3778f89", "especie_normalizada": "Fratercula arctica", "decada": 2020.0 }, "geometry": { "type": "Point", "coordinates": [ -1.2745716423, 59.854336857299998 ] } },
{ "type": "Feature", "properties": { "basisOfRecord": "HumanObservation", "date_year": 2023, "eventDate": "2023-07-28T18:05:00+02:00", "individualCount": null, "scientificName": "Rissa tridactyla", "id": "79f2a83a-c45c-4966-9455-bd65bc1df030", "especie_normalizada": "Rissa tridactyla", "decada": 2020.0 }, "geometry": { "type": "Point", "coordinates": [ 25.3234620534, 71.026314891400006 ] } },
{ "type": "Feature", "properties": { "basisOfRecord": "HumanObservation", "date_year": 2023, "eventDate": "2023-06-23T15:17:00+02:00", "individualCount": null, "scientificName": "Rissa tridactyla", "id": "7a0a2c8f-0349-45c1-8de1-0a464aab5beb", "especie_normalizada": "Rissa tridactyla", "decada": 2020.0 }, "geometry": { "type": "Point", "coordinates": [ 31.004552197799999, 70.252243452399995 ] } },
{ "type": "Feature", "properties": { "basisOfRecord": "HumanObservation", "date_year": 2023, "eventDate": "2023-05-19T11:18:00+02:00", "individualCount": null, "scientificName": "Rissa tridactyla", "id": "7ab1e893-11e0-4832-a512-1181aa144226", "especie_normalizada": "Rissa tridactyla", "decada": 2020.0 }, "geometry": { "type": "Point", "coordinates": [ 9.0247100113, 57.158234375100001 ] } },
{ "type": "Feature", "properties": { "basisOfRecord": "HumanObservation", "date_year": 2023, "eventDate": "2023-03-04T12:38:16", "individualCount": "1", "scientificName": "Balaenoptera musculus", "id": "7b3df04e-b0dd-4a16-b934-c1a58ecc2ff4", "especie_normalizada": "Balaenoptera musculus", "decada": 2020.0 }, "geometry": { "type": "Point", "coordinates": [ -17.521948, 66.029332 ] } },
{ "type": "Feature", "properties": { "basisOfRecord": "HumanObservation", "date_year": 2023, "eventDate": "2023-06-23T17:07:00+02:00", "individualCount": null, "scientificName": "Fratercula arctica", "id": "7b5b9500-462d-4122-b890-6aef43825348", "especie_normalizada": "Fratercula arctica", "decada": 2020.0 }, "geometry": { "type": "Point", "coordinates": [ 31.173104753899999, 70.241290334200002 ] } },
{ "type": "Feature", "properties": { "basisOfRecord": "HumanObservation", "date_year": 2023, "eventDate": "2023-06-12T14:19:22", "individualCount": "1", "scientificName": "Balaenoptera musculus", "id": "7b6a80ee-a831-4929-91cc-84ae5df51152", "especie_normalizada": "Balaenoptera musculus", "decada": 2020.0 }, "geometry": { "type": "Point", "coordinates": [ -17.479248, 66.070781 ] } },
{ "type": "Feature", "properties": { "basisOfRecord": "HumanObservation", "date_year": 2023, "eventDate": "2023-06-29T10:40:00+01:00", "individualCount": null, "scientificName": "Rissa tridactyla", "id": "7b8ff0a3-1e70-45f8-b71f-a22f108e5640", "especie_normalizada": "Rissa tridactyla", "decada": 2020.0 }, "geometry": { "type": "Point", "coordinates": [ -1.0105598218, 60.133372802700002 ] } },
{ "type": "Feature", "properties": { "basisOfRecord": "HumanObservation", "date_year": 2023, "eventDate": "2023-07-26T19:40:00+02:00", "individualCount": null, "scientificName": "Fratercula arctica", "id": "7bab6d8d-22e9-405d-b1cf-52bfbc34b87a", "especie_normalizada": "Fratercula arctica", "decada": 2020.0 }, "geometry": { "type": "Point", "coordinates": [ 5.6611598354, 62.4863320308 ] } },
{ "type": "Feature", "properties": { "basisOfRecord": "HumanObservation", "date_year": 2023, "eventDate": "2023-06-29T14:04:00+02:00", "individualCount": null, "scientificName": "Fratercula arctica", "id": "7c11fea4-5a37-491a-b398-2f142f41aa6d", "especie_normalizada": "Fratercula arctica", "decada": 2020.0 }, "geometry": { "type": "Point", "coordinates": [ 31.0428754193, 70.327487486899997 ] } },
{ "type": "Feature", "properties": { "basisOfRecord": "HumanObservation", "date_year": 2023, "eventDate": "2023-08-11T07:36:00+00:00", "individualCount": null, "scientificName": "Fratercula arctica", "id": "7c53b7ea-6128-4685-9e0b-108f7f540bc2", "especie_normalizada": "Fratercula arctica", "decada": 2020.0 }, "geometry": { "type": "Point", "coordinates": [ -13.755936, 65.542569 ] } },
{ "type": "Feature", "properties": { "basisOfRecord": "HumanObservation", "date_year": 2023, "eventDate": "2023-09-10T08:39:00+02:00", "individualCount": null, "scientificName": "Rissa tridactyla", "id": "7cc7cb67-dbf2-4dfb-ac98-dc876e0bac09", "especie_normalizada": "Rissa tridactyla", "decada": 2020.0 }, "geometry": { "type": "Point", "coordinates": [ 19.002142688700001, 80.641110888200004 ] } },
{ "type": "Feature", "properties": { "basisOfRecord": "HumanObservation", "date_year": 2023, "eventDate": "2023-06-17T17:27:00+02:00", "individualCount": null, "scientificName": "Rissa tridactyla", "id": "7cdc6df7-efaf-4058-aa1c-96fc98786e1c", "especie_normalizada": "Rissa tridactyla", "decada": 2020.0 }, "geometry": { "type": "Point", "coordinates": [ 11.860931623100001, 79.129277392199995 ] } },
{ "type": "Feature", "properties": { "basisOfRecord": "HumanObservation", "date_year": 2023, "eventDate": "2023-12-31", "individualCount": "1", "scientificName": "Physeter macrocephalus", "id": "7d6d4866-9c3a-4e53-94ad-b94fdca4e7d4", "especie_normalizada": "Physeter macrocephalus", "decada": 2020.0 }, "geometry": { "type": "Point", "coordinates": [ 21.768624, 69.934301 ] } },
{ "type": "Feature", "properties": { "basisOfRecord": "HumanObservation", "date_year": 2023, "eventDate": "2023-07-03T15:50:00+00:00", "individualCount": null, "scientificName": "Rissa tridactyla", "id": "7d8c643d-1bf0-4910-9a73-65ba5b5188f5", "especie_normalizada": "Rissa tridactyla", "decada": 2020.0 }, "geometry": { "type": "Point", "coordinates": [ -20.256070189399999, 63.449942087499998 ] } },
{ "type": "Feature", "properties": { "basisOfRecord": "HumanObservation", "date_year": 2023, "eventDate": "2023-08-11T18:32:57+00:00", "individualCount": null, "scientificName": "Fratercula arctica", "id": "7dc073c6-a6b4-45a7-bbd4-4c0a17fdef88", "especie_normalizada": "Fratercula arctica", "decada": 2020.0 }, "geometry": { "type": "Point", "coordinates": [ -19.1042221338, 63.403366447400003 ] } },
{ "type": "Feature", "properties": { "basisOfRecord": "HumanObservation", "date_year": 2023, "eventDate": "2023-06-29T22:25:57", "individualCount": "1", "scientificName": "Balaenoptera musculus", "id": "7e04eeb5-ea35-41d5-b730-d482d97f90c1", "especie_normalizada": "Balaenoptera musculus", "decada": 2020.0 }, "geometry": { "type": "Point", "coordinates": [ 11.435, 78.115 ] } },
{ "type": "Feature", "properties": { "basisOfRecord": "HumanObservation", "date_year": 2023, "eventDate": "2023-03-23T10:01:00+01:00", "individualCount": null, "scientificName": "Rissa tridactyla", "id": "7e4927f3-3476-4109-8bd8-2e6f031c0ac1", "especie_normalizada": "Rissa tridactyla", "decada": 2020.0 }, "geometry": { "type": "Point", "coordinates": [ 30.0293098633, 70.002776957899997 ] } },
{ "type": "Feature", "properties": { "basisOfRecord": "HumanObservation", "date_year": 2023, "eventDate": "2023-07-07T12:19:55+02:00", "individualCount": null, "scientificName": "Fratercula arctica", "id": "7e90a487-6081-4241-8d35-9eb74c8ef712", "especie_normalizada": "Fratercula arctica", "decada": 2020.0 }, "geometry": { "type": "Point", "coordinates": [ 31.030148344099999, 70.292223437800004 ] } },
{ "type": "Feature", "properties": { "basisOfRecord": "HumanObservation", "date_year": 2023, "eventDate": "2023-06-28T04:12:41", "individualCount": "1", "scientificName": "Balaenoptera musculus", "id": "7ea65e4b-de53-481c-9d76-bb74a1fe9e0b", "especie_normalizada": "Balaenoptera musculus", "decada": 2020.0 }, "geometry": { "type": "Point", "coordinates": [ 11.16, 78.19 ] } },
{ "type": "Feature", "properties": { "basisOfRecord": "HumanObservation", "date_year": 2023, "eventDate": "2023-07-13T12:52:00+02:00", "individualCount": null, "scientificName": "Rissa tridactyla", "id": "7fbe303e-f29d-43d7-b5a9-8c95e9a407b6", "especie_normalizada": "Rissa tridactyla", "decada": 2020.0 }, "geometry": { "type": "Point", "coordinates": [ 13.026983, 79.605102 ] } },
{ "type": "Feature", "properties": { "basisOfRecord": "HumanObservation", "date_year": 2023, "eventDate": "2023-06-03T07:13:00+00:00", "individualCount": null, "scientificName": "Rissa tridactyla", "id": "801a0af8-2541-41fa-be85-77c93af6423d", "especie_normalizada": "Rissa tridactyla", "decada": 2020.0 }, "geometry": { "type": "Point", "coordinates": [ -17.9961161, 66.5423498 ] } },
{ "type": "Feature", "properties": { "basisOfRecord": "HumanObservation", "date_year": 2023, "eventDate": "2023-07-22T10:31:02+02:00", "individualCount": null, "scientificName": "Fratercula arctica", "id": "802f2152-c4d2-40eb-8557-7b88ea328924", "especie_normalizada": "Fratercula arctica", "decada": 2020.0 }, "geometry": { "type": "Point", "coordinates": [ 31.166521572800001, 70.3202464373 ] } },
{ "type": "Feature", "properties": { "basisOfRecord": "HumanObservation", "date_year": 2023, "eventDate": "2023-06-23T17:38:00+02:00", "individualCount": null, "scientificName": "Rissa tridactyla", "id": "8032d2e2-aa39-4ff3-82e9-3ccd2d78112d", "especie_normalizada": "Rissa tridactyla", "decada": 2020.0 }, "geometry": { "type": "Point", "coordinates": [ 31.082856988700001, 70.374044829200002 ] } },
{ "type": "Feature", "properties": { "basisOfRecord": "HumanObservation", "date_year": 2023, "eventDate": "2023-05-28T12:04:00+00:00", "individualCount": null, "scientificName": "Rissa tridactyla", "id": "80583e55-aceb-47c3-bfca-6e4bd90d0f23", "especie_normalizada": "Rissa tridactyla", "decada": 2020.0 }, "geometry": { "type": "Point", "coordinates": [ -24.026820511299999, 64.880504425599995 ] } },
{ "type": "Feature", "properties": { "basisOfRecord": "HumanObservation", "date_year": 2023, "eventDate": "2023-07-16T13:54:00+00:00", "individualCount": null, "scientificName": "Rissa tridactyla", "id": "80714fd0-0afe-4e96-b8b5-79fec6fa1afc", "especie_normalizada": "Rissa tridactyla", "decada": 2020.0 }, "geometry": { "type": "Point", "coordinates": [ -24.526486666699999, 65.500290555 ] } },
{ "type": "Feature", "properties": { "basisOfRecord": "HumanObservation", "date_year": 2023, "eventDate": "2023-07-18T15:41:00+00:00", "individualCount": null, "scientificName": "Fratercula arctica", "id": "808c37e2-7fd2-48c9-a327-04f8d5a414ac", "especie_normalizada": "Fratercula arctica", "decada": 2020.0 }, "geometry": { "type": "Point", "coordinates": [ -17.99928, 66.553496666699999 ] } },
{ "type": "Feature", "properties": { "basisOfRecord": "HumanObservation", "date_year": 2023, "eventDate": "2023-07-18T03:35:00+02:00", "individualCount": null, "scientificName": "Rissa tridactyla", "id": "80d842e2-8447-470b-a7df-56fd697ac139", "especie_normalizada": "Rissa tridactyla", "decada": 2020.0 }, "geometry": { "type": "Point", "coordinates": [ 31.158435620399999, 70.353174077299997 ] } },
{ "type": "Feature", "properties": { "basisOfRecord": "HumanObservation", "date_year": 2023, "eventDate": "2023-06-23T16:21:00+02:00", "individualCount": null, "scientificName": "Fratercula arctica", "id": "81c4bcaa-01ca-45f6-82a1-038319dfef9d", "especie_normalizada": "Fratercula arctica", "decada": 2020.0 }, "geometry": { "type": "Point", "coordinates": [ 31.034365407, 70.268142180599995 ] } },
{ "type": "Feature", "properties": { "basisOfRecord": "HumanObservation", "date_year": 2023, "eventDate": "2023-07-16T13:39:00+00:00", "individualCount": null, "scientificName": "Fratercula arctica", "id": "81e088ae-595d-49f9-92fe-06dbd8544084", "especie_normalizada": "Fratercula arctica", "decada": 2020.0 }, "geometry": { "type": "Point", "coordinates": [ -24.527978888300002, 65.5007638883 ] } },
{ "type": "Feature", "properties": { "basisOfRecord": "HumanObservation", "date_year": 2023, "eventDate": "2023-08-26T07:04:00+00:00", "individualCount": null, "scientificName": "Fratercula arctica", "id": "81ee3437-c451-4937-9435-de56bedb1c58", "especie_normalizada": "Fratercula arctica", "decada": 2020.0 }, "geometry": { "type": "Point", "coordinates": [ -20.126038, 63.512938 ] } },
{ "type": "Feature", "properties": { "basisOfRecord": "HumanObservation", "date_year": 2023, "eventDate": "2023-06-07T15:51:58+01:00", "individualCount": null, "scientificName": "Fratercula arctica", "id": "82a61375-37d1-4d90-98da-4f2aea1302ba", "especie_normalizada": "Fratercula arctica", "decada": 2020.0 }, "geometry": { "type": "Point", "coordinates": [ -7.6539133333, 62.103825 ] } },
{ "type": "Feature", "properties": { "basisOfRecord": "HumanObservation", "date_year": 2023, "eventDate": "2023-06-04T19:06:29", "individualCount": "1", "scientificName": "Balaenoptera musculus", "id": "82b069a4-5c2d-4bfa-a8e6-e2e4b6228d22", "especie_normalizada": "Balaenoptera musculus", "decada": 2020.0 }, "geometry": { "type": "Point", "coordinates": [ 14.923096, 78.233795 ] } },
{ "type": "Feature", "properties": { "basisOfRecord": "HumanObservation", "date_year": 2023, "eventDate": "2023-05-14T15:51:00+00:00", "individualCount": null, "scientificName": "Rissa tridactyla", "id": "832ea7b9-fa66-4289-a4fd-1b60c23b8340", "especie_normalizada": "Rissa tridactyla", "decada": 2020.0 }, "geometry": { "type": "Point", "coordinates": [ -22.739565238, 63.880745462299998 ] } },
{ "type": "Feature", "properties": { "basisOfRecord": "HumanObservation", "date_year": 2023, "eventDate": "2023-07-06T21:04:11+00:00", "individualCount": null, "scientificName": "Fratercula arctica", "id": "83322ddb-dbf3-434b-a552-2244a6ccbfce", "especie_normalizada": "Fratercula arctica", "decada": 2020.0 }, "geometry": { "type": "Point", "coordinates": [ -20.296407714499999, 63.4464703939 ] } },
{ "type": "Feature", "properties": { "basisOfRecord": "HumanObservation", "date_year": 2023, "eventDate": "2023-06-23T15:09:00+02:00", "individualCount": null, "scientificName": "Fratercula arctica", "id": "8385ef1d-cf38-45e7-917b-9162fea85052", "especie_normalizada": "Fratercula arctica", "decada": 2020.0 }, "geometry": { "type": "Point", "coordinates": [ 31.018558498699999, 70.318154680299997 ] } },
{ "type": "Feature", "properties": { "basisOfRecord": "HumanObservation", "date_year": 2023, "eventDate": "2023-06-23T15:36:00+02:00", "individualCount": null, "scientificName": "Fratercula arctica", "id": "83c6c404-1e73-42ea-9be2-84d395d2ce60", "especie_normalizada": "Fratercula arctica", "decada": 2020.0 }, "geometry": { "type": "Point", "coordinates": [ 31.049674404899999, 70.277149742899994 ] } },
{ "type": "Feature", "properties": { "basisOfRecord": "HumanObservation", "date_year": 2023, "eventDate": "2023-06-05T13:51:00+01:00", "individualCount": null, "scientificName": "Fratercula arctica", "id": "840df37b-a30a-4fd9-96b1-119d7d14146b", "especie_normalizada": "Fratercula arctica", "decada": 2020.0 }, "geometry": { "type": "Point", "coordinates": [ -5.1976759873, 58.386896600100002 ] } },
{ "type": "Feature", "properties": { "basisOfRecord": "HumanObservation", "date_year": 2023, "eventDate": "2023-05-11T22:06:46+00:00", "individualCount": null, "scientificName": "Fratercula arctica", "id": "841fea01-9981-43e1-b6a5-4fe6c8bd3852", "especie_normalizada": "Fratercula arctica", "decada": 2020.0 }, "geometry": { "type": "Point", "coordinates": [ -13.756318800200001, 65.542375296299994 ] } },
{ "type": "Feature", "properties": { "basisOfRecord": "HumanObservation", "date_year": 2023, "eventDate": "2023-06-23T16:58:00+02:00", "individualCount": null, "scientificName": "Fratercula arctica", "id": "84a67330-adfe-4674-9f2d-c4e8edbcc4ad", "especie_normalizada": "Fratercula arctica", "decada": 2020.0 }, "geometry": { "type": "Point", "coordinates": [ 31.0067536872, 70.264497321 ] } },
{ "type": "Feature", "properties": { "basisOfRecord": "HumanObservation", "date_year": 2023, "eventDate": "2023-07-14T12:51:00+00:00", "individualCount": null, "scientificName": "Rissa tridactyla", "id": "84fe9419-a8a8-4737-9668-68780b6e156a", "especie_normalizada": "Rissa tridactyla", "decada": 2020.0 }, "geometry": { "type": "Point", "coordinates": [ -24.041315555, 64.886780555 ] } },
{ "type": "Feature", "properties": { "basisOfRecord": "HumanObservation", "date_year": 2023, "eventDate": "2023-06-23T16:19:00+02:00", "individualCount": null, "scientificName": "Fratercula arctica", "id": "8500a51b-ec36-4e66-930b-5bef47dbc3d1", "especie_normalizada": "Fratercula arctica", "decada": 2020.0 }, "geometry": { "type": "Point", "coordinates": [ 31.03416997, 70.386201801200002 ] } },
{ "type": "Feature", "properties": { "basisOfRecord": "HumanObservation", "date_year": 2023, "eventDate": "2023-06-03T08:30:00+00:00", "individualCount": null, "scientificName": "Rissa tridactyla", "id": "856cd7da-32d0-4ae1-ad8a-5e6fbfeacdb4", "especie_normalizada": "Rissa tridactyla", "decada": 2020.0 }, "geometry": { "type": "Point", "coordinates": [ -18.019695630200001, 66.546964226300005 ] } },
{ "type": "Feature", "properties": { "basisOfRecord": "HumanObservation", "date_year": 2023, "eventDate": "2023-07-23T18:40:00+00:00", "individualCount": null, "scientificName": "Fratercula arctica", "id": "857627ef-7278-464b-99b2-628605106b5c", "especie_normalizada": "Fratercula arctica", "decada": 2020.0 }, "geometry": { "type": "Point", "coordinates": [ -19.131128055, 63.4026175 ] } },
{ "type": "Feature", "properties": { "basisOfRecord": "HumanObservation", "date_year": 2023, "eventDate": "2023-06-12T11:07:35+00:00", "individualCount": null, "scientificName": "Fratercula arctica", "id": "85b3ac24-64c7-4f31-9d75-c9015634811e", "especie_normalizada": "Fratercula arctica", "decada": 2020.0 }, "geometry": { "type": "Point", "coordinates": [ -14.1963321716, 65.268485212200005 ] } },
{ "type": "Feature", "properties": { "basisOfRecord": "HumanObservation", "date_year": 2023, "eventDate": "2023-07-10T18:16:50", "individualCount": "1", "scientificName": "Physeter macrocephalus", "id": "85edd6c8-01e5-496e-b073-674f0f06edd0", "especie_normalizada": "Physeter macrocephalus", "decada": 2020.0 }, "geometry": { "type": "Point", "coordinates": [ 15.75, 69.416667 ] } },
{ "type": "Feature", "properties": { "basisOfRecord": "HumanObservation", "date_year": 2023, "eventDate": "2023-11-30T19:53:09+00:00", "individualCount": null, "scientificName": "Fratercula arctica", "id": "864c23ea-a950-4a3a-991f-37b743a2fbc9", "especie_normalizada": "Fratercula arctica", "decada": 2020.0 }, "geometry": { "type": "Point", "coordinates": [ -18.9127397, 64.92952405 ] } },
{ "type": "Feature", "properties": { "basisOfRecord": "HumanObservation", "date_year": 2023, "eventDate": "2023-07-08T15:47:00+02:00", "individualCount": null, "scientificName": "Rissa tridactyla", "id": "86a70b05-b915-476e-ab68-e77ba5d1a662", "especie_normalizada": "Rissa tridactyla", "decada": 2020.0 }, "geometry": { "type": "Point", "coordinates": [ 15.8746128065, 77.016994573299996 ] } },
{ "type": "Feature", "properties": { "basisOfRecord": "HumanObservation", "date_year": 2023, "eventDate": "2023-06-23T15:28:56+02:00", "individualCount": null, "scientificName": "Fratercula arctica", "id": "86d66905-6208-48a0-a1d8-e7e49919b8af", "especie_normalizada": "Fratercula arctica", "decada": 2020.0 }, "geometry": { "type": "Point", "coordinates": [ 31.161628558299999, 70.341433970400004 ] } },
{ "type": "Feature", "properties": { "basisOfRecord": "HumanObservation", "date_year": 2023, "eventDate": "2023-06-23T17:40:00+02:00", "individualCount": null, "scientificName": "Rissa tridactyla", "id": "871edd8d-1376-4fe3-a730-b6862eb02699", "especie_normalizada": "Rissa tridactyla", "decada": 2020.0 }, "geometry": { "type": "Point", "coordinates": [ 31.060220379499999, 70.334685416100001 ] } },
{ "type": "Feature", "properties": { "basisOfRecord": "HumanObservation", "date_year": 2023, "eventDate": "2023-06-20T15:59:14+02:00", "individualCount": null, "scientificName": "Rissa tridactyla", "id": "882b7edb-73bc-44ea-ba4a-7f50afc45db6", "especie_normalizada": "Rissa tridactyla", "decada": 2020.0 }, "geometry": { "type": "Point", "coordinates": [ 18.922664710599999, 69.776467402600005 ] } },
{ "type": "Feature", "properties": { "basisOfRecord": "HumanObservation", "date_year": 2023, "eventDate": "2023-07-30T11:28:00+02:00", "individualCount": null, "scientificName": "Fratercula arctica", "id": "884f4433-6b62-4e91-9844-32e946008237", "especie_normalizada": "Fratercula arctica", "decada": 2020.0 }, "geometry": { "type": "Point", "coordinates": [ 20.5074712726, 80.751885103299998 ] } },
{ "type": "Feature", "properties": { "basisOfRecord": "HumanObservation", "date_year": 2023, "eventDate": "2023-06-27T11:32:00+00:00", "individualCount": null, "scientificName": "Fratercula arctica", "id": "88726b29-fdcc-4754-9e9a-3309de352dfc", "especie_normalizada": "Fratercula arctica", "decada": 2020.0 }, "geometry": { "type": "Point", "coordinates": [ -22.064868927, 64.028114318799993 ] } },
{ "type": "Feature", "properties": { "basisOfRecord": "HumanObservation", "date_year": 2023, "eventDate": "2023-06-04T09:41:31+02:00", "individualCount": null, "scientificName": "Rissa tridactyla", "id": "8874604e-43fc-4da2-a2fd-ad3b68913c99", "especie_normalizada": "Rissa tridactyla", "decada": 2020.0 }, "geometry": { "type": "Point", "coordinates": [ 31.0640401838, 70.213312458600001 ] } },
{ "type": "Feature", "properties": { "basisOfRecord": "HumanObservation", "date_year": 2023, "eventDate": "2023-08-02T10:34:10+00:00", "individualCount": null, "scientificName": "Fratercula arctica", "id": "88b18aa7-b533-4c3c-8cba-29e233d7018c", "especie_normalizada": "Fratercula arctica", "decada": 2020.0 }, "geometry": { "type": "Point", "coordinates": [ -19.154703140300001, 63.433746337899997 ] } },
{ "type": "Feature", "properties": { "basisOfRecord": "HumanObservation", "date_year": 2023, "eventDate": "2023-07-06T19:27:12+00:00", "individualCount": null, "scientificName": "Rissa tridactyla", "id": "88f691eb-71a7-4179-b5a5-ecd18f563a5a", "especie_normalizada": "Rissa tridactyla", "decada": 2020.0 }, "geometry": { "type": "Point", "coordinates": [ -20.2767246, 63.4415675 ] } },
{ "type": "Feature", "properties": { "basisOfRecord": "HumanObservation", "date_year": 2023, "eventDate": "2023-07-23T18:39:00+00:00", "individualCount": null, "scientificName": "Fratercula arctica", "id": "88f8be92-9b08-4b65-a63a-08095dd223a4", "especie_normalizada": "Fratercula arctica", "decada": 2020.0 }, "geometry": { "type": "Point", "coordinates": [ -19.131047221700001, 63.402639721699998 ] } },
{ "type": "Feature", "properties": { "basisOfRecord": "HumanObservation", "date_year": 2023, "eventDate": "2023-06-23T16:36:00+02:00", "individualCount": null, "scientificName": "Fratercula arctica", "id": "89095b54-5918-40db-ae1f-df03e0c74308", "especie_normalizada": "Fratercula arctica", "decada": 2020.0 }, "geometry": { "type": "Point", "coordinates": [ 31.075752210299999, 70.2779741051 ] } },
{ "type": "Feature", "properties": { "basisOfRecord": "HumanObservation", "date_year": 2023, "eventDate": "2023-06-23T16:42:00+02:00", "individualCount": null, "scientificName": "Fratercula arctica", "id": "895b755b-cf97-4fb2-86a0-1bbe122b9fbd", "especie_normalizada": "Fratercula arctica", "decada": 2020.0 }, "geometry": { "type": "Point", "coordinates": [ 31.0834302122, 70.361719709 ] } },
{ "type": "Feature", "properties": { "basisOfRecord": "HumanObservation", "date_year": 2023, "eventDate": "2023-07-02T17:42:00+00:00", "individualCount": null, "scientificName": "Fratercula arctica", "id": "898b0b47-220c-4592-991a-207d4b6cc8bd", "especie_normalizada": "Fratercula arctica", "decada": 2020.0 }, "geometry": { "type": "Point", "coordinates": [ -24.565432812499999, 65.529424176700005 ] } },
{ "type": "Feature", "properties": { "basisOfRecord": "HumanObservation", "date_year": 2023, "eventDate": "2023-06-27T09:25:00+02:00", "individualCount": null, "scientificName": "Fratercula arctica", "id": "8a42bc2d-294f-46f0-801c-6d16e437b07b", "especie_normalizada": "Fratercula arctica", "decada": 2020.0 }, "geometry": { "type": "Point", "coordinates": [ 11.8782265889, 79.125416074399993 ] } },
{ "type": "Feature", "properties": { "basisOfRecord": "HumanObservation", "date_year": 2023, "eventDate": "2023-06-23T15:27:00+02:00", "individualCount": null, "scientificName": "Fratercula arctica", "id": "8a65db6d-984e-4219-97de-ab5d5dd6ca6e", "especie_normalizada": "Fratercula arctica", "decada": 2020.0 }, "geometry": { "type": "Point", "coordinates": [ 31.003383879899999, 70.338212325499995 ] } },
{ "type": "Feature", "properties": { "basisOfRecord": "HumanObservation", "date_year": 2023, "eventDate": "2023-06-04T09:01:00+01:00", "individualCount": null, "scientificName": "Fratercula arctica", "id": "8b60e0b0-215d-4bda-86b7-fdaae10f65c9", "especie_normalizada": "Fratercula arctica", "decada": 2020.0 }, "geometry": { "type": "Point", "coordinates": [ -3.3776352413, 58.670670923199999 ] } },
{ "type": "Feature", "properties": { "basisOfRecord": "HumanObservation", "date_year": 2023, "eventDate": "2023-08-07T10:19:00+00:00", "individualCount": null, "scientificName": "Fratercula arctica", "id": "8b874ed9-0d77-4880-85df-16738d14fdd9", "especie_normalizada": "Fratercula arctica", "decada": 2020.0 }, "geometry": { "type": "Point", "coordinates": [ -19.1316471797, 63.402121085799998 ] } },
{ "type": "Feature", "properties": { "basisOfRecord": "HumanObservation", "date_year": 2023, "eventDate": "2023-07-15T14:03:36", "individualCount": "1", "scientificName": "Balaenoptera musculus", "id": "8bf8f504-f048-49a9-b266-8df18fc28a45", "especie_normalizada": "Balaenoptera musculus", "decada": 2020.0 }, "geometry": { "type": "Point", "coordinates": [ 17.984619, 79.839244 ] } },
{ "type": "Feature", "properties": { "basisOfRecord": "HumanObservation", "date_year": 2023, "eventDate": "2023-08-01T15:06:00+00:00", "individualCount": null, "scientificName": "Rissa tridactyla", "id": "8c5f4639-c94c-43dc-a5dd-42af0e881197", "especie_normalizada": "Rissa tridactyla", "decada": 2020.0 }, "geometry": { "type": "Point", "coordinates": [ -17.208345450100001, 64.784216100799995 ] } },
{ "type": "Feature", "properties": { "basisOfRecord": "HumanObservation", "date_year": 2023, "eventDate": "2023-07-27T09:41:08+00:00", "individualCount": null, "scientificName": "Fratercula arctica", "id": "8ceda43d-8da7-48de-bc81-9f4f080a45be", "especie_normalizada": "Fratercula arctica", "decada": 2020.0 }, "geometry": { "type": "Point", "coordinates": [ -19.006848536500002, 63.463808352199997 ] } },
{ "type": "Feature", "properties": { "basisOfRecord": "HumanObservation", "date_year": 2023, "eventDate": "2023-06-03T11:25:00+00:00", "individualCount": null, "scientificName": "Fratercula arctica", "id": "8d15c77c-df17-4e0f-9edc-60b3c0a0cc05", "especie_normalizada": "Fratercula arctica", "decada": 2020.0 }, "geometry": { "type": "Point", "coordinates": [ -17.9961161, 66.5423498 ] } },
{ "type": "Feature", "properties": { "basisOfRecord": "HumanObservation", "date_year": 2023, "eventDate": "2023-07-20T13:33:00+00:00", "individualCount": null, "scientificName": "Fratercula arctica", "id": "8d4c7ff6-a95d-40b2-ab6d-8e0833795cd6", "especie_normalizada": "Fratercula arctica", "decada": 2020.0 }, "geometry": { "type": "Point", "coordinates": [ -18.0106808333, 66.537630555 ] } },
{ "type": "Feature", "properties": { "basisOfRecord": "HumanObservation", "date_year": 2023, "eventDate": "2023-05-31T14:34:00+00:00", "individualCount": null, "scientificName": "Rissa tridactyla", "id": "8dba37e8-805d-4144-bec2-da6b93b1411e", "especie_normalizada": "Rissa tridactyla", "decada": 2020.0 }, "geometry": { "type": "Point", "coordinates": [ -24.0130216429, 64.931119389100004 ] } },
{ "type": "Feature", "properties": { "basisOfRecord": "HumanObservation", "date_year": 2023, "eventDate": "2023-08-11T08:03:00+00:00", "individualCount": null, "scientificName": "Rissa tridactyla", "id": "8dc90ae5-efd6-459a-a88f-b4b370c4575b", "especie_normalizada": "Rissa tridactyla", "decada": 2020.0 }, "geometry": { "type": "Point", "coordinates": [ -13.755936, 65.542569 ] } },
{ "type": "Feature", "properties": { "basisOfRecord": "HumanObservation", "date_year": 2023, "eventDate": "2023-06-23T12:25:00+02:00", "individualCount": null, "scientificName": "Rissa tridactyla", "id": "8dd51505-cceb-4d7e-aa36-cee788c53b58", "especie_normalizada": "Rissa tridactyla", "decada": 2020.0 }, "geometry": { "type": "Point", "coordinates": [ 29.2427035925, 70.169540752200007 ] } },
{ "type": "Feature", "properties": { "basisOfRecord": "HumanObservation", "date_year": 2023, "eventDate": "2023-06-23T15:09:00+02:00", "individualCount": null, "scientificName": "Fratercula arctica", "id": "8e707bd3-0ab1-428f-a5b3-395aea8d5278", "especie_normalizada": "Fratercula arctica", "decada": 2020.0 }, "geometry": { "type": "Point", "coordinates": [ 31.1446318783, 70.248394873 ] } },
{ "type": "Feature", "properties": { "basisOfRecord": "HumanObservation", "date_year": 2023, "eventDate": "2023-06-23T17:23:00+02:00", "individualCount": null, "scientificName": "Rissa tridactyla", "id": "8e750127-5807-40e8-b462-6a37207194fd", "especie_normalizada": "Rissa tridactyla", "decada": 2020.0 }, "geometry": { "type": "Point", "coordinates": [ 31.073470546199999, 70.240439147199993 ] } },
{ "type": "Feature", "properties": { "basisOfRecord": "HumanObservation", "date_year": 2023, "eventDate": "2023-06-14T16:54:43+01:00", "individualCount": null, "scientificName": "Fratercula arctica", "id": "8eaa7f1e-3c55-4ea5-b05a-2698a4f86108", "especie_normalizada": "Fratercula arctica", "decada": 2020.0 }, "geometry": { "type": "Point", "coordinates": [ -1.3451234568, 59.975346190099998 ] } },
{ "type": "Feature", "properties": { "basisOfRecord": "HumanObservation", "date_year": 2023, "eventDate": "2023-06-23T17:27:00+02:00", "individualCount": null, "scientificName": "Rissa tridactyla", "id": "8f636cef-0550-41eb-8f51-53b44fbcb957", "especie_normalizada": "Rissa tridactyla", "decada": 2020.0 }, "geometry": { "type": "Point", "coordinates": [ 31.078689477400001, 70.221321887399995 ] } },
{ "type": "Feature", "properties": { "basisOfRecord": "HumanObservation", "date_year": 2023, "eventDate": "2023-07-17T12:02:00+01:00", "individualCount": null, "scientificName": "Rissa tridactyla", "id": "8f68edec-d08c-4f82-98da-2b0f8de531f2", "especie_normalizada": "Rissa tridactyla", "decada": 2020.0 }, "geometry": { "type": "Point", "coordinates": [ -6.7860282831, 62.361908277 ] } },
{ "type": "Feature", "properties": { "basisOfRecord": "HumanObservation", "date_year": 2023, "eventDate": "2023-06-22T12:49:00+00:00", "individualCount": null, "scientificName": "Fratercula arctica", "id": "8fce1356-e1ea-41d7-874e-eb73cb98ebad", "especie_normalizada": "Fratercula arctica", "decada": 2020.0 }, "geometry": { "type": "Point", "coordinates": [ -22.953454845100001, 65.388061415300001 ] } },
{ "type": "Feature", "properties": { "basisOfRecord": "HumanObservation", "date_year": 2023, "eventDate": "2023-06-23T16:37:00+02:00", "individualCount": null, "scientificName": "Fratercula arctica", "id": "9031d073-2481-4f75-9d3d-55e2da6a1cdd", "especie_normalizada": "Fratercula arctica", "decada": 2020.0 }, "geometry": { "type": "Point", "coordinates": [ 31.172489920499999, 70.361257664199996 ] } },
{ "type": "Feature", "properties": { "basisOfRecord": "HumanObservation", "date_year": 2023, "eventDate": "2023-07-16T14:11:00+00:00", "individualCount": null, "scientificName": "Fratercula arctica", "id": "90940268-b426-4d0b-a265-52ab91dfbad3", "especie_normalizada": "Fratercula arctica", "decada": 2020.0 }, "geometry": { "type": "Point", "coordinates": [ -24.515105833300002, 65.496683055 ] } },
{ "type": "Feature", "properties": { "basisOfRecord": "HumanObservation", "date_year": 2023, "eventDate": "2023-05-26", "individualCount": null, "scientificName": "Fratercula arctica", "id": "90f6ca94-0440-4d2f-a19a-3493964a884d", "especie_normalizada": "Fratercula arctica", "decada": 2020.0 }, "geometry": { "type": "Point", "coordinates": [ -3.0265838653, 58.640737492200003 ] } },
{ "type": "Feature", "properties": { "basisOfRecord": "HumanObservation", "date_year": 2023, "eventDate": "2023-06-01T13:15:35+00:00", "individualCount": null, "scientificName": "Fratercula arctica", "id": "90f9e33c-313c-44d1-9b1d-34d186114857", "especie_normalizada": "Fratercula arctica", "decada": 2020.0 }, "geometry": { "type": "Point", "coordinates": [ -21.9252517123, 64.145877287100006 ] } },
{ "type": "Feature", "properties": { "basisOfRecord": "HumanObservation", "date_year": 2023, "eventDate": "2023-06-23T16:19:00+02:00", "individualCount": null, "scientificName": "Fratercula arctica", "id": "912d240a-f387-4d04-a5ee-074be135c296", "especie_normalizada": "Fratercula arctica", "decada": 2020.0 }, "geometry": { "type": "Point", "coordinates": [ 31.104569592200001, 70.231686632399999 ] } },
{ "type": "Feature", "properties": { "basisOfRecord": "HumanObservation", "date_year": 2023, "eventDate": "2023-05-31T18:00:00+00:00", "individualCount": null, "scientificName": "Rissa tridactyla", "id": "9150c53b-e324-4b9e-900b-d94d34c210e1", "especie_normalizada": "Rissa tridactyla", "decada": 2020.0 }, "geometry": { "type": "Point", "coordinates": [ -24.038339733600001, 64.861847539500005 ] } },
{ "type": "Feature", "properties": { "basisOfRecord": "HumanObservation", "date_year": 2023, "eventDate": "2023-06-04T10:46:50+02:00", "individualCount": null, "scientificName": "Fratercula arctica", "id": "921ba6d0-4b3a-4f6a-a495-2579c5ec7cca", "especie_normalizada": "Fratercula arctica", "decada": 2020.0 }, "geometry": { "type": "Point", "coordinates": [ 31.044538258399999, 70.272625385300003 ] } },
{ "type": "Feature", "properties": { "basisOfRecord": "HumanObservation", "date_year": 2023, "eventDate": "2023-06-11T11:00", "individualCount": "1", "scientificName": "Balaenoptera musculus", "id": "92726059-8694-4bda-800b-9774e9800dc3", "especie_normalizada": "Balaenoptera musculus", "decada": 2020.0 }, "geometry": { "type": "Point", "coordinates": [ -17.5, 66.1 ] } },
{ "type": "Feature", "properties": { "basisOfRecord": "HumanObservation", "date_year": 2023, "eventDate": "2023-06-23T17:39:00+02:00", "individualCount": null, "scientificName": "Rissa tridactyla", "id": "929903ff-f160-4dcc-bd9c-dd79b6a860e1", "especie_normalizada": "Rissa tridactyla", "decada": 2020.0 }, "geometry": { "type": "Point", "coordinates": [ 31.1311843923, 70.288530774600005 ] } },
{ "type": "Feature", "properties": { "basisOfRecord": "HumanObservation", "date_year": 2023, "eventDate": "2023-07-10T22:02:00+02:00", "individualCount": null, "scientificName": "Rissa tridactyla", "id": "92d7c34c-0cc7-4630-8d70-ecab5afabfaf", "especie_normalizada": "Rissa tridactyla", "decada": 2020.0 }, "geometry": { "type": "Point", "coordinates": [ 13.950490372599999, 78.177610099199995 ] } },
{ "type": "Feature", "properties": { "basisOfRecord": "HumanObservation", "date_year": 2023, "eventDate": "2023-06-29T12:54:00+02:00", "individualCount": null, "scientificName": "Fratercula arctica", "id": "92f3db0d-a212-4c73-9a69-29ed4ae8eed7", "especie_normalizada": "Fratercula arctica", "decada": 2020.0 }, "geometry": { "type": "Point", "coordinates": [ 31.049450790200002, 70.224620611500001 ] } },
{ "type": "Feature", "properties": { "basisOfRecord": "HumanObservation", "date_year": 2023, "eventDate": "2023-07-01T12:00:00+02:00", "individualCount": null, "scientificName": "Fratercula arctica", "id": "93220e8c-af70-4aed-91ae-e47f517c0960", "especie_normalizada": "Fratercula arctica", "decada": 2020.0 }, "geometry": { "type": "Point", "coordinates": [ 31.084137292499999, 70.327967127 ] } },
{ "type": "Feature", "properties": { "basisOfRecord": "HumanObservation", "date_year": 2023, "eventDate": "2023-08-15T14:02:42+00:00", "individualCount": null, "scientificName": "Fratercula arctica", "id": "93817b51-9e39-4e2e-862c-6a726eb95994", "especie_normalizada": "Fratercula arctica", "decada": 2020.0 }, "geometry": { "type": "Point", "coordinates": [ -19.014431564599999, 63.422277477199998 ] } },
{ "type": "Feature", "properties": { "basisOfRecord": "HumanObservation", "date_year": 2023, "eventDate": "2023-03-24T12:15:00+01:00", "individualCount": null, "scientificName": "Fratercula arctica", "id": "9393e832-53b7-47b2-98be-b501db882e80", "especie_normalizada": "Fratercula arctica", "decada": 2020.0 }, "geometry": { "type": "Point", "coordinates": [ 31.118884366, 70.347085403899996 ] } },
{ "type": "Feature", "properties": { "basisOfRecord": "HumanObservation", "date_year": 2023, "eventDate": "2023-07-10T06:56:00+02:00", "individualCount": null, "scientificName": "Rissa tridactyla", "id": "93a401aa-6af5-45a2-b136-a455e2657d7e", "especie_normalizada": "Rissa tridactyla", "decada": 2020.0 }, "geometry": { "type": "Point", "coordinates": [ 18.851354581199999, 69.754792101099994 ] } },
{ "type": "Feature", "properties": { "basisOfRecord": "HumanObservation", "date_year": 2023, "eventDate": "2023-07-20T15:52:49+01:00", "individualCount": null, "scientificName": "Fratercula arctica", "id": "94c19b9e-d60f-477c-b705-cc8b1234c89d", "especie_normalizada": "Fratercula arctica", "decada": 2020.0 }, "geometry": { "type": "Point", "coordinates": [ -7.4432808, 62.110687499699999 ] } },
{ "type": "Feature", "properties": { "basisOfRecord": "HumanObservation", "date_year": 2023, "eventDate": "2023-08-07T12:21:00+00:00", "individualCount": null, "scientificName": "Fratercula arctica", "id": "94cd9ddd-f4b7-4878-82d9-6604bfd3a3ed", "especie_normalizada": "Fratercula arctica", "decada": 2020.0 }, "geometry": { "type": "Point", "coordinates": [ -19.102928745700002, 63.404395042700003 ] } },
{ "type": "Feature", "properties": { "basisOfRecord": "HumanObservation", "date_year": 2023, "eventDate": "2023-07-05T11:15:00+02:00", "individualCount": null, "scientificName": "Rissa tridactyla", "id": "94e8bea1-b233-481c-b2b4-4610943e416d", "especie_normalizada": "Rissa tridactyla", "decada": 2020.0 }, "geometry": { "type": "Point", "coordinates": [ 13.7589, 79.9855 ] } },
{ "type": "Feature", "properties": { "basisOfRecord": "HumanObservation", "date_year": 2023, "eventDate": "2023-06-19T18:10:00+02:00", "individualCount": null, "scientificName": "Fratercula arctica", "id": "94ec66ca-af10-405b-a707-24fab00afab0", "especie_normalizada": "Fratercula arctica", "decada": 2020.0 }, "geometry": { "type": "Point", "coordinates": [ 11.9514019567, 79.797174419200005 ] } },
{ "type": "Feature", "properties": { "basisOfRecord": "HumanObservation", "date_year": 2023, "eventDate": "2023-07-24T14:06:00+00:00", "individualCount": null, "scientificName": "Fratercula arctica", "id": "9522aed5-0a09-4358-b362-a077e649feb7", "especie_normalizada": "Fratercula arctica", "decada": 2020.0 }, "geometry": { "type": "Point", "coordinates": [ -20.288368577699998, 63.422040521299998 ] } },
{ "type": "Feature", "properties": { "basisOfRecord": "HumanObservation", "date_year": 2023, "eventDate": "2023-06-23T17:22:00+02:00", "individualCount": null, "scientificName": "Rissa tridactyla", "id": "9527b7ce-e911-44e7-a4c3-787243c385be", "especie_normalizada": "Rissa tridactyla", "decada": 2020.0 }, "geometry": { "type": "Point", "coordinates": [ 31.013191743299998, 70.298136403900003 ] } },
{ "type": "Feature", "properties": { "basisOfRecord": "HumanObservation", "date_year": 2023, "eventDate": "2023-09-25T08:58:00+02:00", "individualCount": null, "scientificName": "Rissa tridactyla", "id": "95370735-d47c-4ef8-87ac-bfe42f1018f9", "especie_normalizada": "Rissa tridactyla", "decada": 2020.0 }, "geometry": { "type": "Point", "coordinates": [ 15.0581344217, 77.556322205499995 ] } },
{ "type": "Feature", "properties": { "basisOfRecord": "HumanObservation", "date_year": 2023, "eventDate": "2023-07-14T16:01:00+02:00", "individualCount": null, "scientificName": "Rissa tridactyla", "id": "958a5c3b-560d-451d-9d8f-51bc4d2efb1b", "especie_normalizada": "Rissa tridactyla", "decada": 2020.0 }, "geometry": { "type": "Point", "coordinates": [ 18.467943955100001, 79.601612254800003 ] } },
{ "type": "Feature", "properties": { "basisOfRecord": "HumanObservation", "date_year": 2023, "eventDate": "2023-06-17T16:12:00+02:00", "individualCount": null, "scientificName": "Rissa tridactyla", "id": "965e9206-d36a-475a-ad8f-8625cab24794", "especie_normalizada": "Rissa tridactyla", "decada": 2020.0 }, "geometry": { "type": "Point", "coordinates": [ 11.813454757600001, 79.134536752700001 ] } },
{ "type": "Feature", "properties": { "basisOfRecord": "HumanObservation", "date_year": 2023, "eventDate": "2023-07-28T14:02:28+02:00", "individualCount": null, "scientificName": "Rissa tridactyla", "id": "969e890e-a44f-471d-9fd7-428ae1e1e27e", "especie_normalizada": "Rissa tridactyla", "decada": 2020.0 }, "geometry": { "type": "Point", "coordinates": [ 18.923620831800001, 69.748998675400003 ] } },
{ "type": "Feature", "properties": { "basisOfRecord": "HumanObservation", "date_year": 2023, "eventDate": "2023-02-08T15:15:00+01:00", "individualCount": null, "scientificName": "Fratercula arctica", "id": "96eec6d6-68ac-4ce4-9868-0fd4e2207a31", "especie_normalizada": "Fratercula arctica", "decada": 2020.0 }, "geometry": { "type": "Point", "coordinates": [ 5.7767508798, 58.520302816300003 ] } },
{ "type": "Feature", "properties": { "basisOfRecord": "HumanObservation", "date_year": 2023, "eventDate": "2023-03-24T11:38:04", "individualCount": "1", "scientificName": "Physeter macrocephalus", "id": "97179150-b6dd-4a76-bdbb-020d2a564b2b", "especie_normalizada": "Physeter macrocephalus", "decada": 2020.0 }, "geometry": { "type": "Point", "coordinates": [ 16.333333, 69.416667 ] } },
{ "type": "Feature", "properties": { "basisOfRecord": "HumanObservation", "date_year": 2023, "eventDate": "2023-06-24T22:39:00+02:00", "individualCount": null, "scientificName": "Fratercula arctica", "id": "9718c559-3859-462c-aadc-25dfa203346c", "especie_normalizada": "Fratercula arctica", "decada": 2020.0 }, "geometry": { "type": "Point", "coordinates": [ 13.800780533599999, 78.167110957399998 ] } },
{ "type": "Feature", "properties": { "basisOfRecord": "HumanObservation", "date_year": 2023, "eventDate": "2023-06-28T16:49:00+02:00", "individualCount": null, "scientificName": "Rissa tridactyla", "id": "9770503c-04a8-4393-9c26-82fc4af94d1e", "especie_normalizada": "Rissa tridactyla", "decada": 2020.0 }, "geometry": { "type": "Point", "coordinates": [ 30.022954440500001, 70.041762459899999 ] } },
{ "type": "Feature", "properties": { "basisOfRecord": "HumanObservation", "date_year": 2023, "eventDate": "2023-06-23T17:39:00+02:00", "individualCount": null, "scientificName": "Rissa tridactyla", "id": "978f9278-d360-4588-b25e-d2fd0cc53028", "especie_normalizada": "Rissa tridactyla", "decada": 2020.0 }, "geometry": { "type": "Point", "coordinates": [ 31.066914878799999, 70.357095555800001 ] } },
{ "type": "Feature", "properties": { "basisOfRecord": "HumanObservation", "date_year": 2023, "eventDate": "2023-05-30T12:02:00+02:00", "individualCount": null, "scientificName": "Fratercula arctica", "id": "97b9fcb8-3e04-48c7-adcc-9abca5cb9a9e", "especie_normalizada": "Fratercula arctica", "decada": 2020.0 }, "geometry": { "type": "Point", "coordinates": [ 5.7787691127, 62.413855665699998 ] } },
{ "type": "Feature", "properties": { "basisOfRecord": "HumanObservation", "date_year": 2023, "eventDate": "2023-05-31T09:59:00+00:00", "individualCount": null, "scientificName": "Fratercula arctica", "id": "9814f95b-4cd3-49ba-81cc-fbc9bf8f3862", "especie_normalizada": "Fratercula arctica", "decada": 2020.0 }, "geometry": { "type": "Point", "coordinates": [ -20.287944879600001, 63.403485287099997 ] } },
{ "type": "Feature", "properties": { "basisOfRecord": "HumanObservation", "date_year": 2023, "eventDate": "2023-06-23T15:34:00+02:00", "individualCount": null, "scientificName": "Fratercula arctica", "id": "98fc18c8-ecf6-49ad-a6fe-008f27758f16", "especie_normalizada": "Fratercula arctica", "decada": 2020.0 }, "geometry": { "type": "Point", "coordinates": [ 31.066696164700002, 70.209895111099996 ] } },
{ "type": "Feature", "properties": { "basisOfRecord": "HumanObservation", "date_year": 2023, "eventDate": "2023-06-08T08:44:00+02:00", "individualCount": null, "scientificName": "Fratercula arctica", "id": "99033b12-4c70-487a-8101-5f8d85fe4987", "especie_normalizada": "Fratercula arctica", "decada": 2020.0 }, "geometry": { "type": "Point", "coordinates": [ 13.567483365599999, 78.063238031599994 ] } },
{ "type": "Feature", "properties": { "basisOfRecord": "HumanObservation", "date_year": 2023, "eventDate": "2023-06-23T15:07:00+02:00", "individualCount": null, "scientificName": "Fratercula arctica", "id": "991aa498-2d18-4c41-9ea5-f26dda8c246a", "especie_normalizada": "Fratercula arctica", "decada": 2020.0 }, "geometry": { "type": "Point", "coordinates": [ 31.015879770400002, 70.342487075400001 ] } },
{ "type": "Feature", "properties": { "basisOfRecord": "HumanObservation", "date_year": 2023, "eventDate": "2023-06-23T17:38:00+02:00", "individualCount": null, "scientificName": "Rissa tridactyla", "id": "99a02e90-94f6-468b-a030-b0e20bae1b1c", "especie_normalizada": "Rissa tridactyla", "decada": 2020.0 }, "geometry": { "type": "Point", "coordinates": [ 31.084455898800002, 70.308641564699997 ] } },
{ "type": "Feature", "properties": { "basisOfRecord": "HumanObservation", "date_year": 2023, "eventDate": "2023-06-23T17:25:51+02:00", "individualCount": null, "scientificName": "Rissa tridactyla", "id": "99d0e326-bdad-44f4-bc72-ac4f8ee116c1", "especie_normalizada": "Rissa tridactyla", "decada": 2020.0 }, "geometry": { "type": "Point", "coordinates": [ 31.157576562, 70.36433576 ] } },
{ "type": "Feature", "properties": { "basisOfRecord": "HumanObservation", "date_year": 2023, "eventDate": "2023-07-17T12:47:00+02:00", "individualCount": null, "scientificName": "Rissa tridactyla", "id": "9a0429b1-4639-4593-a076-97e7cb4c368d", "especie_normalizada": "Rissa tridactyla", "decada": 2020.0 }, "geometry": { "type": "Point", "coordinates": [ 25.317382846400001, 71.028705675500007 ] } },
{ "type": "Feature", "properties": { "basisOfRecord": "HumanObservation", "date_year": 2023, "eventDate": "2023-06-23T17:25:00+02:00", "individualCount": null, "scientificName": "Rissa tridactyla", "id": "9a50e4e2-2a07-4aee-b834-1f260d4ee67c", "especie_normalizada": "Rissa tridactyla", "decada": 2020.0 }, "geometry": { "type": "Point", "coordinates": [ 31.1798470582, 70.283313209400006 ] } },
{ "type": "Feature", "properties": { "basisOfRecord": "HumanObservation", "date_year": 2023, "eventDate": "2023-06-23T17:03:00+02:00", "individualCount": null, "scientificName": "Fratercula arctica", "id": "9a51eff1-6a12-40e2-8ea9-8ecb6d6ae3da", "especie_normalizada": "Fratercula arctica", "decada": 2020.0 }, "geometry": { "type": "Point", "coordinates": [ 31.100758685300001, 70.291069813500002 ] } },
{ "type": "Feature", "properties": { "basisOfRecord": "HumanObservation", "date_year": 2023, "eventDate": "2023-06-02T13:09:24+00:00", "individualCount": null, "scientificName": "Rissa tridactyla", "id": "9a631a30-d2f8-4bca-bd06-4e51ab4bc292", "especie_normalizada": "Rissa tridactyla", "decada": 2020.0 }, "geometry": { "type": "Point", "coordinates": [ -23.6181334513, 64.768333567300004 ] } },
{ "type": "Feature", "properties": { "basisOfRecord": "HumanObservation", "date_year": 2023, "eventDate": "2023-06-29T20:36:00", "individualCount": "1", "scientificName": "Balaenoptera musculus", "id": "9a8eb0c3-603e-4838-a0f2-9b7ffa7752b0", "especie_normalizada": "Balaenoptera musculus", "decada": 2020.0 }, "geometry": { "type": "Point", "coordinates": [ 11.435, 78.115 ] } },
{ "type": "Feature", "properties": { "basisOfRecord": "HumanObservation", "date_year": 2023, "eventDate": "2023-06-23T17:38:00+02:00", "individualCount": null, "scientificName": "Rissa tridactyla", "id": "9a9556cc-e2cd-4167-864f-ab31c2d019d5", "especie_normalizada": "Rissa tridactyla", "decada": 2020.0 }, "geometry": { "type": "Point", "coordinates": [ 31.055749887, 70.252889516899998 ] } },
{ "type": "Feature", "properties": { "basisOfRecord": "HumanObservation", "date_year": 2023, "eventDate": "2023-10-01T10:23:00+00:00", "individualCount": null, "scientificName": "Rissa tridactyla", "id": "9afd9d1d-2e14-49f9-b244-0bc1f422130c", "especie_normalizada": "Rissa tridactyla", "decada": 2020.0 }, "geometry": { "type": "Point", "coordinates": [ -17.568244291599999, 66.091743501600007 ] } },
{ "type": "Feature", "properties": { "basisOfRecord": "HumanObservation", "date_year": 2023, "eventDate": "2023-07-29T11:28:19+02:00", "individualCount": null, "scientificName": "Rissa tridactyla", "id": "9b17ed9a-cdea-491c-8ffa-9ccf25ce3f47", "especie_normalizada": "Rissa tridactyla", "decada": 2020.0 }, "geometry": { "type": "Point", "coordinates": [ 18.944932243699999, 69.659768015699996 ] } },
{ "type": "Feature", "properties": { "basisOfRecord": "HumanObservation", "date_year": 2023, "eventDate": "2023-06-02T12:26:19", "individualCount": "1", "scientificName": "Balaenoptera musculus", "id": "9b58eefb-e1ce-408f-ba28-1e7160c82d3d", "especie_normalizada": "Balaenoptera musculus", "decada": 2020.0 }, "geometry": { "type": "Point", "coordinates": [ -17.475959, 66.248807 ] } },
{ "type": "Feature", "properties": { "basisOfRecord": "HumanObservation", "date_year": 2023, "eventDate": "2023-06-23T13:27:00+02:00", "individualCount": null, "scientificName": "Rissa tridactyla", "id": "9c0e15a7-20bd-4803-a188-740163b2e3c9", "especie_normalizada": "Rissa tridactyla", "decada": 2020.0 }, "geometry": { "type": "Point", "coordinates": [ 30.118575339700001, 70.183577530199997 ] } },
{ "type": "Feature", "properties": { "basisOfRecord": "HumanObservation", "date_year": 2023, "eventDate": "2023-06-16T11:04:53", "individualCount": "1", "scientificName": "Balaenoptera musculus", "id": "9c0f6ca2-2925-4b3d-87a7-a6468b89cab8", "especie_normalizada": "Balaenoptera musculus", "decada": 2020.0 }, "geometry": { "type": "Point", "coordinates": [ -17.443542, 66.161326 ] } },
{ "type": "Feature", "properties": { "basisOfRecord": "HumanObservation", "date_year": 2023, "eventDate": "2023-06-21T15:35:00+00:00", "individualCount": null, "scientificName": "Fratercula arctica", "id": "9c455830-0fad-4d41-8568-6e06154dc78d", "especie_normalizada": "Fratercula arctica", "decada": 2020.0 }, "geometry": { "type": "Point", "coordinates": [ -17.992218174, 66.530548057499999 ] } },
{ "type": "Feature", "properties": { "basisOfRecord": "HumanObservation", "date_year": 2023, "eventDate": "2023-07-24T14:14:00+00:00", "individualCount": null, "scientificName": "Fratercula arctica", "id": "9c95b903-c7e9-47be-a242-8f81e23ec98b", "especie_normalizada": "Fratercula arctica", "decada": 2020.0 }, "geometry": { "type": "Point", "coordinates": [ -20.260290012199999, 63.445133082399998 ] } },
{ "type": "Feature", "properties": { "basisOfRecord": "HumanObservation", "date_year": 2023, "eventDate": "2023-07-20T14:11:00+00:00", "individualCount": null, "scientificName": "Fratercula arctica", "id": "9cac131a-54e6-4fd2-8f22-d31f7b75e3d7", "especie_normalizada": "Fratercula arctica", "decada": 2020.0 }, "geometry": { "type": "Point", "coordinates": [ -17.991570670800002, 66.529374660200006 ] } },
{ "type": "Feature", "properties": { "basisOfRecord": "HumanObservation", "date_year": 2023, "eventDate": "2023-07-04T16:47:00+02:00", "individualCount": null, "scientificName": "Rissa tridactyla", "id": "9df80910-e637-41e1-8152-268c8f03ca7e", "especie_normalizada": "Rissa tridactyla", "decada": 2020.0 }, "geometry": { "type": "Point", "coordinates": [ 30.7764932151, 69.794143496100006 ] } },
{ "type": "Feature", "properties": { "basisOfRecord": "HumanObservation", "date_year": 2023, "eventDate": "2023-07-13T13:25:00+01:00", "individualCount": null, "scientificName": "Fratercula arctica", "id": "9e132c53-c111-4718-88ce-154530948cd5", "especie_normalizada": "Fratercula arctica", "decada": 2020.0 }, "geometry": { "type": "Point", "coordinates": [ -6.9405859406, 62.327752318500004 ] } },
{ "type": "Feature", "properties": { "basisOfRecord": "HumanObservation", "date_year": 2023, "eventDate": "2023-06-11T12:03:00+00:00", "individualCount": null, "scientificName": "Rissa tridactyla", "id": "9f73e4a6-4272-4f67-ab7d-3dfae1cadf95", "especie_normalizada": "Rissa tridactyla", "decada": 2020.0 }, "geometry": { "type": "Point", "coordinates": [ -19.253943, 66.075622 ] } },
{ "type": "Feature", "properties": { "basisOfRecord": "HumanObservation", "date_year": 2023, "eventDate": "2023-06-10T11:33:00+00:00", "individualCount": null, "scientificName": "Rissa tridactyla", "id": "9f773881-072f-4b76-8425-e685c90c99d6", "especie_normalizada": "Rissa tridactyla", "decada": 2020.0 }, "geometry": { "type": "Point", "coordinates": [ -22.740402415399998, 63.884746159700001 ] } },
{ "type": "Feature", "properties": { "basisOfRecord": "HumanObservation", "date_year": 2023, "eventDate": "2023-07-14T09:51:00+02:00", "individualCount": null, "scientificName": "Fratercula arctica", "id": "9f7d628d-c272-4214-b042-0bd8be819072", "especie_normalizada": "Fratercula arctica", "decada": 2020.0 }, "geometry": { "type": "Point", "coordinates": [ 12.286708496499999, 66.313630507599996 ] } },
{ "type": "Feature", "properties": { "basisOfRecord": "HumanObservation", "date_year": 2023, "eventDate": "2023-06-03T08:20:00+02:00", "individualCount": null, "scientificName": "Rissa tridactyla", "id": "9fcae67a-09f4-42bd-93b1-20c91be1cc6d", "especie_normalizada": "Rissa tridactyla", "decada": 2020.0 }, "geometry": { "type": "Point", "coordinates": [ 11.844566547299999, 79.897879717400002 ] } },
{ "type": "Feature", "properties": { "basisOfRecord": "HumanObservation", "date_year": 2023, "eventDate": "2023-07-16T08:59:41+00:00", "individualCount": null, "scientificName": "Fratercula arctica", "id": "9fe64026-5f0b-4ac5-ad1c-c6ed53f0e469", "especie_normalizada": "Fratercula arctica", "decada": 2020.0 }, "geometry": { "type": "Point", "coordinates": [ -19.1307114353, 63.403671416900004 ] } },
{ "type": "Feature", "properties": { "basisOfRecord": "HumanObservation", "date_year": 2023, "eventDate": "2023-08-17T12:18:33+00:00", "individualCount": null, "scientificName": "Fratercula arctica", "id": "a0196146-98ee-41f6-8eeb-8eaa55ba8c28", "especie_normalizada": "Fratercula arctica", "decada": 2020.0 }, "geometry": { "type": "Point", "coordinates": [ -21.6943761, 64.17776205 ] } },
{ "type": "Feature", "properties": { "basisOfRecord": "HumanObservation", "date_year": 2023, "eventDate": "2023-06-23T17:20:00+02:00", "individualCount": null, "scientificName": "Rissa tridactyla", "id": "a04f9ff8-f46d-4f90-88fd-19d6c3cd4225", "especie_normalizada": "Rissa tridactyla", "decada": 2020.0 }, "geometry": { "type": "Point", "coordinates": [ 31.079573646, 70.296992790499999 ] } },
{ "type": "Feature", "properties": { "basisOfRecord": "HumanObservation", "date_year": 2023, "eventDate": "2023-09-05T09:53:00+01:00", "individualCount": null, "scientificName": "Fratercula arctica", "id": "a06edf58-a0e5-410e-8f26-caeb0a685a93", "especie_normalizada": "Fratercula arctica", "decada": 2020.0 }, "geometry": { "type": "Point", "coordinates": [ -3.3392694444, 58.946205555600002 ] } },
{ "type": "Feature", "properties": { "basisOfRecord": "HumanObservation", "date_year": 2023, "eventDate": "2023-07-15T15:13:00+02:00", "individualCount": null, "scientificName": "Rissa tridactyla", "id": "a0a504c7-6a23-42e4-9fdd-4fc48d89be5d", "especie_normalizada": "Rissa tridactyla", "decada": 2020.0 }, "geometry": { "type": "Point", "coordinates": [ 20.8111980296, 78.082316011299994 ] } },
{ "type": "Feature", "properties": { "basisOfRecord": "HumanObservation", "date_year": 2023, "eventDate": "2023-07-14T18:40", "individualCount": "1", "scientificName": "Balaenoptera musculus", "id": "a1c36ff7-2315-46d2-b454-2306b19f7f04", "especie_normalizada": "Balaenoptera musculus", "decada": 2020.0 }, "geometry": { "type": "Point", "coordinates": [ 11.056246, 79.041137 ] } },
{ "type": "Feature", "properties": { "basisOfRecord": "HumanObservation", "date_year": 2023, "eventDate": "2023-07-25T20:55:00+00:00", "individualCount": null, "scientificName": "Fratercula arctica", "id": "a254abe0-c3cd-4d05-b7fe-a97e02e85603", "especie_normalizada": "Fratercula arctica", "decada": 2020.0 }, "geometry": { "type": "Point", "coordinates": [ -24.528535420499999, 65.503882997100007 ] } },
{ "type": "Feature", "properties": { "basisOfRecord": "HumanObservation", "date_year": 2023, "eventDate": "2023-08-19T13:00:53+00:00", "individualCount": null, "scientificName": "Rissa tridactyla", "id": "a2987128-ee6a-4287-b5a4-1db77a27c456", "especie_normalizada": "Rissa tridactyla", "decada": 2020.0 }, "geometry": { "type": "Point", "coordinates": [ -23.648055555599999, 64.7680555556 ] } },
{ "type": "Feature", "properties": { "basisOfRecord": "HumanObservation", "date_year": 2023, "eventDate": "2023-10-14T12:26:02+02:00", "individualCount": null, "scientificName": "Fratercula arctica", "id": "a2a3f4b3-bd7b-4cdc-a9fe-8963ffc51926", "especie_normalizada": "Fratercula arctica", "decada": 2020.0 }, "geometry": { "type": "Point", "coordinates": [ 11.608590872900001, 57.6973328678 ] } },
{ "type": "Feature", "properties": { "basisOfRecord": "HumanObservation", "date_year": 2023, "eventDate": "2023-08-11T14:41:12+00:00", "individualCount": null, "scientificName": "Fratercula arctica", "id": "a3078ba9-d377-47ed-8f15-6615e8c3f41f", "especie_normalizada": "Fratercula arctica", "decada": 2020.0 }, "geometry": { "type": "Point", "coordinates": [ -22.8271, 66.0476 ] } },
{ "type": "Feature", "properties": { "basisOfRecord": "HumanObservation", "date_year": 2023, "eventDate": "2023-06-28T14:11:00+01:00", "individualCount": null, "scientificName": "Fratercula arctica", "id": "a3195e8a-67f0-44b5-a93e-7b3633930169", "especie_normalizada": "Fratercula arctica", "decada": 2020.0 }, "geometry": { "type": "Point", "coordinates": [ -5.193526197, 58.386525991500001 ] } },
{ "type": "Feature", "properties": { "basisOfRecord": "HumanObservation", "date_year": 2023, "eventDate": "2023-07-29T15:33:19+02:00", "individualCount": null, "scientificName": "Rissa tridactyla", "id": "a36df347-a6f6-473b-bb00-3dd81024ceb7", "especie_normalizada": "Rissa tridactyla", "decada": 2020.0 }, "geometry": { "type": "Point", "coordinates": [ 18.826419442300001, 69.650886119800006 ] } },
{ "type": "Feature", "properties": { "basisOfRecord": "HumanObservation", "date_year": 2023, "eventDate": "2023-05-25T21:55:00+00:00", "individualCount": null, "scientificName": "Rissa tridactyla", "id": "a380af1f-3051-4a13-b837-a41ed7801492", "especie_normalizada": "Rissa tridactyla", "decada": 2020.0 }, "geometry": { "type": "Point", "coordinates": [ -13.9365387607, 65.282642408300006 ] } },
{ "type": "Feature", "properties": { "basisOfRecord": "HumanObservation", "date_year": 2023, "eventDate": "2023-07-15T18:32:49+00:00", "individualCount": null, "scientificName": "Fratercula arctica", "id": "a4263e56-b950-4cb8-9086-47be8560890f", "especie_normalizada": "Fratercula arctica", "decada": 2020.0 }, "geometry": { "type": "Point", "coordinates": [ -13.7545709524, 65.542170364900002 ] } },
{ "type": "Feature", "properties": { "basisOfRecord": "HumanObservation", "date_year": 2023, "eventDate": "2023-07-28T12:16:05+02:00", "individualCount": null, "scientificName": "Fratercula arctica", "id": "a4594147-fde8-4c49-bc82-1722651da749", "especie_normalizada": "Fratercula arctica", "decada": 2020.0 }, "geometry": { "type": "Point", "coordinates": [ 25.345531770200001, 71.163385614700005 ] } },
{ "type": "Feature", "properties": { "basisOfRecord": "HumanObservation", "date_year": 2023, "eventDate": "2023-06-15T13:45:00+02:00", "individualCount": null, "scientificName": "Rissa tridactyla", "id": "a4b5f2bf-ecf4-4493-bf6a-ff47db16a424", "especie_normalizada": "Rissa tridactyla", "decada": 2020.0 }, "geometry": { "type": "Point", "coordinates": [ 16.025922421899999, 78.529887712499999 ] } },
{ "type": "Feature", "properties": { "basisOfRecord": "HumanObservation", "date_year": 2023, "eventDate": "2023-05-24", "individualCount": null, "scientificName": "Fratercula arctica", "id": "a4c0902a-ddc6-466b-add4-bb496587e7a7", "especie_normalizada": "Fratercula arctica", "decada": 2020.0 }, "geometry": { "type": "Point", "coordinates": [ -13.743269853299999, 64.915762816300003 ] } },
{ "type": "Feature", "properties": { "basisOfRecord": "HumanObservation", "date_year": 2023, "eventDate": "2023-06-05T08:23:00+02:00", "individualCount": null, "scientificName": "Rissa tridactyla", "id": "a51e929f-cb57-4a0b-bee1-967836c3623b", "especie_normalizada": "Rissa tridactyla", "decada": 2020.0 }, "geometry": { "type": "Point", "coordinates": [ 9.0246805556, 57.158480555600001 ] } },
{ "type": "Feature", "properties": { "basisOfRecord": "HumanObservation", "date_year": 2023, "eventDate": "2023-06-25T00:17:32+00:00", "individualCount": null, "scientificName": "Fratercula arctica", "id": "a5204cd2-8687-43e2-a923-2e299319630e", "especie_normalizada": "Fratercula arctica", "decada": 2020.0 }, "geometry": { "type": "Point", "coordinates": [ -24.529375, 65.501241666699997 ] } },
{ "type": "Feature", "properties": { "basisOfRecord": "HumanObservation", "date_year": 2023, "eventDate": "2023-06-29T10:14:00+02:00", "individualCount": null, "scientificName": "Fratercula arctica", "id": "a5716dd8-a428-4b66-909b-a8032ceeb203", "especie_normalizada": "Fratercula arctica", "decada": 2020.0 }, "geometry": { "type": "Point", "coordinates": [ 31.160260698799998, 70.276085238799993 ] } },
{ "type": "Feature", "properties": { "basisOfRecord": "HumanObservation", "date_year": 2023, "eventDate": "2023-06-25T12:32:00+01:00", "individualCount": null, "scientificName": "Fratercula arctica", "id": "a71cf405-cb44-4a12-a8b8-21101cbbce67", "especie_normalizada": "Fratercula arctica", "decada": 2020.0 }, "geometry": { "type": "Point", "coordinates": [ -6.6715838301, 62.008723613 ] } },
{ "type": "Feature", "properties": { "basisOfRecord": "HumanObservation", "date_year": 2023, "eventDate": "2023-10-20", "individualCount": "1", "scientificName": "Balaenoptera physalus", "id": "a74fc284-869a-4ca8-a792-fe567a9148bb", "especie_normalizada": "Balaenoptera physalus", "decada": 2020.0 }, "geometry": { "type": "Point", "coordinates": [ 21.097046, 70.165012 ] } },
{ "type": "Feature", "properties": { "basisOfRecord": "HumanObservation", "date_year": 2023, "eventDate": "2023-10-05T09:04:00+00:00", "individualCount": null, "scientificName": "Rissa tridactyla", "id": "a7606f10-454a-49a9-a6a1-244a7cef67cd", "especie_normalizada": "Rissa tridactyla", "decada": 2020.0 }, "geometry": { "type": "Point", "coordinates": [ -1.5550655331, 61.314871012099999 ] } },
{ "type": "Feature", "properties": { "basisOfRecord": "HumanObservation", "date_year": 2023, "eventDate": "2023-05-30T12:35:00+02:00", "individualCount": null, "scientificName": "Rissa tridactyla", "id": "a77add03-bb08-4b18-8d7d-0dc1813bf45a", "especie_normalizada": "Rissa tridactyla", "decada": 2020.0 }, "geometry": { "type": "Point", "coordinates": [ 30.1099674799, 70.176558017600001 ] } },
{ "type": "Feature", "properties": { "basisOfRecord": "HumanObservation", "date_year": 2023, "eventDate": "2023-07-24T14:16:00+00:00", "individualCount": null, "scientificName": "Fratercula arctica", "id": "a8098caf-c3a8-43dd-98ff-784e6e03e6b7", "especie_normalizada": "Fratercula arctica", "decada": 2020.0 }, "geometry": { "type": "Point", "coordinates": [ -20.2547649445, 63.446121729799998 ] } },
{ "type": "Feature", "properties": { "basisOfRecord": "HumanObservation", "date_year": 2023, "eventDate": "2023-07-13T15:01:02+02:00", "individualCount": null, "scientificName": "Fratercula arctica", "id": "a8552364-253d-4b18-87b4-0abf2edf308c", "especie_normalizada": "Fratercula arctica", "decada": 2020.0 }, "geometry": { "type": "Point", "coordinates": [ 11.636303333300001, 79.312591666700001 ] } },
{ "type": "Feature", "properties": { "basisOfRecord": "HumanObservation", "date_year": 2023, "eventDate": "2023-07-06T04:25:02+00:00", "individualCount": null, "scientificName": "Fratercula arctica", "id": "a879dddb-ac0f-43b8-9b61-09fc621b9f77", "especie_normalizada": "Fratercula arctica", "decada": 2020.0 }, "geometry": { "type": "Point", "coordinates": [ -19.1230111667, 63.401786666699998 ] } },
{ "type": "Feature", "properties": { "basisOfRecord": "HumanObservation", "date_year": 2023, "eventDate": "2023-08-01T18:10:11+01:00", "individualCount": null, "scientificName": "Fratercula arctica", "id": "a8a0b21c-24d1-4b2e-a39b-7661a42f832c", "especie_normalizada": "Fratercula arctica", "decada": 2020.0 }, "geometry": { "type": "Point", "coordinates": [ -6.941716671, 62.327331543 ] } },
{ "type": "Feature", "properties": { "basisOfRecord": "HumanObservation", "date_year": 2023, "eventDate": "2023-06-23T14:53:00+02:00", "individualCount": null, "scientificName": "Rissa tridactyla", "id": "a8b34677-29a0-429f-9a88-15fac6c56a0e", "especie_normalizada": "Rissa tridactyla", "decada": 2020.0 }, "geometry": { "type": "Point", "coordinates": [ 31.157904740700001, 70.286553409600003 ] } },
{ "type": "Feature", "properties": { "basisOfRecord": "HumanObservation", "date_year": 2023, "eventDate": "2023-07-27T16:42:11+00:00", "individualCount": null, "scientificName": "Fratercula arctica", "id": "a8bb8f0a-3e47-4b87-9ab6-eba975d6c3e7", "especie_normalizada": "Fratercula arctica", "decada": 2020.0 }, "geometry": { "type": "Point", "coordinates": [ -20.2871, 63.4035 ] } },
{ "type": "Feature", "properties": { "basisOfRecord": "HumanObservation", "date_year": 2023, "eventDate": "2023-09-28T11:49:00+02:00", "individualCount": null, "scientificName": "Rissa tridactyla", "id": "a8d4b2cf-c923-4c29-92eb-1ecca6f0618e", "especie_normalizada": "Rissa tridactyla", "decada": 2020.0 }, "geometry": { "type": "Point", "coordinates": [ -8.1551141996, 70.958211141600003 ] } },
{ "type": "Feature", "properties": { "basisOfRecord": "HumanObservation", "date_year": 2023, "eventDate": "2023-07-20T13:20:00+00:00", "individualCount": null, "scientificName": "Fratercula arctica", "id": "a90800dc-b146-4694-a801-d2c6cff8d084", "especie_normalizada": "Fratercula arctica", "decada": 2020.0 }, "geometry": { "type": "Point", "coordinates": [ -18.010483333300002, 66.537613055 ] } },
{ "type": "Feature", "properties": { "basisOfRecord": "HumanObservation", "date_year": 2023, "eventDate": "2023-07-16T13:36:00+00:00", "individualCount": null, "scientificName": "Fratercula arctica", "id": "a9511653-b10d-4fc5-8b81-5a66280c2b38", "especie_normalizada": "Fratercula arctica", "decada": 2020.0 }, "geometry": { "type": "Point", "coordinates": [ -24.528046945, 65.500799445 ] } },
{ "type": "Feature", "properties": { "basisOfRecord": "HumanObservation", "date_year": 2023, "eventDate": "2023-06-29T15:59:00+02:00", "individualCount": null, "scientificName": "Rissa tridactyla", "id": "a99d1a3a-04f0-4b07-ab8b-c6323252d3f0", "especie_normalizada": "Rissa tridactyla", "decada": 2020.0 }, "geometry": { "type": "Point", "coordinates": [ 31.0363733891, 70.260363649 ] } },
{ "type": "Feature", "properties": { "basisOfRecord": "HumanObservation", "date_year": 2023, "eventDate": "2023-07-26T07:56:37+02:00", "individualCount": null, "scientificName": "Fratercula arctica", "id": "a9b40e0e-8e57-4640-8615-d46e62394fb3", "especie_normalizada": "Fratercula arctica", "decada": 2020.0 }, "geometry": { "type": "Point", "coordinates": [ 16.818800276899999, 69.199514524400001 ] } },
{ "type": "Feature", "properties": { "basisOfRecord": "HumanObservation", "date_year": 2023, "eventDate": "2023-06-21T15:30:13+00:00", "individualCount": null, "scientificName": "Fratercula arctica", "id": "a9ef9b3a-35eb-44b2-8162-636a85cdc822", "especie_normalizada": "Fratercula arctica", "decada": 2020.0 }, "geometry": { "type": "Point", "coordinates": [ -17.994813546500001, 66.531694094100004 ] } },
{ "type": "Feature", "properties": { "basisOfRecord": "HumanObservation", "date_year": 2023, "eventDate": "2023-09-13T08:38:00+02:00", "individualCount": null, "scientificName": "Rissa tridactyla", "id": "aa03e65a-3032-474a-816b-8eebfa961c1b", "especie_normalizada": "Rissa tridactyla", "decada": 2020.0 }, "geometry": { "type": "Point", "coordinates": [ 15.9213, 76.4977 ] } },
{ "type": "Feature", "properties": { "basisOfRecord": "HumanObservation", "date_year": 2023, "eventDate": "2023-06-23T17:27:00+02:00", "individualCount": null, "scientificName": "Rissa tridactyla", "id": "aa55b3fa-0987-4c0c-978f-4439e10ff268", "especie_normalizada": "Rissa tridactyla", "decada": 2020.0 }, "geometry": { "type": "Point", "coordinates": [ 31.015260832900001, 70.372928122100006 ] } },
{ "type": "Feature", "properties": { "basisOfRecord": "HumanObservation", "date_year": 2023, "eventDate": "2023-07-13T13:34:00+01:00", "individualCount": null, "scientificName": "Fratercula arctica", "id": "aa9f5fd6-b039-4aab-a41e-a04d3b664dc3", "especie_normalizada": "Fratercula arctica", "decada": 2020.0 }, "geometry": { "type": "Point", "coordinates": [ -6.940713685, 62.327860765099999 ] } },
{ "type": "Feature", "properties": { "basisOfRecord": "HumanObservation", "date_year": 2023, "eventDate": "2023-06-11T11:42:01+02:00", "individualCount": null, "scientificName": "Rissa tridactyla", "id": "ab5d7db5-14c3-4ced-8769-74f1cabbbe38", "especie_normalizada": "Rissa tridactyla", "decada": 2020.0 }, "geometry": { "type": "Point", "coordinates": [ 13.175199581799999, 67.831052522500002 ] } },
{ "type": "Feature", "properties": { "basisOfRecord": "HumanObservation", "date_year": 2023, "eventDate": "2023-06-04T14:32:46+01:00", "individualCount": null, "scientificName": "Fratercula arctica", "id": "ab903a08-7a3a-4880-8e64-6c5cd494d029", "especie_normalizada": "Fratercula arctica", "decada": 2020.0 }, "geometry": { "type": "Point", "coordinates": [ -3.3310213306, 59.138259010200002 ] } },
{ "type": "Feature", "properties": { "basisOfRecord": "HumanObservation", "date_year": 2023, "eventDate": "2023-07-24T14:41:00+00:00", "individualCount": null, "scientificName": "Fratercula arctica", "id": "abbd2f20-e48a-41d9-b24c-733a40c1a21b", "especie_normalizada": "Fratercula arctica", "decada": 2020.0 }, "geometry": { "type": "Point", "coordinates": [ -20.261458328100002, 63.445026695800003 ] } },
{ "type": "Feature", "properties": { "basisOfRecord": "HumanObservation", "date_year": 2023, "eventDate": "2023-07-07T12:43:00+02:00", "individualCount": null, "scientificName": "Rissa tridactyla", "id": "abc810bf-6a50-4147-8083-dbee7085294a", "especie_normalizada": "Rissa tridactyla", "decada": 2020.0 }, "geometry": { "type": "Point", "coordinates": [ 21.263205510199999, 78.193031950100007 ] } },
{ "type": "Feature", "properties": { "basisOfRecord": "HumanObservation", "date_year": 2023, "eventDate": "2023-06-19T11:35:59+00:00", "individualCount": null, "scientificName": "Fratercula arctica", "id": "ac2c6a67-4516-4a75-b7f4-6b2f36ddfc67", "especie_normalizada": "Fratercula arctica", "decada": 2020.0 }, "geometry": { "type": "Point", "coordinates": [ -13.7543657515, 65.541990614699998 ] } },
{ "type": "Feature", "properties": { "basisOfRecord": "HumanObservation", "date_year": 2023, "eventDate": "2023-05-14T21:50", "individualCount": "1", "scientificName": "Physeter macrocephalus", "id": "ac610127-ccf8-4198-adae-e36c82bd1c07", "especie_normalizada": "Physeter macrocephalus", "decada": 2020.0 }, "geometry": { "type": "Point", "coordinates": [ -24.220017, 64.91505 ] } },
{ "type": "Feature", "properties": { "basisOfRecord": "HumanObservation", "date_year": 2023, "eventDate": "2023-05-30T12:11:00+02:00", "individualCount": null, "scientificName": "Fratercula arctica", "id": "ac7c43d8-5b1a-4a91-96c1-ca879690fe38", "especie_normalizada": "Fratercula arctica", "decada": 2020.0 }, "geometry": { "type": "Point", "coordinates": [ 5.666564848, 62.500340264899997 ] } },
{ "type": "Feature", "properties": { "basisOfRecord": "HumanObservation", "date_year": 2023, "eventDate": "2023-02-24T16:53:45+00:00", "individualCount": null, "scientificName": "Rissa tridactyla", "id": "ac9dbc76-cd94-4514-9145-461b7d334c9c", "especie_normalizada": "Rissa tridactyla", "decada": 2020.0 }, "geometry": { "type": "Point", "coordinates": [ -16.1791399968, 64.043734554899999 ] } },
{ "type": "Feature", "properties": { "basisOfRecord": "HumanObservation", "date_year": 2023, "eventDate": "2023-06-09T20:25:00+00:00", "individualCount": null, "scientificName": "Fratercula arctica", "id": "acb3c8ae-acfe-4881-9f53-cb1b3ca75663", "especie_normalizada": "Fratercula arctica", "decada": 2020.0 }, "geometry": { "type": "Point", "coordinates": [ -19.128431081799999, 63.401541559 ] } },
{ "type": "Feature", "properties": { "basisOfRecord": "HumanObservation", "date_year": 2023, "eventDate": "2023-07-09T10:10:08+00:00", "individualCount": null, "scientificName": "Fratercula arctica", "id": "acd18028-2ad5-4a14-b4b0-8fa7c10b74a4", "especie_normalizada": "Fratercula arctica", "decada": 2020.0 }, "geometry": { "type": "Point", "coordinates": [ -20.2857694444, 63.4356027778 ] } },
{ "type": "Feature", "properties": { "basisOfRecord": "HumanObservation", "date_year": 2023, "eventDate": "2023-06-08T08:49:00+00:00", "individualCount": null, "scientificName": "Fratercula arctica", "id": "ace94613-c27c-4d04-8b17-15e688a475a8", "especie_normalizada": "Fratercula arctica", "decada": 2020.0 }, "geometry": { "type": "Point", "coordinates": [ -19.020835, 64.963051 ] } },
{ "type": "Feature", "properties": { "basisOfRecord": "HumanObservation", "date_year": 2023, "eventDate": "2023-07-24T19:34:00+00:00", "individualCount": null, "scientificName": "Rissa tridactyla", "id": "acebc69c-5c6e-4929-b0c8-3ec123b6a81a", "especie_normalizada": "Rissa tridactyla", "decada": 2020.0 }, "geometry": { "type": "Point", "coordinates": [ -20.301824012899999, 63.438613363899997 ] } },
{ "type": "Feature", "properties": { "basisOfRecord": "HumanObservation", "date_year": 2023, "eventDate": "2023-06-29T16:00:00+02:00", "individualCount": null, "scientificName": "Rissa tridactyla", "id": "ad08bcf1-8bc6-47c5-b9d3-4e9786b8a37c", "especie_normalizada": "Rissa tridactyla", "decada": 2020.0 }, "geometry": { "type": "Point", "coordinates": [ 31.192004366500001, 70.391023008600001 ] } },
{ "type": "Feature", "properties": { "basisOfRecord": "HumanObservation", "date_year": 2023, "eventDate": "2023-06-22T12:53:00+02:00", "individualCount": null, "scientificName": "Fratercula arctica", "id": "ad0d8e92-233c-4517-b99d-99156c5dfedd", "especie_normalizada": "Fratercula arctica", "decada": 2020.0 }, "geometry": { "type": "Point", "coordinates": [ 15.8955726437, 77.053899256500003 ] } },
{ "type": "Feature", "properties": { "basisOfRecord": "HumanObservation", "date_year": 2023, "eventDate": "2023-07-24T14:29:00+00:00", "individualCount": null, "scientificName": "Fratercula arctica", "id": "ad233410-987b-4313-b786-c75f90c00eb3", "especie_normalizada": "Fratercula arctica", "decada": 2020.0 }, "geometry": { "type": "Point", "coordinates": [ -20.261458328100002, 63.445026695800003 ] } },
{ "type": "Feature", "properties": { "basisOfRecord": "HumanObservation", "date_year": 2023, "eventDate": "2023-07-23T22:11:12+00:00", "individualCount": null, "scientificName": "Fratercula arctica", "id": "adcc08c0-8258-4ea3-adeb-7a85d3b72456", "especie_normalizada": "Fratercula arctica", "decada": 2020.0 }, "geometry": { "type": "Point", "coordinates": [ -21.8848326271, 64.176098718 ] } },
{ "type": "Feature", "properties": { "basisOfRecord": "HumanObservation", "date_year": 2023, "eventDate": "2023-07-10T21:57:00+02:00", "individualCount": null, "scientificName": "Fratercula arctica", "id": "ade372a8-df01-4696-a17e-82d5c39e6307", "especie_normalizada": "Fratercula arctica", "decada": 2020.0 }, "geometry": { "type": "Point", "coordinates": [ 13.952345364499999, 78.16552785 ] } },
{ "type": "Feature", "properties": { "basisOfRecord": "HumanObservation", "date_year": 2023, "eventDate": "2023-07-16T13:31:25+02:00", "individualCount": null, "scientificName": "Fratercula arctica", "id": "ae35409c-93cb-4f68-9a72-4db8e9bd5f89", "especie_normalizada": "Fratercula arctica", "decada": 2020.0 }, "geometry": { "type": "Point", "coordinates": [ 5.7592809241, 62.533219414599998 ] } },
{ "type": "Feature", "properties": { "basisOfRecord": "HumanObservation", "date_year": 2023, "eventDate": "2023-06-09T12:32:00+02:00", "individualCount": null, "scientificName": "Fratercula arctica", "id": "ae535d65-8216-4643-90bb-7e5c47920ddb", "especie_normalizada": "Fratercula arctica", "decada": 2020.0 }, "geometry": { "type": "Point", "coordinates": [ 11.643542979, 79.021678049900004 ] } },
{ "type": "Feature", "properties": { "basisOfRecord": "HumanObservation", "date_year": 2023, "eventDate": "2023-06-23T15:12:00+02:00", "individualCount": null, "scientificName": "Rissa tridactyla", "id": "aea7b1b0-ced1-46f6-80d1-9adb749521fa", "especie_normalizada": "Rissa tridactyla", "decada": 2020.0 }, "geometry": { "type": "Point", "coordinates": [ 31.014670934, 70.362004437500005 ] } },
{ "type": "Feature", "properties": { "basisOfRecord": "HumanObservation", "date_year": 2023, "eventDate": "2023-07-24T11:34:35+00:00", "individualCount": null, "scientificName": "Fratercula arctica", "id": "aeb73501-76ef-431d-833f-00aab0950623", "especie_normalizada": "Fratercula arctica", "decada": 2020.0 }, "geometry": { "type": "Point", "coordinates": [ -22.827055, 66.047516666700005 ] } },
{ "type": "Feature", "properties": { "basisOfRecord": "HumanObservation", "date_year": 2023, "eventDate": "2023-05-29T13:50:00+00:00", "individualCount": null, "scientificName": "Rissa tridactyla", "id": "aecea04c-d09a-4a2e-933f-6bbac52c053b", "especie_normalizada": "Rissa tridactyla", "decada": 2020.0 }, "geometry": { "type": "Point", "coordinates": [ -20.2477585621, 63.448009823900001 ] } },
{ "type": "Feature", "properties": { "basisOfRecord": "HumanObservation", "date_year": 2023, "eventDate": "2023-07-20T14:40:00+00:00", "individualCount": null, "scientificName": "Fratercula arctica", "id": "af4bd940-2a3a-4a79-aaa0-ecf9dc8c0156", "especie_normalizada": "Fratercula arctica", "decada": 2020.0 }, "geometry": { "type": "Point", "coordinates": [ -17.9967240541, 66.532715752399994 ] } },
{ "type": "Feature", "properties": { "basisOfRecord": "HumanObservation", "date_year": 2023, "eventDate": "2023-06-29T22:27:13", "individualCount": "1", "scientificName": "Balaenoptera musculus", "id": "af928ec9-dd3c-43f7-8d0a-f7e0c92191d0", "especie_normalizada": "Balaenoptera musculus", "decada": 2020.0 }, "geometry": { "type": "Point", "coordinates": [ 11.435, 78.115 ] } },
{ "type": "Feature", "properties": { "basisOfRecord": "HumanObservation", "date_year": 2023, "eventDate": "2023-07-16T12:09:42+01:00", "individualCount": null, "scientificName": "Fratercula arctica", "id": "af9bab4b-3bca-4282-b3b3-9e40649fe16d", "especie_normalizada": "Fratercula arctica", "decada": 2020.0 }, "geometry": { "type": "Point", "coordinates": [ -1.2745954997, 59.8545598997 ] } },
{ "type": "Feature", "properties": { "basisOfRecord": "HumanObservation", "date_year": 2023, "eventDate": "2023-06-22T05:29:32+02:00", "individualCount": null, "scientificName": "Fratercula arctica", "id": "b09a92c8-d006-43db-9629-bdfac5b02995", "especie_normalizada": "Fratercula arctica", "decada": 2020.0 }, "geometry": { "type": "Point", "coordinates": [ 11.874021666699999, 79.215796666700001 ] } },
{ "type": "Feature", "properties": { "basisOfRecord": "HumanObservation", "date_year": 2023, "eventDate": "2023-07-29T11:38:19+02:00", "individualCount": null, "scientificName": "Rissa tridactyla", "id": "b0da0efd-e67d-490d-82f8-a71d929f321e", "especie_normalizada": "Rissa tridactyla", "decada": 2020.0 }, "geometry": { "type": "Point", "coordinates": [ 18.89602156, 69.704110518899995 ] } },
{ "type": "Feature", "properties": { "basisOfRecord": "HumanObservation", "date_year": 2023, "eventDate": "2023-12-09T09:41", "individualCount": "1", "scientificName": "Physeter macrocephalus", "id": "b0fa6f1e-a795-48e6-bfdd-19fde8b20c31", "especie_normalizada": "Physeter macrocephalus", "decada": 2020.0 }, "geometry": { "type": "Point", "coordinates": [ 21.136889, 70.071389 ] } },
{ "type": "Feature", "properties": { "basisOfRecord": "HumanObservation", "date_year": 2023, "eventDate": "2023-05-19T12:44:56+02:00", "individualCount": null, "scientificName": "Rissa tridactyla", "id": "b108f0db-88a2-429d-961a-576a3b453b31", "especie_normalizada": "Rissa tridactyla", "decada": 2020.0 }, "geometry": { "type": "Point", "coordinates": [ 26.1669916667, 71.11135 ] } },
{ "type": "Feature", "properties": { "basisOfRecord": "HumanObservation", "date_year": 2023, "eventDate": "2023-06-26T09:42:00+02:00", "individualCount": null, "scientificName": "Fratercula arctica", "id": "b10b9417-7e7d-411c-b59d-d0dc860b23d5", "especie_normalizada": "Fratercula arctica", "decada": 2020.0 }, "geometry": { "type": "Point", "coordinates": [ 12.1046116386, 79.731466602899999 ] } },
{ "type": "Feature", "properties": { "basisOfRecord": "HumanObservation", "date_year": 2023, "eventDate": "2023-08-11T18:28:46+00:00", "individualCount": null, "scientificName": "Fratercula arctica", "id": "b13d8c32-3566-4e0c-8a15-ff945322b1a0", "especie_normalizada": "Fratercula arctica", "decada": 2020.0 }, "geometry": { "type": "Point", "coordinates": [ -19.104022644499999, 63.403929036599997 ] } },
{ "type": "Feature", "properties": { "basisOfRecord": "HumanObservation", "date_year": 2023, "eventDate": "2023-06-23T16:55:00+02:00", "individualCount": null, "scientificName": "Fratercula arctica", "id": "b1542fc9-16d9-4715-b7f1-858723a1caad", "especie_normalizada": "Fratercula arctica", "decada": 2020.0 }, "geometry": { "type": "Point", "coordinates": [ 31.015557713500002, 70.293093306599999 ] } },
{ "type": "Feature", "properties": { "basisOfRecord": "HumanObservation", "date_year": 2023, "eventDate": "2023-07-20T13:37:00+00:00", "individualCount": null, "scientificName": "Fratercula arctica", "id": "b1605d89-93df-4bb1-a1b3-bd8da4d80cc1", "especie_normalizada": "Fratercula arctica", "decada": 2020.0 }, "geometry": { "type": "Point", "coordinates": [ -18.010714445, 66.537667221700005 ] } },
{ "type": "Feature", "properties": { "basisOfRecord": "HumanObservation", "date_year": 2023, "eventDate": "2023-09-29T08:42:00-01:00", "individualCount": null, "scientificName": "Rissa tridactyla", "id": "b1e7ca34-49d7-4ce6-be51-0028384f4c7a", "especie_normalizada": "Rissa tridactyla", "decada": 2020.0 }, "geometry": { "type": "Point", "coordinates": [ -14.316704616, 68.318487202200004 ] } },
{ "type": "Feature", "properties": { "basisOfRecord": "HumanObservation", "date_year": 2023, "eventDate": "2023-06-01T11:30:02", "individualCount": "1", "scientificName": "Physeter macrocephalus", "id": "b20811db-ed10-4f1f-ae94-8b37d8470dc4", "especie_normalizada": "Physeter macrocephalus", "decada": 2020.0 }, "geometry": { "type": "Point", "coordinates": [ -24.088898, 64.975674 ] } },
{ "type": "Feature", "properties": { "basisOfRecord": "HumanObservation", "date_year": 2023, "eventDate": "2023-06-23T15:30:00+02:00", "individualCount": null, "scientificName": "Fratercula arctica", "id": "b23f18e8-f661-4ac1-8dd7-a63062a3730c", "especie_normalizada": "Fratercula arctica", "decada": 2020.0 }, "geometry": { "type": "Point", "coordinates": [ 31.089868747400001, 70.384196148399994 ] } },
{ "type": "Feature", "properties": { "basisOfRecord": "HumanObservation", "date_year": 2023, "eventDate": "2023-09-21T10:22:52+02:00", "individualCount": null, "scientificName": "Rissa tridactyla", "id": "b2aff984-5ab1-4039-b48c-fb2b0b199aec", "especie_normalizada": "Rissa tridactyla", "decada": 2020.0 }, "geometry": { "type": "Point", "coordinates": [ 21.545725688299999, 78.254059352 ] } },
{ "type": "Feature", "properties": { "basisOfRecord": "HumanObservation", "date_year": 2023, "eventDate": "2023-07-22T12:59:00+00:00", "individualCount": null, "scientificName": "Rissa tridactyla", "id": "b2e0816c-e54a-418e-8a93-3ee7b3b0f6f0", "especie_normalizada": "Rissa tridactyla", "decada": 2020.0 }, "geometry": { "type": "Point", "coordinates": [ -20.279301870499999, 63.432218995900001 ] } },
{ "type": "Feature", "properties": { "basisOfRecord": "HumanObservation", "date_year": 2023, "eventDate": "2023-07-13T17:16:00+00:00", "individualCount": null, "scientificName": "Rissa tridactyla", "id": "b3136324-05d7-40fd-b824-2c0e90878edb", "especie_normalizada": "Rissa tridactyla", "decada": 2020.0 }, "geometry": { "type": "Point", "coordinates": [ -23.617309445, 64.7676925 ] } },
{ "type": "Feature", "properties": { "basisOfRecord": "HumanObservation", "date_year": 2023, "eventDate": "2023-07-28T22:03:44", "individualCount": "1", "scientificName": "Balaenoptera musculus", "id": "b3936270-517f-4122-ab9f-f8505cdf8e85", "especie_normalizada": "Balaenoptera musculus", "decada": 2020.0 }, "geometry": { "type": "Point", "coordinates": [ 13.138667, 79.9895 ] } },
{ "type": "Feature", "properties": { "basisOfRecord": "HumanObservation", "date_year": 2023, "eventDate": "2023-06-07T13:46:00+00:00", "individualCount": null, "scientificName": "Rissa tridactyla", "id": "b3fc1041-930d-467f-82c3-1d34b3344a74", "especie_normalizada": "Rissa tridactyla", "decada": 2020.0 }, "geometry": { "type": "Point", "coordinates": [ -14.0159925266, 65.188861711100003 ] } },
{ "type": "Feature", "properties": { "basisOfRecord": "HumanObservation", "date_year": 2023, "eventDate": "2023-06-15T17:54:00+00:00", "individualCount": null, "scientificName": "Rissa tridactyla", "id": "b46afff9-ba55-4095-a55f-8f146eeebd0f", "especie_normalizada": "Rissa tridactyla", "decada": 2020.0 }, "geometry": { "type": "Point", "coordinates": [ -22.6512494, 64.0705324 ] } },
{ "type": "Feature", "properties": { "basisOfRecord": "HumanObservation", "date_year": 2023, "eventDate": "2023-07-28T12:05:10+02:00", "individualCount": null, "scientificName": "Fratercula arctica", "id": "b536f3a2-480f-4c74-b82b-a464a7a356d5", "especie_normalizada": "Fratercula arctica", "decada": 2020.0 }, "geometry": { "type": "Point", "coordinates": [ 25.288439748199998, 71.029017851899994 ] } },
{ "type": "Feature", "properties": { "basisOfRecord": "HumanObservation", "date_year": 2023, "eventDate": "2023-06-23T17:26:00+02:00", "individualCount": null, "scientificName": "Rissa tridactyla", "id": "b53b8cb3-54da-4e2b-9621-31269b9c8b3f", "especie_normalizada": "Rissa tridactyla", "decada": 2020.0 }, "geometry": { "type": "Point", "coordinates": [ 31.190185739099999, 70.377971533199997 ] } },
{ "type": "Feature", "properties": { "basisOfRecord": "HumanObservation", "date_year": 2023, "eventDate": "2023-08-12T21:30:00+00:00", "individualCount": null, "scientificName": "Fratercula arctica", "id": "b57afa51-f76b-4d72-a8d2-3c971ba2abe6", "especie_normalizada": "Fratercula arctica", "decada": 2020.0 }, "geometry": { "type": "Point", "coordinates": [ -19.039910137700002, 63.400233428200004 ] } },
{ "type": "Feature", "properties": { "basisOfRecord": "HumanObservation", "date_year": 2023, "eventDate": "2023-07-29T10:29:00+01:00", "individualCount": null, "scientificName": "Rissa tridactyla", "id": "b59e7029-b56b-4e03-8f8c-e116b5e66857", "especie_normalizada": "Rissa tridactyla", "decada": 2020.0 }, "geometry": { "type": "Point", "coordinates": [ -2.4190089375, 59.3727331487 ] } },
{ "type": "Feature", "properties": { "basisOfRecord": "HumanObservation", "date_year": 2023, "eventDate": "2023-06-23T15:32:00+02:00", "individualCount": null, "scientificName": "Fratercula arctica", "id": "b5f081eb-3c1b-4109-b9a8-207b3e61bca0", "especie_normalizada": "Fratercula arctica", "decada": 2020.0 }, "geometry": { "type": "Point", "coordinates": [ 31.120045788900001, 70.342099625 ] } },
{ "type": "Feature", "properties": { "basisOfRecord": "HumanObservation", "date_year": 2023, "eventDate": "2023-05-13", "individualCount": "1", "scientificName": "Balaenoptera musculus", "id": "b5fa9baf-4fce-4096-b39a-6d2a90f55981", "especie_normalizada": "Balaenoptera musculus", "decada": 2020.0 }, "geometry": { "type": "Point", "coordinates": [ -17.55, 66.076667 ] } },
{ "type": "Feature", "properties": { "basisOfRecord": "HumanObservation", "date_year": 2023, "eventDate": "2023-08-09T07:22:36+02:00", "individualCount": null, "scientificName": "Fratercula arctica", "id": "b650bed3-67dd-41c0-aa27-363ce1b656b9", "especie_normalizada": "Fratercula arctica", "decada": 2020.0 }, "geometry": { "type": "Point", "coordinates": [ 15.2106822568, 76.901387327799995 ] } },
{ "type": "Feature", "properties": { "basisOfRecord": "HumanObservation", "date_year": 2023, "eventDate": "2023-06-23T20:12:00+02:00", "individualCount": null, "scientificName": "Rissa tridactyla", "id": "b66468de-9d4d-4a8c-b78a-84eabcf64b3e", "especie_normalizada": "Rissa tridactyla", "decada": 2020.0 }, "geometry": { "type": "Point", "coordinates": [ 31.064211844300001, 70.362425249899999 ] } },
{ "type": "Feature", "properties": { "basisOfRecord": "HumanObservation", "date_year": 2023, "eventDate": "2023-05-30T13:50:00+02:00", "individualCount": null, "scientificName": "Rissa tridactyla", "id": "b6bea37f-a934-401e-bec2-535ccd1fbf6f", "especie_normalizada": "Rissa tridactyla", "decada": 2020.0 }, "geometry": { "type": "Point", "coordinates": [ 15.5155651021, 78.242715770499998 ] } },
{ "type": "Feature", "properties": { "basisOfRecord": "HumanObservation", "date_year": 2023, "eventDate": "2023-07-02T14:45:14", "individualCount": "1", "scientificName": "Balaenoptera musculus", "id": "b70334c0-2a61-4e98-8f8e-75c3d9bf6d3c", "especie_normalizada": "Balaenoptera musculus", "decada": 2020.0 }, "geometry": { "type": "Point", "coordinates": [ -17.5, 66.1 ] } },
{ "type": "Feature", "properties": { "basisOfRecord": "HumanObservation", "date_year": 2023, "eventDate": "2023-06-23T16:32:00+02:00", "individualCount": null, "scientificName": "Fratercula arctica", "id": "b70a2758-ff03-40ad-bd2b-8d5a3ca586a9", "especie_normalizada": "Fratercula arctica", "decada": 2020.0 }, "geometry": { "type": "Point", "coordinates": [ 31.1015927322, 70.294829527900006 ] } },
{ "type": "Feature", "properties": { "basisOfRecord": "HumanObservation", "date_year": 2023, "eventDate": "2023-09-08T13:01:00+01:00", "individualCount": null, "scientificName": "Fratercula arctica", "id": "b73feee8-fedc-4321-a64f-558fec9f2f2f", "especie_normalizada": "Fratercula arctica", "decada": 2020.0 }, "geometry": { "type": "Point", "coordinates": [ -2.8651777778, 59.300294444400002 ] } },
{ "type": "Feature", "properties": { "basisOfRecord": "HumanObservation", "date_year": 2023, "eventDate": "2023-07-17T09:57:00+02:00", "individualCount": null, "scientificName": "Fratercula arctica", "id": "b760fe47-b8d8-4541-8a84-792a1b603a0a", "especie_normalizada": "Fratercula arctica", "decada": 2020.0 }, "geometry": { "type": "Point", "coordinates": [ 25.2333156587, 70.908223416799999 ] } },
{ "type": "Feature", "properties": { "basisOfRecord": "HumanObservation", "date_year": 2023, "eventDate": "2023-07-07T09:34:00+00:00", "individualCount": null, "scientificName": "Rissa tridactyla", "id": "b7ea6b0f-1f14-47cb-9ed4-ab6bc8e733c4", "especie_normalizada": "Rissa tridactyla", "decada": 2020.0 }, "geometry": { "type": "Point", "coordinates": [ -23.775135, 64.7353973 ] } },
{ "type": "Feature", "properties": { "basisOfRecord": "HumanObservation", "date_year": 2023, "eventDate": "2023-07-05T20:39:14+01:00", "individualCount": null, "scientificName": "Fratercula arctica", "id": "b86ffc0a-cc0a-46f4-8e0b-f68b4c04cbb3", "especie_normalizada": "Fratercula arctica", "decada": 2020.0 }, "geometry": { "type": "Point", "coordinates": [ -3.0270221667, 58.640383333300001 ] } },
{ "type": "Feature", "properties": { "basisOfRecord": "HumanObservation", "date_year": 2023, "eventDate": "2023-09-26T16:30:00+01:00", "individualCount": null, "scientificName": "Rissa tridactyla", "id": "b8c3fa65-fc54-4e7b-b236-09009c31b474", "especie_normalizada": "Rissa tridactyla", "decada": 2020.0 }, "geometry": { "type": "Point", "coordinates": [ 13.6621, 76.7811 ] } },
{ "type": "Feature", "properties": { "basisOfRecord": "HumanObservation", "date_year": 2023, "eventDate": "2023-07-22T13:28:45+00:00", "individualCount": null, "scientificName": "Fratercula arctica", "id": "b905ab79-b64a-49ff-ad0e-a099134951a9", "especie_normalizada": "Fratercula arctica", "decada": 2020.0 }, "geometry": { "type": "Point", "coordinates": [ -18.012317408299999, 66.5553767193 ] } },
{ "type": "Feature", "properties": { "basisOfRecord": "HumanObservation", "date_year": 2023, "eventDate": "2023-06-21T10:52:00+02:00", "individualCount": null, "scientificName": "Rissa tridactyla", "id": "b992e301-c9d7-4d8a-b7b7-9b94fbf1a2b9", "especie_normalizada": "Rissa tridactyla", "decada": 2020.0 }, "geometry": { "type": "Point", "coordinates": [ 25.3291994181, 71.1748882845 ] } },
{ "type": "Feature", "properties": { "basisOfRecord": "HumanObservation", "date_year": 2023, "eventDate": "2023-07-20T13:48:00+00:00", "individualCount": null, "scientificName": "Fratercula arctica", "id": "ba169249-5cad-4775-9f6e-a4804e51e97b", "especie_normalizada": "Fratercula arctica", "decada": 2020.0 }, "geometry": { "type": "Point", "coordinates": [ -18.007680346, 66.536229626700006 ] } },
{ "type": "Feature", "properties": { "basisOfRecord": "HumanObservation", "date_year": 2023, "eventDate": "2023-07-08T19:22:58", "individualCount": "1", "scientificName": "Balaenoptera musculus", "id": "ba368fa4-5f76-4dd4-8665-26b7fa13bc94", "especie_normalizada": "Balaenoptera musculus", "decada": 2020.0 }, "geometry": { "type": "Point", "coordinates": [ 11.67, 79.06 ] } },
{ "type": "Feature", "properties": { "basisOfRecord": "HumanObservation", "date_year": 2023, "eventDate": "2023-06-23T16:35:00+02:00", "individualCount": null, "scientificName": "Fratercula arctica", "id": "ba381a95-f69d-4f3a-a5bf-f8aaed58fffd", "especie_normalizada": "Fratercula arctica", "decada": 2020.0 }, "geometry": { "type": "Point", "coordinates": [ 31.063112267499999, 70.341709735600006 ] } },
{ "type": "Feature", "properties": { "basisOfRecord": "HumanObservation", "date_year": 2023, "eventDate": "2023-06-25T09:35:00+02:00", "individualCount": null, "scientificName": "Rissa tridactyla", "id": "ba90b019-7f7c-4df2-8f82-72651134f57e", "especie_normalizada": "Rissa tridactyla", "decada": 2020.0 }, "geometry": { "type": "Point", "coordinates": [ 11.461232254, 79.034776004199998 ] } },
{ "type": "Feature", "properties": { "basisOfRecord": "HumanObservation", "date_year": 2023, "eventDate": "2023-07-24T14:25:00+00:00", "individualCount": null, "scientificName": "Fratercula arctica", "id": "bac1e9d7-665c-4e42-a142-de261c025cb9", "especie_normalizada": "Fratercula arctica", "decada": 2020.0 }, "geometry": { "type": "Point", "coordinates": [ -20.261458328100002, 63.445026695800003 ] } },
{ "type": "Feature", "properties": { "basisOfRecord": "HumanObservation", "date_year": 2023, "eventDate": "2023-05-27T19:39:00+02:00", "individualCount": null, "scientificName": "Rissa tridactyla", "id": "bb39bd25-6a77-4670-a0fe-0657be1c2fe4", "especie_normalizada": "Rissa tridactyla", "decada": 2020.0 }, "geometry": { "type": "Point", "coordinates": [ 13.0832486492, 67.908431839599999 ] } },
{ "type": "Feature", "properties": { "basisOfRecord": "HumanObservation", "date_year": 2023, "eventDate": "2023-07-13T12:54:56+02:00", "individualCount": null, "scientificName": "Fratercula arctica", "id": "bb632046-f34d-44a9-b144-9d4e03278dd7", "especie_normalizada": "Fratercula arctica", "decada": 2020.0 }, "geometry": { "type": "Point", "coordinates": [ 15.900961666700001, 77.0499055 ] } },
{ "type": "Feature", "properties": { "basisOfRecord": "HumanObservation", "date_year": 2023, "eventDate": "2023-06-28T15:18:00+02:00", "individualCount": null, "scientificName": "Rissa tridactyla", "id": "bba637e2-35d3-4571-9687-46cb239b5a69", "especie_normalizada": "Rissa tridactyla", "decada": 2020.0 }, "geometry": { "type": "Point", "coordinates": [ 30.145619143400001, 70.029558198199993 ] } },
{ "type": "Feature", "properties": { "basisOfRecord": "HumanObservation", "date_year": 2023, "eventDate": "2023-06-23T16:22:00+02:00", "individualCount": null, "scientificName": "Fratercula arctica", "id": "bbe7d090-12c7-425b-a467-06e579208434", "especie_normalizada": "Fratercula arctica", "decada": 2020.0 }, "geometry": { "type": "Point", "coordinates": [ 31.020435113, 70.330115312399997 ] } },
{ "type": "Feature", "properties": { "basisOfRecord": "HumanObservation", "date_year": 2023, "eventDate": "2023-06-26T12:35:00+02:00", "individualCount": null, "scientificName": "Rissa tridactyla", "id": "bc25ec3c-0688-4ba8-b9ec-e2dde20d83ec", "especie_normalizada": "Rissa tridactyla", "decada": 2020.0 }, "geometry": { "type": "Point", "coordinates": [ 10.8630509679, 79.577553346900004 ] } },
{ "type": "Feature", "properties": { "basisOfRecord": "HumanObservation", "date_year": 2023, "eventDate": "2023-06-23T17:25:00+02:00", "individualCount": null, "scientificName": "Rissa tridactyla", "id": "bc2e194d-c3a3-4ca3-a25d-4ed421ccb8c8", "especie_normalizada": "Rissa tridactyla", "decada": 2020.0 }, "geometry": { "type": "Point", "coordinates": [ 31.134394601699999, 70.347792466100003 ] } },
{ "type": "Feature", "properties": { "basisOfRecord": "HumanObservation", "date_year": 2023, "eventDate": "2023-06-30T17:02:00+02:00", "individualCount": null, "scientificName": "Rissa tridactyla", "id": "bc6a67f4-86a0-4095-b73d-02768d851dea", "especie_normalizada": "Rissa tridactyla", "decada": 2020.0 }, "geometry": { "type": "Point", "coordinates": [ 15.046487470100001, 77.552709922299996 ] } },
{ "type": "Feature", "properties": { "basisOfRecord": "HumanObservation", "date_year": 2023, "eventDate": "2023-06-29T11:32:00+02:00", "individualCount": null, "scientificName": "Rissa tridactyla", "id": "bc8db1e9-3361-4810-8583-833a20eb5cb9", "especie_normalizada": "Rissa tridactyla", "decada": 2020.0 }, "geometry": { "type": "Point", "coordinates": [ 10.481501971, 78.893692349 ] } },
{ "type": "Feature", "properties": { "basisOfRecord": "HumanObservation", "date_year": 2023, "eventDate": "2023-03-25T12:54:00+01:00", "individualCount": null, "scientificName": "Rissa tridactyla", "id": "bd1cec81-2310-449b-afc6-edb4cc245655", "especie_normalizada": "Rissa tridactyla", "decada": 2020.0 }, "geometry": { "type": "Point", "coordinates": [ 31.134486375400002, 70.331911410199993 ] } },
{ "type": "Feature", "properties": { "basisOfRecord": "HumanObservation", "date_year": 2023, "eventDate": "2023-01-19T12:56:24+01:00", "individualCount": null, "scientificName": "Rissa tridactyla", "id": "bd905298-7633-4975-9f57-479e06a9233a", "especie_normalizada": "Rissa tridactyla", "decada": 2020.0 }, "geometry": { "type": "Point", "coordinates": [ 8.6024383333, 57.122441666699999 ] } },
{ "type": "Feature", "properties": { "basisOfRecord": "HumanObservation", "date_year": 2023, "eventDate": "2023-06-28T07:46:00+00:00", "individualCount": null, "scientificName": "Fratercula arctica", "id": "be3196d7-e242-403a-baa5-f19dc9e7de3e", "especie_normalizada": "Fratercula arctica", "decada": 2020.0 }, "geometry": { "type": "Point", "coordinates": [ -22.995065599699998, 65.300360492899998 ] } },
{ "type": "Feature", "properties": { "basisOfRecord": "HumanObservation", "date_year": 2023, "eventDate": "2023-06-17T16:08:00+02:00", "individualCount": null, "scientificName": "Fratercula arctica", "id": "bed704c4-ea49-4dde-8a14-71d71a4a29f8", "especie_normalizada": "Fratercula arctica", "decada": 2020.0 }, "geometry": { "type": "Point", "coordinates": [ 11.811951219599999, 79.134795401 ] } },
{ "type": "Feature", "properties": { "basisOfRecord": "HumanObservation", "date_year": 2023, "eventDate": "2023-07-24T19:48:00+00:00", "individualCount": null, "scientificName": "Fratercula arctica", "id": "bf04604d-b0bd-4573-8556-0af26d0f5e10", "especie_normalizada": "Fratercula arctica", "decada": 2020.0 }, "geometry": { "type": "Point", "coordinates": [ -20.303408157700002, 63.439121500699997 ] } },
{ "type": "Feature", "properties": { "basisOfRecord": "HumanObservation", "date_year": 2023, "eventDate": "2023-03-24T11:15:00+01:00", "individualCount": null, "scientificName": "Rissa tridactyla", "id": "bf2768dd-f770-4bba-b937-e70b12d9a1c3", "especie_normalizada": "Rissa tridactyla", "decada": 2020.0 }, "geometry": { "type": "Point", "coordinates": [ 31.137546523099999, 70.361381287699999 ] } },
{ "type": "Feature", "properties": { "basisOfRecord": "HumanObservation", "date_year": 2023, "eventDate": "2023-08-13T06:33:00+00:00", "individualCount": null, "scientificName": "Fratercula arctica", "id": "bf39a120-1c98-4ecf-b448-a5fd88ad6bfc", "especie_normalizada": "Fratercula arctica", "decada": 2020.0 }, "geometry": { "type": "Point", "coordinates": [ -19.129782, 63.403222 ] } },
{ "type": "Feature", "properties": { "basisOfRecord": "HumanObservation", "date_year": 2023, "eventDate": "2023-06-23T15:23:00+02:00", "individualCount": null, "scientificName": "Fratercula arctica", "id": "bf42cc88-c727-4a4f-b6fb-95008e846293", "especie_normalizada": "Fratercula arctica", "decada": 2020.0 }, "geometry": { "type": "Point", "coordinates": [ 31.000209304, 70.292315391399995 ] } },
{ "type": "Feature", "properties": { "basisOfRecord": "HumanObservation", "date_year": 2023, "eventDate": "2023-08-16T10:44:30+00:00", "individualCount": null, "scientificName": "Fratercula arctica", "id": "bf821318-67df-46b2-a581-a58c44f990cb", "especie_normalizada": "Fratercula arctica", "decada": 2020.0 }, "geometry": { "type": "Point", "coordinates": [ -13.7548083333, 65.542121666699998 ] } },
{ "type": "Feature", "properties": { "basisOfRecord": "HumanObservation", "date_year": 2023, "eventDate": "2023-06-23T15:11:00+02:00", "individualCount": null, "scientificName": "Fratercula arctica", "id": "bf926f27-8cc1-471f-b423-f43f444b711c", "especie_normalizada": "Fratercula arctica", "decada": 2020.0 }, "geometry": { "type": "Point", "coordinates": [ 31.036247434300002, 70.379177788899995 ] } },
{ "type": "Feature", "properties": { "basisOfRecord": "HumanObservation", "date_year": 2023, "eventDate": "2023-06-29T12:10:00+01:00", "individualCount": null, "scientificName": "Fratercula arctica", "id": "bf9b9ec7-b150-4451-8041-0cbed779b7d7", "especie_normalizada": "Fratercula arctica", "decada": 2020.0 }, "geometry": { "type": "Point", "coordinates": [ -6.9453131215, 62.327618686299999 ] } },
{ "type": "Feature", "properties": { "basisOfRecord": "HumanObservation", "date_year": 2023, "eventDate": "2023-06-23T16:42:00+02:00", "individualCount": null, "scientificName": "Fratercula arctica", "id": "bfc576e6-310d-40d5-aea7-332112a90fb3", "especie_normalizada": "Fratercula arctica", "decada": 2020.0 }, "geometry": { "type": "Point", "coordinates": [ 31.003823022500001, 70.201381985699996 ] } },
{ "type": "Feature", "properties": { "basisOfRecord": "HumanObservation", "date_year": 2023, "eventDate": "2023-06-23T16:13:00+02:00", "individualCount": null, "scientificName": "Fratercula arctica", "id": "bfe9ac01-610c-459e-9b5c-2e31d9fa4c14", "especie_normalizada": "Fratercula arctica", "decada": 2020.0 }, "geometry": { "type": "Point", "coordinates": [ 31.188836552600002, 70.250738297799998 ] } },
{ "type": "Feature", "properties": { "basisOfRecord": "HumanObservation", "date_year": 2023, "eventDate": "2023-06-15T09:20:00+02:00", "individualCount": null, "scientificName": "Fratercula arctica", "id": "c065abda-447c-4aa1-a94a-5efa7f444d49", "especie_normalizada": "Fratercula arctica", "decada": 2020.0 }, "geometry": { "type": "Point", "coordinates": [ 14.6578977068, 78.687755506900004 ] } },
{ "type": "Feature", "properties": { "basisOfRecord": "HumanObservation", "date_year": 2023, "eventDate": "2023-07-22T13:45:00+00:00", "individualCount": null, "scientificName": "Rissa tridactyla", "id": "c09df502-a044-4fb7-adb8-94af3b1f4b66", "especie_normalizada": "Rissa tridactyla", "decada": 2020.0 }, "geometry": { "type": "Point", "coordinates": [ -16.169939297, 64.049806339900002 ] } },
{ "type": "Feature", "properties": { "basisOfRecord": "HumanObservation", "date_year": 2023, "eventDate": "2023-06-23T16:42:00+02:00", "individualCount": null, "scientificName": "Fratercula arctica", "id": "c0e2de14-9125-450b-9af6-33db105d6483", "especie_normalizada": "Fratercula arctica", "decada": 2020.0 }, "geometry": { "type": "Point", "coordinates": [ 31.000218397800001, 70.299346225299999 ] } },
{ "type": "Feature", "properties": { "basisOfRecord": "HumanObservation", "date_year": 2023, "eventDate": "2023-08-03T11:38:49+00:00", "individualCount": null, "scientificName": "Fratercula arctica", "id": "c0f4180c-a3a9-4d8b-9335-07717bdf9fa0", "especie_normalizada": "Fratercula arctica", "decada": 2020.0 }, "geometry": { "type": "Point", "coordinates": [ -19.130016666700001, 63.403538333299998 ] } },
{ "type": "Feature", "properties": { "basisOfRecord": "HumanObservation", "date_year": 2023, "eventDate": "2023-06-23T17:39:00+02:00", "individualCount": null, "scientificName": "Rissa tridactyla", "id": "c15d7792-b0a5-431f-9b81-edbad52d5a6c", "especie_normalizada": "Rissa tridactyla", "decada": 2020.0 }, "geometry": { "type": "Point", "coordinates": [ 31.029923048400001, 70.252147502100001 ] } },
{ "type": "Feature", "properties": { "basisOfRecord": "HumanObservation", "date_year": 2023, "eventDate": "2023-05-08T13:12:00+02:00", "individualCount": null, "scientificName": "Rissa tridactyla", "id": "c18432e1-b1b1-4694-9ed1-513a7675d139", "especie_normalizada": "Rissa tridactyla", "decada": 2020.0 }, "geometry": { "type": "Point", "coordinates": [ 14.4619300776, 68.775699549099997 ] } },
{ "type": "Feature", "properties": { "basisOfRecord": "HumanObservation", "date_year": 2023, "eventDate": "2023-06-23T14:54:00+02:00", "individualCount": null, "scientificName": "Rissa tridactyla", "id": "c188bcb2-e80f-40e5-88e3-fa23dcdf7732", "especie_normalizada": "Rissa tridactyla", "decada": 2020.0 }, "geometry": { "type": "Point", "coordinates": [ 31.148657662400002, 70.284635983 ] } },
{ "type": "Feature", "properties": { "basisOfRecord": "HumanObservation", "date_year": 2023, "eventDate": "2023-06-23T16:48:00+02:00", "individualCount": null, "scientificName": "Rissa tridactyla", "id": "c1ab7c41-6eb1-4ee8-8fce-bce300334ead", "especie_normalizada": "Rissa tridactyla", "decada": 2020.0 }, "geometry": { "type": "Point", "coordinates": [ 31.097417676599999, 70.208384588399994 ] } },
{ "type": "Feature", "properties": { "basisOfRecord": "HumanObservation", "date_year": 2023, "eventDate": "2023-06-20T10:14:36+01:00", "individualCount": null, "scientificName": "Fratercula arctica", "id": "c28f5501-4adf-4484-82d0-5ed71ad6af21", "especie_normalizada": "Fratercula arctica", "decada": 2020.0 }, "geometry": { "type": "Point", "coordinates": [ -4.7583208333, 58.588686944400003 ] } },
{ "type": "Feature", "properties": { "basisOfRecord": "HumanObservation", "date_year": 2023, "eventDate": "2023-06-23T17:39:00+02:00", "individualCount": null, "scientificName": "Rissa tridactyla", "id": "c2c01ffb-a1d1-4650-855c-9908ef183248", "especie_normalizada": "Rissa tridactyla", "decada": 2020.0 }, "geometry": { "type": "Point", "coordinates": [ 31.131711928200001, 70.276217526899998 ] } },
{ "type": "Feature", "properties": { "basisOfRecord": "HumanObservation", "date_year": 2023, "eventDate": "2023-06-23T16:54:00+02:00", "individualCount": null, "scientificName": "Fratercula arctica", "id": "c2e8165d-4c5b-4819-8f0c-ae8e207ba65b", "especie_normalizada": "Fratercula arctica", "decada": 2020.0 }, "geometry": { "type": "Point", "coordinates": [ 31.0940846586, 70.242023555499998 ] } },
{ "type": "Feature", "properties": { "basisOfRecord": "HumanObservation", "date_year": 2023, "eventDate": "2023-06-17T14:29:47+01:00", "individualCount": null, "scientificName": "Rissa tridactyla", "id": "c312ce1b-c27b-4ece-aac6-2fa888d7f90e", "especie_normalizada": "Rissa tridactyla", "decada": 2020.0 }, "geometry": { "type": "Point", "coordinates": [ -1.2755630538, 59.853780202599999 ] } },
{ "type": "Feature", "properties": { "basisOfRecord": "HumanObservation", "date_year": 2023, "eventDate": "2023-06-22T13:27:00+00:00", "individualCount": null, "scientificName": "Fratercula arctica", "id": "c32a7c44-46da-4a1a-820a-89c27c004ba6", "especie_normalizada": "Fratercula arctica", "decada": 2020.0 }, "geometry": { "type": "Point", "coordinates": [ -23.192177386, 65.528822365099998 ] } },
{ "type": "Feature", "properties": { "basisOfRecord": "HumanObservation", "date_year": 2023, "eventDate": "2023-08-29T15:22:59", "individualCount": "1", "scientificName": "Physeter macrocephalus", "id": "c34dc07d-bdf5-424f-973a-4e7289cac4ae", "especie_normalizada": "Physeter macrocephalus", "decada": 2020.0 }, "geometry": { "type": "Point", "coordinates": [ 15.43334, 69.24189 ] } },
{ "type": "Feature", "properties": { "basisOfRecord": "HumanObservation", "date_year": 2023, "eventDate": "2023-06-23T20:27:00+00:00", "individualCount": null, "scientificName": "Fratercula arctica", "id": "c3a72f35-9048-4177-9962-0d34827b2060", "especie_normalizada": "Fratercula arctica", "decada": 2020.0 }, "geometry": { "type": "Point", "coordinates": [ -19.0515000531, 66.276365892300007 ] } },
{ "type": "Feature", "properties": { "basisOfRecord": "HumanObservation", "date_year": 2023, "eventDate": "2023-09-07T12:13:39+00:00", "individualCount": null, "scientificName": "Rissa tridactyla", "id": "c3b43587-3c40-41d8-8e5a-c188e4c8c97b", "especie_normalizada": "Rissa tridactyla", "decada": 2020.0 }, "geometry": { "type": "Point", "coordinates": [ -16.180788333300001, 64.047552833300003 ] } },
{ "type": "Feature", "properties": { "basisOfRecord": "HumanObservation", "date_year": 2023, "eventDate": "2023-06-29T03:09:00+00:00", "individualCount": null, "scientificName": "Fratercula arctica", "id": "c3bed914-4ea1-4a15-b133-416e10e19314", "especie_normalizada": "Fratercula arctica", "decada": 2020.0 }, "geometry": { "type": "Point", "coordinates": [ -22.913634996300001, 65.376121886799993 ] } },
{ "type": "Feature", "properties": { "basisOfRecord": "HumanObservation", "date_year": 2023, "eventDate": "2023-09-20T08:50:00+02:00", "individualCount": null, "scientificName": "Rissa tridactyla", "id": "c3cd915c-a88d-48d8-920c-d1b4df734ab4", "especie_normalizada": "Rissa tridactyla", "decada": 2020.0 }, "geometry": { "type": "Point", "coordinates": [ 20.8911461987, 79.5627384191 ] } },
{ "type": "Feature", "properties": { "basisOfRecord": "HumanObservation", "date_year": 2023, "eventDate": "2023-06-23T15:23:00+02:00", "individualCount": null, "scientificName": "Fratercula arctica", "id": "c413511c-f991-4f41-9662-8e6466ac57bb", "especie_normalizada": "Fratercula arctica", "decada": 2020.0 }, "geometry": { "type": "Point", "coordinates": [ 31.185481489400001, 70.331976228299993 ] } },
{ "type": "Feature", "properties": { "basisOfRecord": "HumanObservation", "date_year": 2023, "eventDate": "2023-06-23T15:05:00+02:00", "individualCount": null, "scientificName": "Fratercula arctica", "id": "c4ec95a1-6fe1-4c02-9d1f-96b4767ce734", "especie_normalizada": "Fratercula arctica", "decada": 2020.0 }, "geometry": { "type": "Point", "coordinates": [ 31.1207644819, 70.343376926399998 ] } },
{ "type": "Feature", "properties": { "basisOfRecord": "HumanObservation", "date_year": 2023, "eventDate": "2023-07-02T11:30:00+02:00", "individualCount": null, "scientificName": "Rissa tridactyla", "id": "c537a77f-d7c8-4a4c-b815-7fc77af6d11e", "especie_normalizada": "Rissa tridactyla", "decada": 2020.0 }, "geometry": { "type": "Point", "coordinates": [ 30.6980225376, 70.411487101 ] } },
{ "type": "Feature", "properties": { "basisOfRecord": "HumanObservation", "date_year": 2023, "eventDate": "2023-06-23T14:53:00+02:00", "individualCount": null, "scientificName": "Rissa tridactyla", "id": "c549dd4a-efb4-4905-a6eb-2d3eee7faaba", "especie_normalizada": "Rissa tridactyla", "decada": 2020.0 }, "geometry": { "type": "Point", "coordinates": [ 31.1574535556, 70.270505195 ] } },
{ "type": "Feature", "properties": { "basisOfRecord": "HumanObservation", "date_year": 2023, "eventDate": "2023-06-21T20:18:00+02:00", "individualCount": null, "scientificName": "Rissa tridactyla", "id": "c5599604-2ad8-41f2-b362-369f5c4b7987", "especie_normalizada": "Rissa tridactyla", "decada": 2020.0 }, "geometry": { "type": "Point", "coordinates": [ 13.719233989699999, 77.634266763900001 ] } },
{ "type": "Feature", "properties": { "basisOfRecord": "HumanObservation", "date_year": 2023, "eventDate": "2023-05-25T19:13:09+00:00", "individualCount": null, "scientificName": "Rissa tridactyla", "id": "c5af8c1c-31f8-4ae8-bd91-b24fd3c37ee2", "especie_normalizada": "Rissa tridactyla", "decada": 2020.0 }, "geometry": { "type": "Point", "coordinates": [ -18.074377833300002, 65.685166666699999 ] } },
{ "type": "Feature", "properties": { "basisOfRecord": "HumanObservation", "date_year": 2023, "eventDate": "2023-07-24T14:17:00+00:00", "individualCount": null, "scientificName": "Fratercula arctica", "id": "c5eb795a-4c71-4e16-aefb-3641fa5bec4f", "especie_normalizada": "Fratercula arctica", "decada": 2020.0 }, "geometry": { "type": "Point", "coordinates": [ -20.261458328100002, 63.445026695800003 ] } },
{ "type": "Feature", "properties": { "basisOfRecord": "HumanObservation", "date_year": 2023, "eventDate": "2023-07-13T16:54:00+00:00", "individualCount": null, "scientificName": "Rissa tridactyla", "id": "c5ff7034-c28f-4fc4-85a0-c9e27f097277", "especie_normalizada": "Rissa tridactyla", "decada": 2020.0 }, "geometry": { "type": "Point", "coordinates": [ -23.554342631, 64.771691607400001 ] } },
{ "type": "Feature", "properties": { "basisOfRecord": "HumanObservation", "date_year": 2023, "eventDate": "2023-08-02T12:02:35+00:00", "individualCount": null, "scientificName": "Fratercula arctica", "id": "c60053d7-bfbe-42ce-bb4e-36962d3ae3dc", "especie_normalizada": "Fratercula arctica", "decada": 2020.0 }, "geometry": { "type": "Point", "coordinates": [ -19.062677383400001, 63.413055419899997 ] } },
{ "type": "Feature", "properties": { "basisOfRecord": "HumanObservation", "date_year": 2023, "eventDate": "2023-05-23T09:57:00+00:00", "individualCount": null, "scientificName": "Rissa tridactyla", "id": "c69b512d-750f-4dac-b4a9-3d50f8903d61", "especie_normalizada": "Rissa tridactyla", "decada": 2020.0 }, "geometry": { "type": "Point", "coordinates": [ -21.858638983100001, 64.155221827800005 ] } },
{ "type": "Feature", "properties": { "basisOfRecord": "HumanObservation", "date_year": 2023, "eventDate": "2023-06-30", "individualCount": null, "scientificName": "Fratercula arctica", "id": "c6e2c33c-7acf-42fe-9cc9-7358c01d3db2", "especie_normalizada": "Fratercula arctica", "decada": 2020.0 }, "geometry": { "type": "Point", "coordinates": [ 25.3090734705, 71.099873047299994 ] } },
{ "type": "Feature", "properties": { "basisOfRecord": "HumanObservation", "date_year": 2023, "eventDate": "2023-09-13T16:00:00+02:00", "individualCount": null, "scientificName": "Rissa tridactyla", "id": "c7479a05-d8dd-4515-a2a0-8c8112e7f399", "especie_normalizada": "Rissa tridactyla", "decada": 2020.0 }, "geometry": { "type": "Point", "coordinates": [ 16.2511363375, 76.928916254900003 ] } },
{ "type": "Feature", "properties": { "basisOfRecord": "HumanObservation", "date_year": 2023, "eventDate": "2023-07-03T17:10:00+00:00", "individualCount": null, "scientificName": "Fratercula arctica", "id": "c7521e17-92eb-4d52-a62d-78c54685fda5", "especie_normalizada": "Fratercula arctica", "decada": 2020.0 }, "geometry": { "type": "Point", "coordinates": [ -20.2233911987, 63.458960430499999 ] } },
{ "type": "Feature", "properties": { "basisOfRecord": "HumanObservation", "date_year": 2023, "eventDate": "2023-07-18T09:03:00+02:00", "individualCount": null, "scientificName": "Rissa tridactyla", "id": "c75690bb-2477-4e7b-a56c-d0d13e606b09", "especie_normalizada": "Rissa tridactyla", "decada": 2020.0 }, "geometry": { "type": "Point", "coordinates": [ 13.2246723011, 67.810591383299993 ] } },
{ "type": "Feature", "properties": { "basisOfRecord": "HumanObservation", "date_year": 2023, "eventDate": "2023-10-14T08:32:01+02:00", "individualCount": null, "scientificName": "Rissa tridactyla", "id": "c7ad8f75-2781-4202-b12c-80f285f37b48", "especie_normalizada": "Rissa tridactyla", "decada": 2020.0 }, "geometry": { "type": "Point", "coordinates": [ 6.539841914, 58.066964286 ] } },
{ "type": "Feature", "properties": { "basisOfRecord": "HumanObservation", "date_year": 2023, "eventDate": "2023-08-11T15:38:53+02:00", "individualCount": null, "scientificName": "Rissa tridactyla", "id": "c7c6d340-caf2-45cf-a7f0-ef0020664f56", "especie_normalizada": "Rissa tridactyla", "decada": 2020.0 }, "geometry": { "type": "Point", "coordinates": [ 15.0895235005, 68.891915146599999 ] } },
{ "type": "Feature", "properties": { "basisOfRecord": "HumanObservation", "date_year": 2023, "eventDate": "2023-07-07T10:19:01+02:00", "individualCount": null, "scientificName": "Fratercula arctica", "id": "c802bc49-4e8d-4fff-a2b4-e7b8c42fb75c", "especie_normalizada": "Fratercula arctica", "decada": 2020.0 }, "geometry": { "type": "Point", "coordinates": [ 30.432854516199999, 70.272219067799995 ] } },
{ "type": "Feature", "properties": { "basisOfRecord": "HumanObservation", "date_year": 2023, "eventDate": "2023-08-11", "individualCount": null, "scientificName": "Fratercula arctica", "id": "c83d404b-6b8c-4199-a92b-2a1710e1b557", "especie_normalizada": "Fratercula arctica", "decada": 2020.0 }, "geometry": { "type": "Point", "coordinates": [ -13.7547969825, 65.542065051 ] } },
{ "type": "Feature", "properties": { "basisOfRecord": "HumanObservation", "date_year": 2023, "eventDate": "2023-06-01T13:32:00+02:00", "individualCount": null, "scientificName": "Rissa tridactyla", "id": "c852d65f-bf7c-4f1c-a97e-a90469e663ac", "especie_normalizada": "Rissa tridactyla", "decada": 2020.0 }, "geometry": { "type": "Point", "coordinates": [ 12.8483965937, 78.279858452100001 ] } },
{ "type": "Feature", "properties": { "basisOfRecord": "HumanObservation", "date_year": 2023, "eventDate": "2023-10-05T11:28:00+00:00", "individualCount": null, "scientificName": "Rissa tridactyla", "id": "c8a7b1ff-3da2-4e7f-a80f-aefa690eb700", "especie_normalizada": "Rissa tridactyla", "decada": 2020.0 }, "geometry": { "type": "Point", "coordinates": [ -0.9520358619, 61.263164817800003 ] } },
{ "type": "Feature", "properties": { "basisOfRecord": "HumanObservation", "date_year": 2023, "eventDate": "2023-06-23T16:49:00+02:00", "individualCount": null, "scientificName": "Fratercula arctica", "id": "c8e5df1d-99f1-46cf-bd9a-6dfd5fae5c26", "especie_normalizada": "Fratercula arctica", "decada": 2020.0 }, "geometry": { "type": "Point", "coordinates": [ 31.176686529099999, 70.32032871 ] } },
{ "type": "Feature", "properties": { "basisOfRecord": "HumanObservation", "date_year": 2023, "eventDate": "2023-07-14T10:57:00+02:00", "individualCount": null, "scientificName": "Rissa tridactyla", "id": "c8e8f73c-ecc9-4f80-829c-6bfb51ab1372", "especie_normalizada": "Rissa tridactyla", "decada": 2020.0 }, "geometry": { "type": "Point", "coordinates": [ 18.2341237909, 80.049038215400003 ] } },
{ "type": "Feature", "properties": { "basisOfRecord": "HumanObservation", "date_year": 2023, "eventDate": "2023-07-14T12:31:44+02:00", "individualCount": null, "scientificName": "Fratercula arctica", "id": "c90d758e-9beb-4b2b-9ebc-2853d4ec7727", "especie_normalizada": "Fratercula arctica", "decada": 2020.0 }, "geometry": { "type": "Point", "coordinates": [ 25.370206575299999, 71.173615539300002 ] } },
{ "type": "Feature", "properties": { "basisOfRecord": "HumanObservation", "date_year": 2023, "eventDate": "2023-06-29T15:58:00+02:00", "individualCount": null, "scientificName": "Rissa tridactyla", "id": "c91b0bf1-3bdf-43ed-b6ac-abdd25156dfe", "especie_normalizada": "Rissa tridactyla", "decada": 2020.0 }, "geometry": { "type": "Point", "coordinates": [ 31.183308466700002, 70.220505236199998 ] } },
{ "type": "Feature", "properties": { "basisOfRecord": "HumanObservation", "date_year": 2023, "eventDate": "2023-07-13T16:57:00+00:00", "individualCount": null, "scientificName": "Rissa tridactyla", "id": "c96b0f56-2869-4b12-95a4-f379e2a9322f", "especie_normalizada": "Rissa tridactyla", "decada": 2020.0 }, "geometry": { "type": "Point", "coordinates": [ -23.554342631, 64.771691607400001 ] } },
{ "type": "Feature", "properties": { "basisOfRecord": "HumanObservation", "date_year": 2023, "eventDate": "2023-09-26T09:42:00+02:00", "individualCount": null, "scientificName": "Rissa tridactyla", "id": "c96bf670-5a27-4af4-841c-4114725c48c2", "especie_normalizada": "Rissa tridactyla", "decada": 2020.0 }, "geometry": { "type": "Point", "coordinates": [ 16.0253114018, 77.069444319400006 ] } },
{ "type": "Feature", "properties": { "basisOfRecord": "HumanObservation", "date_year": 2023, "eventDate": "2023-07-28T12:04:44+02:00", "individualCount": null, "scientificName": "Fratercula arctica", "id": "ca07820f-298a-418f-b6cd-86fbda742b06", "especie_normalizada": "Fratercula arctica", "decada": 2020.0 }, "geometry": { "type": "Point", "coordinates": [ 25.2798304017, 71.023202391300003 ] } },
{ "type": "Feature", "properties": { "basisOfRecord": "HumanObservation", "date_year": 2023, "eventDate": "2023-06-23T16:15:00+02:00", "individualCount": null, "scientificName": "Fratercula arctica", "id": "ca658c83-d181-46f8-9470-aab573f029d7", "especie_normalizada": "Fratercula arctica", "decada": 2020.0 }, "geometry": { "type": "Point", "coordinates": [ 31.17069743, 70.396149186599999 ] } },
{ "type": "Feature", "properties": { "basisOfRecord": "HumanObservation", "date_year": 2023, "eventDate": "2023-07-22T21:48:00+00:00", "individualCount": null, "scientificName": "Rissa tridactyla", "id": "cad5e003-d81e-40c0-b2e8-101ebada8008", "especie_normalizada": "Rissa tridactyla", "decada": 2020.0 }, "geometry": { "type": "Point", "coordinates": [ -16.181426945, 64.048931388300005 ] } },
{ "type": "Feature", "properties": { "basisOfRecord": "HumanObservation", "date_year": 2023, "eventDate": "2023-07-20T16:04:00+00:00", "individualCount": null, "scientificName": "Rissa tridactyla", "id": "caf8821f-dbf4-4fb4-a31c-3ff93f15ffa8", "especie_normalizada": "Rissa tridactyla", "decada": 2020.0 }, "geometry": { "type": "Point", "coordinates": [ -22.817491077300001, 66.455220984099995 ] } },
{ "type": "Feature", "properties": { "basisOfRecord": "HumanObservation", "date_year": 2023, "eventDate": "2023-06-30T10:48:00+02:00", "individualCount": null, "scientificName": "Rissa tridactyla", "id": "cb35a037-0552-4070-9c84-d2b6e7ba05c9", "especie_normalizada": "Rissa tridactyla", "decada": 2020.0 }, "geometry": { "type": "Point", "coordinates": [ 30.0243666551, 70.037304990699994 ] } },
{ "type": "Feature", "properties": { "basisOfRecord": "HumanObservation", "date_year": 2023, "eventDate": "2023-06-03T07:34:00+02:00", "individualCount": null, "scientificName": "Rissa tridactyla", "id": "cb44e8ec-72a7-4758-bed9-6d2962954490", "especie_normalizada": "Rissa tridactyla", "decada": 2020.0 }, "geometry": { "type": "Point", "coordinates": [ 31.121435200800001, 70.205161822600004 ] } },
{ "type": "Feature", "properties": { "basisOfRecord": "HumanObservation", "date_year": 2023, "eventDate": "2023-08-04T22:53:55", "individualCount": "1", "scientificName": "Balaenoptera musculus", "id": "cbb1e861-67cc-4dcc-ad01-4e4a023916e3", "especie_normalizada": "Balaenoptera musculus", "decada": 2020.0 }, "geometry": { "type": "Point", "coordinates": [ 13.848333, 78.163333 ] } },
{ "type": "Feature", "properties": { "basisOfRecord": "HumanObservation", "date_year": 2023, "eventDate": "2023-06-10T15:28:00+02:00", "individualCount": null, "scientificName": "Rissa tridactyla", "id": "cc00a539-d7f9-4f1c-825b-1f40d82adaec", "especie_normalizada": "Rissa tridactyla", "decada": 2020.0 }, "geometry": { "type": "Point", "coordinates": [ 10.9868250222, 79.73182824 ] } },
{ "type": "Feature", "properties": { "basisOfRecord": "HumanObservation", "date_year": 2023, "eventDate": "2023-05-21T15:19:01+02:00", "individualCount": null, "scientificName": "Rissa tridactyla", "id": "cc6459ee-3b2b-4e92-8d53-aeb1c24d4a2a", "especie_normalizada": "Rissa tridactyla", "decada": 2020.0 }, "geometry": { "type": "Point", "coordinates": [ 29.771682516, 70.668569254499999 ] } },
{ "type": "Feature", "properties": { "basisOfRecord": "HumanObservation", "date_year": 2023, "eventDate": "2023-06-02T15:20:00+02:00", "individualCount": null, "scientificName": "Fratercula arctica", "id": "cc7f8662-7525-4b37-b4df-f3e08d60aea8", "especie_normalizada": "Fratercula arctica", "decada": 2020.0 }, "geometry": { "type": "Point", "coordinates": [ 16.125143878599999, 78.364063219399995 ] } },
{ "type": "Feature", "properties": { "basisOfRecord": "HumanObservation", "date_year": 2023, "eventDate": "2023-07-14T09:46:00+02:00", "individualCount": null, "scientificName": "Fratercula arctica", "id": "cd03157f-d12a-46ee-8087-0b768912b5ab", "especie_normalizada": "Fratercula arctica", "decada": 2020.0 }, "geometry": { "type": "Point", "coordinates": [ 14.9648332546, 68.893608387599997 ] } },
{ "type": "Feature", "properties": { "basisOfRecord": "HumanObservation", "date_year": 2023, "eventDate": "2023-06-15T19:43:00+00:00", "individualCount": null, "scientificName": "Rissa tridactyla", "id": "cd251d29-e23b-4248-8b67-01bf0e7d879f", "especie_normalizada": "Rissa tridactyla", "decada": 2020.0 }, "geometry": { "type": "Point", "coordinates": [ -22.6512494, 64.0705324 ] } },
{ "type": "Feature", "properties": { "basisOfRecord": "HumanObservation", "date_year": 2023, "eventDate": "2023-08-13T17:16:07+00:00", "individualCount": null, "scientificName": "Fratercula arctica", "id": "cd3a930d-b62e-4094-a863-510bf1c779d7", "especie_normalizada": "Fratercula arctica", "decada": 2020.0 }, "geometry": { "type": "Point", "coordinates": [ -19.107301980300001, 63.403354589099997 ] } },
{ "type": "Feature", "properties": { "basisOfRecord": "HumanObservation", "date_year": 2023, "eventDate": "2023-06-13T23:57:17+00:00", "individualCount": null, "scientificName": "Fratercula arctica", "id": "cd484391-78d3-42ae-871e-561d92635a0d", "especie_normalizada": "Fratercula arctica", "decada": 2020.0 }, "geometry": { "type": "Point", "coordinates": [ -24.531663367299998, 65.502505595599999 ] } },
{ "type": "Feature", "properties": { "basisOfRecord": "HumanObservation", "date_year": 2023, "eventDate": "2023-08-05T12:58:00+00:00", "individualCount": null, "scientificName": "Fratercula arctica", "id": "cd906615-fe18-4e83-8d5c-31bf8c5d255d", "especie_normalizada": "Fratercula arctica", "decada": 2020.0 }, "geometry": { "type": "Point", "coordinates": [ -13.754897164599999, 65.541884070899997 ] } },
{ "type": "Feature", "properties": { "basisOfRecord": "HumanObservation", "date_year": 2023, "eventDate": "2023-08-05T12:21:00+00:00", "individualCount": null, "scientificName": "Fratercula arctica", "id": "cda16652-2cbc-47c1-adac-0f18017ced55", "especie_normalizada": "Fratercula arctica", "decada": 2020.0 }, "geometry": { "type": "Point", "coordinates": [ -13.7547898761, 65.542041111100005 ] } },
{ "type": "Feature", "properties": { "basisOfRecord": "HumanObservation", "date_year": 2023, "eventDate": "2023-06-29T15:01:00+02:00", "individualCount": null, "scientificName": "Fratercula arctica", "id": "cde648d2-148f-43d8-b88b-eda38b5241ef", "especie_normalizada": "Fratercula arctica", "decada": 2020.0 }, "geometry": { "type": "Point", "coordinates": [ 31.150931424700001, 70.314786124400001 ] } },
{ "type": "Feature", "properties": { "basisOfRecord": "HumanObservation", "date_year": 2023, "eventDate": "2023-07-05T10:56:28+01:00", "individualCount": null, "scientificName": "Fratercula arctica", "id": "cded47bc-edda-421c-b53e-381d09f81685", "especie_normalizada": "Fratercula arctica", "decada": 2020.0 }, "geometry": { "type": "Point", "coordinates": [ -1.2732211918, 59.856155709699998 ] } },
{ "type": "Feature", "properties": { "basisOfRecord": "HumanObservation", "date_year": 2023, "eventDate": "2023-07-22T21:53:00+00:00", "individualCount": null, "scientificName": "Rissa tridactyla", "id": "ce4426aa-3706-472c-990f-05a3739b9686", "especie_normalizada": "Rissa tridactyla", "decada": 2020.0 }, "geometry": { "type": "Point", "coordinates": [ -16.181495, 64.048969166700005 ] } },
{ "type": "Feature", "properties": { "basisOfRecord": "HumanObservation", "date_year": 2023, "eventDate": "2023-07-19T09:37:00+02:00", "individualCount": null, "scientificName": "Fratercula arctica", "id": "ce576f15-63ab-471f-935b-ac40210fe92b", "especie_normalizada": "Fratercula arctica", "decada": 2020.0 }, "geometry": { "type": "Point", "coordinates": [ 19.091430812, 74.348286181299997 ] } },
{ "type": "Feature", "properties": { "basisOfRecord": "HumanObservation", "date_year": 2023, "eventDate": "2023-06-04T14:13:00+02:00", "individualCount": null, "scientificName": "Fratercula arctica", "id": "cfec8358-d6a5-4cef-9eb1-b44219b2bc31", "especie_normalizada": "Fratercula arctica", "decada": 2020.0 }, "geometry": { "type": "Point", "coordinates": [ 31.137871908699999, 70.275879157099993 ] } },
{ "type": "Feature", "properties": { "basisOfRecord": "HumanObservation", "date_year": 2023, "eventDate": "2023-07-13T17:58:00+02:00", "individualCount": null, "scientificName": "Rissa tridactyla", "id": "d039df30-dab1-40ba-983d-49dbadf77eeb", "especie_normalizada": "Rissa tridactyla", "decada": 2020.0 }, "geometry": { "type": "Point", "coordinates": [ 13.2881254394, 79.458112291 ] } },
{ "type": "Feature", "properties": { "basisOfRecord": "HumanObservation", "date_year": 2023, "eventDate": "2023-06-23T20:45:00+02:00", "individualCount": null, "scientificName": "Fratercula arctica", "id": "d14e2847-9b87-48d0-bf9a-e94fccf61b1b", "especie_normalizada": "Fratercula arctica", "decada": 2020.0 }, "geometry": { "type": "Point", "coordinates": [ 5.768690962, 62.436215703499997 ] } },
{ "type": "Feature", "properties": { "basisOfRecord": "HumanObservation", "date_year": 2023, "eventDate": "2023-01-03T12:08:00+01:00", "individualCount": null, "scientificName": "Rissa tridactyla", "id": "d17ec656-057b-4323-804b-5b338c463f2c", "especie_normalizada": "Rissa tridactyla", "decada": 2020.0 }, "geometry": { "type": "Point", "coordinates": [ 19.0273758943, 69.732840890099993 ] } },
{ "type": "Feature", "properties": { "basisOfRecord": "HumanObservation", "date_year": 2023, "eventDate": "2023-05-26T22:04:30+01:00", "individualCount": null, "scientificName": "Fratercula arctica", "id": "d2638c12-ee5b-4097-97f3-605900bafbd5", "especie_normalizada": "Fratercula arctica", "decada": 2020.0 }, "geometry": { "type": "Point", "coordinates": [ -3.3484463997, 58.609047799700001 ] } },
{ "type": "Feature", "properties": { "basisOfRecord": "HumanObservation", "date_year": 2023, "eventDate": "2023-07-08T21:25:00+02:00", "individualCount": null, "scientificName": "Rissa tridactyla", "id": "d287ebb3-761f-4755-9b99-38dc0c7bbc19", "especie_normalizada": "Rissa tridactyla", "decada": 2020.0 }, "geometry": { "type": "Point", "coordinates": [ 18.822163257, 69.7315827842 ] } },
{ "type": "Feature", "properties": { "basisOfRecord": "HumanObservation", "date_year": 2023, "eventDate": "2023-06-05T12:14:00+02:00", "individualCount": null, "scientificName": "Fratercula arctica", "id": "d2d7c5ed-bd79-4142-b2cc-bf91ceca60d6", "especie_normalizada": "Fratercula arctica", "decada": 2020.0 }, "geometry": { "type": "Point", "coordinates": [ 14.523616094299999, 78.505916367099999 ] } },
{ "type": "Feature", "properties": { "basisOfRecord": "HumanObservation", "date_year": 2023, "eventDate": "2023-07-12T13:26:00+02:00", "individualCount": null, "scientificName": "Fratercula arctica", "id": "d31e1c47-bd4d-464e-a04e-ab5f03f962c8", "especie_normalizada": "Fratercula arctica", "decada": 2020.0 }, "geometry": { "type": "Point", "coordinates": [ 11.3349927709, 79.825610884 ] } },
{ "type": "Feature", "properties": { "basisOfRecord": "HumanObservation", "date_year": 2023, "eventDate": "2023-06-15T11:00", "individualCount": "1", "scientificName": "Balaenoptera musculus", "id": "d330be69-6798-40f2-b74e-b90466fa4ebb", "especie_normalizada": "Balaenoptera musculus", "decada": 2020.0 }, "geometry": { "type": "Point", "coordinates": [ -17.551167, 66.081892 ] } },
{ "type": "Feature", "properties": { "basisOfRecord": "HumanObservation", "date_year": 2023, "eventDate": "2023-08-05T12:41:00+00:00", "individualCount": null, "scientificName": "Rissa tridactyla", "id": "d34140dc-5ecd-4eb9-b7af-4823d64d8109", "especie_normalizada": "Rissa tridactyla", "decada": 2020.0 }, "geometry": { "type": "Point", "coordinates": [ -13.755039722199999, 65.5422625 ] } },
{ "type": "Feature", "properties": { "basisOfRecord": "HumanObservation", "date_year": 2023, "eventDate": "2023-06-23T16:19:00+02:00", "individualCount": null, "scientificName": "Fratercula arctica", "id": "d36ddeb8-38de-4fb5-96cc-6832747d6aac", "especie_normalizada": "Fratercula arctica", "decada": 2020.0 }, "geometry": { "type": "Point", "coordinates": [ 31.104850556399999, 70.297931427199998 ] } },
{ "type": "Feature", "properties": { "basisOfRecord": "HumanObservation", "date_year": 2023, "eventDate": "2023-06-23T16:19:00+02:00", "individualCount": null, "scientificName": "Fratercula arctica", "id": "d38dff78-5618-480d-b732-257ad8019a96", "especie_normalizada": "Fratercula arctica", "decada": 2020.0 }, "geometry": { "type": "Point", "coordinates": [ 31.0845195749, 70.200555176500004 ] } },
{ "type": "Feature", "properties": { "basisOfRecord": "HumanObservation", "date_year": 2023, "eventDate": "2023-08-11T08:06:00+00:00", "individualCount": null, "scientificName": "Rissa tridactyla", "id": "d3ad42e2-4550-4cd3-a199-cef43fb875bc", "especie_normalizada": "Rissa tridactyla", "decada": 2020.0 }, "geometry": { "type": "Point", "coordinates": [ -13.755936, 65.542569 ] } },
{ "type": "Feature", "properties": { "basisOfRecord": "HumanObservation", "date_year": 2023, "eventDate": "2023-06-23T16:32:00+02:00", "individualCount": null, "scientificName": "Fratercula arctica", "id": "d3d28959-f501-4b67-a3e5-1b90f45808f4", "especie_normalizada": "Fratercula arctica", "decada": 2020.0 }, "geometry": { "type": "Point", "coordinates": [ 31.079844297099999, 70.375855731100003 ] } },
{ "type": "Feature", "properties": { "basisOfRecord": "HumanObservation", "date_year": 2023, "eventDate": "2023-07-01T10:43:00+02:00", "individualCount": null, "scientificName": "Fratercula arctica", "id": "d5e0ddd1-5e68-48b8-badd-720214de8be5", "especie_normalizada": "Fratercula arctica", "decada": 2020.0 }, "geometry": { "type": "Point", "coordinates": [ 13.869877433399999, 78.211933726200002 ] } },
{ "type": "Feature", "properties": { "basisOfRecord": "HumanObservation", "date_year": 2023, "eventDate": "2023-07-06T14:43:00+02:00", "individualCount": null, "scientificName": "Rissa tridactyla", "id": "d609d468-3f67-45d0-9210-89ec78cdc584", "especie_normalizada": "Rissa tridactyla", "decada": 2020.0 }, "geometry": { "type": "Point", "coordinates": [ 21.978200490799999, 79.308250165700002 ] } },
{ "type": "Feature", "properties": { "basisOfRecord": "HumanObservation", "date_year": 2023, "eventDate": "2023-07-24T23:42:00+02:00", "individualCount": null, "scientificName": "Fratercula arctica", "id": "d667bcf1-48fb-4210-a6d7-87e579fb8f07", "especie_normalizada": "Fratercula arctica", "decada": 2020.0 }, "geometry": { "type": "Point", "coordinates": [ 5.4064788194, 62.403173199400001 ] } },
{ "type": "Feature", "properties": { "basisOfRecord": "HumanObservation", "date_year": 2023, "eventDate": "2023-07-14T10:08:00+02:00", "individualCount": null, "scientificName": "Fratercula arctica", "id": "d6b0283f-cff0-48ea-9644-bb0b81e39c84", "especie_normalizada": "Fratercula arctica", "decada": 2020.0 }, "geometry": { "type": "Point", "coordinates": [ 14.6218279258, 68.920455120200003 ] } },
{ "type": "Feature", "properties": { "basisOfRecord": "HumanObservation", "date_year": 2023, "eventDate": "2023-06-11T11:56:00+00:00", "individualCount": null, "scientificName": "Rissa tridactyla", "id": "d6b28421-16a9-4ba1-b693-8f6a6c781244", "especie_normalizada": "Rissa tridactyla", "decada": 2020.0 }, "geometry": { "type": "Point", "coordinates": [ -19.253943, 66.075622 ] } },
{ "type": "Feature", "properties": { "basisOfRecord": "HumanObservation", "date_year": 2023, "eventDate": "2023-06-02T13:17:51+00:00", "individualCount": null, "scientificName": "Rissa tridactyla", "id": "d6db2bb5-97b3-4d5c-8ec9-af44b3d44b83", "especie_normalizada": "Rissa tridactyla", "decada": 2020.0 }, "geometry": { "type": "Point", "coordinates": [ -23.616766666699998, 64.767883333300006 ] } },
{ "type": "Feature", "properties": { "basisOfRecord": "HumanObservation", "date_year": 2023, "eventDate": "2023-06-23T14:53:00+02:00", "individualCount": null, "scientificName": "Rissa tridactyla", "id": "d6f9130f-c1ad-4172-8f98-d1fbd3e99036", "especie_normalizada": "Rissa tridactyla", "decada": 2020.0 }, "geometry": { "type": "Point", "coordinates": [ 31.086606704699999, 70.200142995299998 ] } },
{ "type": "Feature", "properties": { "basisOfRecord": "HumanObservation", "date_year": 2023, "eventDate": "2023-07-15T09:09:00+02:00", "individualCount": null, "scientificName": "Rissa tridactyla", "id": "d7140876-b463-42e9-acb3-8e2aea2ff3f8", "especie_normalizada": "Rissa tridactyla", "decada": 2020.0 }, "geometry": { "type": "Point", "coordinates": [ 21.918546204, 78.266715484399995 ] } },
{ "type": "Feature", "properties": { "basisOfRecord": "HumanObservation", "date_year": 2023, "eventDate": "2023-06-30T10:47:48+01:00", "individualCount": null, "scientificName": "Fratercula arctica", "id": "d78b46ac-9e4b-44e3-bb93-a881ffbdbd9b", "especie_normalizada": "Fratercula arctica", "decada": 2020.0 }, "geometry": { "type": "Point", "coordinates": [ -1.273005, 59.856196666700001 ] } },
{ "type": "Feature", "properties": { "basisOfRecord": "HumanObservation", "date_year": 2023, "eventDate": "2023-06-22T12:39:00+00:00", "individualCount": null, "scientificName": "Fratercula arctica", "id": "d79c02e3-66e6-4cc5-bb05-74452e0f45ba", "especie_normalizada": "Fratercula arctica", "decada": 2020.0 }, "geometry": { "type": "Point", "coordinates": [ -22.953111522299999, 65.3801301365 ] } },
{ "type": "Feature", "properties": { "basisOfRecord": "HumanObservation", "date_year": 2023, "eventDate": "2023-06-23T14:53:00+02:00", "individualCount": null, "scientificName": "Rissa tridactyla", "id": "d7ec8c52-474e-45ba-b1ee-a3bf508e7280", "especie_normalizada": "Rissa tridactyla", "decada": 2020.0 }, "geometry": { "type": "Point", "coordinates": [ 31.165151639499999, 70.309133525099995 ] } },
{ "type": "Feature", "properties": { "basisOfRecord": "HumanObservation", "date_year": 2023, "eventDate": "2023-06-23T16:37:00+02:00", "individualCount": null, "scientificName": "Fratercula arctica", "id": "d80298c8-0cfb-447b-862b-f108d485c003", "especie_normalizada": "Fratercula arctica", "decada": 2020.0 }, "geometry": { "type": "Point", "coordinates": [ 31.1368207316, 70.388766526300003 ] } },
{ "type": "Feature", "properties": { "basisOfRecord": "HumanObservation", "date_year": 2023, "eventDate": "2023-09-07T11:29:00+02:00", "individualCount": null, "scientificName": "Rissa tridactyla", "id": "d85dfcf3-33ba-4ea1-bc47-c5a3d69c6140", "especie_normalizada": "Rissa tridactyla", "decada": 2020.0 }, "geometry": { "type": "Point", "coordinates": [ 11.944961146500001, 78.930964835200001 ] } },
{ "type": "Feature", "properties": { "basisOfRecord": "HumanObservation", "date_year": 2023, "eventDate": "2023-06-23T17:39:00+02:00", "individualCount": null, "scientificName": "Rissa tridactyla", "id": "d886752a-a91b-4e10-bef9-6a165eb06ced", "especie_normalizada": "Rissa tridactyla", "decada": 2020.0 }, "geometry": { "type": "Point", "coordinates": [ 31.085297415700001, 70.316907633100001 ] } },
{ "type": "Feature", "properties": { "basisOfRecord": "HumanObservation", "date_year": 2023, "eventDate": "2023-09-10T09:19:44+02:00", "individualCount": null, "scientificName": "Rissa tridactyla", "id": "d9634ad6-17cb-4dae-b1d8-e7374a2e651a", "especie_normalizada": "Rissa tridactyla", "decada": 2020.0 }, "geometry": { "type": "Point", "coordinates": [ 19.493104440300002, 80.858208666300001 ] } },
{ "type": "Feature", "properties": { "basisOfRecord": "HumanObservation", "date_year": 2023, "eventDate": "2023-07-03T11:34:56+01:00", "individualCount": null, "scientificName": "Fratercula arctica", "id": "daa9fd57-c423-4459-9a79-e230fbfa5737", "especie_normalizada": "Fratercula arctica", "decada": 2020.0 }, "geometry": { "type": "Point", "coordinates": [ -1.2743498087, 59.854644775399997 ] } },
{ "type": "Feature", "properties": { "basisOfRecord": "HumanObservation", "date_year": 2023, "eventDate": "2023-05-31T14:51:00+00:00", "individualCount": null, "scientificName": "Fratercula arctica", "id": "db2fd7b3-5fac-4378-afbc-6dfbdb79c642", "especie_normalizada": "Fratercula arctica", "decada": 2020.0 }, "geometry": { "type": "Point", "coordinates": [ -23.887454279, 64.916958029200003 ] } },
{ "type": "Feature", "properties": { "basisOfRecord": "HumanObservation", "date_year": 2023, "eventDate": "2023-06-23T16:57:00+02:00", "individualCount": null, "scientificName": "Fratercula arctica", "id": "db4cb5e2-7876-4941-93cd-06a56737be91", "especie_normalizada": "Fratercula arctica", "decada": 2020.0 }, "geometry": { "type": "Point", "coordinates": [ 31.071010321500001, 70.275540794099996 ] } },
{ "type": "Feature", "properties": { "basisOfRecord": "HumanObservation", "date_year": 2023, "eventDate": "2023-08-16T05:47:00+01:00", "individualCount": null, "scientificName": "Fratercula arctica", "id": "db52a650-1f5e-466d-9fc6-570ff7a40bf2", "especie_normalizada": "Fratercula arctica", "decada": 2020.0 }, "geometry": { "type": "Point", "coordinates": [ -3.5242550508, 58.645456597699997 ] } },
{ "type": "Feature", "properties": { "basisOfRecord": "HumanObservation", "date_year": 2023, "eventDate": "2023-07-15T14:18:56+02:00", "individualCount": null, "scientificName": "Rissa tridactyla", "id": "dbe1d497-69ec-4b81-93b6-ed3d1ea136bb", "especie_normalizada": "Rissa tridactyla", "decada": 2020.0 }, "geometry": { "type": "Point", "coordinates": [ 12.9126805567, 67.863509150499993 ] } },
{ "type": "Feature", "properties": { "basisOfRecord": "HumanObservation", "date_year": 2023, "eventDate": "2023-06-23T16:49:00+02:00", "individualCount": null, "scientificName": "Fratercula arctica", "id": "dc20e6fb-cf37-4ce2-8ba9-fc539b086e94", "especie_normalizada": "Fratercula arctica", "decada": 2020.0 }, "geometry": { "type": "Point", "coordinates": [ 31.0051852629, 70.206297064599994 ] } },
{ "type": "Feature", "properties": { "basisOfRecord": "HumanObservation", "date_year": 2023, "eventDate": "2023-06-13T04:51:00+00:00", "individualCount": null, "scientificName": "Fratercula arctica", "id": "dc2fee46-26c8-4e07-a161-412775c90649", "especie_normalizada": "Fratercula arctica", "decada": 2020.0 }, "geometry": { "type": "Point", "coordinates": [ -20.264578333300001, 63.447971666699999 ] } },
{ "type": "Feature", "properties": { "basisOfRecord": "HumanObservation", "date_year": 2023, "eventDate": "2023-05-19T12:36:29+00:00", "individualCount": null, "scientificName": "Fratercula arctica", "id": "dc3a65aa-5a0e-4cb2-9ed9-44a2f8d9f074", "especie_normalizada": "Fratercula arctica", "decada": 2020.0 }, "geometry": { "type": "Point", "coordinates": [ -13.75452, 65.542091666700003 ] } },
{ "type": "Feature", "properties": { "basisOfRecord": "HumanObservation", "date_year": 2023, "eventDate": "2023-07-01T05:02:00+00:00", "individualCount": null, "scientificName": "Fratercula arctica", "id": "dcd79fa8-392e-46ff-ac3c-f6651cb1097c", "especie_normalizada": "Fratercula arctica", "decada": 2020.0 }, "geometry": { "type": "Point", "coordinates": [ -13.754628, 65.542084 ] } },
{ "type": "Feature", "properties": { "basisOfRecord": "HumanObservation", "date_year": 2023, "eventDate": "2023-06-10T18:28:52+00:00", "individualCount": null, "scientificName": "Rissa tridactyla", "id": "dd373e1a-c708-4475-ae3f-8e32519d4bf4", "especie_normalizada": "Rissa tridactyla", "decada": 2020.0 }, "geometry": { "type": "Point", "coordinates": [ -23.7742367014, 64.7350579262 ] } },
{ "type": "Feature", "properties": { "basisOfRecord": "HumanObservation", "date_year": 2023, "eventDate": "2023-06-05T13:27:00+02:00", "individualCount": null, "scientificName": "Fratercula arctica", "id": "dd7611de-08ac-450b-b7bd-7915c645b430", "especie_normalizada": "Fratercula arctica", "decada": 2020.0 }, "geometry": { "type": "Point", "coordinates": [ 14.523616094299999, 78.505916367099999 ] } },
{ "type": "Feature", "properties": { "basisOfRecord": "HumanObservation", "date_year": 2023, "eventDate": "2023-06-23T15:36:00+02:00", "individualCount": null, "scientificName": "Fratercula arctica", "id": "ddbe8b40-edd0-4946-9d42-e681bd2646b9", "especie_normalizada": "Fratercula arctica", "decada": 2020.0 }, "geometry": { "type": "Point", "coordinates": [ 31.039862748600001, 70.344016595699998 ] } },
{ "type": "Feature", "properties": { "basisOfRecord": "HumanObservation", "date_year": 2023, "eventDate": "2023-06-29T20:37:00+02:00", "individualCount": null, "scientificName": "Balaenoptera physalus", "id": "de310a70-cfbf-4b6d-a3d0-2b308999ccbd", "especie_normalizada": "Balaenoptera physalus", "decada": 2020.0 }, "geometry": { "type": "Point", "coordinates": [ 11.118999564599999, 78.353352262599998 ] } },
{ "type": "Feature", "properties": { "basisOfRecord": "HumanObservation", "date_year": 2023, "eventDate": "2023-07-20T13:20:00+00:00", "individualCount": null, "scientificName": "Fratercula arctica", "id": "de60a2a3-b586-4fbb-87e8-b0c75c03fc08", "especie_normalizada": "Fratercula arctica", "decada": 2020.0 }, "geometry": { "type": "Point", "coordinates": [ -18.0108411117, 66.5378322217 ] } },
{ "type": "Feature", "properties": { "basisOfRecord": "HumanObservation", "date_year": 2023, "eventDate": "2023-06-23T16:19:00+02:00", "individualCount": null, "scientificName": "Fratercula arctica", "id": "debe1f23-349f-4291-a25c-bb123b1cfc7d", "especie_normalizada": "Fratercula arctica", "decada": 2020.0 }, "geometry": { "type": "Point", "coordinates": [ 31.0239890639, 70.3722148799 ] } },
{ "type": "Feature", "properties": { "basisOfRecord": "HumanObservation", "date_year": 2023, "eventDate": "2023-07-14T13:11:00+00:00", "individualCount": null, "scientificName": "Rissa tridactyla", "id": "df0104a9-41a8-48a0-bbbb-733537a2a283", "especie_normalizada": "Rissa tridactyla", "decada": 2020.0 }, "geometry": { "type": "Point", "coordinates": [ -24.042851945, 64.886575555 ] } },
{ "type": "Feature", "properties": { "basisOfRecord": "HumanObservation", "date_year": 2023, "eventDate": "2023-04-20T12:00", "individualCount": "1", "scientificName": "Balaenoptera musculus", "id": "df15ab64-fa25-4a51-b7bc-d38f4e2f2ee6", "especie_normalizada": "Balaenoptera musculus", "decada": 2020.0 }, "geometry": { "type": "Point", "coordinates": [ -17.575006, 66.159263 ] } },
{ "type": "Feature", "properties": { "basisOfRecord": "HumanObservation", "date_year": 2023, "eventDate": "2023-07-15T17:15:00+00:00", "individualCount": null, "scientificName": "Fratercula arctica", "id": "df367c0d-8b31-43a7-a321-64abcf454b77", "especie_normalizada": "Fratercula arctica", "decada": 2020.0 }, "geometry": { "type": "Point", "coordinates": [ -19.052332850300001, 63.408901781700003 ] } },
{ "type": "Feature", "properties": { "basisOfRecord": "HumanObservation", "date_year": 2023, "eventDate": "2023-05-27T19:39:00+02:00", "individualCount": null, "scientificName": "Rissa tridactyla", "id": "df73c9e7-0da0-4c12-9677-852105e18d40", "especie_normalizada": "Rissa tridactyla", "decada": 2020.0 }, "geometry": { "type": "Point", "coordinates": [ 13.1557279183, 67.9267300968 ] } },
{ "type": "Feature", "properties": { "basisOfRecord": "HumanObservation", "date_year": 2023, "eventDate": "2023-07-20T13:24:00+00:00", "individualCount": null, "scientificName": "Fratercula arctica", "id": "df89edb1-6c8f-4bf1-a8e7-6dae9ddf67aa", "especie_normalizada": "Fratercula arctica", "decada": 2020.0 }, "geometry": { "type": "Point", "coordinates": [ -18.0093163883, 66.536878333299995 ] } },
{ "type": "Feature", "properties": { "basisOfRecord": "HumanObservation", "date_year": 2023, "eventDate": "2023-07-13T15:40:00+02:00", "individualCount": null, "scientificName": "Rissa tridactyla", "id": "dfb10457-cda4-4807-a334-5fe4cfb82478", "especie_normalizada": "Rissa tridactyla", "decada": 2020.0 }, "geometry": { "type": "Point", "coordinates": [ 18.9826380481, 69.618800147599998 ] } },
{ "type": "Feature", "properties": { "basisOfRecord": "HumanObservation", "date_year": 2023, "eventDate": "2023-06-23T15:04:00+02:00", "individualCount": null, "scientificName": "Fratercula arctica", "id": "dfce54ce-a898-4f37-8622-11677b82ac18", "especie_normalizada": "Fratercula arctica", "decada": 2020.0 }, "geometry": { "type": "Point", "coordinates": [ 31.033878252499999, 70.398352934100004 ] } },
{ "type": "Feature", "properties": { "basisOfRecord": "HumanObservation", "date_year": 2023, "eventDate": "2023-10-03T17:56:00-01:00", "individualCount": null, "scientificName": "Rissa tridactyla", "id": "e01229a5-16e9-4fac-bdf4-5a1eb4169be2", "especie_normalizada": "Rissa tridactyla", "decada": 2020.0 }, "geometry": { "type": "Point", "coordinates": [ -9.0369255525, 63.316276104400004 ] } },
{ "type": "Feature", "properties": { "basisOfRecord": "HumanObservation", "date_year": 2023, "eventDate": "2023-07-11T12:21:00+02:00", "individualCount": null, "scientificName": "Rissa tridactyla", "id": "e01bc900-d841-4733-b930-4ad2ee038d18", "especie_normalizada": "Rissa tridactyla", "decada": 2020.0 }, "geometry": { "type": "Point", "coordinates": [ 11.8900037313, 78.968146411299998 ] } },
{ "type": "Feature", "properties": { "basisOfRecord": "HumanObservation", "date_year": 2023, "eventDate": "2023-06-23T17:25:00+02:00", "individualCount": null, "scientificName": "Rissa tridactyla", "id": "e02e44cd-1f4a-4582-a9df-c58766d221b0", "especie_normalizada": "Rissa tridactyla", "decada": 2020.0 }, "geometry": { "type": "Point", "coordinates": [ 31.199900571499999, 70.227575436799995 ] } },
{ "type": "Feature", "properties": { "basisOfRecord": "HumanObservation", "date_year": 2023, "eventDate": "2023-07-14T14:36:00+00:00", "individualCount": null, "scientificName": "Rissa tridactyla", "id": "e0345cc3-773c-4c9b-a614-7a4ef698d8c7", "especie_normalizada": "Rissa tridactyla", "decada": 2020.0 }, "geometry": { "type": "Point", "coordinates": [ -24.039603611699999, 64.8642133333 ] } },
{ "type": "Feature", "properties": { "basisOfRecord": "HumanObservation", "date_year": 2023, "eventDate": "2023-08-01T00:35:24+00:00", "individualCount": null, "scientificName": "Fratercula arctica", "id": "e09f3b8e-e032-4f7a-b3e2-21e1e0553159", "especie_normalizada": "Fratercula arctica", "decada": 2020.0 }, "geometry": { "type": "Point", "coordinates": [ -20.285858333299998, 63.40453 ] } },
{ "type": "Feature", "properties": { "basisOfRecord": "HumanObservation", "date_year": 2023, "eventDate": "2023-07-24T19:49:00+00:00", "individualCount": null, "scientificName": "Fratercula arctica", "id": "e15d81e2-165d-411d-bf9a-9272a71d3e0d", "especie_normalizada": "Fratercula arctica", "decada": 2020.0 }, "geometry": { "type": "Point", "coordinates": [ -20.3026086751, 63.439083629099997 ] } },
{ "type": "Feature", "properties": { "basisOfRecord": "HumanObservation", "date_year": 2023, "eventDate": "2023-07-31T18:06:00+00:00", "individualCount": null, "scientificName": "Fratercula arctica", "id": "e1802ad6-627f-4338-aa81-e12927fbbdb0", "especie_normalizada": "Fratercula arctica", "decada": 2020.0 }, "geometry": { "type": "Point", "coordinates": [ -19.102512287100001, 63.404545963099999 ] } },
{ "type": "Feature", "properties": { "basisOfRecord": "HumanObservation", "date_year": 2023, "eventDate": "2023-07-26T19:36:00+00:00", "individualCount": null, "scientificName": "Fratercula arctica", "id": "e317065b-575d-4e9b-bf52-2a26581906bd", "especie_normalizada": "Fratercula arctica", "decada": 2020.0 }, "geometry": { "type": "Point", "coordinates": [ -22.275249633400001, 64.657379365699995 ] } },
{ "type": "Feature", "properties": { "basisOfRecord": "HumanObservation", "date_year": 2023, "eventDate": "2023-06-16T15:19:00+01:00", "individualCount": null, "scientificName": "Fratercula arctica", "id": "e32235b4-2da5-42cf-88a0-c4cd308ee870", "especie_normalizada": "Fratercula arctica", "decada": 2020.0 }, "geometry": { "type": "Point", "coordinates": [ -1.2736445031, 59.855489782200003 ] } },
{ "type": "Feature", "properties": { "basisOfRecord": "HumanObservation", "date_year": 2023, "eventDate": "2023-06-12T08:49:00+02:00", "individualCount": null, "scientificName": "Rissa tridactyla", "id": "e32b0c37-f15e-47e2-8096-ed9730b00299", "especie_normalizada": "Rissa tridactyla", "decada": 2020.0 }, "geometry": { "type": "Point", "coordinates": [ 11.403925428899999, 79.639392459500002 ] } },
{ "type": "Feature", "properties": { "basisOfRecord": "HumanObservation", "date_year": 2023, "eventDate": "2023-07-03T15:54:00+01:00", "individualCount": null, "scientificName": "Rissa tridactyla", "id": "e3f65e9d-47b6-45b0-9561-c238fcbe1bdb", "especie_normalizada": "Rissa tridactyla", "decada": 2020.0 }, "geometry": { "type": "Point", "coordinates": [ -7.5359319954, 62.103662803799999 ] } },
{ "type": "Feature", "properties": { "basisOfRecord": "HumanObservation", "date_year": 2023, "eventDate": "2023-06-22T12:51:00+00:00", "individualCount": null, "scientificName": "Fratercula arctica", "id": "e43c1a36-690f-4168-8a4d-30994685bf78", "especie_normalizada": "Fratercula arctica", "decada": 2020.0 }, "geometry": { "type": "Point", "coordinates": [ -22.978684428600001, 65.398453670400002 ] } },
{ "type": "Feature", "properties": { "basisOfRecord": "HumanObservation", "date_year": 2023, "eventDate": "2023-09-05T08:48:00+01:00", "individualCount": null, "scientificName": "Fratercula arctica", "id": "e43fb087-010e-4a9f-9a94-4bbfb43a4c0e", "especie_normalizada": "Fratercula arctica", "decada": 2020.0 }, "geometry": { "type": "Point", "coordinates": [ -3.5126138889, 58.6599555556 ] } },
{ "type": "Feature", "properties": { "basisOfRecord": "HumanObservation", "date_year": 2023, "eventDate": "2023-09-12T16:23:00+02:00", "individualCount": null, "scientificName": "Rissa tridactyla", "id": "e4ab6d12-5308-4301-8e68-c5ddf106f3bd", "especie_normalizada": "Rissa tridactyla", "decada": 2020.0 }, "geometry": { "type": "Point", "coordinates": [ 20.8096455564, 78.082958984599998 ] } },
{ "type": "Feature", "properties": { "basisOfRecord": "HumanObservation", "date_year": 2023, "eventDate": "2023-07-28T12:12:19+02:00", "individualCount": null, "scientificName": "Fratercula arctica", "id": "e4c2efc9-6bf0-4354-9a0f-c12afea3cfe7", "especie_normalizada": "Fratercula arctica", "decada": 2020.0 }, "geometry": { "type": "Point", "coordinates": [ 25.344274785, 71.0249562586 ] } },
{ "type": "Feature", "properties": { "basisOfRecord": "HumanObservation", "date_year": 2023, "eventDate": "2023-06-23T17:25:00+02:00", "individualCount": null, "scientificName": "Rissa tridactyla", "id": "e500ffed-635a-4ced-bc05-020ea672ed74", "especie_normalizada": "Rissa tridactyla", "decada": 2020.0 }, "geometry": { "type": "Point", "coordinates": [ 31.044948049799999, 70.237144921899997 ] } },
{ "type": "Feature", "properties": { "basisOfRecord": "HumanObservation", "date_year": 2023, "eventDate": "2023-09-11T14:47:00+02:00", "individualCount": null, "scientificName": "Physeter macrocephalus", "id": "e5842248-6047-4b82-abab-d9e38139de88", "especie_normalizada": "Physeter macrocephalus", "decada": 2020.0 }, "geometry": { "type": "Point", "coordinates": [ 15.720358727200001, 69.509937402800006 ] } },
{ "type": "Feature", "properties": { "basisOfRecord": "HumanObservation", "date_year": 2023, "eventDate": "2023-06-06T21:09:00+00:00", "individualCount": null, "scientificName": "Rissa tridactyla", "id": "e59a2936-2732-4489-be3b-ebd6a0bd9730", "especie_normalizada": "Rissa tridactyla", "decada": 2020.0 }, "geometry": { "type": "Point", "coordinates": [ -16.1934261623, 64.070448670700003 ] } },
{ "type": "Feature", "properties": { "basisOfRecord": "HumanObservation", "date_year": 2023, "eventDate": "2023-06-23T15:13:00+02:00", "individualCount": null, "scientificName": "Rissa tridactyla", "id": "e5a1e32d-3bfa-4895-a3e1-36cc3f4d5704", "especie_normalizada": "Rissa tridactyla", "decada": 2020.0 }, "geometry": { "type": "Point", "coordinates": [ 31.1393349949, 70.304804681 ] } },
{ "type": "Feature", "properties": { "basisOfRecord": "HumanObservation", "date_year": 2023, "eventDate": "2023-09-18T08:44:00+02:00", "individualCount": null, "scientificName": "Rissa tridactyla", "id": "e5a9592a-256c-40d1-8a84-885202492936", "especie_normalizada": "Rissa tridactyla", "decada": 2020.0 }, "geometry": { "type": "Point", "coordinates": [ 11.029821395300001, 79.561417832900005 ] } },
{ "type": "Feature", "properties": { "basisOfRecord": "HumanObservation", "date_year": 2023, "eventDate": "2023-11-26T10:40:39+00:00", "individualCount": null, "scientificName": "Fratercula arctica", "id": "e63e2960-2b0a-48ef-881d-40520b836d7d", "especie_normalizada": "Fratercula arctica", "decada": 2020.0 }, "geometry": { "type": "Point", "coordinates": [ -20.6965149983, 63.785615094100002 ] } },
{ "type": "Feature", "properties": { "basisOfRecord": "HumanObservation", "date_year": 2023, "eventDate": "2023-06-21T10:03:00+02:00", "individualCount": null, "scientificName": "Fratercula arctica", "id": "e6c11876-b1cb-411e-95e3-0635c052592e", "especie_normalizada": "Fratercula arctica", "decada": 2020.0 }, "geometry": { "type": "Point", "coordinates": [ 25.2819892039, 71.085456005599994 ] } },
{ "type": "Feature", "properties": { "basisOfRecord": "HumanObservation", "date_year": 2023, "eventDate": "2023-06-21T15:24:00+02:00", "individualCount": null, "scientificName": "Rissa tridactyla", "id": "e6ffa0f9-4485-429b-b2e2-4207992bddfa", "especie_normalizada": "Rissa tridactyla", "decada": 2020.0 }, "geometry": { "type": "Point", "coordinates": [ 14.7090562147, 77.490362349400002 ] } },
{ "type": "Feature", "properties": { "basisOfRecord": "HumanObservation", "date_year": 2023, "eventDate": "2023-06-23T17:39:00+02:00", "individualCount": null, "scientificName": "Rissa tridactyla", "id": "e73e97e3-6a05-4571-902c-e9afc9ec3b85", "especie_normalizada": "Rissa tridactyla", "decada": 2020.0 }, "geometry": { "type": "Point", "coordinates": [ 31.105120151200001, 70.268662135300005 ] } },
{ "type": "Feature", "properties": { "basisOfRecord": "HumanObservation", "date_year": 2023, "eventDate": "2023-07-23T23:48:00+02:00", "individualCount": null, "scientificName": "Rissa tridactyla", "id": "e781be07-74a4-441b-a3ff-81022b23e291", "especie_normalizada": "Rissa tridactyla", "decada": 2020.0 }, "geometry": { "type": "Point", "coordinates": [ 16.318572, 78.5115351 ] } },
{ "type": "Feature", "properties": { "basisOfRecord": "HumanObservation", "date_year": 2023, "eventDate": "2023-07-07T13:26:00+02:00", "individualCount": null, "scientificName": "Rissa tridactyla", "id": "e79a3bf2-efde-4fa8-b4ad-6b9c48749c20", "especie_normalizada": "Rissa tridactyla", "decada": 2020.0 }, "geometry": { "type": "Point", "coordinates": [ 20.788046818800002, 78.162387817699994 ] } },
{ "type": "Feature", "properties": { "basisOfRecord": "HumanObservation", "date_year": 2023, "eventDate": "2023-06-15T19:45:00+00:00", "individualCount": null, "scientificName": "Rissa tridactyla", "id": "e857c6f8-b67a-4051-a097-13de7430056e", "especie_normalizada": "Rissa tridactyla", "decada": 2020.0 }, "geometry": { "type": "Point", "coordinates": [ -22.6512494, 64.0705324 ] } },
{ "type": "Feature", "properties": { "basisOfRecord": "HumanObservation", "date_year": 2023, "eventDate": "2023-02-19T16:22:00+01:00", "individualCount": null, "scientificName": "Rissa tridactyla", "id": "e8647171-a0a6-428d-b8ae-1186b6987396", "especie_normalizada": "Rissa tridactyla", "decada": 2020.0 }, "geometry": { "type": "Point", "coordinates": [ 8.6, 57.1166667 ] } },
{ "type": "Feature", "properties": { "basisOfRecord": "HumanObservation", "date_year": 2023, "eventDate": "2023-09-29T17:43:00-01:00", "individualCount": null, "scientificName": "Rissa tridactyla", "id": "e96a0832-752c-4a8e-81f4-b66d2cf7fa14", "especie_normalizada": "Rissa tridactyla", "decada": 2020.0 }, "geometry": { "type": "Point", "coordinates": [ -16.621167155599998, 67.151020742100002 ] } },
{ "type": "Feature", "properties": { "basisOfRecord": "HumanObservation", "date_year": 2023, "eventDate": "2023-05-21T16:28:23+02:00", "individualCount": null, "scientificName": "Rissa tridactyla", "id": "e9808478-a478-4e9e-bf5b-badaa27b3eca", "especie_normalizada": "Rissa tridactyla", "decada": 2020.0 }, "geometry": { "type": "Point", "coordinates": [ 29.7606452102, 70.716639206300002 ] } },
{ "type": "Feature", "properties": { "basisOfRecord": "HumanObservation", "date_year": 2023, "eventDate": "2023-07-06T10:00:00+00:00", "individualCount": null, "scientificName": "Rissa tridactyla", "id": "e9aeb9fa-063f-4da8-883e-1b527b1112e7", "especie_normalizada": "Rissa tridactyla", "decada": 2020.0 }, "geometry": { "type": "Point", "coordinates": [ -23.645048730399999, 64.751619375299995 ] } },
{ "type": "Feature", "properties": { "basisOfRecord": "HumanObservation", "date_year": 2023, "eventDate": "2023-03-23T10:08:00+01:00", "individualCount": null, "scientificName": "Rissa tridactyla", "id": "eab92fc6-33de-4512-813d-be55cc144699", "especie_normalizada": "Rissa tridactyla", "decada": 2020.0 }, "geometry": { "type": "Point", "coordinates": [ 30.008898833700002, 70.061496313099994 ] } },
{ "type": "Feature", "properties": { "basisOfRecord": "HumanObservation", "date_year": 2023, "eventDate": "2023-07-07T13:26:32+00:00", "individualCount": null, "scientificName": "Fratercula arctica", "id": "eb127b8b-cd9f-4595-ba72-549573506532", "especie_normalizada": "Fratercula arctica", "decada": 2020.0 }, "geometry": { "type": "Point", "coordinates": [ -20.3013267517, 63.428340911699998 ] } },
{ "type": "Feature", "properties": { "basisOfRecord": "HumanObservation", "date_year": 2023, "eventDate": "2023-06-30T13:20:08+02:00", "individualCount": null, "scientificName": "Balaenoptera physalus", "id": "eb2a205a-2ead-4836-bc18-d571dce10d74", "especie_normalizada": "Balaenoptera physalus", "decada": 2020.0 }, "geometry": { "type": "Point", "coordinates": [ 25.642722174500001, 71.193053793199994 ] } },
{ "type": "Feature", "properties": { "basisOfRecord": "HumanObservation", "date_year": 2023, "eventDate": "2023-09-18T14:27:00+01:00", "individualCount": null, "scientificName": "Rissa tridactyla", "id": "eb514e96-274f-4bbb-a09f-05e5f5c02a1d", "especie_normalizada": "Rissa tridactyla", "decada": 2020.0 }, "geometry": { "type": "Point", "coordinates": [ 12.98341, 74.377015 ] } },
{ "type": "Feature", "properties": { "basisOfRecord": "HumanObservation", "date_year": 2023, "eventDate": "2023-06-23T16:52:00+02:00", "individualCount": null, "scientificName": "Fratercula arctica", "id": "eb652cce-e948-47d9-bfb8-49331267ac13", "especie_normalizada": "Fratercula arctica", "decada": 2020.0 }, "geometry": { "type": "Point", "coordinates": [ 31.093222320700001, 70.319213342699996 ] } },
{ "type": "Feature", "properties": { "basisOfRecord": "HumanObservation", "date_year": 2023, "eventDate": "2023-07-24T14:22:00+00:00", "individualCount": null, "scientificName": "Fratercula arctica", "id": "ebcb13f3-5ce9-4fd0-8b9d-c299fd97a36d", "especie_normalizada": "Fratercula arctica", "decada": 2020.0 }, "geometry": { "type": "Point", "coordinates": [ -20.261458328100002, 63.445026695800003 ] } },
{ "type": "Feature", "properties": { "basisOfRecord": "HumanObservation", "date_year": 2023, "eventDate": "2023-07-19T11:54:00+00:00", "individualCount": null, "scientificName": "Fratercula arctica", "id": "ebe8898d-6d7f-41b5-adeb-fbc0be9635fc", "especie_normalizada": "Fratercula arctica", "decada": 2020.0 }, "geometry": { "type": "Point", "coordinates": [ -24.119373749299999, 65.544811208799999 ] } },
{ "type": "Feature", "properties": { "basisOfRecord": "HumanObservation", "date_year": 2023, "eventDate": "2023-06-02T13:25:46+00:00", "individualCount": null, "scientificName": "Rissa tridactyla", "id": "ec0c8f5b-128d-473d-99c2-388a07268903", "especie_normalizada": "Rissa tridactyla", "decada": 2020.0 }, "geometry": { "type": "Point", "coordinates": [ -23.6163388286, 64.767827969099997 ] } },
{ "type": "Feature", "properties": { "basisOfRecord": "HumanObservation", "date_year": 2023, "eventDate": "2023-06-23T15:30:00+02:00", "individualCount": null, "scientificName": "Fratercula arctica", "id": "ec5f4d91-f73b-4f48-aa78-a6e7ce5474f2", "especie_normalizada": "Fratercula arctica", "decada": 2020.0 }, "geometry": { "type": "Point", "coordinates": [ 31.180615903700001, 70.218846646200006 ] } },
{ "type": "Feature", "properties": { "basisOfRecord": "HumanObservation", "date_year": 2023, "eventDate": "2023-06-23T16:39:05+02:00", "individualCount": null, "scientificName": "Fratercula arctica", "id": "ed0545e1-e50c-4ac9-ba76-139625aa74e4", "especie_normalizada": "Fratercula arctica", "decada": 2020.0 }, "geometry": { "type": "Point", "coordinates": [ 31.001684053, 70.292571150800001 ] } },
{ "type": "Feature", "properties": { "basisOfRecord": "HumanObservation", "date_year": 2023, "eventDate": "2023-05-26T09:34:07+01:00", "individualCount": null, "scientificName": "Fratercula arctica", "id": "ed0fc584-2681-4e50-bcbe-5069817f7205", "especie_normalizada": "Fratercula arctica", "decada": 2020.0 }, "geometry": { "type": "Point", "coordinates": [ -1.602095, 59.533905 ] } },
{ "type": "Feature", "properties": { "basisOfRecord": "HumanObservation", "date_year": 2023, "eventDate": "2023-08-21T13:25:00+02:00", "individualCount": null, "scientificName": "Rissa tridactyla", "id": "ed3c48fc-9e8e-44df-8f15-1979691a1e79", "especie_normalizada": "Rissa tridactyla", "decada": 2020.0 }, "geometry": { "type": "Point", "coordinates": [ 11.2164696048, 79.655489580199998 ] } },
{ "type": "Feature", "properties": { "basisOfRecord": "HumanObservation", "date_year": 2023, "eventDate": "2023-07-31T16:57:00+00:00", "individualCount": null, "scientificName": "Fratercula arctica", "id": "ed87dfd0-59ef-4d67-ba61-93f615f7b024", "especie_normalizada": "Fratercula arctica", "decada": 2020.0 }, "geometry": { "type": "Point", "coordinates": [ -19.111642851500001, 63.405566097700003 ] } },
{ "type": "Feature", "properties": { "basisOfRecord": "HumanObservation", "date_year": 2023, "eventDate": "2023-06-19T11:41:00+00:00", "individualCount": null, "scientificName": "Rissa tridactyla", "id": "edc23199-4832-4718-9200-ff3bc5e72122", "especie_normalizada": "Rissa tridactyla", "decada": 2020.0 }, "geometry": { "type": "Point", "coordinates": [ -18.168603682600001, 66.457697637500004 ] } },
{ "type": "Feature", "properties": { "basisOfRecord": "HumanObservation", "date_year": 2023, "eventDate": "2023-06-23T17:06:00+02:00", "individualCount": null, "scientificName": "Fratercula arctica", "id": "ee071892-31e3-45cd-bd6e-2527c3ef86d9", "especie_normalizada": "Fratercula arctica", "decada": 2020.0 }, "geometry": { "type": "Point", "coordinates": [ 31.015328250100001, 70.288877989200003 ] } },
{ "type": "Feature", "properties": { "basisOfRecord": "HumanObservation", "date_year": 2023, "eventDate": "2023-07-08T21:21:00+02:00", "individualCount": null, "scientificName": "Rissa tridactyla", "id": "ee21796c-1262-4038-a6c3-4391f3a2a747", "especie_normalizada": "Rissa tridactyla", "decada": 2020.0 }, "geometry": { "type": "Point", "coordinates": [ 18.8982914626, 69.663730166899995 ] } },
{ "type": "Feature", "properties": { "basisOfRecord": "HumanObservation", "date_year": 2023, "eventDate": "2023-06-23T14:54:00+02:00", "individualCount": null, "scientificName": "Rissa tridactyla", "id": "ee59785b-b749-4576-acb0-a248260e852d", "especie_normalizada": "Rissa tridactyla", "decada": 2020.0 }, "geometry": { "type": "Point", "coordinates": [ 31.086053896599999, 70.295723265399999 ] } },
{ "type": "Feature", "properties": { "basisOfRecord": "HumanObservation", "date_year": 2023, "eventDate": "2023-07-28T18:08:25+02:00", "individualCount": null, "scientificName": "Fratercula arctica", "id": "ee640929-8284-4759-b501-aa13f2913ad1", "especie_normalizada": "Fratercula arctica", "decada": 2020.0 }, "geometry": { "type": "Point", "coordinates": [ 25.243548886300001, 71.131460744199998 ] } },
{ "type": "Feature", "properties": { "basisOfRecord": "HumanObservation", "date_year": 2023, "eventDate": "2023-07-15T21:21:24+01:00", "individualCount": null, "scientificName": "Fratercula arctica", "id": "ee6c69c0-9c49-43d2-adb0-df7d1f652fd8", "especie_normalizada": "Fratercula arctica", "decada": 2020.0 }, "geometry": { "type": "Point", "coordinates": [ -6.9494209, 62.3251149 ] } },
{ "type": "Feature", "properties": { "basisOfRecord": "HumanObservation", "date_year": 2023, "eventDate": "2023-06-23T17:07:00+02:00", "individualCount": null, "scientificName": "Fratercula arctica", "id": "ee856d2d-9459-427e-b158-8d95a37a02ce", "especie_normalizada": "Fratercula arctica", "decada": 2020.0 }, "geometry": { "type": "Point", "coordinates": [ 31.032023919299998, 70.377599875399994 ] } },
{ "type": "Feature", "properties": { "basisOfRecord": "HumanObservation", "date_year": 2023, "eventDate": "2023-07-02T12:15:00+01:00", "individualCount": null, "scientificName": "Fratercula arctica", "id": "ee8f0bd5-1bb5-4818-8120-0db8baf50a10", "especie_normalizada": "Fratercula arctica", "decada": 2020.0 }, "geometry": { "type": "Point", "coordinates": [ -7.6552976669, 62.102687035300001 ] } },
{ "type": "Feature", "properties": { "basisOfRecord": "HumanObservation", "date_year": 2023, "eventDate": "2023-07-04T11:57:00+02:00", "individualCount": null, "scientificName": "Rissa tridactyla", "id": "eead58b5-4f8e-4e04-9305-f22050c1768a", "especie_normalizada": "Rissa tridactyla", "decada": 2020.0 }, "geometry": { "type": "Point", "coordinates": [ 23.550161360400001, 70.546432010900006 ] } },
{ "type": "Feature", "properties": { "basisOfRecord": "HumanObservation", "date_year": 2023, "eventDate": "2023-07-22T17:46:46+00:00", "individualCount": null, "scientificName": "Fratercula arctica", "id": "eec71fba-319c-4389-a485-a1f667f32cb8", "especie_normalizada": "Fratercula arctica", "decada": 2020.0 }, "geometry": { "type": "Point", "coordinates": [ -19.100840538700002, 63.421158314700001 ] } },
{ "type": "Feature", "properties": { "basisOfRecord": "HumanObservation", "date_year": 2023, "eventDate": "2023-08-13T10:41:00+00:00", "individualCount": null, "scientificName": "Rissa tridactyla", "id": "eeefd5ac-d3e1-4fae-aa9f-75d2fd646b2e", "especie_normalizada": "Rissa tridactyla", "decada": 2020.0 }, "geometry": { "type": "Point", "coordinates": [ -20.2947910826, 65.859956456500001 ] } },
{ "type": "Feature", "properties": { "basisOfRecord": "HumanObservation", "date_year": 2023, "eventDate": "2023-07-07T13:37:00+00:00", "individualCount": null, "scientificName": "Rissa tridactyla", "id": "ef07bcaf-915a-472d-baa5-5c831b1ea01a", "especie_normalizada": "Rissa tridactyla", "decada": 2020.0 }, "geometry": { "type": "Point", "coordinates": [ -14.658078575699999, 66.364237591399998 ] } },
{ "type": "Feature", "properties": { "basisOfRecord": "HumanObservation", "date_year": 2023, "eventDate": "2023-06-23T16:53:00+02:00", "individualCount": null, "scientificName": "Fratercula arctica", "id": "efa28f34-e220-4064-b345-48389c4b6f78", "especie_normalizada": "Fratercula arctica", "decada": 2020.0 }, "geometry": { "type": "Point", "coordinates": [ 31.199617990899998, 70.211747938100004 ] } },
{ "type": "Feature", "properties": { "basisOfRecord": "HumanObservation", "date_year": 2023, "eventDate": "2023-07-13T16:59:00+00:00", "individualCount": null, "scientificName": "Rissa tridactyla", "id": "efd97388-d723-4d9a-9d79-ca7885aad1da", "especie_normalizada": "Rissa tridactyla", "decada": 2020.0 }, "geometry": { "type": "Point", "coordinates": [ -23.554342631, 64.771691607400001 ] } },
{ "type": "Feature", "properties": { "basisOfRecord": "HumanObservation", "date_year": 2023, "eventDate": "2023-07-07T09:29:00+00:00", "individualCount": null, "scientificName": "Rissa tridactyla", "id": "efe83240-d89c-42a6-bb62-272974213010", "especie_normalizada": "Rissa tridactyla", "decada": 2020.0 }, "geometry": { "type": "Point", "coordinates": [ -23.775135, 64.7353973 ] } },
{ "type": "Feature", "properties": { "basisOfRecord": "HumanObservation", "date_year": 2023, "eventDate": "2023-08-16T15:33:00+00:00", "individualCount": null, "scientificName": "Fratercula arctica", "id": "efe8e45e-5278-4e69-966e-e084a1901f2b", "especie_normalizada": "Fratercula arctica", "decada": 2020.0 }, "geometry": { "type": "Point", "coordinates": [ -24.528085277799999, 65.500880555600006 ] } },
{ "type": "Feature", "properties": { "basisOfRecord": "HumanObservation", "date_year": 2023, "eventDate": "2023-06-20T22:37:49", "individualCount": "1", "scientificName": "Balaenoptera musculus", "id": "f023d208-87c0-428f-97db-583016401ee4", "especie_normalizada": "Balaenoptera musculus", "decada": 2020.0 }, "geometry": { "type": "Point", "coordinates": [ 14.63047, 77.64483 ] } },
{ "type": "Feature", "properties": { "basisOfRecord": "HumanObservation", "date_year": 2023, "eventDate": "2023-06-23T17:38:00+02:00", "individualCount": null, "scientificName": "Rissa tridactyla", "id": "f05f2da0-d85b-461f-abc3-92b8d90bfbc5", "especie_normalizada": "Rissa tridactyla", "decada": 2020.0 }, "geometry": { "type": "Point", "coordinates": [ 31.104583523700001, 70.3615434763 ] } },
{ "type": "Feature", "properties": { "basisOfRecord": "HumanObservation", "date_year": 2023, "eventDate": "2023-06-23T16:13:00+02:00", "individualCount": null, "scientificName": "Fratercula arctica", "id": "f0e94dbd-b7d8-47c8-a455-32eead5c6e48", "especie_normalizada": "Fratercula arctica", "decada": 2020.0 }, "geometry": { "type": "Point", "coordinates": [ 31.116116547800001, 70.370167979300007 ] } },
{ "type": "Feature", "properties": { "basisOfRecord": "HumanObservation", "date_year": 2023, "eventDate": "2023-08-03T10:55:00+02:00", "individualCount": null, "scientificName": "Fratercula arctica", "id": "f154fe5f-d5d9-4f7e-a6c9-098c7d665877", "especie_normalizada": "Fratercula arctica", "decada": 2020.0 }, "geometry": { "type": "Point", "coordinates": [ 15.4448943057, 79.990229206600006 ] } },
{ "type": "Feature", "properties": { "basisOfRecord": "HumanObservation", "date_year": 2023, "eventDate": "2023-01-26", "individualCount": null, "scientificName": "Fratercula arctica", "id": "f1fe609d-b798-470a-98a4-7b73b184b7cd", "especie_normalizada": "Fratercula arctica", "decada": 2020.0 }, "geometry": { "type": "Point", "coordinates": [ 5.4232307864, 62.259429517900003 ] } },
{ "type": "Feature", "properties": { "basisOfRecord": "HumanObservation", "date_year": 2023, "eventDate": "2023-05-29T17:12:00+00:00", "individualCount": null, "scientificName": "Fratercula arctica", "id": "f263c6ff-5be7-49d9-97a3-ca518c21bb28", "especie_normalizada": "Fratercula arctica", "decada": 2020.0 }, "geometry": { "type": "Point", "coordinates": [ -20.288326795700002, 63.403263847200002 ] } },
{ "type": "Feature", "properties": { "basisOfRecord": "HumanObservation", "date_year": 2023, "eventDate": "2023-08-10T15:55:00+00:00", "individualCount": null, "scientificName": "Rissa tridactyla", "id": "f27c9ac5-1296-417a-bc9d-f4a17b56f5f0", "especie_normalizada": "Rissa tridactyla", "decada": 2020.0 }, "geometry": { "type": "Point", "coordinates": [ -23.9019266667, 64.75157 ] } },
{ "type": "Feature", "properties": { "basisOfRecord": "HumanObservation", "date_year": 2023, "eventDate": "2023-10-22T19:52:16+02:00", "individualCount": null, "scientificName": "Fratercula arctica", "id": "f30ffc6d-ff1c-4d08-9706-ba6749475f97", "especie_normalizada": "Fratercula arctica", "decada": 2020.0 }, "geometry": { "type": "Point", "coordinates": [ 10.426975, 57.1429138333 ] } },
{ "type": "Feature", "properties": { "basisOfRecord": "HumanObservation", "date_year": 2023, "eventDate": "2023-06-07T19:04:00+00:00", "individualCount": null, "scientificName": "Fratercula arctica", "id": "f34c0b2c-d41d-41bc-b630-7266aab46605", "especie_normalizada": "Fratercula arctica", "decada": 2020.0 }, "geometry": { "type": "Point", "coordinates": [ -19.104757022699999, 63.407397897099997 ] } },
{ "type": "Feature", "properties": { "basisOfRecord": "HumanObservation", "date_year": 2023, "eventDate": "2023-07-29T11:41:29+02:00", "individualCount": null, "scientificName": "Rissa tridactyla", "id": "f3a93d8e-bf2f-4640-8fc6-91d101538b51", "especie_normalizada": "Rissa tridactyla", "decada": 2020.0 }, "geometry": { "type": "Point", "coordinates": [ 18.959581764700001, 69.706592006799994 ] } },
{ "type": "Feature", "properties": { "basisOfRecord": "HumanObservation", "date_year": 2023, "eventDate": "2023-06-23T14:53:00+02:00", "individualCount": null, "scientificName": "Rissa tridactyla", "id": "f4039db7-f961-4d57-99f8-14f5b2a0848c", "especie_normalizada": "Rissa tridactyla", "decada": 2020.0 }, "geometry": { "type": "Point", "coordinates": [ 31.1197615273, 70.3608698245 ] } },
{ "type": "Feature", "properties": { "basisOfRecord": "HumanObservation", "date_year": 2023, "eventDate": "2023-09-18T17:19:00+02:00", "individualCount": null, "scientificName": "Rissa tridactyla", "id": "f41181d8-642f-4999-9658-f533dafe719a", "especie_normalizada": "Rissa tridactyla", "decada": 2020.0 }, "geometry": { "type": "Point", "coordinates": [ 11.0048096894, 79.732517928099995 ] } },
{ "type": "Feature", "properties": { "basisOfRecord": "HumanObservation", "date_year": 2023, "eventDate": "2023-06-23T15:05:00+02:00", "individualCount": null, "scientificName": "Fratercula arctica", "id": "f45202d9-94db-4eec-8505-19689be9623e", "especie_normalizada": "Fratercula arctica", "decada": 2020.0 }, "geometry": { "type": "Point", "coordinates": [ 31.194896176, 70.2023446054 ] } },
{ "type": "Feature", "properties": { "basisOfRecord": "HumanObservation", "date_year": 2023, "eventDate": "2023-06-05T16:56:00+00:00", "individualCount": null, "scientificName": "Fratercula arctica", "id": "f4f74096-f1bf-4181-bf05-3dc80ce13a87", "especie_normalizada": "Fratercula arctica", "decada": 2020.0 }, "geometry": { "type": "Point", "coordinates": [ -13.748251743499999, 65.542435155099994 ] } },
{ "type": "Feature", "properties": { "basisOfRecord": "HumanObservation", "date_year": 2023, "eventDate": "2023-06-29T10:23:00+02:00", "individualCount": null, "scientificName": "Fratercula arctica", "id": "f529d31a-93ed-4e6a-b0bf-e7e68dcd8b81", "especie_normalizada": "Fratercula arctica", "decada": 2020.0 }, "geometry": { "type": "Point", "coordinates": [ 31.043955453199999, 70.367302995599999 ] } },
{ "type": "Feature", "properties": { "basisOfRecord": "HumanObservation", "date_year": 2023, "eventDate": "2023-06-23T16:12:00+02:00", "individualCount": null, "scientificName": "Fratercula arctica", "id": "f552bcf9-1562-4940-a699-28c71acb9395", "especie_normalizada": "Fratercula arctica", "decada": 2020.0 }, "geometry": { "type": "Point", "coordinates": [ 31.139494004199999, 70.2617016401 ] } },
{ "type": "Feature", "properties": { "basisOfRecord": "HumanObservation", "date_year": 2023, "eventDate": "2023-06-10T08:57:00+01:00", "individualCount": null, "scientificName": "Rissa tridactyla", "id": "f558afbd-1155-4c5e-b0dd-a720de4c4e93", "especie_normalizada": "Rissa tridactyla", "decada": 2020.0 }, "geometry": { "type": "Point", "coordinates": [ -3.0340853641, 58.630494288 ] } },
{ "type": "Feature", "properties": { "basisOfRecord": "HumanObservation", "date_year": 2023, "eventDate": "2023-07-13T14:49:32", "individualCount": "1", "scientificName": "Balaenoptera musculus", "id": "f56d8aae-c581-4fb3-b7d6-4294028074b7", "especie_normalizada": "Balaenoptera musculus", "decada": 2020.0 }, "geometry": { "type": "Point", "coordinates": [ 13.76611, 78.15677 ] } },
{ "type": "Feature", "properties": { "basisOfRecord": "HumanObservation", "date_year": 2023, "eventDate": "2023-06-23T16:59:00+02:00", "individualCount": null, "scientificName": "Fratercula arctica", "id": "f5f6b8d0-5367-4ae3-92aa-05603be18d4d", "especie_normalizada": "Fratercula arctica", "decada": 2020.0 }, "geometry": { "type": "Point", "coordinates": [ 31.091426165800002, 70.318321486299993 ] } },
{ "type": "Feature", "properties": { "basisOfRecord": "HumanObservation", "date_year": 2023, "eventDate": "2023-06-23T16:42:14+02:00", "individualCount": null, "scientificName": "Fratercula arctica", "id": "f6e9760b-9c0f-46ff-b222-842d67424594", "especie_normalizada": "Fratercula arctica", "decada": 2020.0 }, "geometry": { "type": "Point", "coordinates": [ 31.1041218284, 70.372472426599998 ] } },
{ "type": "Feature", "properties": { "basisOfRecord": "HumanObservation", "date_year": 2023, "eventDate": "2023-06-30T12:34:47+02:00", "individualCount": null, "scientificName": "Balaenoptera physalus", "id": "f6f551c6-7994-4fc6-9f81-0c897b13e11e", "especie_normalizada": "Balaenoptera physalus", "decada": 2020.0 }, "geometry": { "type": "Point", "coordinates": [ 25.5360166667, 71.184356666699998 ] } },
{ "type": "Feature", "properties": { "basisOfRecord": "HumanObservation", "date_year": 2023, "eventDate": "2023-07-08T10:20:12+02:00", "individualCount": null, "scientificName": "Rissa tridactyla", "id": "f75dff71-7f00-4514-bdfb-7dfc8f1bf759", "especie_normalizada": "Rissa tridactyla", "decada": 2020.0 }, "geometry": { "type": "Point", "coordinates": [ 11.807355, 79.786421666699994 ] } },
{ "type": "Feature", "properties": { "basisOfRecord": "HumanObservation", "date_year": 2023, "eventDate": "2023-08-12T08:55:00+00:00", "individualCount": null, "scientificName": "Rissa tridactyla", "id": "f78a6085-8b20-4fd3-af1e-380dfb45263b", "especie_normalizada": "Rissa tridactyla", "decada": 2020.0 }, "geometry": { "type": "Point", "coordinates": [ -16.181527, 64.049101 ] } },
{ "type": "Feature", "properties": { "basisOfRecord": "HumanObservation", "date_year": 2023, "eventDate": "2023-08-03T14:04:00+00:00", "individualCount": null, "scientificName": "Rissa tridactyla", "id": "f7bc5626-8039-415b-9909-36faea3297fe", "especie_normalizada": "Rissa tridactyla", "decada": 2020.0 }, "geometry": { "type": "Point", "coordinates": [ -16.179508611100001, 64.045813611100002 ] } },
{ "type": "Feature", "properties": { "basisOfRecord": "HumanObservation", "date_year": 2023, "eventDate": "2023-06-23T16:44:00+02:00", "individualCount": null, "scientificName": "Rissa tridactyla", "id": "f7c939df-203a-43b9-92df-fca04eacca5f", "especie_normalizada": "Rissa tridactyla", "decada": 2020.0 }, "geometry": { "type": "Point", "coordinates": [ 31.1741493623, 70.267624715099998 ] } },
{ "type": "Feature", "properties": { "basisOfRecord": "HumanObservation", "date_year": 2023, "eventDate": "2023-06-01T17:01:00+00:00", "individualCount": null, "scientificName": "Rissa tridactyla", "id": "f8555e56-4615-4882-8dad-05d9e5310707", "especie_normalizada": "Rissa tridactyla", "decada": 2020.0 }, "geometry": { "type": "Point", "coordinates": [ -20.635262412900001, 65.606374132599996 ] } },
{ "type": "Feature", "properties": { "basisOfRecord": "HumanObservation", "date_year": 2023, "eventDate": "2023-07-22T22:06:00+00:00", "individualCount": null, "scientificName": "Rissa tridactyla", "id": "f8595e14-1658-41b2-bd07-11e833793457", "especie_normalizada": "Rissa tridactyla", "decada": 2020.0 }, "geometry": { "type": "Point", "coordinates": [ -16.180913055, 64.047803055 ] } },
{ "type": "Feature", "properties": { "basisOfRecord": "HumanObservation", "date_year": 2023, "eventDate": "2023-05-05T22:21:00+00:00", "individualCount": null, "scientificName": "Fratercula arctica", "id": "f89022c5-4abe-417f-bbae-660bb5e85b72", "especie_normalizada": "Fratercula arctica", "decada": 2020.0 }, "geometry": { "type": "Point", "coordinates": [ -20.302272222199999, 63.444258333299999 ] } },
{ "type": "Feature", "properties": { "basisOfRecord": "HumanObservation", "date_year": 2023, "eventDate": "2023-10-17T11:43", "individualCount": "1", "scientificName": "Balaenoptera physalus", "id": "f9d8f7a1-cbd6-43b5-bb75-b14102b860d6", "especie_normalizada": "Balaenoptera physalus", "decada": 2020.0 }, "geometry": { "type": "Point", "coordinates": [ 20.949554, 70.121644 ] } },
{ "type": "Feature", "properties": { "basisOfRecord": "HumanObservation", "date_year": 2023, "eventDate": "2023-06-30T08:18:00+00:00", "individualCount": null, "scientificName": "Fratercula arctica", "id": "f9dd45fe-61be-402a-b457-d1a2ec867e6f", "especie_normalizada": "Fratercula arctica", "decada": 2020.0 }, "geometry": { "type": "Point", "coordinates": [ -24.510755512, 65.499297823899994 ] } },
{ "type": "Feature", "properties": { "basisOfRecord": "HumanObservation", "date_year": 2023, "eventDate": "2023-09-22T15:51:00+02:00", "individualCount": null, "scientificName": "Rissa tridactyla", "id": "f9f6efe9-d8d9-46f8-8413-2c0b72028e01", "especie_normalizada": "Rissa tridactyla", "decada": 2020.0 }, "geometry": { "type": "Point", "coordinates": [ 15.8741601935, 77.015229206399994 ] } },
{ "type": "Feature", "properties": { "basisOfRecord": "HumanObservation", "date_year": 2023, "eventDate": "2023-06-23T16:19:00+02:00", "individualCount": null, "scientificName": "Fratercula arctica", "id": "fa91ebe2-79f6-4323-a5c7-0232c4f0ff4c", "especie_normalizada": "Fratercula arctica", "decada": 2020.0 }, "geometry": { "type": "Point", "coordinates": [ 31.010938410400001, 70.358343552099996 ] } },
{ "type": "Feature", "properties": { "basisOfRecord": "HumanObservation", "date_year": 2023, "eventDate": "2023-08-09T01:20:00+02:00", "individualCount": null, "scientificName": "Fratercula arctica", "id": "facd95be-74b3-4f1f-be24-93cfa11e11a4", "especie_normalizada": "Fratercula arctica", "decada": 2020.0 }, "geometry": { "type": "Point", "coordinates": [ 15.8680733333, 76.954586666699996 ] } },
{ "type": "Feature", "properties": { "basisOfRecord": "HumanObservation", "date_year": 2023, "eventDate": "2023-07-18T11:28:00+02:00", "individualCount": null, "scientificName": "Rissa tridactyla", "id": "fb322df9-7c43-4e5f-b78a-76228855cc4d", "especie_normalizada": "Rissa tridactyla", "decada": 2020.0 }, "geometry": { "type": "Point", "coordinates": [ 12.8912035033, 67.834087757199995 ] } },
{ "type": "Feature", "properties": { "basisOfRecord": "HumanObservation", "date_year": 2023, "eventDate": "2023-06-10T01:16:00+00:00", "individualCount": null, "scientificName": "Fratercula arctica", "id": "fb34fe62-97c6-42bc-a213-6bde6d3b88e1", "especie_normalizada": "Fratercula arctica", "decada": 2020.0 }, "geometry": { "type": "Point", "coordinates": [ -19.130061111100002, 63.403663888899999 ] } },
{ "type": "Feature", "properties": { "basisOfRecord": "HumanObservation", "date_year": 2023, "eventDate": "2023-06-01T13:23:18+00:00", "individualCount": null, "scientificName": "Fratercula arctica", "id": "fb3fe1fe-ff13-4357-bd69-a4a8427bd1de", "especie_normalizada": "Fratercula arctica", "decada": 2020.0 }, "geometry": { "type": "Point", "coordinates": [ -21.962339216899998, 64.174295892100005 ] } },
{ "type": "Feature", "properties": { "basisOfRecord": "HumanObservation", "date_year": 2023, "eventDate": "2023-06-06T08:08:00+00:00", "individualCount": null, "scientificName": "Rissa tridactyla", "id": "fb7ec0ee-2b9a-4929-b811-8caac1952b52", "especie_normalizada": "Rissa tridactyla", "decada": 2020.0 }, "geometry": { "type": "Point", "coordinates": [ -17.413473053, 66.113523747299993 ] } },
{ "type": "Feature", "properties": { "basisOfRecord": "HumanObservation", "date_year": 2023, "eventDate": "2023-07-21T12:07:08+01:00", "individualCount": null, "scientificName": "Fratercula arctica", "id": "fb8b3ac3-e4a1-4c3e-9964-2ae3f82391cc", "especie_normalizada": "Fratercula arctica", "decada": 2020.0 }, "geometry": { "type": "Point", "coordinates": [ -6.7415479571, 61.685575491100003 ] } },
{ "type": "Feature", "properties": { "basisOfRecord": "HumanObservation", "date_year": 2023, "eventDate": "2023-07-27T19:33:43-01:00", "individualCount": null, "scientificName": "Rissa tridactyla", "id": "fc155838-fad8-4176-9db5-2c88cd91f4e7", "especie_normalizada": "Rissa tridactyla", "decada": 2020.0 }, "geometry": { "type": "Point", "coordinates": [ -13.6235575005, 66.561780716399994 ] } },
{ "type": "Feature", "properties": { "basisOfRecord": "HumanObservation", "date_year": 2023, "eventDate": "2023-05-15T18:05:00+02:00", "individualCount": null, "scientificName": "Fratercula arctica", "id": "fc5edf3b-a6fb-4fba-8eeb-cc997a905d9d", "especie_normalizada": "Fratercula arctica", "decada": 2020.0 }, "geometry": { "type": "Point", "coordinates": [ 5.7611229457, 62.371822428400002 ] } },
{ "type": "Feature", "properties": { "basisOfRecord": "HumanObservation", "date_year": 2023, "eventDate": "2023-06-04T08:59:00+00:00", "individualCount": null, "scientificName": "Fratercula arctica", "id": "fc77e7ce-6270-4e99-a270-8219af327d3b", "especie_normalizada": "Fratercula arctica", "decada": 2020.0 }, "geometry": { "type": "Point", "coordinates": [ -17.369669845800001, 66.113630467299998 ] } },
{ "type": "Feature", "properties": { "basisOfRecord": "HumanObservation", "date_year": 2023, "eventDate": "2023-06-24T22:32:28", "individualCount": "1", "scientificName": "Balaenoptera musculus", "id": "fc7eff34-08c4-4fc9-a43c-4fb81329dee0", "especie_normalizada": "Balaenoptera musculus", "decada": 2020.0 }, "geometry": { "type": "Point", "coordinates": [ 13.806152, 78.158846 ] } },
{ "type": "Feature", "properties": { "basisOfRecord": "HumanObservation", "date_year": 2023, "eventDate": "2023-06-23T17:38:00+02:00", "individualCount": null, "scientificName": "Rissa tridactyla", "id": "fcc3729b-0d7c-4493-b2ad-56286425268b", "especie_normalizada": "Rissa tridactyla", "decada": 2020.0 }, "geometry": { "type": "Point", "coordinates": [ 31.0325899947, 70.230304693199997 ] } },
{ "type": "Feature", "properties": { "basisOfRecord": "HumanObservation", "date_year": 2023, "eventDate": "2023-08-05T19:46:00+02:00", "individualCount": null, "scientificName": "Rissa tridactyla", "id": "fcc55c2f-e4fb-4fae-bafd-a3fa49abe614", "especie_normalizada": "Rissa tridactyla", "decada": 2020.0 }, "geometry": { "type": "Point", "coordinates": [ 9.0251544038, 57.158504455500001 ] } },
{ "type": "Feature", "properties": { "basisOfRecord": "HumanObservation", "date_year": 2023, "eventDate": "2023-08-12T10:37:00+02:00", "individualCount": null, "scientificName": "Physeter macrocephalus", "id": "fd28ed8d-d5ce-40cf-87bd-f1515d155148", "especie_normalizada": "Physeter macrocephalus", "decada": 2020.0 }, "geometry": { "type": "Point", "coordinates": [ 15.7996543123, 69.527015683599998 ] } },
{ "type": "Feature", "properties": { "basisOfRecord": "HumanObservation", "date_year": 2023, "eventDate": "2023-02-24T15:46:00+00:00", "individualCount": null, "scientificName": "Rissa tridactyla", "id": "fd3b5e2d-5b6a-498b-95ed-1ae3fa367551", "especie_normalizada": "Rissa tridactyla", "decada": 2020.0 }, "geometry": { "type": "Point", "coordinates": [ -21.971379519300001, 64.067616041199997 ] } },
{ "type": "Feature", "properties": { "basisOfRecord": "HumanObservation", "date_year": 2023, "eventDate": "2023-06-01T13:51:31+00:00", "individualCount": null, "scientificName": "Fratercula arctica", "id": "fd6287ff-047b-4812-a800-ca76c79ea31a", "especie_normalizada": "Fratercula arctica", "decada": 2020.0 }, "geometry": { "type": "Point", "coordinates": [ -21.969333328299999, 64.169063489 ] } },
{ "type": "Feature", "properties": { "basisOfRecord": "HumanObservation", "date_year": 2023, "eventDate": "2023-07-13T15:51:00+02:00", "individualCount": null, "scientificName": "Rissa tridactyla", "id": "fd6e9a8a-3b9e-4113-96e4-b7daf40b1ce7", "especie_normalizada": "Rissa tridactyla", "decada": 2020.0 }, "geometry": { "type": "Point", "coordinates": [ 18.862027764899999, 69.759432397 ] } },
{ "type": "Feature", "properties": { "basisOfRecord": "HumanObservation", "date_year": 2023, "eventDate": "2023-06-28T17:32:00+02:00", "individualCount": null, "scientificName": "Rissa tridactyla", "id": "fd708bb1-0d81-4498-b21e-97c3698d2db6", "especie_normalizada": "Rissa tridactyla", "decada": 2020.0 }, "geometry": { "type": "Point", "coordinates": [ 11.4959053759, 79.622173108699997 ] } },
{ "type": "Feature", "properties": { "basisOfRecord": "HumanObservation", "date_year": 2023, "eventDate": "2023-06-23T15:36:00+02:00", "individualCount": null, "scientificName": "Rissa tridactyla", "id": "fd767b89-c487-407e-b1f2-3649bf75a9aa", "especie_normalizada": "Rissa tridactyla", "decada": 2020.0 }, "geometry": { "type": "Point", "coordinates": [ 31.156571628599998, 70.3363519758 ] } },
{ "type": "Feature", "properties": { "basisOfRecord": "HumanObservation", "date_year": 2023, "eventDate": "2023-06-21T16:18:00+00:00", "individualCount": null, "scientificName": "Fratercula arctica", "id": "fdc45681-184a-4da5-b8a5-f0aad9774596", "especie_normalizada": "Fratercula arctica", "decada": 2020.0 }, "geometry": { "type": "Point", "coordinates": [ -22.909570635200001, 65.378393867499994 ] } },
{ "type": "Feature", "properties": { "basisOfRecord": "HumanObservation", "date_year": 2023, "eventDate": "2023-06-23T14:53:00+02:00", "individualCount": null, "scientificName": "Rissa tridactyla", "id": "fdcded69-68b0-48ea-9c61-011d0249c87a", "especie_normalizada": "Rissa tridactyla", "decada": 2020.0 }, "geometry": { "type": "Point", "coordinates": [ 31.025405985599999, 70.258765230199998 ] } },
{ "type": "Feature", "properties": { "basisOfRecord": "HumanObservation", "date_year": 2023, "eventDate": "2023-07-15T14:23:26+02:00", "individualCount": null, "scientificName": "Rissa tridactyla", "id": "fde5671d-cc07-4053-91df-8a821181c8f9", "especie_normalizada": "Rissa tridactyla", "decada": 2020.0 }, "geometry": { "type": "Point", "coordinates": [ 12.891778951899999, 67.815028283499998 ] } },
{ "type": "Feature", "properties": { "basisOfRecord": "HumanObservation", "date_year": 2023, "eventDate": "2023-06-23T15:35:00+02:00", "individualCount": null, "scientificName": "Fratercula arctica", "id": "fe2a3f69-ff14-475e-b3f2-c2072e14b702", "especie_normalizada": "Fratercula arctica", "decada": 2020.0 }, "geometry": { "type": "Point", "coordinates": [ 31.090643751199998, 70.345967599199994 ] } },
{ "type": "Feature", "properties": { "basisOfRecord": "HumanObservation", "date_year": 2023, "eventDate": "2023-06-29T10:26:19+00:00", "individualCount": null, "scientificName": "Fratercula arctica", "id": "fe2e5496-c0c8-420d-9afa-90a0f4ee18b4", "especie_normalizada": "Fratercula arctica", "decada": 2020.0 }, "geometry": { "type": "Point", "coordinates": [ -13.754788333300001, 65.541878333300005 ] } },
{ "type": "Feature", "properties": { "basisOfRecord": "HumanObservation", "date_year": 2023, "eventDate": "2023-06-05T07:30:00+00:00", "individualCount": null, "scientificName": "Fratercula arctica", "id": "fe5fb571-7f47-4ac6-ba05-15f3665acd55", "especie_normalizada": "Fratercula arctica", "decada": 2020.0 }, "geometry": { "type": "Point", "coordinates": [ -13.7549555556, 65.542191666700006 ] } },
{ "type": "Feature", "properties": { "basisOfRecord": "HumanObservation", "date_year": 2023, "eventDate": "2023-07-03T14:44:00+02:00", "individualCount": null, "scientificName": "Rissa tridactyla", "id": "fe8404ac-96ec-46ce-8226-8fa1c9a112b3", "especie_normalizada": "Rissa tridactyla", "decada": 2020.0 }, "geometry": { "type": "Point", "coordinates": [ 9.904073781699999, 78.746361932400006 ] } },
{ "type": "Feature", "properties": { "basisOfRecord": "HumanObservation", "date_year": 2023, "eventDate": "2023-06-26T00:48:00+00:00", "individualCount": null, "scientificName": "Fratercula arctica", "id": "fea27d01-db48-43c7-98b2-b2ff2341ccba", "especie_normalizada": "Fratercula arctica", "decada": 2020.0 }, "geometry": { "type": "Point", "coordinates": [ -20.292021182199999, 63.398984029499999 ] } },
{ "type": "Feature", "properties": { "basisOfRecord": "HumanObservation", "date_year": 2023, "eventDate": "2023-03-24T11:31:00+01:00", "individualCount": null, "scientificName": "Rissa tridactyla", "id": "fefcdf06-0eee-4def-928c-aefd47afd741", "especie_normalizada": "Rissa tridactyla", "decada": 2020.0 }, "geometry": { "type": "Point", "coordinates": [ 31.1177328769, 70.342829317600007 ] } },
{ "type": "Feature", "properties": { "basisOfRecord": "HumanObservation", "date_year": 2023, "eventDate": "2023-05-29T18:12:13+00:00", "individualCount": null, "scientificName": "Fratercula arctica", "id": "ff06c58f-4071-4978-856f-3e1fd5bf68da", "especie_normalizada": "Fratercula arctica", "decada": 2020.0 }, "geometry": { "type": "Point", "coordinates": [ -16.065327638199999, 65.901715022499999 ] } },
{ "type": "Feature", "properties": { "basisOfRecord": "HumanObservation", "date_year": 2023, "eventDate": "2023-07-13T19:11:08+00:00", "individualCount": null, "scientificName": "Fratercula arctica", "id": "ff0f4cd1-3400-4e5f-b9b9-31afda8bc832", "especie_normalizada": "Fratercula arctica", "decada": 2020.0 }, "geometry": { "type": "Point", "coordinates": [ -19.1132996684, 64.938945113800003 ] } },
{ "type": "Feature", "properties": { "basisOfRecord": "HumanObservation", "date_year": 2023, "eventDate": "2023-05-13", "individualCount": "1", "scientificName": "Balaenoptera musculus", "id": "ffc18197-dd4e-4c99-8ec2-ee666112ced5", "especie_normalizada": "Balaenoptera musculus", "decada": 2020.0 }, "geometry": { "type": "Point", "coordinates": [ -17.55, 66.076667 ] } },
{ "type": "Feature", "properties": { "basisOfRecord": "HumanObservation", "date_year": 2023, "eventDate": "2023-05-24T07:47:00+02:00", "individualCount": null, "scientificName": "Rissa tridactyla", "id": "ffe9f2bb-2364-43bc-9402-21335280704e", "especie_normalizada": "Rissa tridactyla", "decada": 2020.0 }, "geometry": { "type": "Point", "coordinates": [ 15.116171829400001, 78.178013007600001 ] } },
{ "type": "Feature", "properties": { "basisOfRecord": "HumanObservation", "date_year": 2023, "eventDate": "2023-06-15T11:00", "individualCount": "1", "scientificName": "Balaenoptera musculus", "id": "fff72bd9-82ac-4900-86fe-4557f34fc911", "especie_normalizada": "Balaenoptera musculus", "decada": 2020.0 }, "geometry": { "type": "Point", "coordinates": [ -17.551167, 66.081892 ] } },
{ "type": "Feature", "properties": { "basisOfRecord": "HumanObservation", "date_year": 2023, "eventDate": "2023-06-30T07:48:00+00:00", "individualCount": null, "scientificName": "Rissa tridactyla", "id": "fffd70b2-ef3f-4509-9e2e-6bff0bea63ea", "especie_normalizada": "Rissa tridactyla", "decada": 2020.0 }, "geometry": { "type": "Point", "coordinates": [ -24.510755512, 65.499297823899994 ] } }
]
}
