"basisOfRecord","date_year","decimalLatitude","decimalLongitude","eventDate","individualCount","scientificName","id","especie_normalizada","decada"
"HumanObservation",2023,70.2662315984,31.0878208334,"2023-06-23T17:26:00+02:00",NA,"Rissa tridactyla","000520d1-6149-4653-a2c1-aec08be9368a","Rissa tridactyla",2020
"HumanObservation",2023,64.8959927783,-23.700686945,"2023-07-14T18:16:00+00:00",NA,"Rissa tridactyla","002cc982-f0c0-48b0-b958-8c48c3c42904","Rissa tridactyla",2020
"HumanObservation",2023,64.171961993,-21.9698882103,"2023-06-01T13:38:56+00:00",NA,"Fratercula arctica","0033a903-0f15-4377-b0e3-a4296ad91d43","Fratercula arctica",2020
"HumanObservation",2023,62.5749921175,5.7141126927,"2023-05-30T12:11:00+02:00",NA,"Fratercula arctica","0058e37e-3af1-498c-b15c-1865be24e6d7","Fratercula arctica",2020
"HumanObservation",2023,70.2856451866,31.0198979955,"2023-03-24T11:28:00+01:00",NA,"Rissa tridactyla","0078f038-61a5-4360-b8d7-d17e3612221e","Rissa tridactyla",2020
"HumanObservation",2023,65.5007822217,-24.5277847217,"2023-07-16T13:40:00+00:00",NA,"Fratercula arctica","007bb699-5d22-4787-988a-c4c46b79cb1e","Fratercula arctica",2020
"HumanObservation",2023,70.9509196776,25.245383131,"2023-07-17T09:57:00+02:00",NA,"Fratercula arctica","007fb350-72cc-4b5c-a967-fe978f427aac","Fratercula arctica",2020
"HumanObservation",2023,66.1902531908,-17.5996958081,"2023-06-06T07:26:00+00:00",NA,"Fratercula arctica","00a194e2-9e1d-4648-884d-c24fad01624c","Fratercula arctica",2020
"HumanObservation",2023,70.2745331434,31.1782653698,"2023-06-23T14:53:00+02:00",NA,"Rissa tridactyla","00aad296-3f47-421d-9318-1ef1fe1e46c6","Rissa tridactyla",2020
"HumanObservation",2023,71.1581565482,25.1048486041,"2023-07-28T11:44:42+02:00",NA,"Fratercula arctica","010bf01b-e39c-43e7-aa2f-3bfcd438ffca","Fratercula arctica",2020
"HumanObservation",2023,65.5383750811,-13.7547109389,"2023-06-05T17:14:00+00:00",NA,"Fratercula arctica","015ef741-ec4f-4fee-bafd-afc94a5d63f5","Fratercula arctica",2020
"HumanObservation",2023,64.7516429867,-23.6450850065,"2023-07-06T10:01:00+00:00",NA,"Rissa tridactyla","019fa7ba-c3a0-4780-a613-f708cf16e4ac","Rissa tridactyla",2020
"HumanObservation",2023,64.1726863425,-10.9614505953,"2023-10-03T09:29:00-01:00",NA,"Rissa tridactyla","01d80f74-84e8-439b-83be-7c02dcdcc113","Rissa tridactyla",2020
"HumanObservation",2023,70.2375264365,31.0961695997,"2023-06-23T16:46:00+02:00",NA,"Rissa tridactyla","020d561b-8165-484e-821e-685721f85bf1","Rissa tridactyla",2020
"HumanObservation",2023,63.4141998291,-19.007610321,"2023-02-11T18:04:21+00:00",NA,"Fratercula arctica","0220d6fa-10ac-4d91-8cf5-caac54adeddf","Fratercula arctica",2020
"HumanObservation",2023,60.0032324928,-1.2205738185,"2023-01-01T11:13:00+00:00",NA,"Rissa tridactyla","026fe630-bbb3-45d5-ae0b-fff0344ba4be","Rissa tridactyla",2020
"HumanObservation",2023,63.4450266958,-20.2614583281,"2023-07-24T14:51:00+00:00",NA,"Fratercula arctica","0279a69c-e856-4685-85a0-46a6211b5305","Fratercula arctica",2020
"HumanObservation",2023,77.9687116667,21.3209116667,"2023-07-11T16:52:56+02:00",NA,"Rissa tridactyla","02c8b914-a3f3-4f41-9f04-cfc06597866a","Rissa tridactyla",2020
"HumanObservation",2023,70.3541443563,31.0810035877,"2023-06-23T17:05:00+02:00",NA,"Fratercula arctica","031a7ae2-a47f-4109-9653-b69e8b0c1ab1","Fratercula arctica",2020
"HumanObservation",2023,76.8930890015,14.4222800394,"2023-09-26T15:27:00+02:00",NA,"Balaenoptera physalus","03288377-d573-41f8-861e-c1d79604fcfc","Balaenoptera physalus",2020
"HumanObservation",2023,63.4027100667,-19.0405340672,"2023-05-16T22:23:00+00:00",NA,"Fratercula arctica","0373b9a2-957f-4b81-84b3-21e1681ad2b0","Fratercula arctica",2020
"HumanObservation",2023,68.7223736259,-21.2923687044,"2023-09-01T09:45:00-01:00",NA,"Rissa tridactyla","03795b21-4567-4598-a422-d4653b9538da","Rissa tridactyla",2020
"HumanObservation",2023,70.3375662816,31.0885269365,"2023-06-23T16:33:00+02:00",NA,"Fratercula arctica","03a3da86-59cc-42bb-b474-86fc7f73bb30","Fratercula arctica",2020
"HumanObservation",2023,57.6977268897,11.608878724,"2023-10-14T11:29:48+02:00",NA,"Rissa tridactyla","03c1714b-303e-4a24-aa21-98064563e0bc","Rissa tridactyla",2020
"HumanObservation",2023,63.4334106445,-19.1535396576,"2023-08-02T10:34:40+00:00",NA,"Fratercula arctica","03c6a16e-72d4-4ea7-8167-f435dfcc2516","Fratercula arctica",2020
"HumanObservation",2023,63.402554216,-19.0412649885,"2023-08-12T09:40:08+00:00",NA,"Fratercula arctica","03d1cb7c-ec25-4e04-8fab-06141767fcf0","Fratercula arctica",2020
"HumanObservation",2023,65.4999883,-24.5268353826,"2023-06-21T11:54:00+00:00",NA,"Rissa tridactyla","03e8c90c-0974-413b-9d58-401d5bfd3d28","Rissa tridactyla",2020
"HumanObservation",2023,59.8537802026,-1.2755630538,"2023-06-17T15:38:06+01:00",NA,"Fratercula arctica","0426880b-69e3-4a5b-8bf8-0c929441d15f","Fratercula arctica",2020
"HumanObservation",2023,79.5386522267,12.4957592754,"2023-09-09T10:18:53+02:00",NA,"Rissa tridactyla","04413b37-1982-47ab-a838-dfa3c0b43b37","Rissa tridactyla",2020
"HumanObservation",2023,70.280914779,31.0602741376,"2023-06-29T21:23:00+02:00",NA,"Rissa tridactyla","047ae1cd-1a13-4ffa-80b9-609c020320d1","Rissa tridactyla",2020
"HumanObservation",2023,70.2694688051,31.1777385557,"2023-06-23T15:39:00+02:00",NA,"Fratercula arctica","04920071-9e7b-4c43-900e-08cd7fdbbb63","Fratercula arctica",2020
"HumanObservation",2023,64.886778055,-24.0413236117,"2023-07-14T12:55:00+00:00",NA,"Rissa tridactyla","04acb98c-b11f-40b3-afab-b6c4ee11ab36","Rissa tridactyla",2020
"HumanObservation",2023,78.2669171412,21.9216307439,"2023-07-24T10:52:38+02:00",NA,"Rissa tridactyla","04d41225-3796-4275-bcf0-697e86f4af01","Rissa tridactyla",2020
"HumanObservation",2023,63.8121116667,-22.7142666667,"2023-05-26T17:06:06+00:00",NA,"Rissa tridactyla","051543f8-9110-4360-92c5-cf42dc3c5280","Rissa tridactyla",2020
"HumanObservation",2023,78.2545523613,10.3200522445,"2023-07-03T12:29:00+02:00",NA,"Fratercula arctica","05f80e3b-d639-4c7d-90ce-31ddf70b2912","Fratercula arctica",2020
"HumanObservation",2023,66.5562661504,-18.0135759714,"2023-06-19T13:54:00+00:00",NA,"Fratercula arctica","05fa4574-24c4-4fe0-90f6-5701ad59e2c6","Fratercula arctica",2020
"HumanObservation",2023,62.4781709151,5.6692377174,"2023-07-17T12:20:57+02:00",NA,"Fratercula arctica","06a066a4-1fd0-4a8a-8e6a-5b098730c1c8","Fratercula arctica",2020
"HumanObservation",2023,70.3547882896,31.1947996423,"2023-06-23T15:28:00+02:00",NA,"Fratercula arctica","06c59b6d-c04f-4b7a-b65c-2166408798a9","Fratercula arctica",2020
"HumanObservation",2023,79.7863616667,11.8084716667,"2023-07-08T10:18:28+02:00",NA,"Rissa tridactyla","06f6a896-0ffe-4e4c-8791-a0239868d2d8","Rissa tridactyla",2020
"HumanObservation",2023,62.1017113997,-7.6476837,"2023-06-10T11:43:43+01:00",NA,"Rissa tridactyla","06ff1f36-adf6-429a-b6c1-2fd5248b1bea","Rissa tridactyla",2020
"HumanObservation",2023,62.819015,-7.9435038,"2023-06-01T10:41:00-01:00",NA,"Rissa tridactyla","07231719-6a27-49c8-97a6-592333a4323c","Rissa tridactyla",2020
"HumanObservation",2023,69.7222499172,18.8799014903,"2023-07-16T15:08:00+02:00",NA,"Rissa tridactyla","07583a59-9a96-44ce-81e6-ebee5ec2f33a","Rissa tridactyla",2020
"HumanObservation",2023,62.3269646147,-6.9417463264,"2023-07-15T11:09:00+01:00",NA,"Fratercula arctica","07652512-3199-4fc1-9975-d7272973e013","Fratercula arctica",2020
"HumanObservation",2023,78.115449,11.687355,"2023-07-17T09:17:01","1","Balaenoptera musculus","07c27369-eb02-4ae1-9d6a-cbc55b5414a1","Balaenoptera musculus",2020
"HumanObservation",2023,58.4300796132,-3.0663895234,"2023-07-29T10:59:53+01:00",NA,"Rissa tridactyla","080f7b5f-8db3-45e9-9276-0618032774b6","Rissa tridactyla",2020
"HumanObservation",2023,68.9711786992,14.8565202762,"2023-07-14T08:33:00+02:00",NA,"Fratercula arctica","082f39b9-6a94-4f11-9c81-199b7439e5cc","Fratercula arctica",2020
"HumanObservation",2023,70.3353399124,31.1565592383,"2023-06-23T16:15:00+02:00",NA,"Fratercula arctica","085e7efe-d5c3-4d03-a1fe-dbef1f111104","Fratercula arctica",2020
"HumanObservation",2023,70.3652013409,31.1131681271,"2023-06-23T16:19:00+02:00",NA,"Fratercula arctica","089ae25f-d562-4b55-95f2-db7a194317cf","Fratercula arctica",2020
"HumanObservation",2023,58.6440185822,-3.0273412541,"2023-07-25",NA,"Fratercula arctica","09b8779d-0bcf-44fa-8deb-b2ccdaeb4701","Fratercula arctica",2020
"HumanObservation",2023,69.2815391972,15.8576822283,"2023-09-11T14:24:00+02:00",NA,"Fratercula arctica","09b99b6f-20b9-4f3f-a764-dd56317719d7","Fratercula arctica",2020
"HumanObservation",2023,65.8896420479,-18.0090112416,"2023-05-30T11:42:38+00:00",NA,"Fratercula arctica","0a4e029c-284b-476e-b0db-3161271935a8","Fratercula arctica",2020
"HumanObservation",2023,70.2315697594,31.1817396161,"2023-06-29T11:24:00+02:00",NA,"Fratercula arctica","0b29a4f1-b776-42ae-a39f-927716bfcf38","Fratercula arctica",2020
"HumanObservation",2023,70.3510968944,31.057041209,"2023-06-23T16:34:00+02:00",NA,"Fratercula arctica","0b6fd893-96f9-4244-971e-2c8b12bd6431","Fratercula arctica",2020
"HumanObservation",2023,64.7351503367,-23.7750942582,"2023-07-19T12:27:00+00:00",NA,"Rissa tridactyla","0b7d956f-2dc8-4d43-931c-847597dca051","Rissa tridactyla",2020
"HumanObservation",2023,69.7611610333,18.8010818964,"2023-07-13T15:38:00+02:00",NA,"Rissa tridactyla","0c1da13d-22cb-4b95-8a03-e545acf92126","Rissa tridactyla",2020
"HumanObservation",2023,63.4019938883,-19.1310977783,"2023-07-23T18:41:00+00:00",NA,"Fratercula arctica","0c7da887-dee0-4ded-a2bd-e1fc9f31c088","Fratercula arctica",2020
"HumanObservation",2023,65.500652897,-24.5300877022,"2023-08-02T14:07:00+00:00",NA,"Fratercula arctica","0cc34277-b38b-46ba-815b-80f27e967338","Fratercula arctica",2020
"HumanObservation",2023,70.2884431976,31.0424851156,"2023-06-23T15:45:00+02:00",NA,"Rissa tridactyla","0ccd0747-b031-41d6-a85c-05ecb1c3e132","Rissa tridactyla",2020
"HumanObservation",2023,70.2037058946,31.0056392495,"2023-03-24T13:41:00+01:00",NA,"Rissa tridactyla","0d7cd9e1-63c7-4cf1-a119-7dcf8865e0fc","Rissa tridactyla",2020
"HumanObservation",2023,70.2769164126,31.039671848,"2023-06-23T17:29:43+02:00",NA,"Rissa tridactyla","0d9b3e62-ce4c-4f6c-a6d7-24f17056d96f","Rissa tridactyla",2020
"HumanObservation",2023,71.1227063026,25.2107410264,"2023-07-28T11:52:02+02:00",NA,"Fratercula arctica","0d9b6fab-051e-4f7a-8744-bc9eca332773","Fratercula arctica",2020
"HumanObservation",2023,70.3646521389,31.0530852542,"2023-06-23T15:06:00+02:00",NA,"Fratercula arctica","0daed8ab-baa8-4044-958f-78edb18d1f05","Fratercula arctica",2020
"HumanObservation",2023,63.6159383333,-19.9888783333,"2023-09-03T13:57:58+00:00",NA,"Fratercula arctica","0ddf8698-672f-44ae-a378-599234f75ee4","Fratercula arctica",2020
"HumanObservation",2023,78.184883,12.193451,"2023-06-06T23:20","1","Balaenoptera musculus","0e1ba53d-a811-437e-8916-ea082bf3afc0","Balaenoptera musculus",2020
"HumanObservation",2023,70.573985,30.519972,"2023-05-31T12:18:00+02:00",NA,"Balaenoptera physalus","0e2e3f4a-0cdf-45e1-a0d2-2c5a1cf32f80","Balaenoptera physalus",2020
"HumanObservation",2023,63.4449731843,-20.2583875189,"2023-07-24T14:09:00+00:00",NA,"Rissa tridactyla","0e5ae964-c78f-4ae3-a87f-749005727f14","Rissa tridactyla",2020
"HumanObservation",2023,78.085,11.811667,"2023-06-06T21:52:13","1","Balaenoptera musculus","0eea200b-785e-47a7-92e6-3ee44677bf91","Balaenoptera musculus",2020
"HumanObservation",2023,70.1712409427,21.0159698645,"2023-11-30T12:21:54+01:00",NA,"Physeter macrocephalus","0ef184c9-30ed-4b13-8c41-6381a4dd63cc","Physeter macrocephalus",2020
"HumanObservation",2023,78.4716566667,15.9395783333,"2023-05-25T16:32:00+02:00",NA,"Fratercula arctica","0f325020-c25f-4594-b074-c5c50225b0fb","Fratercula arctica",2020
"HumanObservation",2023,77.08015889,15.9680662,"2023-06-23T13:03:00+02:00",NA,"Rissa tridactyla","0f4c7e57-1a3a-491a-91f3-b4119b87c8d0","Rissa tridactyla",2020
"HumanObservation",2023,70.3104683378,31.0691104834,"2023-06-23T17:22:00+02:00",NA,"Rissa tridactyla","0f6a6071-bbd2-4407-9e75-499e64766cf4","Rissa tridactyla",2020
"HumanObservation",2023,69.3621732506,16.1925466811,"2023-07-12T13:51:42+02:00",NA,"Physeter macrocephalus","0f925bfb-fb60-4b1d-a656-118f3989be98","Physeter macrocephalus",2020
"HumanObservation",2023,78.151247,13.540649,"2023-06-17","1","Balaenoptera musculus","0f9f490e-1107-4da9-8f89-d3138697c5a1","Balaenoptera musculus",2020
"HumanObservation",2023,79.7394781629,10.9973341279,"2023-06-26T15:38:00+02:00",NA,"Rissa tridactyla","102b2b7c-8b5e-4fb8-b887-19cf5b398f3c","Rissa tridactyla",2020
"HumanObservation",2023,67.8469771432,13.089602103,"2023-06-13",NA,"Rissa tridactyla","1077dc2d-dbab-4ff9-ab3a-4ac62df8fb6b","Rissa tridactyla",2020
"HumanObservation",2023,65.3761218868,-22.9136349963,"2023-06-29T02:42:00+00:00",NA,"Rissa tridactyla","10a5257d-8565-41c2-a433-8ea93d6579f3","Rissa tridactyla",2020
"HumanObservation",2023,62.3936535761,5.6080935994,"2023-06-17",NA,"Fratercula arctica","10c77bfa-0ba8-4d3c-a87c-46be29fcab82","Fratercula arctica",2020
"HumanObservation",2023,62.1029846108,-7.6603031158,"2023-08-13T13:12:07+01:00",NA,"Fratercula arctica","10ec72da-41df-4753-8046-9bb4e1539f41","Fratercula arctica",2020
"HumanObservation",2023,64.0705324,-22.6512494,"2023-06-15T19:41:00+00:00",NA,"Rissa tridactyla","1110991d-bddc-4dcf-885a-6a12887cf459","Rissa tridactyla",2020
"HumanObservation",2023,67.9342033333,-22.7250016667,"2023-08-16T09:44:00-02:00",NA,"Rissa tridactyla","112261c4-a925-416f-a466-b2142122e860","Rissa tridactyla",2020
"HumanObservation",2023,70.3157800252,31.1359955915,"2023-06-23T17:04:00+02:00",NA,"Fratercula arctica","11540cb1-86d1-44ac-87c6-6d5d0a3a777f","Fratercula arctica",2020
"HumanObservation",2023,79.6093297424,12.6904152703,"2023-09-19T16:15:00+02:00",NA,"Rissa tridactyla","1210aaaf-f1c3-4772-9098-df26faa48a94","Rissa tridactyla",2020
"HumanObservation",2023,66.5376408333,-18.0106761117,"2023-07-20T13:34:00+00:00",NA,"Fratercula arctica","12513e76-f2aa-4d25-8dc9-2abd118a8507","Fratercula arctica",2020
"HumanObservation",2023,70.3974795963,31.1915853692,"2023-06-23T15:36:00+02:00",NA,"Fratercula arctica","129ff8df-9dc3-4d95-9288-40319becfa04","Fratercula arctica",2020
"HumanObservation",2023,59.8543369,-1.2745718,"2023-06-27T08:56:00+01:00",NA,"Fratercula arctica","12a8339e-2b93-4cb5-be7e-e6196997b6c6","Fratercula arctica",2020
"HumanObservation",2023,69.7271435401,18.8931847402,"2023-07-13T15:08:00+02:00",NA,"Rissa tridactyla","12c6aba6-37fd-4dfe-a1d4-93eba7c989f7","Rissa tridactyla",2020
"HumanObservation",2023,66.076667,-17.55,"2023-05-13","1","Balaenoptera musculus","12faea75-7662-4e23-b4e6-45120d056b4e","Balaenoptera musculus",2020
"HumanObservation",2023,70.2492171023,31.1653037865,"2023-06-23T15:22:00+02:00",NA,"Rissa tridactyla","13bb2192-10fc-4c10-9ae6-ddbcb78dd089","Rissa tridactyla",2020
"HumanObservation",2023,78.8818524944,9.8260425219,"2023-07-03T15:13:00+02:00",NA,"Fratercula arctica","13effe23-aca2-4e25-a6f1-e43981de9079","Fratercula arctica",2020
"HumanObservation",2023,70.3362204043,31.0740185385,"2023-06-23T17:26:00+02:00",NA,"Rissa tridactyla","13f459a9-824a-4fae-b388-66fdeb927131","Rissa tridactyla",2020
"HumanObservation",2023,77.0312910672,16.4897820291,"2023-06-14T14:27:00+02:00",NA,"Rissa tridactyla","1475ef00-7dcb-481f-9748-fb16f0639bf0","Rissa tridactyla",2020
"HumanObservation",2023,63.8259179694,-21.6646661343,"2023-06-12T18:01:00+00:00",NA,"Fratercula arctica","14b54828-a989-4c57-88e8-e5407b30de0c","Fratercula arctica",2020
"HumanObservation",2023,69.2014476138,16.2588904484,"2023-05-21T17:27:00+02:00",NA,"Fratercula arctica","14c6fbb2-e48d-4a74-b7a6-a191f415578a","Fratercula arctica",2020
"HumanObservation",2023,64.7677733333,-23.6167163883,"2023-07-13T17:09:00+00:00",NA,"Rissa tridactyla","1537bdd2-7404-48ab-9b87-9e5585c83201","Rissa tridactyla",2020
"HumanObservation",2023,74.7199358,19.3124018,"2023-07-19T02:37:00+01:00",NA,"Rissa tridactyla","1596076c-6287-490d-abc4-6fd6ceb1f592","Rissa tridactyla",2020
"HumanObservation",2023,65.3740423987,-22.9263474834,"2023-06-22T11:49:00+00:00",NA,"Fratercula arctica","15aeb059-ce40-4874-865b-68b00503beb0","Fratercula arctica",2020
"HumanObservation",2023,64.7506844123,-23.6466828326,"2023-07-24T15:55:00+00:00",NA,"Rissa tridactyla","16298838-2fe7-481f-ad50-9c05d27c2915","Rissa tridactyla",2020
"HumanObservation",2023,70.3523021704,31.1411222045,"2023-06-23T15:17:00+02:00",NA,"Rissa tridactyla","1666af1d-da59-4e56-a88d-8859b25b9ac0","Rissa tridactyla",2020
"HumanObservation",2023,79,11.72,"2023-07-17","1","Balaenoptera physalus","16a628be-df3a-4399-be9a-d81eff041f84","Balaenoptera physalus",2020
"HumanObservation",2023,64.1859479235,-21.8957948245,"2023-06-12T11:55:00+00:00",NA,"Fratercula arctica","16d2078c-c75d-4bf2-ad8e-d546cff1a839","Fratercula arctica",2020
"HumanObservation",2023,58.3080054576,-5.0430804587,"2023-05-26T13:27:46+01:00",NA,"Fratercula arctica","1767300f-3932-4a84-8325-80ed06ced79e","Fratercula arctica",2020
"HumanObservation",2023,70.3646852107,31.0892225098,"2023-06-23T15:25:00+02:00",NA,"Fratercula arctica","180336d1-a518-4977-a16a-585e402d759b","Fratercula arctica",2020
"HumanObservation",2023,66.076667,-17.55,"2023-05-13","1","Balaenoptera musculus","1809bb0c-d11d-412b-8bb1-a74f09a97e31","Balaenoptera musculus",2020
"HumanObservation",2023,66.058082,-17.561646,"2023-05-11T15:00","1","Balaenoptera musculus","18a1c9fc-ba16-4ff9-864d-f18ce464f510","Balaenoptera musculus",2020
"HumanObservation",2023,63.4042053223,-19.1032333374,"2023-07-19T14:15:20+00:00",NA,"Fratercula arctica","18ebd5a6-da60-4e5b-8913-1c3565210ff9","Fratercula arctica",2020
"HumanObservation",2023,70.473612843,-9.7070521374,"2023-09-28T16:56:00-01:00",NA,"Rissa tridactyla","19087ad8-7f4f-44c9-9c5b-2f5488e55b44","Rissa tridactyla",2020
"HumanObservation",2023,79.9007,29.6519,"2023-09-11T15:10:00+02:00",NA,"Rissa tridactyla","1975fe68-7907-46c6-90b2-3b6214528a8c","Rissa tridactyla",2020
"HumanObservation",2023,63.4042683333,-19.1032416667,"2023-06-19T05:02:00+00:00",NA,"Fratercula arctica","19bb3655-684c-4a4f-b3f0-8c5c08edc26c","Fratercula arctica",2020
"HumanObservation",2023,70.3187943768,31.1351571654,"2023-06-23T15:10:51+02:00",NA,"Fratercula arctica","1a0d6034-a071-499f-9578-543f3fb90843","Fratercula arctica",2020
"HumanObservation",2023,65.4992978239,-24.510755512,"2023-06-30T07:41:00+00:00",NA,"Rissa tridactyla","1a2dfee4-3071-4163-9bad-4aa85c6ec04e","Rissa tridactyla",2020
"HumanObservation",2023,63.3969343641,-20.2975642711,"2023-07-03T15:24:00+00:00",NA,"Fratercula arctica","1a2e9e24-1c9b-49cf-a36e-a2cac6e07545","Fratercula arctica",2020
"HumanObservation",2023,61.7715682603,-6.804072758,"2023-07-10T16:38:00+01:00",NA,"Fratercula arctica","1a49df6a-9e83-4929-932c-a9fa108af7c9","Fratercula arctica",2020
"HumanObservation",2023,63.4042579173,-19.1033470759,"2023-06-22T11:09:09+00:00",NA,"Fratercula arctica","1a91fc6c-5f6c-4b54-b135-262b22de3adc","Fratercula arctica",2020
"HumanObservation",2023,65.5542926258,-13.756671276,"2023-06-05T16:57:00+00:00",NA,"Rissa tridactyla","1b18cb04-0899-416d-a1da-ba2d86b8f9d2","Rissa tridactyla",2020
"HumanObservation",2023,59.0935917416,-2.534343861,"2023-07-21",NA,"Fratercula arctica","1b21ae53-10ad-4eea-aedb-384cc2d00c38","Fratercula arctica",2020
"HumanObservation",2023,67.9933155693,12.8636814983,"2023-07-18T11:25:00+02:00",NA,"Rissa tridactyla","1b26a864-d0ba-441e-b969-3c690dcec3cc","Rissa tridactyla",2020
"HumanObservation",2023,70.0601386771,30.0312080034,"2023-03-23T10:19:00+01:00",NA,"Rissa tridactyla","1c054dea-21ba-4fd2-ae9a-eb42a9de84ec","Rissa tridactyla",2020
"HumanObservation",2023,70.3488665612,31.1830818122,"2023-06-23T15:27:03+02:00",NA,"Fratercula arctica","1cf749d5-b135-4e36-be62-0b8a3c8a21e6","Fratercula arctica",2020
"HumanObservation",2023,63.4040405549,-19.1302256622,"2023-07-28T11:18:00+00:00",NA,"Fratercula arctica","1cfb9b63-8749-456e-9bed-e5d5d3ea2793","Fratercula arctica",2020
"HumanObservation",2023,71.0833078124,26.0920212332,"2023-05-19T12:49:43+02:00",NA,"Rissa tridactyla","1d1a98f9-294f-42ff-a3c8-f63b99d1ebec","Rissa tridactyla",2020
"HumanObservation",2023,70.243108447,31.0485265031,"2023-06-23T15:25:00+02:00",NA,"Fratercula arctica","1d774255-e7dc-4817-b966-9a2d3cd09037","Fratercula arctica",2020
"HumanObservation",2023,69.2556441096,16.1670382002,"2023-09-11T10:49:00+02:00",NA,"Rissa tridactyla","1d98d379-46b0-4aeb-bc32-11d524a91c9c","Rissa tridactyla",2020
"HumanObservation",2023,65.5421225531,-13.7548249234,"2023-07-23T11:51:00+00:00",NA,"Fratercula arctica","1d9ad29b-4159-4c93-b5cc-76e3284fe55c","Fratercula arctica",2020
"HumanObservation",2023,69.7705611873,18.8942252318,"2023-07-29T15:34:04+02:00",NA,"Rissa tridactyla","1e0ab3bc-fe2c-4b0e-b6a7-8893c64d5784","Rissa tridactyla",2020
"HumanObservation",2023,65.0952138333,-22.7046716667,"2023-08-02T20:55:52+00:00",NA,"Fratercula arctica","1e30f835-d1d9-4476-9ac1-661ec650ff7f","Fratercula arctica",2020
"HumanObservation",2023,63.4047166667,-19.1018471667,"2023-06-15T14:59:50+00:00",NA,"Fratercula arctica","1e96e3a6-381a-495e-8c6d-8da437220ac8","Fratercula arctica",2020
"HumanObservation",2023,65.542569,-13.755936,"2023-08-11T08:30:00+00:00",NA,"Rissa tridactyla","1eb64e8a-06d5-4b33-9d5a-d700d976cc44","Rissa tridactyla",2020
"HumanObservation",2023,70.8830896142,29.1565539054,"2023-07-08T18:13:00+02:00",NA,"Rissa tridactyla","1ebfdec3-65ce-45e9-96e5-b758cc84ae7f","Rissa tridactyla",2020
"HumanObservation",2023,78.2668483179,21.9215812044,"2023-09-21T08:47:00+02:00",NA,"Rissa tridactyla","1ed62aae-c872-4312-a8a6-f743e4121923","Rissa tridactyla",2020
"HumanObservation",2023,58.3828499191,-5.2053256902,"2023-06-26T10:59:17+01:00",NA,"Fratercula arctica","1f520817-e1cc-4f32-a0a0-51e13b112b9d","Fratercula arctica",2020
"HumanObservation",2023,79.0106727009,11.5966738165,"2023-06-25T09:37:00+02:00",NA,"Fratercula arctica","1f7cee38-3c25-40de-93d5-5e0216e9e246","Fratercula arctica",2020
"HumanObservation",2023,70.3557527266,31.0316751057,"2023-06-23T15:03:00+02:00",NA,"Fratercula arctica","1fa8de21-d358-48c4-b920-55a1e4d5db57","Fratercula arctica",2020
"HumanObservation",2023,62.4106244907,5.6310079521,"2023-06-17T07:48:00+02:00",NA,"Fratercula arctica","1fbddaf4-8b0d-4b93-8adb-5cd973738459","Fratercula arctica",2020
"HumanObservation",2023,64.1720045312,-21.9246430323,"2023-06-01T13:14:24+00:00",NA,"Fratercula arctica","1fc96007-c0dc-4887-beeb-fe777e013e0b","Fratercula arctica",2020
"HumanObservation",2023,70.2599161364,31.0366236389,"2023-06-23T16:39:00+02:00",NA,"Fratercula arctica","20afce89-7f6e-4706-bf9e-14334eb1269d","Fratercula arctica",2020
"HumanObservation",2023,64.7679027776,-23.6167672277,"2023-06-02T13:17:43+00:00",NA,"Rissa tridactyla","20e38511-aa39-4a6a-abea-4e98fdb2b9a1","Rissa tridactyla",2020
"HumanObservation",2023,77.0767930017,16.0332984674,"2023-07-08T11:57:00+02:00",NA,"Rissa tridactyla","21186291-4054-4eb0-bb24-13b14218ba64","Rissa tridactyla",2020
"HumanObservation",2023,59.8537802026,-1.2755630538,"2023-06-17T14:32:07+01:00",NA,"Fratercula arctica","21431c04-d4af-4326-a67c-31a40d958cb1","Fratercula arctica",2020
"HumanObservation",2023,63.393694,-19.697113,"2023-08-25T12:23:32","1","Balaenoptera musculus","2155de41-a9c0-482a-a947-90fcff299c62","Balaenoptera musculus",2020
"HumanObservation",2023,70.2825924842,31.152493211,"2023-06-23T15:09:00+02:00",NA,"Fratercula arctica","21631346-d6f4-4ccd-b5ed-f370c9f5987e","Fratercula arctica",2020
"HumanObservation",2023,65.5023261117,-24.5311747217,"2023-07-16T15:28:00+00:00",NA,"Fratercula arctica","2187cde3-e9d5-4f8d-8cc6-9af3686808ab","Fratercula arctica",2020
"HumanObservation",2023,66.351065044,12.3141218247,"2023-04-30T20:16:00+02:00",NA,"Fratercula arctica","21b30476-d2c7-493c-9881-cd7747156375","Fratercula arctica",2020
"HumanObservation",2023,63.4027408997,-19.1310311997,"2023-06-26T09:32:02+00:00",NA,"Fratercula arctica","21d58982-14ab-48fb-984b-7660ee98def9","Fratercula arctica",2020
"HumanObservation",2023,70.3346528598,31.0793328742,"2023-06-23T17:26:00+02:00",NA,"Rissa tridactyla","21de1bb8-deee-49a9-9cfd-2e3f15a1c747","Rissa tridactyla",2020
"HumanObservation",2023,70.96891561,-8.68291064,"2023-06-26T14:28:00+02:00",NA,"Rissa tridactyla","21f69b92-b815-4bb5-bd65-8cb1ea1ff882","Rissa tridactyla",2020
"HumanObservation",2023,59.1378109227,-3.3306199685,"2023-07-13T14:30:25+01:00",NA,"Fratercula arctica","228de70d-f5bd-4700-9816-2ce2adb5cbec","Fratercula arctica",2020
"HumanObservation",2023,63.4111783333,-19.0221416667,"2023-08-09T13:55:50+00:00",NA,"Fratercula arctica","228f1ac2-0127-42d4-a03e-8c682e5a1ee9","Fratercula arctica",2020
"HumanObservation",2023,58.3874951457,-5.19733376,"2023-07-14T14:56:00+01:00",NA,"Fratercula arctica","229932c6-855d-4cb2-a1c4-b84459ee9f61","Fratercula arctica",2020
"HumanObservation",2023,70.3570460039,31.0863986588,"2023-06-04T01:37:00+02:00",NA,"Fratercula arctica","22bebb84-5db8-472b-b8c2-952c312f2a43","Fratercula arctica",2020
"HumanObservation",2023,64.175302852,-21.9647931867,"2023-06-01T13:36:10+00:00",NA,"Fratercula arctica","22e47d4c-2605-4ed6-8add-bea365ae58eb","Fratercula arctica",2020
"HumanObservation",2023,63.8807454623,-22.739565238,"2023-05-14T15:51:00+00:00",NA,"Rissa tridactyla","22fda782-b14a-4d02-b6bf-c80db8f46e9c","Rissa tridactyla",2020
"HumanObservation",2023,77.5129196453,23.7161182905,"2023-06-17T22:20:00+02:00",NA,"Balaenoptera physalus","2300f90a-c749-4fc5-9540-acbf55d4fc2a","Balaenoptera physalus",2020
"HumanObservation",2023,69.2439243303,15.9551630176,"2023-08-11T16:39:09+02:00",NA,"Fratercula arctica","23212901-5ee6-4559-ae1b-2f6ae773573a","Fratercula arctica",2020
"HumanObservation",2023,79.7215383333,10.8926933333,"2023-08-02T09:00:00+02:00",NA,"Rissa tridactyla","23459f49-b238-4065-b41e-44624bd7517a","Rissa tridactyla",2020
"HumanObservation",2023,63.4030236048,-19.0368483961,"2023-08-10T19:59:30+00:00",NA,"Fratercula arctica","2395154e-67bd-4ab8-ba13-0f4796902d26","Fratercula arctica",2020
"HumanObservation",2023,65.496584445,-24.5150441667,"2023-07-16T14:32:00+00:00",NA,"Fratercula arctica","24519d86-b2e4-4251-b3dc-e8b1d3c99126","Fratercula arctica",2020
"HumanObservation",2023,71.0929339041,25.3841562452,"2023-07-14T12:38:00+02:00",NA,"Fratercula arctica","246903a6-e6e9-4fee-ad07-de38fcd18183","Fratercula arctica",2020
"HumanObservation",2023,64.1500638542,-21.9528357322,"2023-05-30T19:51:00+00:00",NA,"Fratercula arctica","24baea47-ceab-4205-94f6-8bbcba2a441e","Fratercula arctica",2020
"HumanObservation",2023,70.3451560292,31.095847841,"2023-06-23T17:28:00+02:00",NA,"Rissa tridactyla","24dc0450-0602-4326-b962-a43e7489f55d","Rissa tridactyla",2020
"HumanObservation",2023,80.7528782082,20.5287572833,"2023-07-30T11:32:00+02:00",NA,"Fratercula arctica","24df6f80-d6b9-4ddb-ad91-a277d5c4afcf","Fratercula arctica",2020
"HumanObservation",2023,71.0879515136,25.3421638641,"2023-07-14T12:26:00+02:00",NA,"Fratercula arctica","250dc46a-db0a-47d6-a034-413376a623f7","Fratercula arctica",2020
"HumanObservation",2023,57.1580245,9.0234381997,"2023-07-21T21:28:45+02:00",NA,"Rissa tridactyla","254fe331-e6d9-4b60-869c-32bb15290ec4","Rissa tridactyla",2020
"HumanObservation",2023,79.1862058022,11.1062781753,"2023-07-31T18:55:00+02:00",NA,"Fratercula arctica","2554343e-1a4f-482a-8c03-ae7e5d01c358","Fratercula arctica",2020
"HumanObservation",2023,64.1724289489,-21.9245684333,"2023-06-01T13:18:19+00:00",NA,"Fratercula arctica","25a0ed3e-ab6e-4432-a9ac-46d7f0095fde","Fratercula arctica",2020
"HumanObservation",2023,77.0049116667,15.810695,"2023-08-09T07:15:00+02:00",NA,"Fratercula arctica","260fb8a6-4fdb-4763-88d5-6d4ff619bb7c","Fratercula arctica",2020
"HumanObservation",2023,64.1742119892,-21.9642174337,"2023-06-01T13:32:56+00:00",NA,"Fratercula arctica","2623c1dd-5396-4f1d-b6de-babcce496681","Fratercula arctica",2020
"HumanObservation",2023,70.3963812786,31.083972839,"2023-06-23T16:12:00+02:00",NA,"Fratercula arctica","266911bc-56e9-4668-81e7-e40227da7848","Fratercula arctica",2020
"HumanObservation",2023,78.275969,10.019531,"2023-06-20T22:01:13","1","Balaenoptera musculus","26de3430-e168-4b49-9d15-0af2dc078de5","Balaenoptera musculus",2020
"HumanObservation",2023,66.1796,-17.0109,"2023-06-18T13:08:03+00:00",NA,"Fratercula arctica","26fab7b3-85ba-4f69-80d8-95b88a9f6627","Fratercula arctica",2020
"HumanObservation",2023,65.541336,-13.754581,"2023-07-01T05:25:00+00:00",NA,"Rissa tridactyla tridactyla","27046f37-142c-4abb-a288-2fb44d66c6e8","Rissa tridactyla",2020
"HumanObservation",2023,78.3640632194,16.1251438786,"2023-06-02T15:19:00+02:00",NA,"Fratercula arctica","272b36cc-b0cd-4dad-b959-fe92b8570da4","Fratercula arctica",2020
"HumanObservation",2023,70.3211935641,31.0107305165,"2023-06-23T16:34:00+02:00",NA,"Fratercula arctica","276923b9-8341-40b0-bebc-79501bfd9fad","Fratercula arctica",2020
"HumanObservation",2023,65.5002455556,-24.5264616667,"2023-08-16T14:27:00+00:00",NA,"Rissa tridactyla","27ed0cf5-42c8-47d1-ab28-34a82f9de19b","Rissa tridactyla",2020
"HumanObservation",2023,70.2147339068,31.118619278,"2023-06-23T15:16:00+02:00",NA,"Fratercula arctica","2801a9d1-f858-4a88-80fb-d74f91d2f4d0","Fratercula arctica",2020
"HumanObservation",2023,70.3102349237,31.1723880959,"2023-06-29T12:28:00+02:00",NA,"Fratercula arctica","280db6c4-81e9-4c91-bf0a-a790949b13bc","Fratercula arctica",2020
"HumanObservation",2023,69.9225739722,31.9849269722,"2023-08-14T12:56:46+03:00",NA,"Rissa tridactyla","281bad65-d5cc-425c-9c63-b7db9aac75a4","Rissa tridactyla",2020
"HumanObservation",2023,70.2077755794,31.0933793543,"2023-06-23T17:26:00+02:00",NA,"Rissa tridactyla","2826d797-8d03-4dc7-a666-6869919f86e1","Rissa tridactyla",2020
"HumanObservation",2023,71.0376606562,25.2946843948,"2023-07-28T18:19:45+02:00",NA,"Fratercula arctica","28939b3c-941e-4d9c-8c57-63f097dea67f","Fratercula arctica",2020
"HumanObservation",2023,70.2755963365,31.1590400235,"2023-06-23T16:45:00+02:00",NA,"Fratercula arctica","28c031cb-1f80-46f7-9074-6c74d079ea69","Fratercula arctica",2020
"HumanObservation",2023,71.1318911806,25.3861006309,"2023-07-14T12:50:00+02:00",NA,"Fratercula arctica","2916b8ee-66f9-4a7c-a4fe-2c59d3cbedbc","Fratercula arctica",2020
"HumanObservation",2023,66.5446575986,-18.0151560692,"2023-05-26T11:10:00+00:00",NA,"Rissa tridactyla","29211e4f-b1cb-488e-8fe1-e03bf6d3dc53","Rissa tridactyla",2020
"HumanObservation",2023,66.115159493,-17.3680421495,"2023-06-04T11:01:40+00:00",NA,"Fratercula arctica","29e329de-1642-4906-a0bc-24df01eddadf","Fratercula arctica",2020
"HumanObservation",2023,66.058082,-17.561646,"2023-05-11T15:00","1","Balaenoptera musculus","2a229f68-b230-4249-a537-6d17df8f1ef8","Balaenoptera musculus",2020
"HumanObservation",2023,71.161981143,25.2935508559,"2023-07-14T12:38:00+02:00",NA,"Fratercula arctica","2a81997b-d0d6-471b-a962-1eb29fbc0383","Fratercula arctica",2020
"HumanObservation",2023,59.8562584979,-1.2729751086,"2023-07-05T10:54:58+01:00",NA,"Fratercula arctica","2a949b03-f939-4f7e-9774-fdf3ea1fe1a5","Fratercula arctica",2020
"HumanObservation",2023,70.9685615752,25.2902856982,"2023-07-17T09:52:00+02:00",NA,"Fratercula arctica","2b3f6b37-2447-483c-b9fd-99d67f377dae","Fratercula arctica",2020
"HumanObservation",2023,78.15,21.53,"2023-07-07T09:56:00+02:00",NA,"Rissa tridactyla","2c3063b0-e29e-41f8-a857-eb94de8518cc","Rissa tridactyla",2020
"HumanObservation",2023,79.3631126181,20.75753254,"2023-07-06T09:35:00+02:00",NA,"Rissa tridactyla","2c6f603a-4715-40c0-be70-ec233cc96136","Rissa tridactyla",2020
"HumanObservation",2023,70.3452464958,31.0789438809,"2023-06-23T17:28:00+02:00",NA,"Rissa tridactyla","2c9427af-496a-496c-ac12-6ff59d87c9eb","Rissa tridactyla",2020
"HumanObservation",2023,70.3843665415,31.1292773728,"2023-06-23T17:01:00+02:00",NA,"Fratercula arctica","2cb88a13-5c58-4066-bf9b-edff492a0878","Fratercula arctica",2020
"HumanObservation",2023,65.5010329914,-24.5283722608,"2023-06-30",NA,"Fratercula arctica","2cca35fd-52b9-48fb-bb76-7bf411f84d7c","Fratercula arctica",2020
"HumanObservation",2023,70.2706386545,31.0296303213,"2023-06-23T15:35:00+02:00",NA,"Fratercula arctica","2cedf0fb-47a7-454a-b3d4-0c764bdac900","Fratercula arctica",2020
"HumanObservation",2023,68.9347300925,15.0732431809,"2023-08-11T12:30:26+02:00",NA,"Rissa tridactyla","2cf08118-eac0-4c01-a585-d1207e0f93f3","Rissa tridactyla",2020
"HumanObservation",2023,70.2679325749,31.0064500954,"2023-06-23T15:29:00+02:00",NA,"Fratercula arctica","2d04979e-ceb4-4c68-95d1-886ce91decb1","Fratercula arctica",2020
"HumanObservation",2023,79.6535168135,12.902500145,"2023-09-09T15:52:00+02:00",NA,"Rissa tridactyla","2d4c8d91-a487-4a70-ba71-8ced9c34ee09","Rissa tridactyla",2020
"HumanObservation",2023,70.3591229635,31.0792866043,"2023-07-10T09:56:00+02:00",NA,"Fratercula arctica","2e292c66-8069-4f5d-947e-4bccb3fd7a3c","Fratercula arctica",2020
"HumanObservation",2023,63.4046966667,-19.1019278333,"2023-08-17T16:43:04+00:00",NA,"Fratercula arctica","2e2bf9fa-82c7-4ac6-a699-374ebadd6f8d","Fratercula arctica",2020
"HumanObservation",2023,66.0535244806,-22.8295140713,"2023-07-24T13:17:57+00:00",NA,"Fratercula arctica","2e395ca2-2cd6-4d64-a85c-58cbe1e1e6cb","Fratercula arctica",2020
"HumanObservation",2023,57.1573971667,9.0234,"2023-05-20T19:37:52+02:00",NA,"Rissa tridactyla","2e420ec2-d2ba-43a1-bff8-cc32545efc58","Rissa tridactyla",2020
"HumanObservation",2023,69.8140832315,23.1222797443,"2023-06-09",NA,"Rissa tridactyla","2e56d90c-1e66-45c5-9756-8b1fa6d18411","Rissa tridactyla",2020
"HumanObservation",2023,62.1635762058,-7.2231053128,"2023-05-29T09:32:54+01:00",NA,"Fratercula arctica","2ecf777a-7c76-489d-9d1f-30e09da5f105","Fratercula arctica",2020
"HumanObservation",2023,70.2574993781,31.1431199036,"2023-03-24T12:25:00+01:00",NA,"Fratercula arctica","2f127baa-6bff-4f3c-96ce-8db97103307c","Fratercula arctica",2020
"HumanObservation",2023,69.2988008484,15.972276316,"2023-08-09T18:41:47+02:00",NA,"Fratercula arctica","2f85b5c5-d27c-4e41-9683-f47265498fed","Fratercula arctica",2020
"HumanObservation",2023,70.287912632,31.0853595697,"2023-06-23T14:52:00+02:00",NA,"Rissa tridactyla","303b54a0-1d50-4348-b326-8ea8ff35ff24","Rissa tridactyla",2020
"HumanObservation",2023,63.3969343641,-20.2975642711,"2023-07-03T15:18:00+00:00",NA,"Fratercula arctica","305c345b-9b4e-43e5-b85e-0bc7553bdb58","Fratercula arctica",2020
"HumanObservation",2023,63.404745,-20.28516,"2023-06-13T11:01:00+00:00",NA,"Rissa tridactyla","308bc5de-47db-4835-8497-d89c1548b37c","Rissa tridactyla",2020
"HumanObservation",2023,79.5151636325,19.2432256043,"2023-09-20T14:52:56+02:00",NA,"Rissa tridactyla","3112e63c-b73a-42b3-9166-d44813796dac","Rissa tridactyla",2020
"HumanObservation",2023,70.216644168,31.1116259763,"2023-06-23T17:40:00+02:00",NA,"Rissa tridactyla","318825fa-d422-412c-b858-728a3dd2cbfa","Rissa tridactyla",2020
"HumanObservation",2023,64.0821642708,-22.6886244739,"2023-07-17T08:13:00+00:00",NA,"Rissa tridactyla","31d54647-9fa7-4b2a-a08a-6a73c9169612","Rissa tridactyla",2020
"HumanObservation",2023,63.4069552783,-20.2694397217,"2023-07-24T20:46:00+00:00",NA,"Rissa tridactyla","320676d0-21d3-472c-8ed6-6fd65dc5da1e","Rissa tridactyla",2020
"HumanObservation",2023,65.502340613,-24.5316578477,"2023-06-01T11:28:00+00:00",NA,"Fratercula arctica","320912f0-2eb6-4be4-af47-27010d3183d5","Fratercula arctica",2020
"HumanObservation",2023,65.5000216688,-24.5269292599,"2023-06-21T11:54:00+00:00",NA,"Rissa tridactyla","323f5620-9928-4b5f-9f93-9bf3c2b30c47","Rissa tridactyla",2020
"HumanObservation",2023,62.1026057668,-7.6613796875,"2023-06-11T14:10:00+01:00",NA,"Fratercula arctica","32517cda-5b71-4f7d-a08b-aa37b74fcdd4","Fratercula arctica",2020
"HumanObservation",2023,79.633826917,27.7693501836,"2023-09-11T18:35:00+02:00",NA,"Balaenoptera physalus","32571eb2-24ce-466f-8359-c7d892aac79c","Balaenoptera physalus",2020
"HumanObservation",2023,77.7742052606,13.6560512502,"2023-06-21T20:14:00+02:00",NA,"Fratercula arctica","325b02bc-a675-4a3f-9227-dd09eb287acd","Fratercula arctica",2020
"HumanObservation",2023,70.2180938465,31.1954202663,"2023-06-23T15:25:00+02:00",NA,"Fratercula arctica","32a99603-0af5-4167-a9b3-9805f7153509","Fratercula arctica",2020
"HumanObservation",2023,64.0825402664,-22.6946661348,"2023-07-17T07:15:00+00:00",NA,"Fratercula arctica","32c2f028-b2df-46ed-bbb8-3ac48a8917ac","Fratercula arctica",2020
"HumanObservation",2023,70.3829891257,31.0421009191,"2023-06-23T17:26:00+02:00",NA,"Rissa tridactyla","3306b570-3218-4f39-98a5-79523a543cac","Rissa tridactyla",2020
"HumanObservation",2023,70.1447516154,28.9443473684,"2023-07-15T16:02:29+02:00",NA,"Rissa tridactyla","3317e8de-a7e6-475e-966f-214ad2d5e04d","Rissa tridactyla",2020
"HumanObservation",2023,58.9684,-2.7247,"2023-06-07T13:26:03",NA,"Balaenoptera physalus","336dc2d4-6494-4419-88a8-7bfb1d2f684f","Balaenoptera physalus",2020
"HumanObservation",2023,64.7353973,-23.775135,"2023-07-07T09:31:00+00:00",NA,"Rissa tridactyla","33756572-3abf-429d-810f-8064a8a22580","Rissa tridactyla",2020
"HumanObservation",2023,64.9336987189,-23.5104824562,"2023-05-28T12:02:00+00:00",NA,"Rissa tridactyla","344ea27e-8d9c-48f3-861d-cf157c5344cc","Rissa tridactyla",2020
"HumanObservation",2023,64.1720867996,-21.9673045725,"2023-06-01T13:43:49+00:00",NA,"Fratercula arctica","3497cbdd-cb98-4053-9680-237085267c32","Fratercula arctica",2020
"HumanObservation",2023,63.4018466667,-19.1226945,"2023-07-06T03:17:13+00:00",NA,"Fratercula arctica","34e6fb1a-cf4d-496e-a64a-c34c14bdfee1","Fratercula arctica",2020
"HumanObservation",2023,63.40353,-20.287345,"2023-06-26T15:11:56+00:00",NA,"Fratercula arctica","34e78be7-1529-4362-a33c-e330accc186f","Fratercula arctica",2020
"HumanObservation",2023,67.9548748493,12.9470719721,"2023-07-03T15:47:43+02:00",NA,"Rissa tridactyla","35aa8f2f-1a10-421e-8090-99d0b80e71a4","Rissa tridactyla",2020
"HumanObservation",2023,70.2334917621,31.1287260462,"2023-06-23T16:47:00+02:00",NA,"Rissa tridactyla","360a9712-79cf-48c8-9833-2ca2ce6ac2a2","Rissa tridactyla",2020
"HumanObservation",2023,64.895504814,-23.702979196,"2023-05-30T19:51:00+00:00",NA,"Rissa tridactyla","36260fe6-0773-4c69-9fc3-3244edfdd851","Rissa tridactyla",2020
"HumanObservation",2023,66.534895555,-18.0016413883,"2023-07-20T14:41:00+00:00",NA,"Fratercula arctica","3649be45-6da7-474e-92b6-29fec9dd71bd","Fratercula arctica",2020
"HumanObservation",2023,63.4290268943,-20.2800484858,"2023-07-24T21:56:00+00:00",NA,"Fratercula arctica","36b2ba41-8e36-4baa-9af3-491c2c01ec1a","Fratercula arctica",2020
"HumanObservation",2023,77.0224114728,15.8917146557,"2023-06-22T14:36:00+02:00",NA,"Rissa tridactyla","3764a3fb-ceb4-4af0-8b2c-c27ef581776b","Rissa tridactyla",2020
"HumanObservation",2023,78.252506,14.743652,"2023-08-17T18:21:47","1","Balaenoptera physalus","381e2f13-9780-41fe-9e6a-aee3e42293e2","Balaenoptera physalus",2020
"HumanObservation",2023,70.3411366506,31.0671207229,"2023-06-23T16:40:00+02:00",NA,"Fratercula arctica","382004b4-79c8-43f4-b748-2fa68285c662","Fratercula arctica",2020
"HumanObservation",2023,70.214252564,31.0469218471,"2023-06-23T16:54:00+02:00",NA,"Fratercula arctica","3829ff05-da26-479a-99b3-d871af0b6545","Fratercula arctica",2020
"HumanObservation",2023,69.7202994004,30.7966769925,"2023-06-22T13:00:05+02:00",NA,"Rissa tridactyla","38418625-a850-4092-b382-62ba0d4abf92","Rissa tridactyla",2020
"HumanObservation",2023,78.122438,13.291009,"2023-07-13T15:05:00+02:00",NA,"Rissa tridactyla","38d111de-593d-4cd4-a4ed-8189d2797465","Rissa tridactyla",2020
"HumanObservation",2023,61.773371,-6.804691,"2023-07-10T20:05:23+01:00",NA,"Fratercula arctica","38f5ceab-5b65-46c3-94f0-cf23b1335940","Fratercula arctica",2020
"HumanObservation",2023,79.529635029,12.435771214,"2023-09-09T11:59:00+02:00",NA,"Rissa tridactyla","3901dbf0-04fd-4b5e-a49d-ff29b5b13801","Rissa tridactyla",2020
"HumanObservation",2023,78.085,11.811667,"2023-06-06T22:00:24","1","Balaenoptera musculus","39581ae6-ec8e-4aff-ac1e-07d8b94d4ec8","Balaenoptera musculus",2020
"HumanObservation",2023,62.1024755,-7.66083331,"2023-05-17T12:36:32+01:00",NA,"Fratercula arctica","39640ebc-856a-47b2-bb86-964bbc761d32","Fratercula arctica",2020
"HumanObservation",2023,64.7677192139,-23.6164738611,"2023-06-02T13:24:15+00:00",NA,"Rissa tridactyla","3997ed48-469b-42d5-8573-7e0a2f779e21","Rissa tridactyla",2020
"HumanObservation",2023,78.2667171042,21.9200848138,"2023-09-12T10:38:00+02:00",NA,"Rissa tridactyla","39e4086a-cf18-4c8f-b86d-29183d19f25a","Rissa tridactyla",2020
"HumanObservation",2023,70.2179568958,31.0577961827,"2023-06-23T17:39:00+02:00",NA,"Rissa tridactyla","3a50502b-4160-433c-970a-02b582721ff6","Rissa tridactyla",2020
"HumanObservation",2023,77.55303846,15.0649732563,"2023-06-21T08:46:00+02:00",NA,"Rissa tridactyla","3a5d09d4-aa47-4796-842f-b1c6c3ab86aa","Rissa tridactyla",2020
"HumanObservation",2023,65.5420700764,-13.7545316944,"2023-06-05T16:43:00+00:00",NA,"Fratercula arctica","3ad6eba9-29b8-402a-a14e-a6e9fd5f4e6d","Fratercula arctica",2020
"HumanObservation",2023,70.3713412926,31.0430980233,"2023-06-23T16:35:00+02:00",NA,"Fratercula arctica","3ae734e2-bfe9-48f5-99f5-3a35b3a44646","Fratercula arctica",2020
"HumanObservation",2023,64.0902424974,-21.9300654174,"2023-07-03T16:41:00+00:00",NA,"Fratercula arctica","3b1d160b-ef38-40dc-9ada-1f8b90da9452","Fratercula arctica",2020
"HumanObservation",2023,65.5428486472,-13.7588341813,"2023-06-04T09:28:00+00:00",NA,"Fratercula arctica","3ba4b7e1-e057-4afb-babe-89afd6a36b81","Fratercula arctica",2020
"HumanObservation",2023,66.0527361402,-22.8321939334,"2023-08-19",NA,"Fratercula arctica","3bf5a93f-745a-4b95-97f9-0b3e2ae44abe","Fratercula arctica",2020
"HumanObservation",2023,70.361942315,31.1046040806,"2023-06-23T15:25:00+02:00",NA,"Fratercula arctica","3c8e88b1-1d44-40e5-8dae-3d6d6414c6b7","Fratercula arctica",2020
"HumanObservation",2023,70.3356875128,31.1519177947,"2023-06-23T15:07:00+02:00",NA,"Fratercula arctica","3c9af811-6b9c-4c48-8a59-82f9dd74b68f","Fratercula arctica",2020
"HumanObservation",2023,63.4995591303,-20.1493648591,"2023-07-24T12:01:00+00:00",NA,"Fratercula arctica","3cc196b3-c467-4405-9e03-5438465ca4b7","Fratercula arctica",2020
"HumanObservation",2023,64.5778595686,-14.8087170373,"2023-09-13T17:30:00+00:00",NA,"Fratercula arctica","3cf67f3b-7569-4f2e-9c19-d3d8f723a476","Fratercula arctica",2020
"HumanObservation",2023,66.076667,-17.55,"2023-03-04","1","Balaenoptera musculus","3cfd6a36-84ce-407f-827e-7d41afaa3b89","Balaenoptera musculus",2020
"HumanObservation",2023,66.1145076382,-17.3678318201,"2023-05-13T11:45:44+00:00",NA,"Fratercula arctica","3d54c8f8-2bb6-4515-b01c-f0b87f7f09bd","Fratercula arctica",2020
"HumanObservation",2023,70.3309420455,31.0229517753,"2023-06-23T16:20:00+02:00",NA,"Fratercula arctica","3dc4df01-8167-427b-b617-ddd50bc65472","Fratercula arctica",2020
"HumanObservation",2023,79.5467645068,10.9635141142,"2023-06-18T09:58:00+02:00",NA,"Rissa tridactyla","3e06d9d3-6cb7-480a-969b-6d91cde2414c","Rissa tridactyla",2020
"HumanObservation",2023,70.2572162858,31.0214638382,"2023-06-23T16:51:00+02:00",NA,"Fratercula arctica","3e69cb7e-c159-4189-a68b-db647531daa2","Fratercula arctica",2020
"HumanObservation",2023,66.5389469398,-18.0132410095,"2023-07-20T13:17:00+00:00",NA,"Fratercula arctica","3e7062c0-23c1-4440-97d5-4fb8c6b04f0b","Fratercula arctica",2020
"HumanObservation",2023,66.0475611667,-22.8270916667,"2023-07-23T11:08:52+00:00",NA,"Fratercula arctica","3e9c1626-afab-4752-8105-bd155af666d6","Fratercula arctica",2020
"HumanObservation",2023,79.1212197222,11.8952380556,"2023-06-23T14:34:00+02:00",NA,"Rissa tridactyla","3ef2f891-23d9-4474-9a3e-b7cd856ed46d","Rissa tridactyla",2020
"HumanObservation",2023,65.5018133333,-24.5304866667,"2023-06-26T21:32:44+00:00",NA,"Fratercula arctica","3f7c6786-ea33-4805-8c21-1400609735b3","Fratercula arctica",2020
"HumanObservation",2023,79.3125916667,11.6363033333,"2023-07-13T14:14:10+02:00",NA,"Rissa tridactyla","3f8960ec-9878-45c0-89ee-b919cc4b234a","Rissa tridactyla",2020
"HumanObservation",2023,69.7013794253,18.8168364236,"2023-07-29T11:29:10+02:00",NA,"Rissa tridactyla","3fa21837-ce48-4041-a828-811f667191d5","Rissa tridactyla",2020
"HumanObservation",2023,67.9682467355,13.0389285872,"2023-07-30T14:37:29+02:00",NA,"Rissa tridactyla","3fa44d79-cb00-4f02-9b8f-090c6834033a","Rissa tridactyla",2020
"HumanObservation",2023,70.3484825273,31.0312280712,"2023-06-23T16:57:00+02:00",NA,"Rissa tridactyla","40196589-2661-4fe7-96a5-9af597e68cc8","Rissa tridactyla",2020
"HumanObservation",2023,65.2355552266,-22.8991670675,"2023-06-28T07:47:00+00:00",NA,"Rissa tridactyla","4061a541-c274-4c3a-b09c-eb26d9943fa8","Rissa tridactyla",2020
"HumanObservation",2023,63.4256187971,-19.1828657478,"2023-06-01T06:23:00+00:00",NA,"Fratercula arctica","40697a99-715e-40f7-8e9a-22cbddbef6c5","Fratercula arctica",2020
"HumanObservation",2023,80.104321553,31.1441032821,"2023-09-11T07:37:00+02:00",NA,"Rissa tridactyla","407131d9-663f-4d07-9edf-0c8e77911460","Rissa tridactyla",2020
"HumanObservation",2023,79.1182828666,11.8909650746,"2023-06-01T15:36:00+02:00",NA,"Fratercula arctica","40a959ec-9aa8-4f44-a1ba-48d55b65f7fa","Fratercula arctica",2020
"HumanObservation",2023,66.1361665992,-22.8383848071,"2023-08-11T13:33:00+00:00",NA,"Fratercula arctica","40b9229f-f454-4c28-b040-2991dfcdfcf1","Fratercula arctica",2020
"HumanObservation",2023,64.0845596244,-22.6901419462,"2023-07-17T07:54:00+00:00",NA,"Rissa tridactyla","40d21012-861b-4f3b-bc26-ac94a27679c8","Rissa tridactyla",2020
"HumanObservation",2023,76.7623498134,-6.5454234541,"2023-08-24T09:36:00+00:00",NA,"Balaenoptera physalus","40f91cab-7de4-456f-9068-5b4a42310917","Balaenoptera physalus",2020
"HumanObservation",2023,78.147691,13.331174,"2023-08-04T22:37:29","1","Balaenoptera musculus","41024e19-6d8b-44ff-b69c-d2cd12e6d718","Balaenoptera musculus",2020
"HumanObservation",2023,63.8270490762,-22.2126965225,"2023-06-11T15:53:46+00:00",NA,"Fratercula arctica","4174d7c0-aed5-47ca-8203-1dcc4c8e3ddd","Fratercula arctica",2020
"HumanObservation",2023,66.5634155273,-18.0180644989,"2023-06-18T13:37:33+00:00",NA,"Fratercula arctica","417fb599-720a-495e-9721-b7127bc97c6e","Fratercula arctica",2020
"HumanObservation",2023,70.389607,31.166621,"2023-05-10T10:29:09","1","Balaenoptera physalus","41aadab1-02a5-4598-9cfc-51c97a37a824","Balaenoptera physalus",2020
"HumanObservation",2023,66.548875,-18.0247666667,"2023-05-26T11:48:51+00:00",NA,"Fratercula arctica","41caae22-08a2-45e8-a236-a5a79cbe90b5","Fratercula arctica",2020
"HumanObservation",2023,79.8557280208,11.6543993774,"2023-07-04T16:42:00+02:00",NA,"Rissa tridactyla","421877be-ccbe-43be-8bf2-f5fba1b25983","Rissa tridactyla",2020
"HumanObservation",2023,63.40258,-19.1309971667,"2023-08-09T13:04:10+00:00",NA,"Fratercula arctica","422315a0-170f-4083-82b7-b99753cd4f50","Fratercula arctica",2020
"HumanObservation",2023,58.867175,-3.4681638889,"2023-09-10T09:27:00+01:00",NA,"Fratercula arctica","422b50ee-4ef2-4475-803f-7ce2c905c5ec","Fratercula arctica",2020
"HumanObservation",2023,66.0474861667,-22.8272633333,"2023-08-04T14:38:22+00:00",NA,"Fratercula arctica","42418e2a-a48e-4aae-8a0b-0a1ef7368103","Fratercula arctica",2020
"HumanObservation",2023,65.5023182632,-24.5313370779,"2023-07-23T16:08:01+00:00",NA,"Fratercula arctica","42720c4a-78fa-4e3e-a114-0b2de7bc7caa","Fratercula arctica",2020
"HumanObservation",2023,62.4067199648,5.4048103937,"2023-07-21T22:04:00+02:00",NA,"Fratercula arctica","4303b5e6-0094-41f3-92b0-6f91a510b9ec","Fratercula arctica",2020
"HumanObservation",2023,78.3200630805,11.1852633615,"2023-06-29T22:09:00+02:00",NA,"Balaenoptera physalus","43b68eed-2f67-4092-a201-38f2161a24d7","Balaenoptera physalus",2020
"HumanObservation",2023,77.5116423325,14.5942713495,"2023-06-13T13:35:00+02:00",NA,"Rissa tridactyla","43ea180a-ea40-4fbf-9c3c-7c0964f16f03","Rissa tridactyla",2020
"HumanObservation",2023,59.1369471667,-3.3394883333,"2023-06-16T13:29:05+01:00",NA,"Fratercula arctica","43ff13ff-48cf-4549-849a-79dce558a249","Fratercula arctica",2020
"HumanObservation",2023,70.3722428084,31.0679278961,"2023-03-24T11:30:00+01:00",NA,"Rissa tridactyla","44072069-5bab-4d83-aa0d-6ce8c14154a0","Rissa tridactyla",2020
"HumanObservation",2023,78.527019933,16.0211159033,"2023-06-15T16:11:00+02:00",NA,"Fratercula arctica","44229d24-b654-46c5-a7d8-cd84e4dbf1bb","Fratercula arctica",2020
"HumanObservation",2023,66.5282372217,-17.992494445,"2023-07-20T14:09:00+00:00",NA,"Fratercula arctica","443c00dc-647e-4160-b94e-c3939cafe699","Fratercula arctica",2020
"HumanObservation",2023,67.8468784377,13.0083921423,"2023-07-18T19:51:00+02:00",NA,"Balaenoptera physalus","4471aa53-8f6a-44d8-8c83-a7e8c1ca05b0","Balaenoptera physalus",2020
"HumanObservation",2023,66.5446575986,-18.0151560692,"2023-05-26T11:28:00+00:00",NA,"Fratercula arctica","447ba3c0-6ef3-468c-bc0d-bd17a523a0c2","Fratercula arctica",2020
"HumanObservation",2023,70.2678107976,31.1599774227,"2023-06-23T16:20:00+02:00",NA,"Fratercula arctica","448d76de-4ac4-40d5-9c60-1ac0bd6e8bf9","Fratercula arctica",2020
"HumanObservation",2023,70.3304568488,31.0011825422,"2023-06-23T16:58:00+02:00",NA,"Fratercula arctica","44c1e133-9f7a-4a51-bb8a-d5471c43328f","Fratercula arctica",2020
"HumanObservation",2023,70.291821301,31.1614109251,"2023-06-23T16:20:00+02:00",NA,"Fratercula arctica","4529a9c5-4d33-48cf-9688-65b360f081af","Fratercula arctica",2020
"HumanObservation",2023,60.4909557962,-1.623900899,"2023-06-26T09:45:00+01:00",NA,"Fratercula arctica","45615ed4-d3b6-4753-b1a8-17a8757e177c","Fratercula arctica",2020
"HumanObservation",2023,70.3417381003,31.059573974,"2023-06-23T16:54:00+02:00",NA,"Fratercula arctica","460b5f86-b73f-48a6-9fa2-aca63409f07a","Fratercula arctica",2020
"HumanObservation",2023,64.0804084743,-22.7296295298,"2023-06-15T17:24:00+00:00",NA,"Rissa tridactyla","460e68e3-94c7-417c-8757-3e9dc0ae699c","Rissa tridactyla",2020
"HumanObservation",2023,78.5246416667,16.0770695,"2023-07-14T17:56:05+02:00",NA,"Fratercula arctica","462fbf7f-c13c-4c0c-9440-29144ab68617","Fratercula arctica",2020
"HumanObservation",2023,78.115,11.435,"2023-06-29T22:25:09","1","Balaenoptera musculus","463795c1-5331-4661-98a7-af62c2277ee6","Balaenoptera musculus",2020
"HumanObservation",2023,66.5520605133,-18.014713861,"2023-08-14T15:23:01+00:00",NA,"Rissa tridactyla","46c18359-da24-4911-9742-464cea94eb31","Rissa tridactyla",2020
"HumanObservation",2023,70.3560376252,31.0592492766,"2023-06-03T12:25:56+02:00",NA,"Rissa tridactyla","46e1eacd-e665-4773-92f6-1b502ae8cd15","Rissa tridactyla",2020
"HumanObservation",2023,70.2723651538,31.197345108,"2023-06-23T15:36:00+02:00",NA,"Fratercula arctica","46f8ede8-0b42-40f2-84e6-848fe2f2c630","Fratercula arctica",2020
"HumanObservation",2023,70.2352265872,31.1765956231,"2023-06-23T15:03:00+02:00",NA,"Fratercula arctica","476510e4-5648-44e0-acfc-3af7aa63b342","Fratercula arctica",2020
"HumanObservation",2023,70.2755012539,31.1367907124,"2023-06-23T14:53:00+02:00",NA,"Rissa tridactyla","47cd6fbf-df62-4db9-80cf-426e12d1d76c","Rissa tridactyla",2020
"HumanObservation",2023,70.2783753757,31.1584118799,"2023-06-23T15:05:00+02:00",NA,"Fratercula arctica","47f41734-1a65-4f86-a5f9-2c1b09095984","Fratercula arctica",2020
"HumanObservation",2023,63.4026175,-19.131128055,"2023-07-23T18:40:00+00:00",NA,"Fratercula arctica","48289e8b-25d3-4918-b54e-a2eb4be4e187","Fratercula arctica",2020
"HumanObservation",2023,64.7716916074,-23.554342631,"2023-07-13T17:02:00+00:00",NA,"Rissa tridactyla","48e4b756-5da0-4dc3-8a13-4d991aa5be83","Rissa tridactyla",2020
"HumanObservation",2023,62.1025778333,-7.6600633333,"2023-07-20T11:38:02+01:00",NA,"Fratercula arctica","48ee6f46-f7f1-400e-b12d-69ce81a1eb29","Fratercula arctica",2020
"HumanObservation",2023,79.5601217502,11.0172959841,"2023-09-08T10:00:00+02:00",NA,"Rissa tridactyla","49175f24-23ab-48de-8430-edc368b4992e","Rissa tridactyla",2020
"HumanObservation",2023,70.3008203007,31.0475827157,"2023-06-23T17:24:00+02:00",NA,"Rissa tridactyla","49252b15-0a9d-4adb-aeaa-043c3d509c33","Rissa tridactyla",2020
"HumanObservation",2023,70.2968363778,31.1634280627,"2023-06-23T16:46:00+02:00",NA,"Fratercula arctica","49357b8b-4d7c-4f56-a9fb-05e7d0826271","Fratercula arctica",2020
"HumanObservation",2023,63.4435133333,-20.2820883333,"2023-06-13T03:57:00+00:00",NA,"Rissa tridactyla","493915b1-2896-408f-a822-6d932e652afe","Rissa tridactyla",2020
"HumanObservation",2023,62.3620342656,-6.7863168584,"2023-07-17T11:59:00+01:00",NA,"Fratercula arctica","49b2151a-6682-431e-8dc7-4a572e8781c8","Fratercula arctica",2020
"HumanObservation",2023,64.7677383333,-23.6168383333,"2023-06-29T13:49:45+00:00",NA,"Rissa tridactyla","49f9c494-c6df-471a-aafe-d57844b80c6d","Rissa tridactyla",2020
"HumanObservation",2023,58.3868215755,-5.1968871542,"2023-06-05T13:46:00+01:00",NA,"Fratercula arctica","4ab35ab3-b4a9-4c85-96f3-aa26e4a8b87c","Fratercula arctica",2020
"HumanObservation",2023,70.3023865941,31.1425903868,"2023-03-24T12:00:00+01:00",NA,"Rissa tridactyla","4bb6f9ba-28fa-4f9e-8fed-b6a3c14e993d","Rissa tridactyla",2020
"HumanObservation",2023,66.075622,-19.253943,"2023-06-10T02:01:00+00:00",NA,"Rissa tridactyla","4bdf8ae2-6a8a-4820-a480-4896540835a0","Rissa tridactyla",2020
"HumanObservation",2023,59.8536713889,-1.2763455556,"2023-06-17T16:42:17+01:00",NA,"Fratercula arctica","4c204dce-ae10-418d-8c7d-abef91847423","Fratercula arctica",2020
"HumanObservation",2023,70.2720919374,31.1910648316,"2023-06-23T15:31:00+02:00",NA,"Fratercula arctica","4c2ab0da-8ec5-466f-9e14-554138725f6e","Fratercula arctica",2020
"HumanObservation",2023,77.0825184292,15.9781602386,"2023-06-22T08:38:00+02:00",NA,"Rissa tridactyla","4c52ca8b-9996-42de-b874-668c61451d65","Rissa tridactyla",2020
"HumanObservation",2023,78.9573518903,11.8921822002,"2023-09-07T08:25:00+02:00",NA,"Rissa tridactyla","4c864ccd-b107-4fee-b1c4-397369b4b2a8","Rissa tridactyla",2020
"HumanObservation",2023,62.3284465395,-6.9419354921,"2023-07-15T15:49:00+01:00",NA,"Fratercula arctica","4ca4c44e-e299-44e4-ba37-4fcdc3e862b7","Fratercula arctica",2020
"HumanObservation",2023,70.3950762591,31.0804117475,"2023-06-23T17:27:00+02:00",NA,"Rissa tridactyla","4d76cbf5-9162-4cd6-931f-33c21cbfdf9f","Rissa tridactyla",2020
"HumanObservation",2023,70.3029713925,31.0559155765,"2023-06-23T17:28:00+02:00",NA,"Rissa tridactyla","4df086aa-bce1-4f20-96c2-58c2a5cc99ff","Rissa tridactyla",2020
"HumanObservation",2023,70.0846261531,30.0740240203,"2023-07-09T13:52:00+02:00",NA,"Rissa tridactyla","4e1fb35c-e45f-4635-9c55-0af63b2a0e4e","Rissa tridactyla",2020
"HumanObservation",2023,67.8875716692,12.9571246452,"2023-03-22T12:10:00+01:00",NA,"Rissa tridactyla","4ea43f1b-bb8c-4d93-881a-64324b2713bb","Rissa tridactyla",2020
"HumanObservation",2023,63.4353916667,-19.0554722222,"2023-07-11T09:53:40+00:00",NA,"Fratercula arctica","4f2dc9dd-88d5-4c0b-8cf6-6a5d9d8801e9","Fratercula arctica",2020
"HumanObservation",2023,74.35474746,19.12662455,"2023-06-24T08:57:00+02:00",NA,"Fratercula arctica","4f2f29c0-aa60-4aff-a069-c22f5bbc8c43","Fratercula arctica",2020
"HumanObservation",2023,77.900152,13.480372,"2023-06-28T22:30:41","1","Balaenoptera musculus","501fc504-73f4-4971-a308-049b9b25405f","Balaenoptera musculus",2020
"HumanObservation",2023,70.3243044764,31.0395107822,"2023-06-23T15:09:00+02:00",NA,"Fratercula arctica","505edb87-0f33-446d-9c12-38cc01341a77","Fratercula arctica",2020
"HumanObservation",2023,63.3996829125,-20.3030420776,"2023-07-03T15:06:00+00:00",NA,"Rissa tridactyla","5095262a-972e-48a8-9d92-598a58c4c614","Rissa tridactyla",2020
"HumanObservation",2023,63.4025897729,-19.1307350298,"2023-07-31T16:49:00+00:00",NA,"Fratercula arctica","509d7866-a4d0-482f-b67f-0ed1588e2071","Fratercula arctica",2020
"HumanObservation",2023,66.17877,-17.352342,"2023-05-17T09:49:36","1","Balaenoptera musculus","50ee965e-a4cf-453c-833f-ec6be59b301b","Balaenoptera musculus",2020
"HumanObservation",2023,57.3702926633,9.7070827483,"2023-12-27T11:08:04+01:00",NA,"Fratercula arctica","5111749d-8487-46ef-851c-27b95226113f","Fratercula arctica",2020
"HumanObservation",2023,71.1847835702,25.2724307939,"2023-07-28T12:03:46+02:00",NA,"Fratercula arctica","515fe568-52b0-48de-b808-5cc61b205111","Fratercula arctica",2020
"HumanObservation",2023,66.5447616577,-18.0217018127,"2023-06-18T09:45:04+00:00",NA,"Fratercula arctica","516dba73-0a65-4072-b611-f6f058673330","Fratercula arctica",2020
"HumanObservation",2023,59.8570240249,-1.2725153938,"2023-06-17T17:23:00+01:00",NA,"Fratercula arctica","51e0f7bb-eb3f-4390-9ed4-ecc172dc9160","Fratercula arctica",2020
"HumanObservation",2023,70.3031077478,31.0192423644,"2023-06-23T16:22:00+02:00",NA,"Fratercula arctica","5242628c-7c2a-4d92-a2f5-b61d898587d5","Fratercula arctica",2020
"HumanObservation",2023,66.5490447222,-18.02435,"2023-07-08T22:01:00+00:00",NA,"Fratercula arctica","526e5b11-0583-4e80-bf5a-022f2ff04941","Fratercula arctica",2020
"HumanObservation",2023,68.2644109942,-14.3668936667,"2023-09-29T08:48:00-01:00",NA,"Fratercula arctica","529890db-f3d5-4a0e-ad91-dce4e767730d","Fratercula arctica",2020
"HumanObservation",2023,70.3234390428,31.0108446187,"2023-06-23T17:38:58+02:00",NA,"Rissa tridactyla","537d46d6-a5af-4de4-8407-1e237de0f1f8","Rissa tridactyla",2020
"HumanObservation",2023,63.4041633333,-19.1032361667,"2023-08-25T04:20:37+00:00",NA,"Fratercula arctica","5385e2e4-549b-43dc-8a45-ad102ec97a18","Fratercula arctica",2020
"HumanObservation",2023,66.551133003,-18.0117417261,"2023-06-21T19:39:00+00:00",NA,"Rissa tridactyla","53f21250-eb98-47b5-8433-adf44fa588b7","Rissa tridactyla",2020
"HumanObservation",2023,79.7034834732,18.1849283242,"2023-07-05T22:42:00+02:00",NA,"Rissa tridactyla","53fbfbd2-33c0-4192-a7d6-8193c8730cdc","Rissa tridactyla",2020
"HumanObservation",2023,78.952309556,11.9936408136,"2023-09-07T16:11:00+02:00",NA,"Fratercula arctica","53fe157e-0c23-457a-8f10-394f43cf7b07","Fratercula arctica",2020
"HumanObservation",2023,64.1708372101,-21.9000714615,"2023-06-22T13:03:00+00:00",NA,"Fratercula arctica","54a68f49-8454-4d64-9941-2ceeab310e31","Fratercula arctica",2020
"HumanObservation",2023,70.3372895838,31.1865394383,"2023-06-23T17:27:00+02:00",NA,"Rissa tridactyla","54bb7d6b-116d-49f7-b80e-469a65f6e2cd","Rissa tridactyla",2020
"HumanObservation",2023,66.5376238883,-18.0106441667,"2023-07-20T13:31:00+00:00",NA,"Fratercula arctica","54d1925d-fe28-4f1e-b4fa-07b2730554f6","Fratercula arctica",2020
"HumanObservation",2023,63.4034706203,-20.28196536,"2023-06-26T22:50:54+00:00",NA,"Fratercula arctica","54fd8f0f-8626-49d6-ae17-bf393a5246b5","Fratercula arctica",2020
"HumanObservation",2023,66.161326,-17.443542,"2023-06-16T11:04:53","1","Balaenoptera musculus","5511c00f-e250-41ff-9a1d-933adf28c495","Balaenoptera musculus",2020
"HumanObservation",2023,70.2334302616,31.0739812231,"2023-06-29T12:33:00+02:00",NA,"Fratercula arctica","5519bfa3-2d6d-4b08-8a52-d256b728d670","Fratercula arctica",2020
"HumanObservation",2023,70.2240884697,31.0263325461,"2023-06-23T16:35:00+02:00",NA,"Fratercula arctica","55bb2cb7-99b1-4edd-991c-bba1642a44f3","Fratercula arctica",2020
"HumanObservation",2023,71.0376315064,25.2047914771,"2023-06-30",NA,"Fratercula arctica","55d25ee8-eb9d-4ff1-96a3-6f5d6b4f3e6b","Fratercula arctica",2020
"HumanObservation",2023,69.934301,21.768624,"2023-12-31T10:47:35","1","Physeter macrocephalus","5633eb19-05dc-4d83-b995-eb910934bb81","Physeter macrocephalus",2020
"HumanObservation",2023,81.1172317517,20.1093197069,"2023-08-12T16:35:55+01:00",NA,"Physeter macrocephalus","564003dc-45ca-4cb0-ab99-6979f3fe138a","Physeter macrocephalus",2020
"HumanObservation",2023,64.886579445,-24.0427438883,"2023-07-14T13:14:00+00:00",NA,"Rissa tridactyla","56985cf4-4010-4995-86d6-274a2eb29ec1","Rissa tridactyla",2020
"HumanObservation",2023,62.1062675778,-7.4348910505,"2023-06-29T16:26:00+01:00",NA,"Fratercula arctica","56a7732d-3298-4b53-a3b8-0affd006fe94","Fratercula arctica",2020
"HumanObservation",2023,78.213641,9.831828,"2023-07-30","1","Balaenoptera musculus","56a79385-6867-4457-8294-20316c522a82","Balaenoptera musculus",2020
"HumanObservation",2023,70.2849581773,31.1227109585,"2023-06-23T20:16:00+02:00",NA,"Rissa tridactyla","56ca1e22-e25e-45eb-a358-ca7bda86cad3","Rissa tridactyla",2020
"HumanObservation",2023,70.32747546,31.041356233,"2023-06-23T15:29:56+02:00",NA,"Fratercula arctica","56efc3bf-8f1b-43ae-9c79-d8fb367e2afc","Fratercula arctica",2020
"HumanObservation",2023,69.3569803956,16.0630532119,"2023-09-11T12:48:00+02:00",NA,"Rissa tridactyla","576b2782-2dcb-4336-a99c-77525c61c849","Rissa tridactyla",2020
"HumanObservation",2023,70.3720457912,31.0778720587,"2023-06-23T17:24:00+02:00",NA,"Rissa tridactyla","57dd0567-c4e4-471a-82a2-00423d6e72e3","Rissa tridactyla",2020
"HumanObservation",2023,64.0705324,-22.6512494,"2023-06-15T20:30:00+00:00",NA,"Rissa tridactyla","57e9a86e-0e93-485f-9329-9315cdc4d8b4","Rissa tridactyla",2020
"HumanObservation",2023,78.244138,14.32251,"2023-07-04T21:36:12","1","Balaenoptera musculus","586b4581-6b85-471d-9c34-06c489dd731b","Balaenoptera musculus",2020
"HumanObservation",2023,63.4113125226,-19.0219376609,"2023-06-09T12:11:51+00:00",NA,"Fratercula arctica","5899b8d2-29a3-4588-9c92-8e6c3fcf7083","Fratercula arctica",2020
"HumanObservation",2023,67.8011523502,12.8957831213,"2023-07-18T11:27:00+02:00",NA,"Rissa tridactyla","58e80501-bc18-469a-bdc0-95529792eea6","Rissa tridactyla",2020
"HumanObservation",2023,57.120552063,8.5980348587,"2023-02-10T13:55:00+01:00",NA,"Rissa tridactyla","598d61dc-1358-4430-8590-bf81f63d43c1","Rissa tridactyla",2020
"HumanObservation",2023,66.0350738156,-17.4092362327,"2023-06-29T15:40:00+00:00",NA,"Rissa tridactyla","5a57c936-930b-46fc-a04a-8c8e7d92c537","Rissa tridactyla",2020
"HumanObservation",2023,70.202099131,31.031778987,"2023-06-23T17:08:00+02:00",NA,"Fratercula arctica","5a7dc0f6-73c0-430f-af4f-1bf10dd8c6ec","Fratercula arctica",2020
"HumanObservation",2023,64.0444622182,-16.1796517298,"2023-08-12T18:55:30+00:00",NA,"Rissa tridactyla","5a81fe6a-5f50-4165-949d-51c0451e554a","Rissa tridactyla",2020
"HumanObservation",2023,64.91505,-24.220017,"2023-05-14T22:24:48","1","Physeter macrocephalus","5ab39031-67fe-4ec5-b507-863a5aed575d","Physeter macrocephalus",2020
"HumanObservation",2023,70.0180890348,30.1144028916,"2023-03-23T09:57:00+01:00",NA,"Rissa tridactyla","5ac89e2d-e09a-4e31-95ae-7752bba5b58e","Rissa tridactyla",2020
"HumanObservation",2023,71.125388227,25.2938879433,"2023-07-14T13:11:00+02:00",NA,"Rissa tridactyla","5b13f7d7-7f85-40e5-9d68-f60c66f1e5c8","Rissa tridactyla",2020
"HumanObservation",2023,70.8205039362,27.2304625807,"2023-07-17T16:36:00+02:00",NA,"Rissa tridactyla","5b81ba03-e433-4692-befa-01b6c3028789","Rissa tridactyla",2020
"HumanObservation",2023,64.009247801,-20.5383896828,"2023-09-30T21:25:00+00:00",NA,"Rissa tridactyla","5bbe2a94-e710-45ac-b8ee-9913b31847ca","Rissa tridactyla",2020
"HumanObservation",2023,70.2381155151,31.0458443508,"2023-06-23T15:17:10+02:00",NA,"Fratercula arctica","5bdb111f-fec2-41aa-9aea-bbc287186f47","Fratercula arctica",2020
"HumanObservation",2023,78.2254316064,15.6578947386,"2023-07-11T15:52:00+02:00",NA,"Rissa tridactyla","5c5fdd6c-26ea-44a0-9d53-83530461ae38","Rissa tridactyla",2020
"HumanObservation",2023,79.1747269918,19.2871920492,"2023-09-04T10:28:00+02:00",NA,"Rissa tridactyla","5c5fe787-14ba-417f-80d8-d70d45f7fe20","Rissa tridactyla",2020
"HumanObservation",2023,65.5427740925,-13.744238994,"2023-06-26T16:32:00+00:00",NA,"Fratercula arctica","5c967872-9ed1-49f7-b351-1dd5a2d85126","Fratercula arctica",2020
"HumanObservation",2023,70.2337166904,31.0397912615,"2023-06-23T17:27:00+02:00",NA,"Rissa tridactyla","5d253618-ff55-48b3-a9a4-48baf31627f4","Rissa tridactyla",2020
"HumanObservation",2023,70.3048579243,31.1998520912,"2023-06-29T11:01:00+02:00",NA,"Rissa tridactyla","5d27ada8-b36c-4494-929d-4335a4d2cd58","Rissa tridactyla",2020
"HumanObservation",2023,76.906,14.9598,"2023-09-26T15:04:00+02:00",NA,"Rissa tridactyla","5d64a767-b871-49ed-ad8e-dac7d888aabe","Rissa tridactyla",2020
"HumanObservation",2023,70.2244258855,31.1414142437,"2023-06-23T15:34:00+02:00",NA,"Fratercula arctica","5db6e38c-a854-4083-a7cf-6b1ba9f2c45a","Fratercula arctica",2020
"HumanObservation",2023,70.2217433538,31.1835898344,"2023-07-01T10:02:00+02:00",NA,"Fratercula arctica","5df95bf4-22f0-4309-aa33-ffe72941dab3","Fratercula arctica",2020
"HumanObservation",2023,66.5469642263,-18.0196956302,"2023-06-03T10:36:00+00:00",NA,"Fratercula arctica","5e3bac3b-f5ab-4b89-95a7-91ffa802d36c","Fratercula arctica",2020
"HumanObservation",2023,68.9587083169,17.1522314411,"2023-07-16T09:01:00+02:00",NA,"Fratercula arctica","5e3c606f-147e-4b26-a9e8-423f2c9f304e","Fratercula arctica",2020
"HumanObservation",2023,76.9943889717,15.7655697186,"2023-06-29T21:33:00+02:00",NA,"Rissa tridactyla","5e4ec8fd-377b-497b-9b63-6a666ee980e9","Rissa tridactyla",2020
"HumanObservation",2023,60.1328666667,-1.0138222167,"2023-05-30T12:20:55+01:00",NA,"Fratercula arctica","5e63168c-d0f2-49bf-807e-6ec3ce274adf","Fratercula arctica",2020
"HumanObservation",2023,63.7983716464,-10.1087036225,"2023-10-03T13:12:00-01:00",NA,"Rissa tridactyla","5f265b02-5294-48b4-ac16-9968bdf17aca","Rissa tridactyla",2020
"HumanObservation",2023,70.3657253575,31.1190365601,"2023-06-23T16:21:57+02:00",NA,"Fratercula arctica","5f8e01c2-470f-4fa3-baf5-930dd9cab1bc","Fratercula arctica",2020
"HumanObservation",2023,79.891183,9.986572,"2023-06-28T03:58:30","1","Balaenoptera musculus","5fa933ef-3856-4a31-94d1-66ef9a092ba2","Balaenoptera musculus",2020
"HumanObservation",2023,71.0580341522,25.3648300013,"2023-06-30",NA,"Fratercula arctica","5ffe4499-9884-41d0-aa00-331c3bdfcb38","Fratercula arctica",2020
"HumanObservation",2023,64.9661023784,-23.947780505,"2023-06-06T15:54:00+00:00",NA,"Physeter macrocephalus","6007f80d-43fb-4e23-be32-a2da97da4278","Physeter macrocephalus",2020
"HumanObservation",2023,65.5224459753,-24.5091699065,"2023-06-13T14:31:01+00:00",NA,"Fratercula arctica","601ae179-3a3e-4fce-b816-fd9080102b0d","Fratercula arctica",2020
"HumanObservation",2023,79.7387768632,10.9891160321,"2023-06-18T15:24:00+02:00",NA,"Rissa tridactyla","6047220c-007b-4e2b-8d1c-da56921140a0","Rissa tridactyla",2020
"HumanObservation",2023,70.306843117,31.052413209,"2023-06-23T15:05:00+02:00",NA,"Rissa tridactyla","606e6440-d274-49ec-bcfb-c5be6b34303b","Rissa tridactyla",2020
"HumanObservation",2023,64.7692215443,-23.6179434601,"2023-06-02T13:11:41+00:00",NA,"Rissa tridactyla","60af2bdc-700f-4175-ba69-bc446cf0f952","Rissa tridactyla",2020
"HumanObservation",2023,68.0835846969,13.3880075663,"2023-07-23T11:10:32+02:00",NA,"Rissa tridactyla","60cac8eb-b37c-4750-830d-1b4f236c2d32","Rissa tridactyla",2020
"HumanObservation",2023,64.0902424974,-21.9300654174,"2023-07-03T16:40:00+00:00",NA,"Rissa tridactyla","614e43dd-3063-464d-b762-4285842cd510","Rissa tridactyla",2020
"HumanObservation",2023,69.419250259,16.2276970352,"2023-03-24T12:05:00+01:00",NA,"Physeter macrocephalus","6159409d-b5cd-4f61-976c-87026e9c0a35","Physeter macrocephalus",2020
"HumanObservation",2023,70.2263707572,31.0736344573,"2023-06-23T17:39:00+02:00",NA,"Rissa tridactyla","6163e738-013d-4e86-bff7-9549812fcf33","Rissa tridactyla",2020
"HumanObservation",2023,66.3965695376,-22.2979545597,"2023-08-09T22:30:22+00:00",NA,"Physeter macrocephalus","620c72dd-6ab3-46fa-9196-3762aecb9a45","Physeter macrocephalus",2020
"HumanObservation",2023,66.551133003,-18.0117417261,"2023-06-21T19:35:00+00:00",NA,"Rissa tridactyla","622812e3-4680-4a70-8a43-d683d04c06f7","Rissa tridactyla",2020
"HumanObservation",2023,78.1732287891,13.9200821069,"2023-06-24T22:46:00+02:00",NA,"Rissa tridactyla","62aa9fd8-1415-4510-be57-d2b51b3ceb9f","Rissa tridactyla",2020
"HumanObservation",2023,66.1041237621,-17.7225336175,"2023-09-22T16:15:00+00:00",NA,"Rissa tridactyla","62dabb79-6427-438f-aec0-948867331d2b","Rissa tridactyla",2020
"HumanObservation",2023,70.275099889,31.0129243774,"2023-06-23T16:59:00+02:00",NA,"Fratercula arctica","62f164bd-6fac-49bd-9ed1-7a8836b16c59","Fratercula arctica",2020
"HumanObservation",2023,78.3640632194,16.1251438786,"2023-06-02T15:28:00+02:00",NA,"Fratercula arctica","62fb63ac-b714-44da-86e1-83614d80d070","Fratercula arctica",2020
"HumanObservation",2023,66.3626933448,-18.1382881274,"2023-07-09T11:09:00+00:00",NA,"Fratercula arctica","630ebfd9-3e57-4c46-92d0-fcda16a3f94b","Fratercula arctica",2020
"HumanObservation",2023,77.8749725,20.9751822,"2023-07-18T20:27:00+02:00",NA,"Rissa tridactyla","631eff87-fd0c-4282-b82f-3a6e799d447d","Rissa tridactyla",2020
"HumanObservation",2023,65.5423034346,-13.754408385,"2023-06-05T03:31:00+00:00",NA,"Rissa tridactyla","6323cc75-f816-4bc9-8e75-cbf80e189735","Rissa tridactyla",2020
"HumanObservation",2023,65.6372799726,-24.2688019531,"2023-07-02T16:22:00+00:00",NA,"Rissa tridactyla","63337b4f-7dab-49db-8835-a1c39de03b7c","Rissa tridactyla",2020
"HumanObservation",2023,70.3228482865,31.1440955735,"2023-06-23T16:38:39+02:00",NA,"Fratercula arctica","638867fb-a4c3-4e15-9474-e9970fc11916","Fratercula arctica",2020
"HumanObservation",2023,65.5015666602,-24.5275081588,"2023-06-01T19:26:00+00:00",NA,"Rissa tridactyla","63f6b87d-9863-4c21-a291-dae14351b4eb","Rissa tridactyla",2020
"HumanObservation",2023,63.42766523,-20.30104182,"2023-08-21T15:38:05+00:00",NA,"Fratercula arctica","6433f986-e2a2-4622-b117-83de12c81076","Fratercula arctica",2020
"HumanObservation",2023,70.3600496216,31.1198089574,"2023-06-23T17:05:00+02:00",NA,"Fratercula arctica","64606780-7a67-4f7c-889c-9d8868f62f54","Fratercula arctica",2020
"HumanObservation",2023,63.5159720398,-20.1306940551,"2023-07-03T17:29:00+00:00",NA,"Rissa tridactyla","646d63d3-ac7e-412d-b963-95620d61d4dc","Rissa tridactyla",2020
"HumanObservation",2023,58.87997,11.0990888333,"2023-10-17T09:19:19+02:00",NA,"Fratercula arctica","654deb5d-f9d3-4093-a23f-956579ace97d","Fratercula arctica",2020
"HumanObservation",2023,70.3507280224,31.1852753369,"2023-06-23T16:54:00+02:00",NA,"Fratercula arctica","65646da9-eb60-4750-9734-2cd0fb93c74e","Fratercula arctica",2020
"HumanObservation",2023,63.405012305,-19.1309456527,"2023-08-11T17:54:07+00:00",NA,"Fratercula arctica","65fed974-51e4-430e-bf36-1d61e37329d0","Fratercula arctica",2020
"HumanObservation",2023,63.4072016667,-20.274321945,"2023-07-24T15:40:00+00:00",NA,"Rissa tridactyla","6621ad30-429f-4f86-9332-980c97a04c3b","Rissa tridactyla",2020
"HumanObservation",2023,66.1431373442,-16.9502737804,"2023-06-18T13:42:00+00:00",NA,"Fratercula arctica","664d32ab-a32a-442b-b91a-698094a4d6e4","Fratercula arctica",2020
"HumanObservation",2023,70.2839463729,31.1499874694,"2023-06-23T16:37:00+02:00",NA,"Fratercula arctica","666151a8-df4c-48d9-a92a-52c47febc959","Fratercula arctica",2020
"HumanObservation",2023,79.7789217953,18.3195234981,"2023-07-05T22:39:00+02:00",NA,"Balaenoptera physalus","6665b749-5a46-4e6b-bc99-6517185b4511","Balaenoptera physalus",2020
"HumanObservation",2023,63.1459950542,7.6315454679,"2023-07-06T14:47:36+02:00",NA,"Rissa tridactyla","672cf500-8db9-48ff-abbe-ea8d27692b14","Rissa tridactyla",2020
"HumanObservation",2023,64.4676317202,-18.0774521828,"2023-10-03T21:22:00+00:00",NA,"Rissa tridactyla","6747d15a-a417-4dc5-a29e-235322ece6c9","Rissa tridactyla",2020
"HumanObservation",2023,65.5433461323,-13.7572892289,"2023-06-04T09:31:00+00:00",NA,"Rissa tridactyla","67b294ed-ee60-4df8-9bea-843f3c42ead6","Rissa tridactyla",2020
"HumanObservation",2023,71.177308,25.745885,"2023-06-30","1","Balaenoptera physalus","68150381-b4c0-4367-84f5-4b5bbfacb1c9","Balaenoptera physalus",2020
"HumanObservation",2023,70.3595700223,31.0278893119,"2023-06-23T15:34:00+02:00",NA,"Fratercula arctica","68494555-7513-4c31-a5f0-eb4e22f9171b","Fratercula arctica",2020
"HumanObservation",2023,77.5532457478,15.0595511236,"2023-07-09T10:08:00+02:00",NA,"Rissa tridactyla","68a04988-9327-4cc2-ad1e-99722b882f3a","Rissa tridactyla",2020
"HumanObservation",2023,78.3653996784,16.1352627952,"2023-07-13T13:48:00+02:00",NA,"Fratercula arctica","692134de-2c32-4c92-9b5b-e6609b90704d","Fratercula arctica",2020
"HumanObservation",2023,64.0487088883,-16.180860555,"2023-07-22T13:30:00+00:00",NA,"Rissa tridactyla","6a07ca40-012c-4fb9-8cb4-15b62cf6ad2f","Rissa tridactyla",2020
"HumanObservation",2023,64.0484463231,-16.1803888225,"2023-07-02T04:05:00+00:00",NA,"Rissa tridactyla","6a3885bb-f413-4d29-bc3b-a7d81a0a6288","Rissa tridactyla",2020
"HumanObservation",2023,57.3654975889,9.6999645231,"2023-12-27T10:57:43+01:00",NA,"Fratercula arctica","6a4f2543-8360-48c4-b284-167c26c29364","Fratercula arctica",2020
"HumanObservation",2023,64.8179977206,-24.0039626302,"2023-05-31T14:26:00+00:00",NA,"Physeter macrocephalus","6a519194-91f2-4ef8-a42d-b4a30525f10f","Physeter macrocephalus",2020
"HumanObservation",2023,78.2645757641,21.9209001608,"2023-07-07T08:36:00+02:00",NA,"Rissa tridactyla","6ab64f7c-cc00-47a3-b99b-a3fed892e968","Rissa tridactyla",2020
"HumanObservation",2023,58.726786492,-3.349527897,"2023-08-16T10:17:00+01:00",NA,"Rissa tridactyla","6ba16376-29e5-466a-b2f3-94e1a58d7f8e","Rissa tridactyla",2020
"HumanObservation",2023,62.3274446406,-6.9410741027,"2023-07-13T13:28:00+01:00",NA,"Fratercula arctica","6bf34b83-28eb-4fda-a427-88fef41ce688","Fratercula arctica",2020
"HumanObservation",2023,66.3515100319,12.3417490074,"2023-03-14T09:15:24+01:00",NA,"Rissa tridactyla","6bf94939-f215-47eb-ae07-53015133ae05","Rissa tridactyla",2020
"HumanObservation",2023,79.8068073433,11.9292738829,"2023-06-19T16:10:00+02:00",NA,"Rissa tridactyla","6c8d11f9-caeb-4c5f-90de-89129aa8fad3","Rissa tridactyla",2020
"HumanObservation",2023,79.7334324333,12.2842268162,"2023-07-12T17:17:00+02:00",NA,"Rissa tridactyla","6ca3edb0-ca4e-40bb-94bf-4a130d5a59a6","Rissa tridactyla",2020
"HumanObservation",2023,79.2665465484,11.5357194536,"2023-06-09T17:41:00+02:00",NA,"Rissa tridactyla","6ce39f4d-1043-48d7-882a-d9cf97e1fc48","Rissa tridactyla",2020
"HumanObservation",2023,62.3682966667,-6.8113466667,"2023-07-01T10:02:34+01:00",NA,"Fratercula arctica","6d0277ff-2263-408a-afb9-0dc34d21f7c5","Fratercula arctica",2020
"HumanObservation",2023,65.4998517188,-24.5269267512,"2023-06-01T08:13:00+00:00",NA,"Fratercula arctica","6d1f4664-64bd-4d90-a818-97b98b01e742","Fratercula arctica",2020
"HumanObservation",2023,70.2804214326,31.093185154,"2023-06-23T17:26:00+02:00",NA,"Rissa tridactyla","6d3d2e4d-0ab4-46b2-8356-9790cdf0569f","Rissa tridactyla",2020
"HumanObservation",2023,64.174446106,-21.9552345276,"2023-08-16T08:52:16+00:00",NA,"Fratercula arctica","6d470203-db78-4857-915e-c3309a24590d","Fratercula arctica",2020
"HumanObservation",2023,78.259975377,21.9530501117,"2023-09-12T09:16:14+02:00",NA,"Rissa tridactyla","6d891ab0-f71d-425f-bda0-27e1b89281e2","Rissa tridactyla",2020
"HumanObservation",2023,70.3980192037,31.1915670614,"2023-06-23T15:27:00+02:00",NA,"Fratercula arctica","6d8c0d5a-0143-4320-8285-5f727460ed0d","Fratercula arctica",2020
"HumanObservation",2023,71.078232,-8.679199,"2023-09-14T17:42:49","1","Balaenoptera physalus","6dcc61f3-68d0-4211-bd23-1e19d496de2c","Balaenoptera physalus",2020
"HumanObservation",2023,61.9560203,-6.8830338,"2023-07-01T12:47:00+01:00",NA,"Fratercula arctica","6dcee722-6712-4382-91aa-be1807c015df","Fratercula arctica",2020
"HumanObservation",2023,64.2102628248,-22.1387794845,"2023-06-08T12:46:40+00:00",NA,"Fratercula arctica","6e0ede06-2bb0-49eb-abbd-cba5da844ade","Fratercula arctica",2020
"HumanObservation",2023,65.003543,-23.819733,"2023-06-06T15:54:19","1","Physeter macrocephalus","6e585b6c-d873-47ec-ba50-51d05f039779","Physeter macrocephalus",2020
"HumanObservation",2023,70.2802303578,21.2643411294,"2023-11-27T10:38:24+01:00",NA,"Balaenoptera physalus","6e796d3d-f7ae-4749-97b9-b75d662e881a","Balaenoptera physalus",2020
"HumanObservation",2023,65.3780112783,-22.908773445,"2023-07-02T09:43:00+00:00",NA,"Fratercula arctica","6e79921b-b634-4d71-8a01-71d904931fc0","Fratercula arctica",2020
"HumanObservation",2023,59.1379055,-3.3304783333,"2023-05-15T10:06:05+01:00",NA,"Fratercula arctica","6e8bea53-e1c1-4872-9a1b-7c5f9a503a39","Fratercula arctica",2020
"HumanObservation",2023,78.225815,15.6278133333,"2023-07-30T02:36:00+02:00",NA,"Rissa tridactyla","6ec91631-5e34-4dbe-a629-4c39233eef0c","Rissa tridactyla",2020
"HumanObservation",2023,80.8489429406,20.3270763854,"2023-07-30T11:32:36+02:00",NA,"Fratercula arctica","6ecf7173-ef3a-4899-a9e6-9d8353e3c2ae","Fratercula arctica",2020
"HumanObservation",2023,70.2109248531,31.127509849,"2023-06-23T15:34:00+02:00",NA,"Fratercula arctica","6f1ea163-1344-4602-9e9d-d4d52dd20e81","Fratercula arctica",2020
"HumanObservation",2023,66.5276529345,-17.9826065833,"2023-07-09T18:16:00+00:00",NA,"Rissa tridactyla","6f26dc66-2dfb-46a9-ad92-ecfd834c0558","Rissa tridactyla",2020
"HumanObservation",2023,65.1537254691,-13.9714632769,"2023-07-10T11:16:35+00:00",NA,"Fratercula arctica","6f3bc117-13fb-4d09-a990-25d1109a0c75","Fratercula arctica",2020
"HumanObservation",2023,70.5635,-9.471,"2023-09-28T16:14:00-01:00",NA,"Rissa tridactyla","6f5fabd9-feac-4c65-b283-04fb5a046fac","Rissa tridactyla",2020
"HumanObservation",2023,64.975674,-24.088898,"2023-06-01T11:59:08","1","Physeter macrocephalus","6f764e2b-cd85-4b1d-a79a-5efa1ac69d0b","Physeter macrocephalus",2020
"HumanObservation",2023,58.7174735616,-3.0000634878,"2023-08-06T01:04:00+01:00",NA,"Fratercula arctica","6fa99938-0d72-4eaf-b4a8-dbf57bd3378a","Fratercula arctica",2020
"HumanObservation",2023,64.9257205096,-23.2524970698,"2023-07-20T10:17:00+00:00",NA,"Fratercula arctica","70cd0463-f2f0-4647-b21f-27b76c4365cb","Fratercula arctica",2020
"HumanObservation",2023,77.59571471,14.95226425,"2023-06-20T06:43:00+02:00",NA,"Rissa tridactyla","70e417b2-ea21-49ec-b998-7f9e02147b89","Rissa tridactyla",2020
"HumanObservation",2023,70.2666625744,31.1813381274,"2023-06-23T15:24:54+02:00",NA,"Fratercula arctica","71054751-da4e-4e69-a580-dfd2b1d5507d","Fratercula arctica",2020
"HumanObservation",2023,63.4046799,-19.1185522,"2023-08-15T22:39:00+00:00",NA,"Fratercula arctica","71090a61-2c24-4f2a-9f7f-ed60a3ef2e27","Fratercula arctica",2020
"HumanObservation",2023,64.764305,-23.6246333333,"2023-06-07T10:56:36+00:00",NA,"Rissa tridactyla","711f090f-479d-482a-8552-552562763acc","Rissa tridactyla",2020
"HumanObservation",2023,59.5346984863,-1.6125875711,"2023-06-06T11:16:29+01:00",NA,"Fratercula arctica","71a4722e-7d0a-4055-9da7-5ecb7d275001","Fratercula arctica",2020
"HumanObservation",2023,65.4966552783,-24.5151063883,"2023-07-16T14:13:00+00:00",NA,"Fratercula arctica","71e87ef6-6d32-493b-85ed-52e69a2ff0cf","Fratercula arctica",2020
"HumanObservation",2023,70.254741183,31.1595990081,"2023-06-23T16:20:00+02:00",NA,"Fratercula arctica","71f0f02e-0b0d-4a25-b6b3-b26ad6a1e85d","Fratercula arctica",2020
"HumanObservation",2023,65.5419158062,-13.7541047362,"2023-06-04T09:09:00+00:00",NA,"Fratercula arctica","722b19ee-4b99-47bf-970b-3193bc62e77b","Fratercula arctica",2020
"HumanObservation",2023,70.2659237823,31.0009547929,"2023-07-01T11:03:00+02:00",NA,"Fratercula arctica","722f3427-fe0e-4dc9-887f-53ec1fb2e602","Fratercula arctica",2020
"HumanObservation",2023,74.3482861813,19.091430812,"2023-07-19T08:45:00+02:00",NA,"Rissa tridactyla","72490110-6bcf-4812-8984-bac33f04b3d8","Rissa tridactyla",2020
"HumanObservation",2023,63.860594,-16.668212,"2023-07-10T11:30:00+00:00",NA,"Fratercula arctica","72c8ec0a-5c4a-41d4-b941-110d0881a4f9","Fratercula arctica",2020
"HumanObservation",2023,67.7731065127,12.7904243167,"2023-07-18T21:16:00+02:00",NA,"Fratercula arctica","72dec84f-83a9-48ba-8a95-f2badb54257d","Fratercula arctica",2020
"HumanObservation",2023,63.4451330824,-20.2602900122,"2023-07-24T14:13:00+00:00",NA,"Fratercula arctica","7411f69a-0371-43ff-b5fd-7bfd3855a2c9","Fratercula arctica",2020
"HumanObservation",2023,71.1253259289,25.312125691,"2023-07-17T12:11:00+02:00",NA,"Fratercula arctica","74127d19-f800-4026-920b-199c528728e6","Fratercula arctica",2020
"HumanObservation",2023,70.3999268948,31.1424599867,"2023-06-23T17:26:00+02:00",NA,"Rissa tridactyla","7458af5e-7492-4220-8212-63c709b0459d","Rissa tridactyla",2020
"HumanObservation",2023,70.2620500839,31.1265312622,"2023-06-23T15:22:00+02:00",NA,"Rissa tridactyla","745eb9fc-e746-4e91-a888-d2722b974768","Rissa tridactyla",2020
"HumanObservation",2023,57.1585175442,9.0255849715,"2023-08-10T15:35:54+02:00",NA,"Rissa tridactyla","74879f2b-9bca-4a09-b425-65e2404704fa","Rissa tridactyla",2020
"HumanObservation",2023,70.3307833127,31.1285624532,"2023-06-23T16:55:00+02:00",NA,"Fratercula arctica","748c1e91-3898-4646-8b25-bf012ce7cf9e","Fratercula arctica",2020
"HumanObservation",2023,63.4025728,-19.0420784,"2023-07-26T14:33:47+00:00",NA,"Fratercula arctica","748c8aa2-eba0-4ef1-917a-50a002556300","Fratercula arctica",2020
"HumanObservation",2023,79.8425095864,11.4592708413,"2023-06-11T10:51:00+02:00",NA,"Fratercula arctica","749ef4ee-ff70-459e-a92c-843134154639","Fratercula arctica",2020
"HumanObservation",2023,78.9227603266,11.9561187576,"2023-06-25T12:07:00+02:00",NA,"Rissa tridactyla","74ae845a-8d80-43f1-8f41-6ab7de85c108","Rissa tridactyla",2020
"HumanObservation",2023,65.5415441667,-13.7549983333,"2023-08-05T13:17:00+00:00",NA,"Rissa tridactyla","74c789a9-850c-4c9c-b709-04435ddddbab","Rissa tridactyla",2020
"HumanObservation",2023,70.2571134046,31.0221697765,"2023-06-23T17:26:00+02:00",NA,"Rissa tridactyla","74d3cfeb-a312-4101-9631-e9fa72d18741","Rissa tridactyla",2020
"HumanObservation",2023,70.0357733574,29.9635724559,"2023-06-23T13:13:00+02:00",NA,"Rissa tridactyla","74f2c2a4-2a85-441d-9daa-73157906044d","Rissa tridactyla",2020
"HumanObservation",2023,70.3367675346,31.0835053827,"2023-07-12T13:34:00+02:00",NA,"Fratercula arctica","74fa7103-90ec-4970-898c-b7f2c2f3693e","Fratercula arctica",2020
"HumanObservation",2023,65.5419392,-13.7547397997,"2023-07-20T10:49:10+00:00",NA,"Fratercula arctica","7573a523-c998-452a-9f23-4048fbfcdd9a","Fratercula arctica",2020
"HumanObservation",2023,70.2772362494,31.0506907907,"2023-06-23T15:04:00+02:00",NA,"Fratercula arctica","757412a2-7ac3-48f5-98bd-b30ddfe00d9d","Fratercula arctica",2020
"HumanObservation",2023,70.2692971205,31.0382304026,"2023-06-23T17:02:00+02:00",NA,"Fratercula arctica","759b1671-a1d8-4fb2-9194-ab43d8d4730a","Fratercula arctica",2020
"HumanObservation",2023,62.1030199066,-7.6570197567,"2023-08-19T14:51:30+01:00",NA,"Fratercula arctica","75c3dae8-43c8-43ed-adc1-2b01c89fed1f","Fratercula arctica",2020
"HumanObservation",2023,70.289455365,31.180464609,"2023-06-23T15:31:00+02:00",NA,"Fratercula arctica","75d54645-63cc-4f42-82d0-26416eed7dce","Fratercula arctica",2020
"HumanObservation",2023,70.3419276351,31.0892985431,"2023-06-23T15:17:00+02:00",NA,"Rissa tridactyla","75d9e15e-3243-41f6-94b3-971dea0ceca3","Rissa tridactyla",2020
"HumanObservation",2023,66.04716313,-22.82722305,"2023-07-01T17:00:00+00:00",NA,"Fratercula arctica","75e396e9-ff0f-47e1-82ab-2d531d7f3bef","Fratercula arctica",2020
"HumanObservation",2023,66.55576602,-18.01137147,"2023-06-22T11:54:58+00:00",NA,"Rissa tridactyla","762beaa7-ef7a-4e1c-8db5-52083d475aa4","Rissa tridactyla",2020
"HumanObservation",2023,59.372008,-2.4188716,"2023-07-25T13:14:00+01:00",NA,"Fratercula arctica","763706a8-3d00-476a-ac70-8154cbc1adec","Fratercula arctica",2020
"HumanObservation",2023,70.2040689455,31.1848674594,"2023-06-23T16:21:00+02:00",NA,"Fratercula arctica","76506c53-996e-4a20-8eb2-8524a618d94f","Fratercula arctica",2020
"HumanObservation",2023,66.818612267,-13.8272045581,"2023-06-22T19:25:23-01:00",NA,"Balaenoptera physalus","76b1c748-cac3-4013-a64d-3551d9497a15","Balaenoptera physalus",2020
"HumanObservation",2023,70.3573973491,31.1947314479,"2023-06-23T15:05:00+02:00",NA,"Rissa tridactyla","77160f6e-ca26-4938-bf6d-e2e9f952201e","Rissa tridactyla",2020
"HumanObservation",2023,59.5347933333,-1.6023916667,"2023-05-24T08:53:15+01:00",NA,"Fratercula arctica","772bedbf-7e4f-46c4-894a-df1a9a2fe055","Fratercula arctica",2020
"HumanObservation",2023,64.7716916074,-23.554342631,"2023-07-13T16:56:00+00:00",NA,"Rissa tridactyla","77384169-545c-4d3a-b382-e4de34780533","Rissa tridactyla",2020
"HumanObservation",2023,62.2451127035,-7.1821779128,"2023-06-01T19:32:00+01:00",NA,"Rissa tridactyla tridactyla","77820fee-7ec8-4f2b-8821-6796e0a325cc","Rissa tridactyla",2020
"HumanObservation",2023,66.5304033386,-17.9823518844,"2023-07-09T17:10:00+00:00",NA,"Fratercula arctica","77a03ca3-f202-4857-a69d-78113579026f","Fratercula arctica",2020
"HumanObservation",2023,69.6342648256,30.7899962059,"2023-06-22T14:18:00+02:00",NA,"Rissa tridactyla","77aa0ef1-01c8-4d39-8d16-42014a139cf7","Rissa tridactyla",2020
"HumanObservation",2023,65.542628834,-13.7562839213,"2023-05-31T16:16:00+00:00",NA,"Fratercula arctica","77d3e4a3-6148-40de-8a8a-b4f59f367783","Fratercula arctica",2020
"HumanObservation",2023,71.1192909994,24.6628029202,"2023-07-28T11:05:02+02:00",NA,"Fratercula arctica","77f7aea8-251c-443f-b424-9afb7717da43","Fratercula arctica",2020
"HumanObservation",2023,64.7515602541,-23.6446599619,"2023-07-05T10:26:00+00:00",NA,"Rissa tridactyla","78103410-1040-424d-8805-786c06cdb9a0","Rissa tridactyla",2020
"HumanObservation",2023,71.1167736946,25.2208864627,"2023-07-28T12:11:46+02:00",NA,"Fratercula arctica","7900095f-93fa-4088-a7ba-04569ff0783b","Fratercula arctica",2020
"HumanObservation",2023,64.7677,-23.6164716667,"2023-06-02T13:24:25+00:00",NA,"Rissa tridactyla","7933a826-3654-4471-8863-82408ee6abf7","Rissa tridactyla",2020
"HumanObservation",2023,66.3605600629,-14.7716275173,"2023-07-07T13:41:00+00:00",NA,"Fratercula arctica","7950e585-4b43-4711-beae-b373190b7ac0","Fratercula arctica",2020
"HumanObservation",2023,59.8543368573,-1.2745716423,"2023-07-16T12:14:00+01:00",NA,"Fratercula arctica","799b0b32-e459-4bed-a9a8-7e6ba3778f89","Fratercula arctica",2020
"HumanObservation",2023,71.0263148914,25.3234620534,"2023-07-28T18:05:00+02:00",NA,"Rissa tridactyla","79f2a83a-c45c-4966-9455-bd65bc1df030","Rissa tridactyla",2020
"HumanObservation",2023,70.2522434524,31.0045521978,"2023-06-23T15:17:00+02:00",NA,"Rissa tridactyla","7a0a2c8f-0349-45c1-8de1-0a464aab5beb","Rissa tridactyla",2020
"HumanObservation",2023,57.1582343751,9.0247100113,"2023-05-19T11:18:00+02:00",NA,"Rissa tridactyla","7ab1e893-11e0-4832-a512-1181aa144226","Rissa tridactyla",2020
"HumanObservation",2023,66.029332,-17.521948,"2023-03-04T12:38:16","1","Balaenoptera musculus","7b3df04e-b0dd-4a16-b934-c1a58ecc2ff4","Balaenoptera musculus",2020
"HumanObservation",2023,70.2412903342,31.1731047539,"2023-06-23T17:07:00+02:00",NA,"Fratercula arctica","7b5b9500-462d-4122-b890-6aef43825348","Fratercula arctica",2020
"HumanObservation",2023,66.070781,-17.479248,"2023-06-12T14:19:22","1","Balaenoptera musculus","7b6a80ee-a831-4929-91cc-84ae5df51152","Balaenoptera musculus",2020
"HumanObservation",2023,60.1333728027,-1.0105598218,"2023-06-29T10:40:00+01:00",NA,"Rissa tridactyla","7b8ff0a3-1e70-45f8-b71f-a22f108e5640","Rissa tridactyla",2020
"HumanObservation",2023,62.4863320308,5.6611598354,"2023-07-26T19:40:00+02:00",NA,"Fratercula arctica","7bab6d8d-22e9-405d-b1cf-52bfbc34b87a","Fratercula arctica",2020
"HumanObservation",2023,70.3274874869,31.0428754193,"2023-06-29T14:04:00+02:00",NA,"Fratercula arctica","7c11fea4-5a37-491a-b398-2f142f41aa6d","Fratercula arctica",2020
"HumanObservation",2023,65.542569,-13.755936,"2023-08-11T07:36:00+00:00",NA,"Fratercula arctica","7c53b7ea-6128-4685-9e0b-108f7f540bc2","Fratercula arctica",2020
"HumanObservation",2023,80.6411108882,19.0021426887,"2023-09-10T08:39:00+02:00",NA,"Rissa tridactyla","7cc7cb67-dbf2-4dfb-ac98-dc876e0bac09","Rissa tridactyla",2020
"HumanObservation",2023,79.1292773922,11.8609316231,"2023-06-17T17:27:00+02:00",NA,"Rissa tridactyla","7cdc6df7-efaf-4058-aa1c-96fc98786e1c","Rissa tridactyla",2020
"HumanObservation",2023,69.934301,21.768624,"2023-12-31","1","Physeter macrocephalus","7d6d4866-9c3a-4e53-94ad-b94fdca4e7d4","Physeter macrocephalus",2020
"HumanObservation",2023,63.4499420875,-20.2560701894,"2023-07-03T15:50:00+00:00",NA,"Rissa tridactyla","7d8c643d-1bf0-4910-9a73-65ba5b5188f5","Rissa tridactyla",2020
"HumanObservation",2023,63.4033664474,-19.1042221338,"2023-08-11T18:32:57+00:00",NA,"Fratercula arctica","7dc073c6-a6b4-45a7-bbd4-4c0a17fdef88","Fratercula arctica",2020
"HumanObservation",2023,78.115,11.435,"2023-06-29T22:25:57","1","Balaenoptera musculus","7e04eeb5-ea35-41d5-b730-d482d97f90c1","Balaenoptera musculus",2020
"HumanObservation",2023,70.0027769579,30.0293098633,"2023-03-23T10:01:00+01:00",NA,"Rissa tridactyla","7e4927f3-3476-4109-8bd8-2e6f031c0ac1","Rissa tridactyla",2020
"HumanObservation",2023,70.2922234378,31.0301483441,"2023-07-07T12:19:55+02:00",NA,"Fratercula arctica","7e90a487-6081-4241-8d35-9eb74c8ef712","Fratercula arctica",2020
"HumanObservation",2023,78.19,11.16,"2023-06-28T04:12:41","1","Balaenoptera musculus","7ea65e4b-de53-481c-9d76-bb74a1fe9e0b","Balaenoptera musculus",2020
"HumanObservation",2023,79.605102,13.026983,"2023-07-13T12:52:00+02:00",NA,"Rissa tridactyla","7fbe303e-f29d-43d7-b5a9-8c95e9a407b6","Rissa tridactyla",2020
"HumanObservation",2023,66.5423498,-17.9961161,"2023-06-03T07:13:00+00:00",NA,"Rissa tridactyla","801a0af8-2541-41fa-be85-77c93af6423d","Rissa tridactyla",2020
"HumanObservation",2023,70.3202464373,31.1665215728,"2023-07-22T10:31:02+02:00",NA,"Fratercula arctica","802f2152-c4d2-40eb-8557-7b88ea328924","Fratercula arctica",2020
"HumanObservation",2023,70.3740448292,31.0828569887,"2023-06-23T17:38:00+02:00",NA,"Rissa tridactyla","8032d2e2-aa39-4ff3-82e9-3ccd2d78112d","Rissa tridactyla",2020
"HumanObservation",2023,64.8805044256,-24.0268205113,"2023-05-28T12:04:00+00:00",NA,"Rissa tridactyla","80583e55-aceb-47c3-bfca-6e4bd90d0f23","Rissa tridactyla",2020
"HumanObservation",2023,65.500290555,-24.5264866667,"2023-07-16T13:54:00+00:00",NA,"Rissa tridactyla","80714fd0-0afe-4e96-b8b5-79fec6fa1afc","Rissa tridactyla",2020
"HumanObservation",2023,66.5534966667,-17.99928,"2023-07-18T15:41:00+00:00",NA,"Fratercula arctica","808c37e2-7fd2-48c9-a327-04f8d5a414ac","Fratercula arctica",2020
"HumanObservation",2023,70.3531740773,31.1584356204,"2023-07-18T03:35:00+02:00",NA,"Rissa tridactyla","80d842e2-8447-470b-a7df-56fd697ac139","Rissa tridactyla",2020
"HumanObservation",2023,70.2681421806,31.034365407,"2023-06-23T16:21:00+02:00",NA,"Fratercula arctica","81c4bcaa-01ca-45f6-82a1-038319dfef9d","Fratercula arctica",2020
"HumanObservation",2023,65.5007638883,-24.5279788883,"2023-07-16T13:39:00+00:00",NA,"Fratercula arctica","81e088ae-595d-49f9-92fe-06dbd8544084","Fratercula arctica",2020
"HumanObservation",2023,63.512938,-20.126038,"2023-08-26T07:04:00+00:00",NA,"Fratercula arctica","81ee3437-c451-4937-9435-de56bedb1c58","Fratercula arctica",2020
"HumanObservation",2023,62.103825,-7.6539133333,"2023-06-07T15:51:58+01:00",NA,"Fratercula arctica","82a61375-37d1-4d90-98da-4f2aea1302ba","Fratercula arctica",2020
"HumanObservation",2023,78.233795,14.923096,"2023-06-04T19:06:29","1","Balaenoptera musculus","82b069a4-5c2d-4bfa-a8e6-e2e4b6228d22","Balaenoptera musculus",2020
"HumanObservation",2023,63.8807454623,-22.739565238,"2023-05-14T15:51:00+00:00",NA,"Rissa tridactyla","832ea7b9-fa66-4289-a4fd-1b60c23b8340","Rissa tridactyla",2020
"HumanObservation",2023,63.4464703939,-20.2964077145,"2023-07-06T21:04:11+00:00",NA,"Fratercula arctica","83322ddb-dbf3-434b-a552-2244a6ccbfce","Fratercula arctica",2020
"HumanObservation",2023,70.3181546803,31.0185584987,"2023-06-23T15:09:00+02:00",NA,"Fratercula arctica","8385ef1d-cf38-45e7-917b-9162fea85052","Fratercula arctica",2020
"HumanObservation",2023,70.2771497429,31.0496744049,"2023-06-23T15:36:00+02:00",NA,"Fratercula arctica","83c6c404-1e73-42ea-9be2-84d395d2ce60","Fratercula arctica",2020
"HumanObservation",2023,58.3868966001,-5.1976759873,"2023-06-05T13:51:00+01:00",NA,"Fratercula arctica","840df37b-a30a-4fd9-96b1-119d7d14146b","Fratercula arctica",2020
"HumanObservation",2023,65.5423752963,-13.7563188002,"2023-05-11T22:06:46+00:00",NA,"Fratercula arctica","841fea01-9981-43e1-b6a5-4fe6c8bd3852","Fratercula arctica",2020
"HumanObservation",2023,70.264497321,31.0067536872,"2023-06-23T16:58:00+02:00",NA,"Fratercula arctica","84a67330-adfe-4674-9f2d-c4e8edbcc4ad","Fratercula arctica",2020
"HumanObservation",2023,64.886780555,-24.041315555,"2023-07-14T12:51:00+00:00",NA,"Rissa tridactyla","84fe9419-a8a8-4737-9668-68780b6e156a","Rissa tridactyla",2020
"HumanObservation",2023,70.3862018012,31.03416997,"2023-06-23T16:19:00+02:00",NA,"Fratercula arctica","8500a51b-ec36-4e66-930b-5bef47dbc3d1","Fratercula arctica",2020
"HumanObservation",2023,66.5469642263,-18.0196956302,"2023-06-03T08:30:00+00:00",NA,"Rissa tridactyla","856cd7da-32d0-4ae1-ad8a-5e6fbfeacdb4","Rissa tridactyla",2020
"HumanObservation",2023,63.4026175,-19.131128055,"2023-07-23T18:40:00+00:00",NA,"Fratercula arctica","857627ef-7278-464b-99b2-628605106b5c","Fratercula arctica",2020
"HumanObservation",2023,65.2684852122,-14.1963321716,"2023-06-12T11:07:35+00:00",NA,"Fratercula arctica","85b3ac24-64c7-4f31-9d75-c9015634811e","Fratercula arctica",2020
"HumanObservation",2023,69.416667,15.75,"2023-07-10T18:16:50","1","Physeter macrocephalus","85edd6c8-01e5-496e-b073-674f0f06edd0","Physeter macrocephalus",2020
"HumanObservation",2023,64.92952405,-18.9127397,"2023-11-30T19:53:09+00:00",NA,"Fratercula arctica","864c23ea-a950-4a3a-991f-37b743a2fbc9","Fratercula arctica",2020
"HumanObservation",2023,77.0169945733,15.8746128065,"2023-07-08T15:47:00+02:00",NA,"Rissa tridactyla","86a70b05-b915-476e-ab68-e77ba5d1a662","Rissa tridactyla",2020
"HumanObservation",2023,70.3414339704,31.1616285583,"2023-06-23T15:28:56+02:00",NA,"Fratercula arctica","86d66905-6208-48a0-a1d8-e7e49919b8af","Fratercula arctica",2020
"HumanObservation",2023,70.3346854161,31.0602203795,"2023-06-23T17:40:00+02:00",NA,"Rissa tridactyla","871edd8d-1376-4fe3-a730-b6862eb02699","Rissa tridactyla",2020
"HumanObservation",2023,69.7764674026,18.9226647106,"2023-06-20T15:59:14+02:00",NA,"Rissa tridactyla","882b7edb-73bc-44ea-ba4a-7f50afc45db6","Rissa tridactyla",2020
"HumanObservation",2023,80.7518851033,20.5074712726,"2023-07-30T11:28:00+02:00",NA,"Fratercula arctica","884f4433-6b62-4e91-9844-32e946008237","Fratercula arctica",2020
"HumanObservation",2023,64.0281143188,-22.064868927,"2023-06-27T11:32:00+00:00",NA,"Fratercula arctica","88726b29-fdcc-4754-9e9a-3309de352dfc","Fratercula arctica",2020
"HumanObservation",2023,70.2133124586,31.0640401838,"2023-06-04T09:41:31+02:00",NA,"Rissa tridactyla","8874604e-43fc-4da2-a2fd-ad3b68913c99","Rissa tridactyla",2020
"HumanObservation",2023,63.4337463379,-19.1547031403,"2023-08-02T10:34:10+00:00",NA,"Fratercula arctica","88b18aa7-b533-4c3c-8cba-29e233d7018c","Fratercula arctica",2020
"HumanObservation",2023,63.4415675,-20.2767246,"2023-07-06T19:27:12+00:00",NA,"Rissa tridactyla","88f691eb-71a7-4179-b5a5-ecd18f563a5a","Rissa tridactyla",2020
"HumanObservation",2023,63.4026397217,-19.1310472217,"2023-07-23T18:39:00+00:00",NA,"Fratercula arctica","88f8be92-9b08-4b65-a63a-08095dd223a4","Fratercula arctica",2020
"HumanObservation",2023,70.2779741051,31.0757522103,"2023-06-23T16:36:00+02:00",NA,"Fratercula arctica","89095b54-5918-40db-ae1f-df03e0c74308","Fratercula arctica",2020
"HumanObservation",2023,70.361719709,31.0834302122,"2023-06-23T16:42:00+02:00",NA,"Fratercula arctica","895b755b-cf97-4fb2-86a0-1bbe122b9fbd","Fratercula arctica",2020
"HumanObservation",2023,65.5294241767,-24.5654328125,"2023-07-02T17:42:00+00:00",NA,"Fratercula arctica","898b0b47-220c-4592-991a-207d4b6cc8bd","Fratercula arctica",2020
"HumanObservation",2023,79.1254160744,11.8782265889,"2023-06-27T09:25:00+02:00",NA,"Fratercula arctica","8a42bc2d-294f-46f0-801c-6d16e437b07b","Fratercula arctica",2020
"HumanObservation",2023,70.3382123255,31.0033838799,"2023-06-23T15:27:00+02:00",NA,"Fratercula arctica","8a65db6d-984e-4219-97de-ab5d5dd6ca6e","Fratercula arctica",2020
"HumanObservation",2023,58.6706709232,-3.3776352413,"2023-06-04T09:01:00+01:00",NA,"Fratercula arctica","8b60e0b0-215d-4bda-86b7-fdaae10f65c9","Fratercula arctica",2020
"HumanObservation",2023,63.4021210858,-19.1316471797,"2023-08-07T10:19:00+00:00",NA,"Fratercula arctica","8b874ed9-0d77-4880-85df-16738d14fdd9","Fratercula arctica",2020
"HumanObservation",2023,79.839244,17.984619,"2023-07-15T14:03:36","1","Balaenoptera musculus","8bf8f504-f048-49a9-b266-8df18fc28a45","Balaenoptera musculus",2020
"HumanObservation",2023,64.7842161008,-17.2083454501,"2023-08-01T15:06:00+00:00",NA,"Rissa tridactyla","8c5f4639-c94c-43dc-a5dd-42af0e881197","Rissa tridactyla",2020
"HumanObservation",2023,63.4638083522,-19.0068485365,"2023-07-27T09:41:08+00:00",NA,"Fratercula arctica","8ceda43d-8da7-48de-bc81-9f4f080a45be","Fratercula arctica",2020
"HumanObservation",2023,66.5423498,-17.9961161,"2023-06-03T11:25:00+00:00",NA,"Fratercula arctica","8d15c77c-df17-4e0f-9edc-60b3c0a0cc05","Fratercula arctica",2020
"HumanObservation",2023,66.537630555,-18.0106808333,"2023-07-20T13:33:00+00:00",NA,"Fratercula arctica","8d4c7ff6-a95d-40b2-ab6d-8e0833795cd6","Fratercula arctica",2020
"HumanObservation",2023,64.9311193891,-24.0130216429,"2023-05-31T14:34:00+00:00",NA,"Rissa tridactyla","8dba37e8-805d-4144-bec2-da6b93b1411e","Rissa tridactyla",2020
"HumanObservation",2023,65.542569,-13.755936,"2023-08-11T08:03:00+00:00",NA,"Rissa tridactyla","8dc90ae5-efd6-459a-a88f-b4b370c4575b","Rissa tridactyla",2020
"HumanObservation",2023,70.1695407522,29.2427035925,"2023-06-23T12:25:00+02:00",NA,"Rissa tridactyla","8dd51505-cceb-4d7e-aa36-cee788c53b58","Rissa tridactyla",2020
"HumanObservation",2023,70.248394873,31.1446318783,"2023-06-23T15:09:00+02:00",NA,"Fratercula arctica","8e707bd3-0ab1-428f-a5b3-395aea8d5278","Fratercula arctica",2020
"HumanObservation",2023,70.2404391472,31.0734705462,"2023-06-23T17:23:00+02:00",NA,"Rissa tridactyla","8e750127-5807-40e8-b462-6a37207194fd","Rissa tridactyla",2020
"HumanObservation",2023,59.9753461901,-1.3451234568,"2023-06-14T16:54:43+01:00",NA,"Fratercula arctica","8eaa7f1e-3c55-4ea5-b05a-2698a4f86108","Fratercula arctica",2020
"HumanObservation",2023,70.2213218874,31.0786894774,"2023-06-23T17:27:00+02:00",NA,"Rissa tridactyla","8f636cef-0550-41eb-8f51-53b44fbcb957","Rissa tridactyla",2020
"HumanObservation",2023,62.361908277,-6.7860282831,"2023-07-17T12:02:00+01:00",NA,"Rissa tridactyla","8f68edec-d08c-4f82-98da-2b0f8de531f2","Rissa tridactyla",2020
"HumanObservation",2023,65.3880614153,-22.9534548451,"2023-06-22T12:49:00+00:00",NA,"Fratercula arctica","8fce1356-e1ea-41d7-874e-eb73cb98ebad","Fratercula arctica",2020
"HumanObservation",2023,70.3612576642,31.1724899205,"2023-06-23T16:37:00+02:00",NA,"Fratercula arctica","9031d073-2481-4f75-9d3d-55e2da6a1cdd","Fratercula arctica",2020
"HumanObservation",2023,65.496683055,-24.5151058333,"2023-07-16T14:11:00+00:00",NA,"Fratercula arctica","90940268-b426-4d0b-a265-52ab91dfbad3","Fratercula arctica",2020
"HumanObservation",2023,58.6407374922,-3.0265838653,"2023-05-26",NA,"Fratercula arctica","90f6ca94-0440-4d2f-a19a-3493964a884d","Fratercula arctica",2020
"HumanObservation",2023,64.1458772871,-21.9252517123,"2023-06-01T13:15:35+00:00",NA,"Fratercula arctica","90f9e33c-313c-44d1-9b1d-34d186114857","Fratercula arctica",2020
"HumanObservation",2023,70.2316866324,31.1045695922,"2023-06-23T16:19:00+02:00",NA,"Fratercula arctica","912d240a-f387-4d04-a5ee-074be135c296","Fratercula arctica",2020
"HumanObservation",2023,64.8618475395,-24.0383397336,"2023-05-31T18:00:00+00:00",NA,"Rissa tridactyla","9150c53b-e324-4b9e-900b-d94d34c210e1","Rissa tridactyla",2020
"HumanObservation",2023,70.2726253853,31.0445382584,"2023-06-04T10:46:50+02:00",NA,"Fratercula arctica","921ba6d0-4b3a-4f6a-a495-2579c5ec7cca","Fratercula arctica",2020
"HumanObservation",2023,66.1,-17.5,"2023-06-11T11:00","1","Balaenoptera musculus","92726059-8694-4bda-800b-9774e9800dc3","Balaenoptera musculus",2020
"HumanObservation",2023,70.2885307746,31.1311843923,"2023-06-23T17:39:00+02:00",NA,"Rissa tridactyla","929903ff-f160-4dcc-bd9c-dd79b6a860e1","Rissa tridactyla",2020
"HumanObservation",2023,78.1776100992,13.9504903726,"2023-07-10T22:02:00+02:00",NA,"Rissa tridactyla","92d7c34c-0cc7-4630-8d70-ecab5afabfaf","Rissa tridactyla",2020
"HumanObservation",2023,70.2246206115,31.0494507902,"2023-06-29T12:54:00+02:00",NA,"Fratercula arctica","92f3db0d-a212-4c73-9a69-29ed4ae8eed7","Fratercula arctica",2020
"HumanObservation",2023,70.327967127,31.0841372925,"2023-07-01T12:00:00+02:00",NA,"Fratercula arctica","93220e8c-af70-4aed-91ae-e47f517c0960","Fratercula arctica",2020
"HumanObservation",2023,63.4222774772,-19.0144315646,"2023-08-15T14:02:42+00:00",NA,"Fratercula arctica","93817b51-9e39-4e2e-862c-6a726eb95994","Fratercula arctica",2020
"HumanObservation",2023,70.3470854039,31.118884366,"2023-03-24T12:15:00+01:00",NA,"Fratercula arctica","9393e832-53b7-47b2-98be-b501db882e80","Fratercula arctica",2020
"HumanObservation",2023,69.7547921011,18.8513545812,"2023-07-10T06:56:00+02:00",NA,"Rissa tridactyla","93a401aa-6af5-45a2-b136-a455e2657d7e","Rissa tridactyla",2020
"HumanObservation",2023,62.1106874997,-7.4432808,"2023-07-20T15:52:49+01:00",NA,"Fratercula arctica","94c19b9e-d60f-477c-b705-cc8b1234c89d","Fratercula arctica",2020
"HumanObservation",2023,63.4043950427,-19.1029287457,"2023-08-07T12:21:00+00:00",NA,"Fratercula arctica","94cd9ddd-f4b7-4878-82d9-6604bfd3a3ed","Fratercula arctica",2020
"HumanObservation",2023,79.9855,13.7589,"2023-07-05T11:15:00+02:00",NA,"Rissa tridactyla","94e8bea1-b233-481c-b2b4-4610943e416d","Rissa tridactyla",2020
"HumanObservation",2023,79.7971744192,11.9514019567,"2023-06-19T18:10:00+02:00",NA,"Fratercula arctica","94ec66ca-af10-405b-a707-24fab00afab0","Fratercula arctica",2020
"HumanObservation",2023,63.4220405213,-20.2883685777,"2023-07-24T14:06:00+00:00",NA,"Fratercula arctica","9522aed5-0a09-4358-b362-a077e649feb7","Fratercula arctica",2020
"HumanObservation",2023,70.2981364039,31.0131917433,"2023-06-23T17:22:00+02:00",NA,"Rissa tridactyla","9527b7ce-e911-44e7-a4c3-787243c385be","Rissa tridactyla",2020
"HumanObservation",2023,77.5563222055,15.0581344217,"2023-09-25T08:58:00+02:00",NA,"Rissa tridactyla","95370735-d47c-4ef8-87ac-bfe42f1018f9","Rissa tridactyla",2020
"HumanObservation",2023,79.6016122548,18.4679439551,"2023-07-14T16:01:00+02:00",NA,"Rissa tridactyla","958a5c3b-560d-451d-9d8f-51bc4d2efb1b","Rissa tridactyla",2020
"HumanObservation",2023,79.1345367527,11.8134547576,"2023-06-17T16:12:00+02:00",NA,"Rissa tridactyla","965e9206-d36a-475a-ad8f-8625cab24794","Rissa tridactyla",2020
"HumanObservation",2023,69.7489986754,18.9236208318,"2023-07-28T14:02:28+02:00",NA,"Rissa tridactyla","969e890e-a44f-471d-9fd7-428ae1e1e27e","Rissa tridactyla",2020
"HumanObservation",2023,58.5203028163,5.7767508798,"2023-02-08T15:15:00+01:00",NA,"Fratercula arctica","96eec6d6-68ac-4ce4-9868-0fd4e2207a31","Fratercula arctica",2020
"HumanObservation",2023,69.416667,16.333333,"2023-03-24T11:38:04","1","Physeter macrocephalus","97179150-b6dd-4a76-bdbb-020d2a564b2b","Physeter macrocephalus",2020
"HumanObservation",2023,78.1671109574,13.8007805336,"2023-06-24T22:39:00+02:00",NA,"Fratercula arctica","9718c559-3859-462c-aadc-25dfa203346c","Fratercula arctica",2020
"HumanObservation",2023,70.0417624599,30.0229544405,"2023-06-28T16:49:00+02:00",NA,"Rissa tridactyla","9770503c-04a8-4393-9c26-82fc4af94d1e","Rissa tridactyla",2020
"HumanObservation",2023,70.3570955558,31.0669148788,"2023-06-23T17:39:00+02:00",NA,"Rissa tridactyla","978f9278-d360-4588-b25e-d2fd0cc53028","Rissa tridactyla",2020
"HumanObservation",2023,62.4138556657,5.7787691127,"2023-05-30T12:02:00+02:00",NA,"Fratercula arctica","97b9fcb8-3e04-48c7-adcc-9abca5cb9a9e","Fratercula arctica",2020
"HumanObservation",2023,63.4034852871,-20.2879448796,"2023-05-31T09:59:00+00:00",NA,"Fratercula arctica","9814f95b-4cd3-49ba-81cc-fbc9bf8f3862","Fratercula arctica",2020
"HumanObservation",2023,70.2098951111,31.0666961647,"2023-06-23T15:34:00+02:00",NA,"Fratercula arctica","98fc18c8-ecf6-49ad-a6fe-008f27758f16","Fratercula arctica",2020
"HumanObservation",2023,78.0632380316,13.5674833656,"2023-06-08T08:44:00+02:00",NA,"Fratercula arctica","99033b12-4c70-487a-8101-5f8d85fe4987","Fratercula arctica",2020
"HumanObservation",2023,70.3424870754,31.0158797704,"2023-06-23T15:07:00+02:00",NA,"Fratercula arctica","991aa498-2d18-4c41-9ea5-f26dda8c246a","Fratercula arctica",2020
"HumanObservation",2023,70.3086415647,31.0844558988,"2023-06-23T17:38:00+02:00",NA,"Rissa tridactyla","99a02e90-94f6-468b-a030-b0e20bae1b1c","Rissa tridactyla",2020
"HumanObservation",2023,70.36433576,31.157576562,"2023-06-23T17:25:51+02:00",NA,"Rissa tridactyla","99d0e326-bdad-44f4-bc72-ac4f8ee116c1","Rissa tridactyla",2020
"HumanObservation",2023,71.0287056755,25.3173828464,"2023-07-17T12:47:00+02:00",NA,"Rissa tridactyla","9a0429b1-4639-4593-a076-97e7cb4c368d","Rissa tridactyla",2020
"HumanObservation",2023,70.2833132094,31.1798470582,"2023-06-23T17:25:00+02:00",NA,"Rissa tridactyla","9a50e4e2-2a07-4aee-b834-1f260d4ee67c","Rissa tridactyla",2020
"HumanObservation",2023,70.2910698135,31.1007586853,"2023-06-23T17:03:00+02:00",NA,"Fratercula arctica","9a51eff1-6a12-40e2-8ea9-8ecb6d6ae3da","Fratercula arctica",2020
"HumanObservation",2023,64.7683335673,-23.6181334513,"2023-06-02T13:09:24+00:00",NA,"Rissa tridactyla","9a631a30-d2f8-4bca-bd06-4e51ab4bc292","Rissa tridactyla",2020
"HumanObservation",2023,78.115,11.435,"2023-06-29T20:36:00","1","Balaenoptera musculus","9a8eb0c3-603e-4838-a0f2-9b7ffa7752b0","Balaenoptera musculus",2020
"HumanObservation",2023,70.2528895169,31.055749887,"2023-06-23T17:38:00+02:00",NA,"Rissa tridactyla","9a9556cc-e2cd-4167-864f-ab31c2d019d5","Rissa tridactyla",2020
"HumanObservation",2023,66.0917435016,-17.5682442916,"2023-10-01T10:23:00+00:00",NA,"Rissa tridactyla","9afd9d1d-2e14-49f9-b244-0bc1f422130c","Rissa tridactyla",2020
"HumanObservation",2023,69.6597680157,18.9449322437,"2023-07-29T11:28:19+02:00",NA,"Rissa tridactyla","9b17ed9a-cdea-491c-8ffa-9ccf25ce3f47","Rissa tridactyla",2020
"HumanObservation",2023,66.248807,-17.475959,"2023-06-02T12:26:19","1","Balaenoptera musculus","9b58eefb-e1ce-408f-ba28-1e7160c82d3d","Balaenoptera musculus",2020
"HumanObservation",2023,70.1835775302,30.1185753397,"2023-06-23T13:27:00+02:00",NA,"Rissa tridactyla","9c0e15a7-20bd-4803-a188-740163b2e3c9","Rissa tridactyla",2020
"HumanObservation",2023,66.161326,-17.443542,"2023-06-16T11:04:53","1","Balaenoptera musculus","9c0f6ca2-2925-4b3d-87a7-a6468b89cab8","Balaenoptera musculus",2020
"HumanObservation",2023,66.5305480575,-17.992218174,"2023-06-21T15:35:00+00:00",NA,"Fratercula arctica","9c455830-0fad-4d41-8568-6e06154dc78d","Fratercula arctica",2020
"HumanObservation",2023,63.4451330824,-20.2602900122,"2023-07-24T14:14:00+00:00",NA,"Fratercula arctica","9c95b903-c7e9-47be-a242-8f81e23ec98b","Fratercula arctica",2020
"HumanObservation",2023,66.5293746602,-17.9915706708,"2023-07-20T14:11:00+00:00",NA,"Fratercula arctica","9cac131a-54e6-4fd2-8f22-d31f7b75e3d7","Fratercula arctica",2020
"HumanObservation",2023,69.7941434961,30.7764932151,"2023-07-04T16:47:00+02:00",NA,"Rissa tridactyla","9df80910-e637-41e1-8152-268c8f03ca7e","Rissa tridactyla",2020
"HumanObservation",2023,62.3277523185,-6.9405859406,"2023-07-13T13:25:00+01:00",NA,"Fratercula arctica","9e132c53-c111-4718-88ce-154530948cd5","Fratercula arctica",2020
"HumanObservation",2023,66.075622,-19.253943,"2023-06-11T12:03:00+00:00",NA,"Rissa tridactyla","9f73e4a6-4272-4f67-ab7d-3dfae1cadf95","Rissa tridactyla",2020
"HumanObservation",2023,63.8847461597,-22.7404024154,"2023-06-10T11:33:00+00:00",NA,"Rissa tridactyla","9f773881-072f-4b76-8425-e685c90c99d6","Rissa tridactyla",2020
"HumanObservation",2023,66.3136305076,12.2867084965,"2023-07-14T09:51:00+02:00",NA,"Fratercula arctica","9f7d628d-c272-4214-b042-0bd8be819072","Fratercula arctica",2020
"HumanObservation",2023,79.8978797174,11.8445665473,"2023-06-03T08:20:00+02:00",NA,"Rissa tridactyla","9fcae67a-09f4-42bd-93b1-20c91be1cc6d","Rissa tridactyla",2020
"HumanObservation",2023,63.4036714169,-19.1307114353,"2023-07-16T08:59:41+00:00",NA,"Fratercula arctica","9fe64026-5f0b-4ac5-ad1c-c6ed53f0e469","Fratercula arctica",2020
"HumanObservation",2023,64.17776205,-21.6943761,"2023-08-17T12:18:33+00:00",NA,"Fratercula arctica","a0196146-98ee-41f6-8eeb-8eaa55ba8c28","Fratercula arctica",2020
"HumanObservation",2023,70.2969927905,31.079573646,"2023-06-23T17:20:00+02:00",NA,"Rissa tridactyla","a04f9ff8-f46d-4f90-88fd-19d6c3cd4225","Rissa tridactyla",2020
"HumanObservation",2023,58.9462055556,-3.3392694444,"2023-09-05T09:53:00+01:00",NA,"Fratercula arctica","a06edf58-a0e5-410e-8f26-caeb0a685a93","Fratercula arctica",2020
"HumanObservation",2023,78.0823160113,20.8111980296,"2023-07-15T15:13:00+02:00",NA,"Rissa tridactyla","a0a504c7-6a23-42e4-9fdd-4fc48d89be5d","Rissa tridactyla",2020
"HumanObservation",2023,79.041137,11.056246,"2023-07-14T18:40","1","Balaenoptera musculus","a1c36ff7-2315-46d2-b454-2306b19f7f04","Balaenoptera musculus",2020
"HumanObservation",2023,65.5038829971,-24.5285354205,"2023-07-25T20:55:00+00:00",NA,"Fratercula arctica","a254abe0-c3cd-4d05-b7fe-a97e02e85603","Fratercula arctica",2020
"HumanObservation",2023,64.7680555556,-23.6480555556,"2023-08-19T13:00:53+00:00",NA,"Rissa tridactyla","a2987128-ee6a-4287-b5a4-1db77a27c456","Rissa tridactyla",2020
"HumanObservation",2023,57.6973328678,11.6085908729,"2023-10-14T12:26:02+02:00",NA,"Fratercula arctica","a2a3f4b3-bd7b-4cdc-a9fe-8963ffc51926","Fratercula arctica",2020
"HumanObservation",2023,66.0476,-22.8271,"2023-08-11T14:41:12+00:00",NA,"Fratercula arctica","a3078ba9-d377-47ed-8f15-6615e8c3f41f","Fratercula arctica",2020
"HumanObservation",2023,58.3865259915,-5.193526197,"2023-06-28T14:11:00+01:00",NA,"Fratercula arctica","a3195e8a-67f0-44b5-a93e-7b3633930169","Fratercula arctica",2020
"HumanObservation",2023,69.6508861198,18.8264194423,"2023-07-29T15:33:19+02:00",NA,"Rissa tridactyla","a36df347-a6f6-473b-bb00-3dd81024ceb7","Rissa tridactyla",2020
"HumanObservation",2023,65.2826424083,-13.9365387607,"2023-05-25T21:55:00+00:00",NA,"Rissa tridactyla","a380af1f-3051-4a13-b837-a41ed7801492","Rissa tridactyla",2020
"HumanObservation",2023,65.5421703649,-13.7545709524,"2023-07-15T18:32:49+00:00",NA,"Fratercula arctica","a4263e56-b950-4cb8-9086-47be8560890f","Fratercula arctica",2020
"HumanObservation",2023,71.1633856147,25.3455317702,"2023-07-28T12:16:05+02:00",NA,"Fratercula arctica","a4594147-fde8-4c49-bc82-1722651da749","Fratercula arctica",2020
"HumanObservation",2023,78.5298877125,16.0259224219,"2023-06-15T13:45:00+02:00",NA,"Rissa tridactyla","a4b5f2bf-ecf4-4493-bf6a-ff47db16a424","Rissa tridactyla",2020
"HumanObservation",2023,64.9157628163,-13.7432698533,"2023-05-24",NA,"Fratercula arctica","a4c0902a-ddc6-466b-add4-bb496587e7a7","Fratercula arctica",2020
"HumanObservation",2023,57.1584805556,9.0246805556,"2023-06-05T08:23:00+02:00",NA,"Rissa tridactyla","a51e929f-cb57-4a0b-bee1-967836c3623b","Rissa tridactyla",2020
"HumanObservation",2023,65.5012416667,-24.529375,"2023-06-25T00:17:32+00:00",NA,"Fratercula arctica","a5204cd2-8687-43e2-a923-2e299319630e","Fratercula arctica",2020
"HumanObservation",2023,70.2760852388,31.1602606988,"2023-06-29T10:14:00+02:00",NA,"Fratercula arctica","a5716dd8-a428-4b66-909b-a8032ceeb203","Fratercula arctica",2020
"HumanObservation",2023,62.008723613,-6.6715838301,"2023-06-25T12:32:00+01:00",NA,"Fratercula arctica","a71cf405-cb44-4a12-a8b8-21101cbbce67","Fratercula arctica",2020
"HumanObservation",2023,70.165012,21.097046,"2023-10-20","1","Balaenoptera physalus","a74fc284-869a-4ca8-a792-fe567a9148bb","Balaenoptera physalus",2020
"HumanObservation",2023,61.3148710121,-1.5550655331,"2023-10-05T09:04:00+00:00",NA,"Rissa tridactyla","a7606f10-454a-49a9-a6a1-244a7cef67cd","Rissa tridactyla",2020
"HumanObservation",2023,70.1765580176,30.1099674799,"2023-05-30T12:35:00+02:00",NA,"Rissa tridactyla","a77add03-bb08-4b18-8d7d-0dc1813bf45a","Rissa tridactyla",2020
"HumanObservation",2023,63.4461217298,-20.2547649445,"2023-07-24T14:16:00+00:00",NA,"Fratercula arctica","a8098caf-c3a8-43dd-98ff-784e6e03e6b7","Fratercula arctica",2020
"HumanObservation",2023,79.3125916667,11.6363033333,"2023-07-13T15:01:02+02:00",NA,"Fratercula arctica","a8552364-253d-4b18-87b4-0abf2edf308c","Fratercula arctica",2020
"HumanObservation",2023,63.4017866667,-19.1230111667,"2023-07-06T04:25:02+00:00",NA,"Fratercula arctica","a879dddb-ac0f-43b8-9b61-09fc621b9f77","Fratercula arctica",2020
"HumanObservation",2023,62.327331543,-6.941716671,"2023-08-01T18:10:11+01:00",NA,"Fratercula arctica","a8a0b21c-24d1-4b2e-a39b-7661a42f832c","Fratercula arctica",2020
"HumanObservation",2023,70.2865534096,31.1579047407,"2023-06-23T14:53:00+02:00",NA,"Rissa tridactyla","a8b34677-29a0-429f-9a88-15fac6c56a0e","Rissa tridactyla",2020
"HumanObservation",2023,63.4035,-20.2871,"2023-07-27T16:42:11+00:00",NA,"Fratercula arctica","a8bb8f0a-3e47-4b87-9ab6-eba975d6c3e7","Fratercula arctica",2020
"HumanObservation",2023,70.9582111416,-8.1551141996,"2023-09-28T11:49:00+02:00",NA,"Rissa tridactyla","a8d4b2cf-c923-4c29-92eb-1ecca6f0618e","Rissa tridactyla",2020
"HumanObservation",2023,66.537613055,-18.0104833333,"2023-07-20T13:20:00+00:00",NA,"Fratercula arctica","a90800dc-b146-4694-a801-d2c6cff8d084","Fratercula arctica",2020
"HumanObservation",2023,65.500799445,-24.528046945,"2023-07-16T13:36:00+00:00",NA,"Fratercula arctica","a9511653-b10d-4fc5-8b81-5a66280c2b38","Fratercula arctica",2020
"HumanObservation",2023,70.260363649,31.0363733891,"2023-06-29T15:59:00+02:00",NA,"Rissa tridactyla","a99d1a3a-04f0-4b07-ab8b-c6323252d3f0","Rissa tridactyla",2020
"HumanObservation",2023,69.1995145244,16.8188002769,"2023-07-26T07:56:37+02:00",NA,"Fratercula arctica","a9b40e0e-8e57-4640-8615-d46e62394fb3","Fratercula arctica",2020
"HumanObservation",2023,66.5316940941,-17.9948135465,"2023-06-21T15:30:13+00:00",NA,"Fratercula arctica","a9ef9b3a-35eb-44b2-8162-636a85cdc822","Fratercula arctica",2020
"HumanObservation",2023,76.4977,15.9213,"2023-09-13T08:38:00+02:00",NA,"Rissa tridactyla","aa03e65a-3032-474a-816b-8eebfa961c1b","Rissa tridactyla",2020
"HumanObservation",2023,70.3729281221,31.0152608329,"2023-06-23T17:27:00+02:00",NA,"Rissa tridactyla","aa55b3fa-0987-4c0c-978f-4439e10ff268","Rissa tridactyla",2020
"HumanObservation",2023,62.3278607651,-6.940713685,"2023-07-13T13:34:00+01:00",NA,"Fratercula arctica","aa9f5fd6-b039-4aab-a41e-a04d3b664dc3","Fratercula arctica",2020
"HumanObservation",2023,67.8310525225,13.1751995818,"2023-06-11T11:42:01+02:00",NA,"Rissa tridactyla","ab5d7db5-14c3-4ced-8769-74f1cabbbe38","Rissa tridactyla",2020
"HumanObservation",2023,59.1382590102,-3.3310213306,"2023-06-04T14:32:46+01:00",NA,"Fratercula arctica","ab903a08-7a3a-4880-8e64-6c5cd494d029","Fratercula arctica",2020
"HumanObservation",2023,63.4450266958,-20.2614583281,"2023-07-24T14:41:00+00:00",NA,"Fratercula arctica","abbd2f20-e48a-41d9-b24c-733a40c1a21b","Fratercula arctica",2020
"HumanObservation",2023,78.1930319501,21.2632055102,"2023-07-07T12:43:00+02:00",NA,"Rissa tridactyla","abc810bf-6a50-4147-8083-dbee7085294a","Rissa tridactyla",2020
"HumanObservation",2023,65.5419906147,-13.7543657515,"2023-06-19T11:35:59+00:00",NA,"Fratercula arctica","ac2c6a67-4516-4a75-b7f4-6b2f36ddfc67","Fratercula arctica",2020
"HumanObservation",2023,64.91505,-24.220017,"2023-05-14T21:50","1","Physeter macrocephalus","ac610127-ccf8-4198-adae-e36c82bd1c07","Physeter macrocephalus",2020
"HumanObservation",2023,62.5003402649,5.666564848,"2023-05-30T12:11:00+02:00",NA,"Fratercula arctica","ac7c43d8-5b1a-4a91-96c1-ca879690fe38","Fratercula arctica",2020
"HumanObservation",2023,64.0437345549,-16.1791399968,"2023-02-24T16:53:45+00:00",NA,"Rissa tridactyla","ac9dbc76-cd94-4514-9145-461b7d334c9c","Rissa tridactyla",2020
"HumanObservation",2023,63.401541559,-19.1284310818,"2023-06-09T20:25:00+00:00",NA,"Fratercula arctica","acb3c8ae-acfe-4881-9f53-cb1b3ca75663","Fratercula arctica",2020
"HumanObservation",2023,63.4356027778,-20.2857694444,"2023-07-09T10:10:08+00:00",NA,"Fratercula arctica","acd18028-2ad5-4a14-b4b0-8fa7c10b74a4","Fratercula arctica",2020
"HumanObservation",2023,64.963051,-19.020835,"2023-06-08T08:49:00+00:00",NA,"Fratercula arctica","ace94613-c27c-4d04-8b17-15e688a475a8","Fratercula arctica",2020
"HumanObservation",2023,63.4386133639,-20.3018240129,"2023-07-24T19:34:00+00:00",NA,"Rissa tridactyla","acebc69c-5c6e-4929-b0c8-3ec123b6a81a","Rissa tridactyla",2020
"HumanObservation",2023,70.3910230086,31.1920043665,"2023-06-29T16:00:00+02:00",NA,"Rissa tridactyla","ad08bcf1-8bc6-47c5-b9d3-4e9786b8a37c","Rissa tridactyla",2020
"HumanObservation",2023,77.0538992565,15.8955726437,"2023-06-22T12:53:00+02:00",NA,"Fratercula arctica","ad0d8e92-233c-4517-b99d-99156c5dfedd","Fratercula arctica",2020
"HumanObservation",2023,63.4450266958,-20.2614583281,"2023-07-24T14:29:00+00:00",NA,"Fratercula arctica","ad233410-987b-4313-b786-c75f90c00eb3","Fratercula arctica",2020
"HumanObservation",2023,64.176098718,-21.8848326271,"2023-07-23T22:11:12+00:00",NA,"Fratercula arctica","adcc08c0-8258-4ea3-adeb-7a85d3b72456","Fratercula arctica",2020
"HumanObservation",2023,78.16552785,13.9523453645,"2023-07-10T21:57:00+02:00",NA,"Fratercula arctica","ade372a8-df01-4696-a17e-82d5c39e6307","Fratercula arctica",2020
"HumanObservation",2023,62.5332194146,5.7592809241,"2023-07-16T13:31:25+02:00",NA,"Fratercula arctica","ae35409c-93cb-4f68-9a72-4db8e9bd5f89","Fratercula arctica",2020
"HumanObservation",2023,79.0216780499,11.643542979,"2023-06-09T12:32:00+02:00",NA,"Fratercula arctica","ae535d65-8216-4643-90bb-7e5c47920ddb","Fratercula arctica",2020
"HumanObservation",2023,70.3620044375,31.014670934,"2023-06-23T15:12:00+02:00",NA,"Rissa tridactyla","aea7b1b0-ced1-46f6-80d1-9adb749521fa","Rissa tridactyla",2020
"HumanObservation",2023,66.0475166667,-22.827055,"2023-07-24T11:34:35+00:00",NA,"Fratercula arctica","aeb73501-76ef-431d-833f-00aab0950623","Fratercula arctica",2020
"HumanObservation",2023,63.4480098239,-20.2477585621,"2023-05-29T13:50:00+00:00",NA,"Rissa tridactyla","aecea04c-d09a-4a2e-933f-6bbac52c053b","Rissa tridactyla",2020
"HumanObservation",2023,66.5327157524,-17.9967240541,"2023-07-20T14:40:00+00:00",NA,"Fratercula arctica","af4bd940-2a3a-4a79-aaa0-ecf9dc8c0156","Fratercula arctica",2020
"HumanObservation",2023,78.115,11.435,"2023-06-29T22:27:13","1","Balaenoptera musculus","af928ec9-dd3c-43f7-8d0a-f7e0c92191d0","Balaenoptera musculus",2020
"HumanObservation",2023,59.8545598997,-1.2745954997,"2023-07-16T12:09:42+01:00",NA,"Fratercula arctica","af9bab4b-3bca-4282-b3b3-9e40649fe16d","Fratercula arctica",2020
"HumanObservation",2023,79.2157966667,11.8740216667,"2023-06-22T05:29:32+02:00",NA,"Fratercula arctica","b09a92c8-d006-43db-9629-bdfac5b02995","Fratercula arctica",2020
"HumanObservation",2023,69.7041105189,18.89602156,"2023-07-29T11:38:19+02:00",NA,"Rissa tridactyla","b0da0efd-e67d-490d-82f8-a71d929f321e","Rissa tridactyla",2020
"HumanObservation",2023,70.071389,21.136889,"2023-12-09T09:41","1","Physeter macrocephalus","b0fa6f1e-a795-48e6-bfdd-19fde8b20c31","Physeter macrocephalus",2020
"HumanObservation",2023,71.11135,26.1669916667,"2023-05-19T12:44:56+02:00",NA,"Rissa tridactyla","b108f0db-88a2-429d-961a-576a3b453b31","Rissa tridactyla",2020
"HumanObservation",2023,79.7314666029,12.1046116386,"2023-06-26T09:42:00+02:00",NA,"Fratercula arctica","b10b9417-7e7d-411c-b59d-d0dc860b23d5","Fratercula arctica",2020
"HumanObservation",2023,63.4039290366,-19.1040226445,"2023-08-11T18:28:46+00:00",NA,"Fratercula arctica","b13d8c32-3566-4e0c-8a15-ff945322b1a0","Fratercula arctica",2020
"HumanObservation",2023,70.2930933066,31.0155577135,"2023-06-23T16:55:00+02:00",NA,"Fratercula arctica","b1542fc9-16d9-4715-b7f1-858723a1caad","Fratercula arctica",2020
"HumanObservation",2023,66.5376672217,-18.010714445,"2023-07-20T13:37:00+00:00",NA,"Fratercula arctica","b1605d89-93df-4bb1-a1b3-bd8da4d80cc1","Fratercula arctica",2020
"HumanObservation",2023,68.3184872022,-14.316704616,"2023-09-29T08:42:00-01:00",NA,"Rissa tridactyla","b1e7ca34-49d7-4ce6-be51-0028384f4c7a","Rissa tridactyla",2020
"HumanObservation",2023,64.975674,-24.088898,"2023-06-01T11:30:02","1","Physeter macrocephalus","b20811db-ed10-4f1f-ae94-8b37d8470dc4","Physeter macrocephalus",2020
"HumanObservation",2023,70.3841961484,31.0898687474,"2023-06-23T15:30:00+02:00",NA,"Fratercula arctica","b23f18e8-f661-4ac1-8dd7-a63062a3730c","Fratercula arctica",2020
"HumanObservation",2023,78.254059352,21.5457256883,"2023-09-21T10:22:52+02:00",NA,"Rissa tridactyla","b2aff984-5ab1-4039-b48c-fb2b0b199aec","Rissa tridactyla",2020
"HumanObservation",2023,63.4322189959,-20.2793018705,"2023-07-22T12:59:00+00:00",NA,"Rissa tridactyla","b2e0816c-e54a-418e-8a93-3ee7b3b0f6f0","Rissa tridactyla",2020
"HumanObservation",2023,64.7676925,-23.617309445,"2023-07-13T17:16:00+00:00",NA,"Rissa tridactyla","b3136324-05d7-40fd-b824-2c0e90878edb","Rissa tridactyla",2020
"HumanObservation",2023,79.9895,13.138667,"2023-07-28T22:03:44","1","Balaenoptera musculus","b3936270-517f-4122-ab9f-f8505cdf8e85","Balaenoptera musculus",2020
"HumanObservation",2023,65.1888617111,-14.0159925266,"2023-06-07T13:46:00+00:00",NA,"Rissa tridactyla","b3fc1041-930d-467f-82c3-1d34b3344a74","Rissa tridactyla",2020
"HumanObservation",2023,64.0705324,-22.6512494,"2023-06-15T17:54:00+00:00",NA,"Rissa tridactyla","b46afff9-ba55-4095-a55f-8f146eeebd0f","Rissa tridactyla",2020
"HumanObservation",2023,71.0290178519,25.2884397482,"2023-07-28T12:05:10+02:00",NA,"Fratercula arctica","b536f3a2-480f-4c74-b82b-a464a7a356d5","Fratercula arctica",2020
"HumanObservation",2023,70.3779715332,31.1901857391,"2023-06-23T17:26:00+02:00",NA,"Rissa tridactyla","b53b8cb3-54da-4e2b-9621-31269b9c8b3f","Rissa tridactyla",2020
"HumanObservation",2023,63.4002334282,-19.0399101377,"2023-08-12T21:30:00+00:00",NA,"Fratercula arctica","b57afa51-f76b-4d72-a8d2-3c971ba2abe6","Fratercula arctica",2020
"HumanObservation",2023,59.3727331487,-2.4190089375,"2023-07-29T10:29:00+01:00",NA,"Rissa tridactyla","b59e7029-b56b-4e03-8f8c-e116b5e66857","Rissa tridactyla",2020
"HumanObservation",2023,70.342099625,31.1200457889,"2023-06-23T15:32:00+02:00",NA,"Fratercula arctica","b5f081eb-3c1b-4109-b9a8-207b3e61bca0","Fratercula arctica",2020
"HumanObservation",2023,66.076667,-17.55,"2023-05-13","1","Balaenoptera musculus","b5fa9baf-4fce-4096-b39a-6d2a90f55981","Balaenoptera musculus",2020
"HumanObservation",2023,76.9013873278,15.2106822568,"2023-08-09T07:22:36+02:00",NA,"Fratercula arctica","b650bed3-67dd-41c0-aa27-363ce1b656b9","Fratercula arctica",2020
"HumanObservation",2023,70.3624252499,31.0642118443,"2023-06-23T20:12:00+02:00",NA,"Rissa tridactyla","b66468de-9d4d-4a8c-b78a-84eabcf64b3e","Rissa tridactyla",2020
"HumanObservation",2023,78.2427157705,15.5155651021,"2023-05-30T13:50:00+02:00",NA,"Rissa tridactyla","b6bea37f-a934-401e-bec2-535ccd1fbf6f","Rissa tridactyla",2020
"HumanObservation",2023,66.1,-17.5,"2023-07-02T14:45:14","1","Balaenoptera musculus","b70334c0-2a61-4e98-8f8e-75c3d9bf6d3c","Balaenoptera musculus",2020
"HumanObservation",2023,70.2948295279,31.1015927322,"2023-06-23T16:32:00+02:00",NA,"Fratercula arctica","b70a2758-ff03-40ad-bd2b-8d5a3ca586a9","Fratercula arctica",2020
"HumanObservation",2023,59.3002944444,-2.8651777778,"2023-09-08T13:01:00+01:00",NA,"Fratercula arctica","b73feee8-fedc-4321-a64f-558fec9f2f2f","Fratercula arctica",2020
"HumanObservation",2023,70.9082234168,25.2333156587,"2023-07-17T09:57:00+02:00",NA,"Fratercula arctica","b760fe47-b8d8-4541-8a84-792a1b603a0a","Fratercula arctica",2020
"HumanObservation",2023,64.7353973,-23.775135,"2023-07-07T09:34:00+00:00",NA,"Rissa tridactyla","b7ea6b0f-1f14-47cb-9ed4-ab6bc8e733c4","Rissa tridactyla",2020
"HumanObservation",2023,58.6403833333,-3.0270221667,"2023-07-05T20:39:14+01:00",NA,"Fratercula arctica","b86ffc0a-cc0a-46f4-8e0b-f68b4c04cbb3","Fratercula arctica",2020
"HumanObservation",2023,76.7811,13.6621,"2023-09-26T16:30:00+01:00",NA,"Rissa tridactyla","b8c3fa65-fc54-4e7b-b236-09009c31b474","Rissa tridactyla",2020
"HumanObservation",2023,66.5553767193,-18.0123174083,"2023-07-22T13:28:45+00:00",NA,"Fratercula arctica","b905ab79-b64a-49ff-ad0e-a099134951a9","Fratercula arctica",2020
"HumanObservation",2023,71.1748882845,25.3291994181,"2023-06-21T10:52:00+02:00",NA,"Rissa tridactyla","b992e301-c9d7-4d8a-b7b7-9b94fbf1a2b9","Rissa tridactyla",2020
"HumanObservation",2023,66.5362296267,-18.007680346,"2023-07-20T13:48:00+00:00",NA,"Fratercula arctica","ba169249-5cad-4775-9f6e-a4804e51e97b","Fratercula arctica",2020
"HumanObservation",2023,79.06,11.67,"2023-07-08T19:22:58","1","Balaenoptera musculus","ba368fa4-5f76-4dd4-8665-26b7fa13bc94","Balaenoptera musculus",2020
"HumanObservation",2023,70.3417097356,31.0631122675,"2023-06-23T16:35:00+02:00",NA,"Fratercula arctica","ba381a95-f69d-4f3a-a5bf-f8aaed58fffd","Fratercula arctica",2020
"HumanObservation",2023,79.0347760042,11.461232254,"2023-06-25T09:35:00+02:00",NA,"Rissa tridactyla","ba90b019-7f7c-4df2-8f82-72651134f57e","Rissa tridactyla",2020
"HumanObservation",2023,63.4450266958,-20.2614583281,"2023-07-24T14:25:00+00:00",NA,"Fratercula arctica","bac1e9d7-665c-4e42-a142-de261c025cb9","Fratercula arctica",2020
"HumanObservation",2023,67.9084318396,13.0832486492,"2023-05-27T19:39:00+02:00",NA,"Rissa tridactyla","bb39bd25-6a77-4670-a0fe-0657be1c2fe4","Rissa tridactyla",2020
"HumanObservation",2023,77.0499055,15.9009616667,"2023-07-13T12:54:56+02:00",NA,"Fratercula arctica","bb632046-f34d-44a9-b144-9d4e03278dd7","Fratercula arctica",2020
"HumanObservation",2023,70.0295581982,30.1456191434,"2023-06-28T15:18:00+02:00",NA,"Rissa tridactyla","bba637e2-35d3-4571-9687-46cb239b5a69","Rissa tridactyla",2020
"HumanObservation",2023,70.3301153124,31.020435113,"2023-06-23T16:22:00+02:00",NA,"Fratercula arctica","bbe7d090-12c7-425b-a467-06e579208434","Fratercula arctica",2020
"HumanObservation",2023,79.5775533469,10.8630509679,"2023-06-26T12:35:00+02:00",NA,"Rissa tridactyla","bc25ec3c-0688-4ba8-b9ec-e2dde20d83ec","Rissa tridactyla",2020
"HumanObservation",2023,70.3477924661,31.1343946017,"2023-06-23T17:25:00+02:00",NA,"Rissa tridactyla","bc2e194d-c3a3-4ca3-a25d-4ed421ccb8c8","Rissa tridactyla",2020
"HumanObservation",2023,77.5527099223,15.0464874701,"2023-06-30T17:02:00+02:00",NA,"Rissa tridactyla","bc6a67f4-86a0-4095-b73d-02768d851dea","Rissa tridactyla",2020
"HumanObservation",2023,78.893692349,10.481501971,"2023-06-29T11:32:00+02:00",NA,"Rissa tridactyla","bc8db1e9-3361-4810-8583-833a20eb5cb9","Rissa tridactyla",2020
"HumanObservation",2023,70.3319114102,31.1344863754,"2023-03-25T12:54:00+01:00",NA,"Rissa tridactyla","bd1cec81-2310-449b-afc6-edb4cc245655","Rissa tridactyla",2020
"HumanObservation",2023,57.1224416667,8.6024383333,"2023-01-19T12:56:24+01:00",NA,"Rissa tridactyla","bd905298-7633-4975-9f57-479e06a9233a","Rissa tridactyla",2020
"HumanObservation",2023,65.3003604929,-22.9950655997,"2023-06-28T07:46:00+00:00",NA,"Fratercula arctica","be3196d7-e242-403a-baa5-f19dc9e7de3e","Fratercula arctica",2020
"HumanObservation",2023,79.134795401,11.8119512196,"2023-06-17T16:08:00+02:00",NA,"Fratercula arctica","bed704c4-ea49-4dde-8a14-71d71a4a29f8","Fratercula arctica",2020
"HumanObservation",2023,63.4391215007,-20.3034081577,"2023-07-24T19:48:00+00:00",NA,"Fratercula arctica","bf04604d-b0bd-4573-8556-0af26d0f5e10","Fratercula arctica",2020
"HumanObservation",2023,70.3613812877,31.1375465231,"2023-03-24T11:15:00+01:00",NA,"Rissa tridactyla","bf2768dd-f770-4bba-b937-e70b12d9a1c3","Rissa tridactyla",2020
"HumanObservation",2023,63.403222,-19.129782,"2023-08-13T06:33:00+00:00",NA,"Fratercula arctica","bf39a120-1c98-4ecf-b448-a5fd88ad6bfc","Fratercula arctica",2020
"HumanObservation",2023,70.2923153914,31.000209304,"2023-06-23T15:23:00+02:00",NA,"Fratercula arctica","bf42cc88-c727-4a4f-b6fb-95008e846293","Fratercula arctica",2020
"HumanObservation",2023,65.5421216667,-13.7548083333,"2023-08-16T10:44:30+00:00",NA,"Fratercula arctica","bf821318-67df-46b2-a581-a58c44f990cb","Fratercula arctica",2020
"HumanObservation",2023,70.3791777889,31.0362474343,"2023-06-23T15:11:00+02:00",NA,"Fratercula arctica","bf926f27-8cc1-471f-b423-f43f444b711c","Fratercula arctica",2020
"HumanObservation",2023,62.3276186863,-6.9453131215,"2023-06-29T12:10:00+01:00",NA,"Fratercula arctica","bf9b9ec7-b150-4451-8041-0cbed779b7d7","Fratercula arctica",2020
"HumanObservation",2023,70.2013819857,31.0038230225,"2023-06-23T16:42:00+02:00",NA,"Fratercula arctica","bfc576e6-310d-40d5-aea7-332112a90fb3","Fratercula arctica",2020
"HumanObservation",2023,70.2507382978,31.1888365526,"2023-06-23T16:13:00+02:00",NA,"Fratercula arctica","bfe9ac01-610c-459e-9b5c-2e31d9fa4c14","Fratercula arctica",2020
"HumanObservation",2023,78.6877555069,14.6578977068,"2023-06-15T09:20:00+02:00",NA,"Fratercula arctica","c065abda-447c-4aa1-a94a-5efa7f444d49","Fratercula arctica",2020
"HumanObservation",2023,64.0498063399,-16.169939297,"2023-07-22T13:45:00+00:00",NA,"Rissa tridactyla","c09df502-a044-4fb7-adb8-94af3b1f4b66","Rissa tridactyla",2020
"HumanObservation",2023,70.2993462253,31.0002183978,"2023-06-23T16:42:00+02:00",NA,"Fratercula arctica","c0e2de14-9125-450b-9af6-33db105d6483","Fratercula arctica",2020
"HumanObservation",2023,63.4035383333,-19.1300166667,"2023-08-03T11:38:49+00:00",NA,"Fratercula arctica","c0f4180c-a3a9-4d8b-9335-07717bdf9fa0","Fratercula arctica",2020
"HumanObservation",2023,70.2521475021,31.0299230484,"2023-06-23T17:39:00+02:00",NA,"Rissa tridactyla","c15d7792-b0a5-431f-9b81-edbad52d5a6c","Rissa tridactyla",2020
"HumanObservation",2023,68.7756995491,14.4619300776,"2023-05-08T13:12:00+02:00",NA,"Rissa tridactyla","c18432e1-b1b1-4694-9ed1-513a7675d139","Rissa tridactyla",2020
"HumanObservation",2023,70.284635983,31.1486576624,"2023-06-23T14:54:00+02:00",NA,"Rissa tridactyla","c188bcb2-e80f-40e5-88e3-fa23dcdf7732","Rissa tridactyla",2020
"HumanObservation",2023,70.2083845884,31.0974176766,"2023-06-23T16:48:00+02:00",NA,"Rissa tridactyla","c1ab7c41-6eb1-4ee8-8fce-bce300334ead","Rissa tridactyla",2020
"HumanObservation",2023,58.5886869444,-4.7583208333,"2023-06-20T10:14:36+01:00",NA,"Fratercula arctica","c28f5501-4adf-4484-82d0-5ed71ad6af21","Fratercula arctica",2020
"HumanObservation",2023,70.2762175269,31.1317119282,"2023-06-23T17:39:00+02:00",NA,"Rissa tridactyla","c2c01ffb-a1d1-4650-855c-9908ef183248","Rissa tridactyla",2020
"HumanObservation",2023,70.2420235555,31.0940846586,"2023-06-23T16:54:00+02:00",NA,"Fratercula arctica","c2e8165d-4c5b-4819-8f0c-ae8e207ba65b","Fratercula arctica",2020
"HumanObservation",2023,59.8537802026,-1.2755630538,"2023-06-17T14:29:47+01:00",NA,"Rissa tridactyla","c312ce1b-c27b-4ece-aac6-2fa888d7f90e","Rissa tridactyla",2020
"HumanObservation",2023,65.5288223651,-23.192177386,"2023-06-22T13:27:00+00:00",NA,"Fratercula arctica","c32a7c44-46da-4a1a-820a-89c27c004ba6","Fratercula arctica",2020
"HumanObservation",2023,69.24189,15.43334,"2023-08-29T15:22:59","1","Physeter macrocephalus","c34dc07d-bdf5-424f-973a-4e7289cac4ae","Physeter macrocephalus",2020
"HumanObservation",2023,66.2763658923,-19.0515000531,"2023-06-23T20:27:00+00:00",NA,"Fratercula arctica","c3a72f35-9048-4177-9962-0d34827b2060","Fratercula arctica",2020
"HumanObservation",2023,64.0475528333,-16.1807883333,"2023-09-07T12:13:39+00:00",NA,"Rissa tridactyla","c3b43587-3c40-41d8-8e5a-c188e4c8c97b","Rissa tridactyla",2020
"HumanObservation",2023,65.3761218868,-22.9136349963,"2023-06-29T03:09:00+00:00",NA,"Fratercula arctica","c3bed914-4ea1-4a15-b133-416e10e19314","Fratercula arctica",2020
"HumanObservation",2023,79.5627384191,20.8911461987,"2023-09-20T08:50:00+02:00",NA,"Rissa tridactyla","c3cd915c-a88d-48d8-920c-d1b4df734ab4","Rissa tridactyla",2020
"HumanObservation",2023,70.3319762283,31.1854814894,"2023-06-23T15:23:00+02:00",NA,"Fratercula arctica","c413511c-f991-4f41-9662-8e6466ac57bb","Fratercula arctica",2020
"HumanObservation",2023,70.3433769264,31.1207644819,"2023-06-23T15:05:00+02:00",NA,"Fratercula arctica","c4ec95a1-6fe1-4c02-9d1f-96b4767ce734","Fratercula arctica",2020
"HumanObservation",2023,70.411487101,30.6980225376,"2023-07-02T11:30:00+02:00",NA,"Rissa tridactyla","c537a77f-d7c8-4a4c-b815-7fc77af6d11e","Rissa tridactyla",2020
"HumanObservation",2023,70.270505195,31.1574535556,"2023-06-23T14:53:00+02:00",NA,"Rissa tridactyla","c549dd4a-efb4-4905-a6eb-2d3eee7faaba","Rissa tridactyla",2020
"HumanObservation",2023,77.6342667639,13.7192339897,"2023-06-21T20:18:00+02:00",NA,"Rissa tridactyla","c5599604-2ad8-41f2-b362-369f5c4b7987","Rissa tridactyla",2020
"HumanObservation",2023,65.6851666667,-18.0743778333,"2023-05-25T19:13:09+00:00",NA,"Rissa tridactyla","c5af8c1c-31f8-4ae8-bd91-b24fd3c37ee2","Rissa tridactyla",2020
"HumanObservation",2023,63.4450266958,-20.2614583281,"2023-07-24T14:17:00+00:00",NA,"Fratercula arctica","c5eb795a-4c71-4e16-aefb-3641fa5bec4f","Fratercula arctica",2020
"HumanObservation",2023,64.7716916074,-23.554342631,"2023-07-13T16:54:00+00:00",NA,"Rissa tridactyla","c5ff7034-c28f-4fc4-85a0-c9e27f097277","Rissa tridactyla",2020
"HumanObservation",2023,63.4130554199,-19.0626773834,"2023-08-02T12:02:35+00:00",NA,"Fratercula arctica","c60053d7-bfbe-42ce-bb4e-36962d3ae3dc","Fratercula arctica",2020
"HumanObservation",2023,64.1552218278,-21.8586389831,"2023-05-23T09:57:00+00:00",NA,"Rissa tridactyla","c69b512d-750f-4dac-b4a9-3d50f8903d61","Rissa tridactyla",2020
"HumanObservation",2023,71.0998730473,25.3090734705,"2023-06-30",NA,"Fratercula arctica","c6e2c33c-7acf-42fe-9cc9-7358c01d3db2","Fratercula arctica",2020
"HumanObservation",2023,76.9289162549,16.2511363375,"2023-09-13T16:00:00+02:00",NA,"Rissa tridactyla","c7479a05-d8dd-4515-a2a0-8c8112e7f399","Rissa tridactyla",2020
"HumanObservation",2023,63.4589604305,-20.2233911987,"2023-07-03T17:10:00+00:00",NA,"Fratercula arctica","c7521e17-92eb-4d52-a62d-78c54685fda5","Fratercula arctica",2020
"HumanObservation",2023,67.8105913833,13.2246723011,"2023-07-18T09:03:00+02:00",NA,"Rissa tridactyla","c75690bb-2477-4e7b-a56c-d0d13e606b09","Rissa tridactyla",2020
"HumanObservation",2023,58.066964286,6.539841914,"2023-10-14T08:32:01+02:00",NA,"Rissa tridactyla","c7ad8f75-2781-4202-b12c-80f285f37b48","Rissa tridactyla",2020
"HumanObservation",2023,68.8919151466,15.0895235005,"2023-08-11T15:38:53+02:00",NA,"Rissa tridactyla","c7c6d340-caf2-45cf-a7f0-ef0020664f56","Rissa tridactyla",2020
"HumanObservation",2023,70.2722190678,30.4328545162,"2023-07-07T10:19:01+02:00",NA,"Fratercula arctica","c802bc49-4e8d-4fff-a2b4-e7b8c42fb75c","Fratercula arctica",2020
"HumanObservation",2023,65.542065051,-13.7547969825,"2023-08-11",NA,"Fratercula arctica","c83d404b-6b8c-4199-a92b-2a1710e1b557","Fratercula arctica",2020
"HumanObservation",2023,78.2798584521,12.8483965937,"2023-06-01T13:32:00+02:00",NA,"Rissa tridactyla","c852d65f-bf7c-4f1c-a97e-a90469e663ac","Rissa tridactyla",2020
"HumanObservation",2023,61.2631648178,-0.9520358619,"2023-10-05T11:28:00+00:00",NA,"Rissa tridactyla","c8a7b1ff-3da2-4e7f-a80f-aefa690eb700","Rissa tridactyla",2020
"HumanObservation",2023,70.32032871,31.1766865291,"2023-06-23T16:49:00+02:00",NA,"Fratercula arctica","c8e5df1d-99f1-46cf-bd9a-6dfd5fae5c26","Fratercula arctica",2020
"HumanObservation",2023,80.0490382154,18.2341237909,"2023-07-14T10:57:00+02:00",NA,"Rissa tridactyla","c8e8f73c-ecc9-4f80-829c-6bfb51ab1372","Rissa tridactyla",2020
"HumanObservation",2023,71.1736155393,25.3702065753,"2023-07-14T12:31:44+02:00",NA,"Fratercula arctica","c90d758e-9beb-4b2b-9ebc-2853d4ec7727","Fratercula arctica",2020
"HumanObservation",2023,70.2205052362,31.1833084667,"2023-06-29T15:58:00+02:00",NA,"Rissa tridactyla","c91b0bf1-3bdf-43ed-b6ac-abdd25156dfe","Rissa tridactyla",2020
"HumanObservation",2023,64.7716916074,-23.554342631,"2023-07-13T16:57:00+00:00",NA,"Rissa tridactyla","c96b0f56-2869-4b12-95a4-f379e2a9322f","Rissa tridactyla",2020
"HumanObservation",2023,77.0694443194,16.0253114018,"2023-09-26T09:42:00+02:00",NA,"Rissa tridactyla","c96bf670-5a27-4af4-841c-4114725c48c2","Rissa tridactyla",2020
"HumanObservation",2023,71.0232023913,25.2798304017,"2023-07-28T12:04:44+02:00",NA,"Fratercula arctica","ca07820f-298a-418f-b6cd-86fbda742b06","Fratercula arctica",2020
"HumanObservation",2023,70.3961491866,31.17069743,"2023-06-23T16:15:00+02:00",NA,"Fratercula arctica","ca658c83-d181-46f8-9470-aab573f029d7","Fratercula arctica",2020
"HumanObservation",2023,64.0489313883,-16.181426945,"2023-07-22T21:48:00+00:00",NA,"Rissa tridactyla","cad5e003-d81e-40c0-b2e8-101ebada8008","Rissa tridactyla",2020
"HumanObservation",2023,66.4552209841,-22.8174910773,"2023-07-20T16:04:00+00:00",NA,"Rissa tridactyla","caf8821f-dbf4-4fb4-a31c-3ff93f15ffa8","Rissa tridactyla",2020
"HumanObservation",2023,70.0373049907,30.0243666551,"2023-06-30T10:48:00+02:00",NA,"Rissa tridactyla","cb35a037-0552-4070-9c84-d2b6e7ba05c9","Rissa tridactyla",2020
"HumanObservation",2023,70.2051618226,31.1214352008,"2023-06-03T07:34:00+02:00",NA,"Rissa tridactyla","cb44e8ec-72a7-4758-bed9-6d2962954490","Rissa tridactyla",2020
"HumanObservation",2023,78.163333,13.848333,"2023-08-04T22:53:55","1","Balaenoptera musculus","cbb1e861-67cc-4dcc-ad01-4e4a023916e3","Balaenoptera musculus",2020
"HumanObservation",2023,79.73182824,10.9868250222,"2023-06-10T15:28:00+02:00",NA,"Rissa tridactyla","cc00a539-d7f9-4f1c-825b-1f40d82adaec","Rissa tridactyla",2020
"HumanObservation",2023,70.6685692545,29.771682516,"2023-05-21T15:19:01+02:00",NA,"Rissa tridactyla","cc6459ee-3b2b-4e92-8d53-aeb1c24d4a2a","Rissa tridactyla",2020
"HumanObservation",2023,78.3640632194,16.1251438786,"2023-06-02T15:20:00+02:00",NA,"Fratercula arctica","cc7f8662-7525-4b37-b4df-f3e08d60aea8","Fratercula arctica",2020
"HumanObservation",2023,68.8936083876,14.9648332546,"2023-07-14T09:46:00+02:00",NA,"Fratercula arctica","cd03157f-d12a-46ee-8087-0b768912b5ab","Fratercula arctica",2020
"HumanObservation",2023,64.0705324,-22.6512494,"2023-06-15T19:43:00+00:00",NA,"Rissa tridactyla","cd251d29-e23b-4248-8b67-01bf0e7d879f","Rissa tridactyla",2020
"HumanObservation",2023,63.4033545891,-19.1073019803,"2023-08-13T17:16:07+00:00",NA,"Fratercula arctica","cd3a930d-b62e-4094-a863-510bf1c779d7","Fratercula arctica",2020
"HumanObservation",2023,65.5025055956,-24.5316633673,"2023-06-13T23:57:17+00:00",NA,"Fratercula arctica","cd484391-78d3-42ae-871e-561d92635a0d","Fratercula arctica",2020
"HumanObservation",2023,65.5418840709,-13.7548971646,"2023-08-05T12:58:00+00:00",NA,"Fratercula arctica","cd906615-fe18-4e83-8d5c-31bf8c5d255d","Fratercula arctica",2020
"HumanObservation",2023,65.5420411111,-13.7547898761,"2023-08-05T12:21:00+00:00",NA,"Fratercula arctica","cda16652-2cbc-47c1-adac-0f18017ced55","Fratercula arctica",2020
"HumanObservation",2023,70.3147861244,31.1509314247,"2023-06-29T15:01:00+02:00",NA,"Fratercula arctica","cde648d2-148f-43d8-b88b-eda38b5241ef","Fratercula arctica",2020
"HumanObservation",2023,59.8561557097,-1.2732211918,"2023-07-05T10:56:28+01:00",NA,"Fratercula arctica","cded47bc-edda-421c-b53e-381d09f81685","Fratercula arctica",2020
"HumanObservation",2023,64.0489691667,-16.181495,"2023-07-22T21:53:00+00:00",NA,"Rissa tridactyla","ce4426aa-3706-472c-990f-05a3739b9686","Rissa tridactyla",2020
"HumanObservation",2023,74.3482861813,19.091430812,"2023-07-19T09:37:00+02:00",NA,"Fratercula arctica","ce576f15-63ab-471f-935b-ac40210fe92b","Fratercula arctica",2020
"HumanObservation",2023,70.2758791571,31.1378719087,"2023-06-04T14:13:00+02:00",NA,"Fratercula arctica","cfec8358-d6a5-4cef-9eb1-b44219b2bc31","Fratercula arctica",2020
"HumanObservation",2023,79.458112291,13.2881254394,"2023-07-13T17:58:00+02:00",NA,"Rissa tridactyla","d039df30-dab1-40ba-983d-49dbadf77eeb","Rissa tridactyla",2020
"HumanObservation",2023,62.4362157035,5.768690962,"2023-06-23T20:45:00+02:00",NA,"Fratercula arctica","d14e2847-9b87-48d0-bf9a-e94fccf61b1b","Fratercula arctica",2020
"HumanObservation",2023,69.7328408901,19.0273758943,"2023-01-03T12:08:00+01:00",NA,"Rissa tridactyla","d17ec656-057b-4323-804b-5b338c463f2c","Rissa tridactyla",2020
"HumanObservation",2023,58.6090477997,-3.3484463997,"2023-05-26T22:04:30+01:00",NA,"Fratercula arctica","d2638c12-ee5b-4097-97f3-605900bafbd5","Fratercula arctica",2020
"HumanObservation",2023,69.7315827842,18.822163257,"2023-07-08T21:25:00+02:00",NA,"Rissa tridactyla","d287ebb3-761f-4755-9b99-38dc0c7bbc19","Rissa tridactyla",2020
"HumanObservation",2023,78.5059163671,14.5236160943,"2023-06-05T12:14:00+02:00",NA,"Fratercula arctica","d2d7c5ed-bd79-4142-b2cc-bf91ceca60d6","Fratercula arctica",2020
"HumanObservation",2023,79.825610884,11.3349927709,"2023-07-12T13:26:00+02:00",NA,"Fratercula arctica","d31e1c47-bd4d-464e-a04e-ab5f03f962c8","Fratercula arctica",2020
"HumanObservation",2023,66.081892,-17.551167,"2023-06-15T11:00","1","Balaenoptera musculus","d330be69-6798-40f2-b74e-b90466fa4ebb","Balaenoptera musculus",2020
"HumanObservation",2023,65.5422625,-13.7550397222,"2023-08-05T12:41:00+00:00",NA,"Rissa tridactyla","d34140dc-5ecd-4eb9-b7af-4823d64d8109","Rissa tridactyla",2020
"HumanObservation",2023,70.2979314272,31.1048505564,"2023-06-23T16:19:00+02:00",NA,"Fratercula arctica","d36ddeb8-38de-4fb5-96cc-6832747d6aac","Fratercula arctica",2020
"HumanObservation",2023,70.2005551765,31.0845195749,"2023-06-23T16:19:00+02:00",NA,"Fratercula arctica","d38dff78-5618-480d-b732-257ad8019a96","Fratercula arctica",2020
"HumanObservation",2023,65.542569,-13.755936,"2023-08-11T08:06:00+00:00",NA,"Rissa tridactyla","d3ad42e2-4550-4cd3-a199-cef43fb875bc","Rissa tridactyla",2020
"HumanObservation",2023,70.3758557311,31.0798442971,"2023-06-23T16:32:00+02:00",NA,"Fratercula arctica","d3d28959-f501-4b67-a3e5-1b90f45808f4","Fratercula arctica",2020
"HumanObservation",2023,78.2119337262,13.8698774334,"2023-07-01T10:43:00+02:00",NA,"Fratercula arctica","d5e0ddd1-5e68-48b8-badd-720214de8be5","Fratercula arctica",2020
"HumanObservation",2023,79.3082501657,21.9782004908,"2023-07-06T14:43:00+02:00",NA,"Rissa tridactyla","d609d468-3f67-45d0-9210-89ec78cdc584","Rissa tridactyla",2020
"HumanObservation",2023,62.4031731994,5.4064788194,"2023-07-24T23:42:00+02:00",NA,"Fratercula arctica","d667bcf1-48fb-4210-a6d7-87e579fb8f07","Fratercula arctica",2020
"HumanObservation",2023,68.9204551202,14.6218279258,"2023-07-14T10:08:00+02:00",NA,"Fratercula arctica","d6b0283f-cff0-48ea-9644-bb0b81e39c84","Fratercula arctica",2020
"HumanObservation",2023,66.075622,-19.253943,"2023-06-11T11:56:00+00:00",NA,"Rissa tridactyla","d6b28421-16a9-4ba1-b693-8f6a6c781244","Rissa tridactyla",2020
"HumanObservation",2023,64.7678833333,-23.6167666667,"2023-06-02T13:17:51+00:00",NA,"Rissa tridactyla","d6db2bb5-97b3-4d5c-8ec9-af44b3d44b83","Rissa tridactyla",2020
"HumanObservation",2023,70.2001429953,31.0866067047,"2023-06-23T14:53:00+02:00",NA,"Rissa tridactyla","d6f9130f-c1ad-4172-8f98-d1fbd3e99036","Rissa tridactyla",2020
"HumanObservation",2023,78.2667154844,21.918546204,"2023-07-15T09:09:00+02:00",NA,"Rissa tridactyla","d7140876-b463-42e9-acb3-8e2aea2ff3f8","Rissa tridactyla",2020
"HumanObservation",2023,59.8561966667,-1.273005,"2023-06-30T10:47:48+01:00",NA,"Fratercula arctica","d78b46ac-9e4b-44e3-bb93-a881ffbdbd9b","Fratercula arctica",2020
"HumanObservation",2023,65.3801301365,-22.9531115223,"2023-06-22T12:39:00+00:00",NA,"Fratercula arctica","d79c02e3-66e6-4cc5-bb05-74452e0f45ba","Fratercula arctica",2020
"HumanObservation",2023,70.3091335251,31.1651516395,"2023-06-23T14:53:00+02:00",NA,"Rissa tridactyla","d7ec8c52-474e-45ba-b1ee-a3bf508e7280","Rissa tridactyla",2020
"HumanObservation",2023,70.3887665263,31.1368207316,"2023-06-23T16:37:00+02:00",NA,"Fratercula arctica","d80298c8-0cfb-447b-862b-f108d485c003","Fratercula arctica",2020
"HumanObservation",2023,78.9309648352,11.9449611465,"2023-09-07T11:29:00+02:00",NA,"Rissa tridactyla","d85dfcf3-33ba-4ea1-bc47-c5a3d69c6140","Rissa tridactyla",2020
"HumanObservation",2023,70.3169076331,31.0852974157,"2023-06-23T17:39:00+02:00",NA,"Rissa tridactyla","d886752a-a91b-4e10-bef9-6a165eb06ced","Rissa tridactyla",2020
"HumanObservation",2023,80.8582086663,19.4931044403,"2023-09-10T09:19:44+02:00",NA,"Rissa tridactyla","d9634ad6-17cb-4dae-b1d8-e7374a2e651a","Rissa tridactyla",2020
"HumanObservation",2023,59.8546447754,-1.2743498087,"2023-07-03T11:34:56+01:00",NA,"Fratercula arctica","daa9fd57-c423-4459-9a79-e230fbfa5737","Fratercula arctica",2020
"HumanObservation",2023,64.9169580292,-23.887454279,"2023-05-31T14:51:00+00:00",NA,"Fratercula arctica","db2fd7b3-5fac-4378-afbc-6dfbdb79c642","Fratercula arctica",2020
"HumanObservation",2023,70.2755407941,31.0710103215,"2023-06-23T16:57:00+02:00",NA,"Fratercula arctica","db4cb5e2-7876-4941-93cd-06a56737be91","Fratercula arctica",2020
"HumanObservation",2023,58.6454565977,-3.5242550508,"2023-08-16T05:47:00+01:00",NA,"Fratercula arctica","db52a650-1f5e-466d-9fc6-570ff7a40bf2","Fratercula arctica",2020
"HumanObservation",2023,67.8635091505,12.9126805567,"2023-07-15T14:18:56+02:00",NA,"Rissa tridactyla","dbe1d497-69ec-4b81-93b6-ed3d1ea136bb","Rissa tridactyla",2020
"HumanObservation",2023,70.2062970646,31.0051852629,"2023-06-23T16:49:00+02:00",NA,"Fratercula arctica","dc20e6fb-cf37-4ce2-8ba9-fc539b086e94","Fratercula arctica",2020
"HumanObservation",2023,63.4479716667,-20.2645783333,"2023-06-13T04:51:00+00:00",NA,"Fratercula arctica","dc2fee46-26c8-4e07-a161-412775c90649","Fratercula arctica",2020
"HumanObservation",2023,65.5420916667,-13.75452,"2023-05-19T12:36:29+00:00",NA,"Fratercula arctica","dc3a65aa-5a0e-4cb2-9ed9-44a2f8d9f074","Fratercula arctica",2020
"HumanObservation",2023,65.542084,-13.754628,"2023-07-01T05:02:00+00:00",NA,"Fratercula arctica","dcd79fa8-392e-46ff-ac3c-f6651cb1097c","Fratercula arctica",2020
"HumanObservation",2023,64.7350579262,-23.7742367014,"2023-06-10T18:28:52+00:00",NA,"Rissa tridactyla","dd373e1a-c708-4475-ae3f-8e32519d4bf4","Rissa tridactyla",2020
"HumanObservation",2023,78.5059163671,14.5236160943,"2023-06-05T13:27:00+02:00",NA,"Fratercula arctica","dd7611de-08ac-450b-b7bd-7915c645b430","Fratercula arctica",2020
"HumanObservation",2023,70.3440165957,31.0398627486,"2023-06-23T15:36:00+02:00",NA,"Fratercula arctica","ddbe8b40-edd0-4946-9d42-e681bd2646b9","Fratercula arctica",2020
"HumanObservation",2023,78.3533522626,11.1189995646,"2023-06-29T20:37:00+02:00",NA,"Balaenoptera physalus","de310a70-cfbf-4b6d-a3d0-2b308999ccbd","Balaenoptera physalus",2020
"HumanObservation",2023,66.5378322217,-18.0108411117,"2023-07-20T13:20:00+00:00",NA,"Fratercula arctica","de60a2a3-b586-4fbb-87e8-b0c75c03fc08","Fratercula arctica",2020
"HumanObservation",2023,70.3722148799,31.0239890639,"2023-06-23T16:19:00+02:00",NA,"Fratercula arctica","debe1f23-349f-4291-a25c-bb123b1cfc7d","Fratercula arctica",2020
"HumanObservation",2023,64.886575555,-24.042851945,"2023-07-14T13:11:00+00:00",NA,"Rissa tridactyla","df0104a9-41a8-48a0-bbbb-733537a2a283","Rissa tridactyla",2020
"HumanObservation",2023,66.159263,-17.575006,"2023-04-20T12:00","1","Balaenoptera musculus","df15ab64-fa25-4a51-b7bc-d38f4e2f2ee6","Balaenoptera musculus",2020
"HumanObservation",2023,63.4089017817,-19.0523328503,"2023-07-15T17:15:00+00:00",NA,"Fratercula arctica","df367c0d-8b31-43a7-a321-64abcf454b77","Fratercula arctica",2020
"HumanObservation",2023,67.9267300968,13.1557279183,"2023-05-27T19:39:00+02:00",NA,"Rissa tridactyla","df73c9e7-0da0-4c12-9677-852105e18d40","Rissa tridactyla",2020
"HumanObservation",2023,66.5368783333,-18.0093163883,"2023-07-20T13:24:00+00:00",NA,"Fratercula arctica","df89edb1-6c8f-4bf1-a8e7-6dae9ddf67aa","Fratercula arctica",2020
"HumanObservation",2023,69.6188001476,18.9826380481,"2023-07-13T15:40:00+02:00",NA,"Rissa tridactyla","dfb10457-cda4-4807-a334-5fe4cfb82478","Rissa tridactyla",2020
"HumanObservation",2023,70.3983529341,31.0338782525,"2023-06-23T15:04:00+02:00",NA,"Fratercula arctica","dfce54ce-a898-4f37-8622-11677b82ac18","Fratercula arctica",2020
"HumanObservation",2023,63.3162761044,-9.0369255525,"2023-10-03T17:56:00-01:00",NA,"Rissa tridactyla","e01229a5-16e9-4fac-bdf4-5a1eb4169be2","Rissa tridactyla",2020
"HumanObservation",2023,78.9681464113,11.8900037313,"2023-07-11T12:21:00+02:00",NA,"Rissa tridactyla","e01bc900-d841-4733-b930-4ad2ee038d18","Rissa tridactyla",2020
"HumanObservation",2023,70.2275754368,31.1999005715,"2023-06-23T17:25:00+02:00",NA,"Rissa tridactyla","e02e44cd-1f4a-4582-a9df-c58766d221b0","Rissa tridactyla",2020
"HumanObservation",2023,64.8642133333,-24.0396036117,"2023-07-14T14:36:00+00:00",NA,"Rissa tridactyla","e0345cc3-773c-4c9b-a614-7a4ef698d8c7","Rissa tridactyla",2020
"HumanObservation",2023,63.40453,-20.2858583333,"2023-08-01T00:35:24+00:00",NA,"Fratercula arctica","e09f3b8e-e032-4f7a-b3e2-21e1e0553159","Fratercula arctica",2020
"HumanObservation",2023,63.4390836291,-20.3026086751,"2023-07-24T19:49:00+00:00",NA,"Fratercula arctica","e15d81e2-165d-411d-bf9a-9272a71d3e0d","Fratercula arctica",2020
"HumanObservation",2023,63.4045459631,-19.1025122871,"2023-07-31T18:06:00+00:00",NA,"Fratercula arctica","e1802ad6-627f-4338-aa81-e12927fbbdb0","Fratercula arctica",2020
"HumanObservation",2023,64.6573793657,-22.2752496334,"2023-07-26T19:36:00+00:00",NA,"Fratercula arctica","e317065b-575d-4e9b-bf52-2a26581906bd","Fratercula arctica",2020
"HumanObservation",2023,59.8554897822,-1.2736445031,"2023-06-16T15:19:00+01:00",NA,"Fratercula arctica","e32235b4-2da5-42cf-88a0-c4cd308ee870","Fratercula arctica",2020
"HumanObservation",2023,79.6393924595,11.4039254289,"2023-06-12T08:49:00+02:00",NA,"Rissa tridactyla","e32b0c37-f15e-47e2-8096-ed9730b00299","Rissa tridactyla",2020
"HumanObservation",2023,62.1036628038,-7.5359319954,"2023-07-03T15:54:00+01:00",NA,"Rissa tridactyla","e3f65e9d-47b6-45b0-9561-c238fcbe1bdb","Rissa tridactyla",2020
"HumanObservation",2023,65.3984536704,-22.9786844286,"2023-06-22T12:51:00+00:00",NA,"Fratercula arctica","e43c1a36-690f-4168-8a4d-30994685bf78","Fratercula arctica",2020
"HumanObservation",2023,58.6599555556,-3.5126138889,"2023-09-05T08:48:00+01:00",NA,"Fratercula arctica","e43fb087-010e-4a9f-9a94-4bbfb43a4c0e","Fratercula arctica",2020
"HumanObservation",2023,78.0829589846,20.8096455564,"2023-09-12T16:23:00+02:00",NA,"Rissa tridactyla","e4ab6d12-5308-4301-8e68-c5ddf106f3bd","Rissa tridactyla",2020
"HumanObservation",2023,71.0249562586,25.344274785,"2023-07-28T12:12:19+02:00",NA,"Fratercula arctica","e4c2efc9-6bf0-4354-9a0f-c12afea3cfe7","Fratercula arctica",2020
"HumanObservation",2023,70.2371449219,31.0449480498,"2023-06-23T17:25:00+02:00",NA,"Rissa tridactyla","e500ffed-635a-4ced-bc05-020ea672ed74","Rissa tridactyla",2020
"HumanObservation",2023,69.5099374028,15.7203587272,"2023-09-11T14:47:00+02:00",NA,"Physeter macrocephalus","e5842248-6047-4b82-abab-d9e38139de88","Physeter macrocephalus",2020
"HumanObservation",2023,64.0704486707,-16.1934261623,"2023-06-06T21:09:00+00:00",NA,"Rissa tridactyla","e59a2936-2732-4489-be3b-ebd6a0bd9730","Rissa tridactyla",2020
"HumanObservation",2023,70.304804681,31.1393349949,"2023-06-23T15:13:00+02:00",NA,"Rissa tridactyla","e5a1e32d-3bfa-4895-a3e1-36cc3f4d5704","Rissa tridactyla",2020
"HumanObservation",2023,79.5614178329,11.0298213953,"2023-09-18T08:44:00+02:00",NA,"Rissa tridactyla","e5a9592a-256c-40d1-8a84-885202492936","Rissa tridactyla",2020
"HumanObservation",2023,63.7856150941,-20.6965149983,"2023-11-26T10:40:39+00:00",NA,"Fratercula arctica","e63e2960-2b0a-48ef-881d-40520b836d7d","Fratercula arctica",2020
"HumanObservation",2023,71.0854560056,25.2819892039,"2023-06-21T10:03:00+02:00",NA,"Fratercula arctica","e6c11876-b1cb-411e-95e3-0635c052592e","Fratercula arctica",2020
"HumanObservation",2023,77.4903623494,14.7090562147,"2023-06-21T15:24:00+02:00",NA,"Rissa tridactyla","e6ffa0f9-4485-429b-b2e2-4207992bddfa","Rissa tridactyla",2020
"HumanObservation",2023,70.2686621353,31.1051201512,"2023-06-23T17:39:00+02:00",NA,"Rissa tridactyla","e73e97e3-6a05-4571-902c-e9afc9ec3b85","Rissa tridactyla",2020
"HumanObservation",2023,78.5115351,16.318572,"2023-07-23T23:48:00+02:00",NA,"Rissa tridactyla","e781be07-74a4-441b-a3ff-81022b23e291","Rissa tridactyla",2020
"HumanObservation",2023,78.1623878177,20.7880468188,"2023-07-07T13:26:00+02:00",NA,"Rissa tridactyla","e79a3bf2-efde-4fa8-b4ad-6b9c48749c20","Rissa tridactyla",2020
"HumanObservation",2023,64.0705324,-22.6512494,"2023-06-15T19:45:00+00:00",NA,"Rissa tridactyla","e857c6f8-b67a-4051-a097-13de7430056e","Rissa tridactyla",2020
"HumanObservation",2023,57.1166667,8.6,"2023-02-19T16:22:00+01:00",NA,"Rissa tridactyla","e8647171-a0a6-428d-b8ae-1186b6987396","Rissa tridactyla",2020
"HumanObservation",2023,67.1510207421,-16.6211671556,"2023-09-29T17:43:00-01:00",NA,"Rissa tridactyla","e96a0832-752c-4a8e-81f4-b66d2cf7fa14","Rissa tridactyla",2020
"HumanObservation",2023,70.7166392063,29.7606452102,"2023-05-21T16:28:23+02:00",NA,"Rissa tridactyla","e9808478-a478-4e9e-bf5b-badaa27b3eca","Rissa tridactyla",2020
"HumanObservation",2023,64.7516193753,-23.6450487304,"2023-07-06T10:00:00+00:00",NA,"Rissa tridactyla","e9aeb9fa-063f-4da8-883e-1b527b1112e7","Rissa tridactyla",2020
"HumanObservation",2023,70.0614963131,30.0088988337,"2023-03-23T10:08:00+01:00",NA,"Rissa tridactyla","eab92fc6-33de-4512-813d-be55cc144699","Rissa tridactyla",2020
"HumanObservation",2023,63.4283409117,-20.3013267517,"2023-07-07T13:26:32+00:00",NA,"Fratercula arctica","eb127b8b-cd9f-4595-ba72-549573506532","Fratercula arctica",2020
"HumanObservation",2023,71.1930537932,25.6427221745,"2023-06-30T13:20:08+02:00",NA,"Balaenoptera physalus","eb2a205a-2ead-4836-bc18-d571dce10d74","Balaenoptera physalus",2020
"HumanObservation",2023,74.377015,12.98341,"2023-09-18T14:27:00+01:00",NA,"Rissa tridactyla","eb514e96-274f-4bbb-a09f-05e5f5c02a1d","Rissa tridactyla",2020
"HumanObservation",2023,70.3192133427,31.0932223207,"2023-06-23T16:52:00+02:00",NA,"Fratercula arctica","eb652cce-e948-47d9-bfb8-49331267ac13","Fratercula arctica",2020
"HumanObservation",2023,63.4450266958,-20.2614583281,"2023-07-24T14:22:00+00:00",NA,"Fratercula arctica","ebcb13f3-5ce9-4fd0-8b9d-c299fd97a36d","Fratercula arctica",2020
"HumanObservation",2023,65.5448112088,-24.1193737493,"2023-07-19T11:54:00+00:00",NA,"Fratercula arctica","ebe8898d-6d7f-41b5-adeb-fbc0be9635fc","Fratercula arctica",2020
"HumanObservation",2023,64.7678279691,-23.6163388286,"2023-06-02T13:25:46+00:00",NA,"Rissa tridactyla","ec0c8f5b-128d-473d-99c2-388a07268903","Rissa tridactyla",2020
"HumanObservation",2023,70.2188466462,31.1806159037,"2023-06-23T15:30:00+02:00",NA,"Fratercula arctica","ec5f4d91-f73b-4f48-aa78-a6e7ce5474f2","Fratercula arctica",2020
"HumanObservation",2023,70.2925711508,31.001684053,"2023-06-23T16:39:05+02:00",NA,"Fratercula arctica","ed0545e1-e50c-4ac9-ba76-139625aa74e4","Fratercula arctica",2020
"HumanObservation",2023,59.533905,-1.602095,"2023-05-26T09:34:07+01:00",NA,"Fratercula arctica","ed0fc584-2681-4e50-bcbe-5069817f7205","Fratercula arctica",2020
"HumanObservation",2023,79.6554895802,11.2164696048,"2023-08-21T13:25:00+02:00",NA,"Rissa tridactyla","ed3c48fc-9e8e-44df-8f15-1979691a1e79","Rissa tridactyla",2020
"HumanObservation",2023,63.4055660977,-19.1116428515,"2023-07-31T16:57:00+00:00",NA,"Fratercula arctica","ed87dfd0-59ef-4d67-ba61-93f615f7b024","Fratercula arctica",2020
"HumanObservation",2023,66.4576976375,-18.1686036826,"2023-06-19T11:41:00+00:00",NA,"Rissa tridactyla","edc23199-4832-4718-9200-ff3bc5e72122","Rissa tridactyla",2020
"HumanObservation",2023,70.2888779892,31.0153282501,"2023-06-23T17:06:00+02:00",NA,"Fratercula arctica","ee071892-31e3-45cd-bd6e-2527c3ef86d9","Fratercula arctica",2020
"HumanObservation",2023,69.6637301669,18.8982914626,"2023-07-08T21:21:00+02:00",NA,"Rissa tridactyla","ee21796c-1262-4038-a6c3-4391f3a2a747","Rissa tridactyla",2020
"HumanObservation",2023,70.2957232654,31.0860538966,"2023-06-23T14:54:00+02:00",NA,"Rissa tridactyla","ee59785b-b749-4576-acb0-a248260e852d","Rissa tridactyla",2020
"HumanObservation",2023,71.1314607442,25.2435488863,"2023-07-28T18:08:25+02:00",NA,"Fratercula arctica","ee640929-8284-4759-b501-aa13f2913ad1","Fratercula arctica",2020
"HumanObservation",2023,62.3251149,-6.9494209,"2023-07-15T21:21:24+01:00",NA,"Fratercula arctica","ee6c69c0-9c49-43d2-adb0-df7d1f652fd8","Fratercula arctica",2020
"HumanObservation",2023,70.3775998754,31.0320239193,"2023-06-23T17:07:00+02:00",NA,"Fratercula arctica","ee856d2d-9459-427e-b158-8d95a37a02ce","Fratercula arctica",2020
"HumanObservation",2023,62.1026870353,-7.6552976669,"2023-07-02T12:15:00+01:00",NA,"Fratercula arctica","ee8f0bd5-1bb5-4818-8120-0db8baf50a10","Fratercula arctica",2020
"HumanObservation",2023,70.5464320109,23.5501613604,"2023-07-04T11:57:00+02:00",NA,"Rissa tridactyla","eead58b5-4f8e-4e04-9305-f22050c1768a","Rissa tridactyla",2020
"HumanObservation",2023,63.4211583147,-19.1008405387,"2023-07-22T17:46:46+00:00",NA,"Fratercula arctica","eec71fba-319c-4389-a485-a1f667f32cb8","Fratercula arctica",2020
"HumanObservation",2023,65.8599564565,-20.2947910826,"2023-08-13T10:41:00+00:00",NA,"Rissa tridactyla","eeefd5ac-d3e1-4fae-aa9f-75d2fd646b2e","Rissa tridactyla",2020
"HumanObservation",2023,66.3642375914,-14.6580785757,"2023-07-07T13:37:00+00:00",NA,"Rissa tridactyla","ef07bcaf-915a-472d-baa5-5c831b1ea01a","Rissa tridactyla",2020
"HumanObservation",2023,70.2117479381,31.1996179909,"2023-06-23T16:53:00+02:00",NA,"Fratercula arctica","efa28f34-e220-4064-b345-48389c4b6f78","Fratercula arctica",2020
"HumanObservation",2023,64.7716916074,-23.554342631,"2023-07-13T16:59:00+00:00",NA,"Rissa tridactyla","efd97388-d723-4d9a-9d79-ca7885aad1da","Rissa tridactyla",2020
"HumanObservation",2023,64.7353973,-23.775135,"2023-07-07T09:29:00+00:00",NA,"Rissa tridactyla","efe83240-d89c-42a6-bb62-272974213010","Rissa tridactyla",2020
"HumanObservation",2023,65.5008805556,-24.5280852778,"2023-08-16T15:33:00+00:00",NA,"Fratercula arctica","efe8e45e-5278-4e69-966e-e084a1901f2b","Fratercula arctica",2020
"HumanObservation",2023,77.64483,14.63047,"2023-06-20T22:37:49","1","Balaenoptera musculus","f023d208-87c0-428f-97db-583016401ee4","Balaenoptera musculus",2020
"HumanObservation",2023,70.3615434763,31.1045835237,"2023-06-23T17:38:00+02:00",NA,"Rissa tridactyla","f05f2da0-d85b-461f-abc3-92b8d90bfbc5","Rissa tridactyla",2020
"HumanObservation",2023,70.3701679793,31.1161165478,"2023-06-23T16:13:00+02:00",NA,"Fratercula arctica","f0e94dbd-b7d8-47c8-a455-32eead5c6e48","Fratercula arctica",2020
"HumanObservation",2023,79.9902292066,15.4448943057,"2023-08-03T10:55:00+02:00",NA,"Fratercula arctica","f154fe5f-d5d9-4f7e-a6c9-098c7d665877","Fratercula arctica",2020
"HumanObservation",2023,62.2594295179,5.4232307864,"2023-01-26",NA,"Fratercula arctica","f1fe609d-b798-470a-98a4-7b73b184b7cd","Fratercula arctica",2020
"HumanObservation",2023,63.4032638472,-20.2883267957,"2023-05-29T17:12:00+00:00",NA,"Fratercula arctica","f263c6ff-5be7-49d9-97a3-ca518c21bb28","Fratercula arctica",2020
"HumanObservation",2023,64.75157,-23.9019266667,"2023-08-10T15:55:00+00:00",NA,"Rissa tridactyla","f27c9ac5-1296-417a-bc9d-f4a17b56f5f0","Rissa tridactyla",2020
"HumanObservation",2023,57.1429138333,10.426975,"2023-10-22T19:52:16+02:00",NA,"Fratercula arctica","f30ffc6d-ff1c-4d08-9706-ba6749475f97","Fratercula arctica",2020
"HumanObservation",2023,63.4073978971,-19.1047570227,"2023-06-07T19:04:00+00:00",NA,"Fratercula arctica","f34c0b2c-d41d-41bc-b630-7266aab46605","Fratercula arctica",2020
"HumanObservation",2023,69.7065920068,18.9595817647,"2023-07-29T11:41:29+02:00",NA,"Rissa tridactyla","f3a93d8e-bf2f-4640-8fc6-91d101538b51","Rissa tridactyla",2020
"HumanObservation",2023,70.3608698245,31.1197615273,"2023-06-23T14:53:00+02:00",NA,"Rissa tridactyla","f4039db7-f961-4d57-99f8-14f5b2a0848c","Rissa tridactyla",2020
"HumanObservation",2023,79.7325179281,11.0048096894,"2023-09-18T17:19:00+02:00",NA,"Rissa tridactyla","f41181d8-642f-4999-9658-f533dafe719a","Rissa tridactyla",2020
"HumanObservation",2023,70.2023446054,31.194896176,"2023-06-23T15:05:00+02:00",NA,"Fratercula arctica","f45202d9-94db-4eec-8505-19689be9623e","Fratercula arctica",2020
"HumanObservation",2023,65.5424351551,-13.7482517435,"2023-06-05T16:56:00+00:00",NA,"Fratercula arctica","f4f74096-f1bf-4181-bf05-3dc80ce13a87","Fratercula arctica",2020
"HumanObservation",2023,70.3673029956,31.0439554532,"2023-06-29T10:23:00+02:00",NA,"Fratercula arctica","f529d31a-93ed-4e6a-b0bf-e7e68dcd8b81","Fratercula arctica",2020
"HumanObservation",2023,70.2617016401,31.1394940042,"2023-06-23T16:12:00+02:00",NA,"Fratercula arctica","f552bcf9-1562-4940-a699-28c71acb9395","Fratercula arctica",2020
"HumanObservation",2023,58.630494288,-3.0340853641,"2023-06-10T08:57:00+01:00",NA,"Rissa tridactyla","f558afbd-1155-4c5e-b0dd-a720de4c4e93","Rissa tridactyla",2020
"HumanObservation",2023,78.15677,13.76611,"2023-07-13T14:49:32","1","Balaenoptera musculus","f56d8aae-c581-4fb3-b7d6-4294028074b7","Balaenoptera musculus",2020
"HumanObservation",2023,70.3183214863,31.0914261658,"2023-06-23T16:59:00+02:00",NA,"Fratercula arctica","f5f6b8d0-5367-4ae3-92aa-05603be18d4d","Fratercula arctica",2020
"HumanObservation",2023,70.3724724266,31.1041218284,"2023-06-23T16:42:14+02:00",NA,"Fratercula arctica","f6e9760b-9c0f-46ff-b222-842d67424594","Fratercula arctica",2020
"HumanObservation",2023,71.1843566667,25.5360166667,"2023-06-30T12:34:47+02:00",NA,"Balaenoptera physalus","f6f551c6-7994-4fc6-9f81-0c897b13e11e","Balaenoptera physalus",2020
"HumanObservation",2023,79.7864216667,11.807355,"2023-07-08T10:20:12+02:00",NA,"Rissa tridactyla","f75dff71-7f00-4514-bdfb-7dfc8f1bf759","Rissa tridactyla",2020
"HumanObservation",2023,64.049101,-16.181527,"2023-08-12T08:55:00+00:00",NA,"Rissa tridactyla","f78a6085-8b20-4fd3-af1e-380dfb45263b","Rissa tridactyla",2020
"HumanObservation",2023,64.0458136111,-16.1795086111,"2023-08-03T14:04:00+00:00",NA,"Rissa tridactyla","f7bc5626-8039-415b-9909-36faea3297fe","Rissa tridactyla",2020
"HumanObservation",2023,70.2676247151,31.1741493623,"2023-06-23T16:44:00+02:00",NA,"Rissa tridactyla","f7c939df-203a-43b9-92df-fca04eacca5f","Rissa tridactyla",2020
"HumanObservation",2023,65.6063741326,-20.6352624129,"2023-06-01T17:01:00+00:00",NA,"Rissa tridactyla","f8555e56-4615-4882-8dad-05d9e5310707","Rissa tridactyla",2020
"HumanObservation",2023,64.047803055,-16.180913055,"2023-07-22T22:06:00+00:00",NA,"Rissa tridactyla","f8595e14-1658-41b2-bd07-11e833793457","Rissa tridactyla",2020
"HumanObservation",2023,63.4442583333,-20.3022722222,"2023-05-05T22:21:00+00:00",NA,"Fratercula arctica","f89022c5-4abe-417f-bbae-660bb5e85b72","Fratercula arctica",2020
"HumanObservation",2023,70.121644,20.949554,"2023-10-17T11:43","1","Balaenoptera physalus","f9d8f7a1-cbd6-43b5-bb75-b14102b860d6","Balaenoptera physalus",2020
"HumanObservation",2023,65.4992978239,-24.510755512,"2023-06-30T08:18:00+00:00",NA,"Fratercula arctica","f9dd45fe-61be-402a-b457-d1a2ec867e6f","Fratercula arctica",2020
"HumanObservation",2023,77.0152292064,15.8741601935,"2023-09-22T15:51:00+02:00",NA,"Rissa tridactyla","f9f6efe9-d8d9-46f8-8413-2c0b72028e01","Rissa tridactyla",2020
"HumanObservation",2023,70.3583435521,31.0109384104,"2023-06-23T16:19:00+02:00",NA,"Fratercula arctica","fa91ebe2-79f6-4323-a5c7-0232c4f0ff4c","Fratercula arctica",2020
"HumanObservation",2023,76.9545866667,15.8680733333,"2023-08-09T01:20:00+02:00",NA,"Fratercula arctica","facd95be-74b3-4f1f-be24-93cfa11e11a4","Fratercula arctica",2020
"HumanObservation",2023,67.8340877572,12.8912035033,"2023-07-18T11:28:00+02:00",NA,"Rissa tridactyla","fb322df9-7c43-4e5f-b78a-76228855cc4d","Rissa tridactyla",2020
"HumanObservation",2023,63.4036638889,-19.1300611111,"2023-06-10T01:16:00+00:00",NA,"Fratercula arctica","fb34fe62-97c6-42bc-a213-6bde6d3b88e1","Fratercula arctica",2020
"HumanObservation",2023,64.1742958921,-21.9623392169,"2023-06-01T13:23:18+00:00",NA,"Fratercula arctica","fb3fe1fe-ff13-4357-bd69-a4a8427bd1de","Fratercula arctica",2020
"HumanObservation",2023,66.1135237473,-17.413473053,"2023-06-06T08:08:00+00:00",NA,"Rissa tridactyla","fb7ec0ee-2b9a-4929-b811-8caac1952b52","Rissa tridactyla",2020
"HumanObservation",2023,61.6855754911,-6.7415479571,"2023-07-21T12:07:08+01:00",NA,"Fratercula arctica","fb8b3ac3-e4a1-4c3e-9964-2ae3f82391cc","Fratercula arctica",2020
"HumanObservation",2023,66.5617807164,-13.6235575005,"2023-07-27T19:33:43-01:00",NA,"Rissa tridactyla","fc155838-fad8-4176-9db5-2c88cd91f4e7","Rissa tridactyla",2020
"HumanObservation",2023,62.3718224284,5.7611229457,"2023-05-15T18:05:00+02:00",NA,"Fratercula arctica","fc5edf3b-a6fb-4fba-8eeb-cc997a905d9d","Fratercula arctica",2020
"HumanObservation",2023,66.1136304673,-17.3696698458,"2023-06-04T08:59:00+00:00",NA,"Fratercula arctica","fc77e7ce-6270-4e99-a270-8219af327d3b","Fratercula arctica",2020
"HumanObservation",2023,78.158846,13.806152,"2023-06-24T22:32:28","1","Balaenoptera musculus","fc7eff34-08c4-4fc9-a43c-4fb81329dee0","Balaenoptera musculus",2020
"HumanObservation",2023,70.2303046932,31.0325899947,"2023-06-23T17:38:00+02:00",NA,"Rissa tridactyla","fcc3729b-0d7c-4493-b2ad-56286425268b","Rissa tridactyla",2020
"HumanObservation",2023,57.1585044555,9.0251544038,"2023-08-05T19:46:00+02:00",NA,"Rissa tridactyla","fcc55c2f-e4fb-4fae-bafd-a3fa49abe614","Rissa tridactyla",2020
"HumanObservation",2023,69.5270156836,15.7996543123,"2023-08-12T10:37:00+02:00",NA,"Physeter macrocephalus","fd28ed8d-d5ce-40cf-87bd-f1515d155148","Physeter macrocephalus",2020
"HumanObservation",2023,64.0676160412,-21.9713795193,"2023-02-24T15:46:00+00:00",NA,"Rissa tridactyla","fd3b5e2d-5b6a-498b-95ed-1ae3fa367551","Rissa tridactyla",2020
"HumanObservation",2023,64.169063489,-21.9693333283,"2023-06-01T13:51:31+00:00",NA,"Fratercula arctica","fd6287ff-047b-4812-a800-ca76c79ea31a","Fratercula arctica",2020
"HumanObservation",2023,69.759432397,18.8620277649,"2023-07-13T15:51:00+02:00",NA,"Rissa tridactyla","fd6e9a8a-3b9e-4113-96e4-b7daf40b1ce7","Rissa tridactyla",2020
"HumanObservation",2023,79.6221731087,11.4959053759,"2023-06-28T17:32:00+02:00",NA,"Rissa tridactyla","fd708bb1-0d81-4498-b21e-97c3698d2db6","Rissa tridactyla",2020
"HumanObservation",2023,70.3363519758,31.1565716286,"2023-06-23T15:36:00+02:00",NA,"Rissa tridactyla","fd767b89-c487-407e-b1f2-3649bf75a9aa","Rissa tridactyla",2020
"HumanObservation",2023,65.3783938675,-22.9095706352,"2023-06-21T16:18:00+00:00",NA,"Fratercula arctica","fdc45681-184a-4da5-b8a5-f0aad9774596","Fratercula arctica",2020
"HumanObservation",2023,70.2587652302,31.0254059856,"2023-06-23T14:53:00+02:00",NA,"Rissa tridactyla","fdcded69-68b0-48ea-9c61-011d0249c87a","Rissa tridactyla",2020
"HumanObservation",2023,67.8150282835,12.8917789519,"2023-07-15T14:23:26+02:00",NA,"Rissa tridactyla","fde5671d-cc07-4053-91df-8a821181c8f9","Rissa tridactyla",2020
"HumanObservation",2023,70.3459675992,31.0906437512,"2023-06-23T15:35:00+02:00",NA,"Fratercula arctica","fe2a3f69-ff14-475e-b3f2-c2072e14b702","Fratercula arctica",2020
"HumanObservation",2023,65.5418783333,-13.7547883333,"2023-06-29T10:26:19+00:00",NA,"Fratercula arctica","fe2e5496-c0c8-420d-9afa-90a0f4ee18b4","Fratercula arctica",2020
"HumanObservation",2023,65.5421916667,-13.7549555556,"2023-06-05T07:30:00+00:00",NA,"Fratercula arctica","fe5fb571-7f47-4ac6-ba05-15f3665acd55","Fratercula arctica",2020
"HumanObservation",2023,78.7463619324,9.9040737817,"2023-07-03T14:44:00+02:00",NA,"Rissa tridactyla","fe8404ac-96ec-46ce-8226-8fa1c9a112b3","Rissa tridactyla",2020
"HumanObservation",2023,63.3989840295,-20.2920211822,"2023-06-26T00:48:00+00:00",NA,"Fratercula arctica","fea27d01-db48-43c7-98b2-b2ff2341ccba","Fratercula arctica",2020
"HumanObservation",2023,70.3428293176,31.1177328769,"2023-03-24T11:31:00+01:00",NA,"Rissa tridactyla","fefcdf06-0eee-4def-928c-aefd47afd741","Rissa tridactyla",2020
"HumanObservation",2023,65.9017150225,-16.0653276382,"2023-05-29T18:12:13+00:00",NA,"Fratercula arctica","ff06c58f-4071-4978-856f-3e1fd5bf68da","Fratercula arctica",2020
"HumanObservation",2023,64.9389451138,-19.1132996684,"2023-07-13T19:11:08+00:00",NA,"Fratercula arctica","ff0f4cd1-3400-4e5f-b9b9-31afda8bc832","Fratercula arctica",2020
"HumanObservation",2023,66.076667,-17.55,"2023-05-13","1","Balaenoptera musculus","ffc18197-dd4e-4c99-8ec2-ee666112ced5","Balaenoptera musculus",2020
"HumanObservation",2023,78.1780130076,15.1161718294,"2023-05-24T07:47:00+02:00",NA,"Rissa tridactyla","ffe9f2bb-2364-43bc-9402-21335280704e","Rissa tridactyla",2020
"HumanObservation",2023,66.081892,-17.551167,"2023-06-15T11:00","1","Balaenoptera musculus","fff72bd9-82ac-4900-86fe-4557f34fc911","Balaenoptera musculus",2020
"HumanObservation",2023,65.4992978239,-24.510755512,"2023-06-30T07:48:00+00:00",NA,"Rissa tridactyla","fffd70b2-ef3f-4509-9e2e-6bff0bea63ea","Rissa tridactyla",2020
