{
"type": "FeatureCollection",
"name": "spatial_overlay_2023",
"crs": { "type": "name", "properties": { "name": "urn:ogc:def:crs:EPSG::3035" } },
"features": [
{ "type": "Feature", "properties": { "basisOfRecord": "HumanObservation", "date_year": 2023, "decimalLatitude": 64.895992778299998, "decimalLongitude": -23.700686945000001, "eventDate": "2023-07-14T18:16:00+00:00", "individualCount": null, "scientificName": "Rissa tridactyla", "id": "002cc982-f0c0-48b0-b958-8c48c3c42904", "especie_normalizada": "Rissa tridactyla", "decada": 2020, "traffic_at_point": 15330.7607421875, "traffic_buffer_mean": 126.02384185791016 }, "geometry": { "type": "Point", "coordinates": [ 2788217.734306756407022, 5024394.704962149262428 ] } },
{ "type": "Feature", "properties": { "basisOfRecord": "HumanObservation", "date_year": 2023, "decimalLatitude": 64.171961992999996, "decimalLongitude": -21.969888210299999, "eventDate": "2023-06-01T13:38:56+00:00", "individualCount": null, "scientificName": "Fratercula arctica", "id": "0033a903-0f15-4377-b0e3-a4296ad91d43", "especie_normalizada": "Fratercula arctica", "decada": 2020, "traffic_at_point": 43.554161071777344, "traffic_buffer_mean": 94.5106201171875 }, "geometry": { "type": "Point", "coordinates": [ 2821390.888287000358105, 4914853.062658671289682 ] } },
{ "type": "Feature", "properties": { "basisOfRecord": "HumanObservation", "date_year": 2023, "decimalLatitude": 62.574992117500003, "decimalLongitude": 5.7141126926999997, "eventDate": "2023-05-30T12:11:00+02:00", "individualCount": null, "scientificName": "Fratercula arctica", "id": "0058e37e-3af1-498c-b15c-1865be24e6d7", "especie_normalizada": "Fratercula arctica", "decada": 2020, "traffic_at_point": 1.4721359014511108, "traffic_buffer_mean": 2.0275838375091553 }, "geometry": { "type": "Point", "coordinates": [ 4099846.136882652994245, 4392621.339112918823957 ] } },
{ "type": "Feature", "properties": { "basisOfRecord": "HumanObservation", "date_year": 2023, "decimalLatitude": 65.500782221700007, "decimalLongitude": -24.527784721700002, "eventDate": "2023-07-16T13:40:00+00:00", "individualCount": null, "scientificName": "Fratercula arctica", "id": "007bb699-5d22-4787-988a-c4c46b79cb1e", "especie_normalizada": "Fratercula arctica", "decada": 2020, "traffic_at_point": 0.21914801001548767, "traffic_buffer_mean": 0.77430993318557739 }, "geometry": { "type": "Point", "coordinates": [ 2789118.531770445406437, 5101866.563441678881645 ] } },
{ "type": "Feature", "properties": { "basisOfRecord": "HumanObservation", "date_year": 2023, "decimalLatitude": 66.190253190799993, "decimalLongitude": -17.599695808100002, "eventDate": "2023-06-06T07:26:00+00:00", "individualCount": null, "scientificName": "Fratercula arctica", "id": "00a194e2-9e1d-4648-884d-c24fad01624c", "especie_normalizada": "Fratercula arctica", "decada": 2020, "traffic_at_point": 0.22964884340763092, "traffic_buffer_mean": 1.0714818239212036 }, "geometry": { "type": "Point", "coordinates": [ 3106360.422064653132111, 5032472.820976284332573 ] } },
{ "type": "Feature", "properties": { "basisOfRecord": "HumanObservation", "date_year": 2023, "decimalLatitude": 65.5383750811, "decimalLongitude": -13.754710938900001, "eventDate": "2023-06-05T17:14:00+00:00", "individualCount": null, "scientificName": "Fratercula arctica", "id": "015ef741-ec4f-4fee-bafd-afc94a5d63f5", "especie_normalizada": "Fratercula arctica", "decada": 2020, "traffic_at_point": 3972.853759765625, "traffic_buffer_mean": 16.466697692871094 }, "geometry": { "type": "Point", "coordinates": [ 3240408.846647519152611, 4901315.512567752972245 ] } },
{ "type": "Feature", "properties": { "basisOfRecord": "HumanObservation", "date_year": 2023, "decimalLatitude": 64.751642986700006, "decimalLongitude": -23.6450850065, "eventDate": "2023-07-06T10:01:00+00:00", "individualCount": null, "scientificName": "Rissa tridactyla", "id": "019fa7ba-c3a0-4780-a613-f708cf16e4ac", "especie_normalizada": "Rissa tridactyla", "decada": 2020, "traffic_at_point": 0.33879104256629944, "traffic_buffer_mean": 8.3865060806274414 }, "geometry": { "type": "Point", "coordinates": [ 2782422.868569633923471, 5008993.402874978259206 ] } },
{ "type": "Feature", "properties": { "basisOfRecord": "HumanObservation", "date_year": 2023, "decimalLatitude": 64.1726863425, "decimalLongitude": -10.961450595300001, "eventDate": "2023-10-03T09:29:00-01:00", "individualCount": null, "scientificName": "Rissa tridactyla", "id": "01d80f74-84e8-439b-83be-7c02dcdcc113", "especie_normalizada": "Rissa tridactyla", "decada": 2020, "traffic_at_point": 0.0036383199039846659, "traffic_buffer_mean": 0.017900077626109123 }, "geometry": { "type": "Point", "coordinates": [ 3313796.385153996292502, 4715658.911344883963466 ] } },
{ "type": "Feature", "properties": { "basisOfRecord": "HumanObservation", "date_year": 2023, "decimalLatitude": 63.414199829099999, "decimalLongitude": -19.007610321000001, "eventDate": "2023-02-11T18:04:21+00:00", "individualCount": null, "scientificName": "Fratercula arctica", "id": "0220d6fa-10ac-4d91-8cf5-caac54adeddf", "especie_normalizada": "Fratercula arctica", "decada": 2020, "traffic_at_point": 0.0, "traffic_buffer_mean": 0.83426594734191895 }, "geometry": { "type": "Point", "coordinates": [ 2913443.365525866858661, 4776462.170443071052432 ] } },
{ "type": "Feature", "properties": { "basisOfRecord": "HumanObservation", "date_year": 2023, "decimalLatitude": 60.003232492800002, "decimalLongitude": -1.2205738185, "eventDate": "2023-01-01T11:13:00+00:00", "individualCount": null, "scientificName": "Rissa tridactyla", "id": "026fe630-bbb3-45d5-ae0b-fff0344ba4be", "especie_normalizada": "Rissa tridactyla", "decada": 2020, "traffic_at_point": 0.12288567423820496, "traffic_buffer_mean": 2.9996299743652344 }, "geometry": { "type": "Point", "coordinates": [ 3696401.940981646534055, 4149849.739868996664882 ] } },
{ "type": "Feature", "properties": { "basisOfRecord": "HumanObservation", "date_year": 2023, "decimalLatitude": 63.445026695800003, "decimalLongitude": -20.261458328100002, "eventDate": "2023-07-24T14:51:00+00:00", "individualCount": null, "scientificName": "Fratercula arctica", "id": "0279a69c-e856-4685-85a0-46a6211b5305", "especie_normalizada": "Fratercula arctica", "decada": 2020, "traffic_at_point": 13177.1298828125, "traffic_buffer_mean": 50.428333282470703 }, "geometry": { "type": "Point", "coordinates": [ 2858649.571709812153131, 4805487.533314686268568 ] } },
{ "type": "Feature", "properties": { "basisOfRecord": "HumanObservation", "date_year": 2023, "decimalLatitude": 63.402710066700003, "decimalLongitude": -19.040534067199999, "eventDate": "2023-05-16T22:23:00+00:00", "individualCount": null, "scientificName": "Fratercula arctica", "id": "0373b9a2-957f-4b81-84b3-21e1681ad2b0", "especie_normalizada": "Fratercula arctica", "decada": 2020, "traffic_at_point": 0.0040466929785907269, "traffic_buffer_mean": 0.98661595582962036 }, "geometry": { "type": "Point", "coordinates": [ 2911402.723328390158713, 4775961.054406761191785 ] } },
{ "type": "Feature", "properties": { "basisOfRecord": "HumanObservation", "date_year": 2023, "decimalLatitude": 57.6977268897, "decimalLongitude": 11.608878724, "eventDate": "2023-10-14T11:29:48+02:00", "individualCount": null, "scientificName": "Rissa tridactyla", "id": "03c1714b-303e-4a24-aa21-98064563e0bc", "especie_normalizada": "Rissa tridactyla", "decada": 2020, "traffic_at_point": 3.2613418102264404, "traffic_buffer_mean": 169.90647888183594 }, "geometry": { "type": "Point", "coordinates": [ 4417057.620877832174301, 3845058.617249905131757 ] } },
{ "type": "Feature", "properties": { "basisOfRecord": "HumanObservation", "date_year": 2023, "decimalLatitude": 63.4334106445, "decimalLongitude": -19.1535396576, "eventDate": "2023-08-02T10:34:40+00:00", "individualCount": null, "scientificName": "Fratercula arctica", "id": "03c6a16e-72d4-4ea7-8167-f435dfcc2516", "especie_normalizada": "Fratercula arctica", "decada": 2020, "traffic_at_point": null, "traffic_buffer_mean": 0.75223278999328613 }, "geometry": { "type": "Point", "coordinates": [ 2907787.853635334409773, 4781376.88062390498817 ] } },
{ "type": "Feature", "properties": { "basisOfRecord": "HumanObservation", "date_year": 2023, "decimalLatitude": 63.402554216, "decimalLongitude": -19.0412649885, "eventDate": "2023-08-12T09:40:08+00:00", "individualCount": null, "scientificName": "Fratercula arctica", "id": "03d1cb7c-ec25-4e04-8fab-06141767fcf0", "especie_normalizada": "Fratercula arctica", "decada": 2020, "traffic_at_point": 0.0040466929785907269, "traffic_buffer_mean": 0.98661595582962036 }, "geometry": { "type": "Point", "coordinates": [ 2911362.197407905943692, 4775960.032472449354827 ] } },
{ "type": "Feature", "properties": { "basisOfRecord": "HumanObservation", "date_year": 2023, "decimalLatitude": 65.4999883, "decimalLongitude": -24.526835382600002, "eventDate": "2023-06-21T11:54:00+00:00", "individualCount": null, "scientificName": "Rissa tridactyla", "id": "03e8c90c-0974-413b-9d58-401d5bfd3d28", "especie_normalizada": "Rissa tridactyla", "decada": 2020, "traffic_at_point": 0.21914801001548767, "traffic_buffer_mean": 0.77430993318557739 }, "geometry": { "type": "Point", "coordinates": [ 2789110.623684763908386, 5101768.206064941361547 ] } },
{ "type": "Feature", "properties": { "basisOfRecord": "HumanObservation", "date_year": 2023, "decimalLatitude": 59.853780202599999, "decimalLongitude": -1.2755630538, "eventDate": "2023-06-17T15:38:06+01:00", "individualCount": null, "scientificName": "Fratercula arctica", "id": "0426880b-69e3-4a5b-8bf8-0c929441d15f", "especie_normalizada": "Fratercula arctica", "decada": 2020, "traffic_at_point": 4.1028084754943848, "traffic_buffer_mean": 1.8420878648757935 }, "geometry": { "type": "Point", "coordinates": [ 3690596.96604814613238, 4133923.466082486789674 ] } },
{ "type": "Feature", "properties": { "basisOfRecord": "HumanObservation", "date_year": 2023, "decimalLatitude": 64.886778054999994, "decimalLongitude": -24.041323611700001, "eventDate": "2023-07-14T12:55:00+00:00", "individualCount": null, "scientificName": "Rissa tridactyla", "id": "04acb98c-b11f-40b3-afab-b6c4ee11ab36", "especie_normalizada": "Rissa tridactyla", "decada": 2020, "traffic_at_point": 10.41545295715332, "traffic_buffer_mean": 2.8499681949615479 }, "geometry": { "type": "Point", "coordinates": [ 2773710.461178120691329, 5031098.911028854548931 ] } },
{ "type": "Feature", "properties": { "basisOfRecord": "HumanObservation", "date_year": 2023, "decimalLatitude": 63.812111666699998, "decimalLongitude": -22.714266666699999, "eventDate": "2023-05-26T17:06:06+00:00", "individualCount": null, "scientificName": "Rissa tridactyla", "id": "051543f8-9110-4360-92c5-cf42dc3c5280", "especie_normalizada": "Rissa tridactyla", "decada": 2020, "traffic_at_point": 0.25472384691238403, "traffic_buffer_mean": 2.5988860130310059 }, "geometry": { "type": "Point", "coordinates": [ 2770057.599008091725409, 4895513.502366356551647 ] } },
{ "type": "Feature", "properties": { "basisOfRecord": "HumanObservation", "date_year": 2023, "decimalLatitude": 66.556266150400006, "decimalLongitude": -18.013575971400002, "eventDate": "2023-06-19T13:54:00+00:00", "individualCount": null, "scientificName": "Fratercula arctica", "id": "05fa4574-24c4-4fe0-90f6-5701ad59e2c6", "especie_normalizada": "Fratercula arctica", "decada": 2020, "traffic_at_point": 6.8201208114624023, "traffic_buffer_mean": 14.99882698059082 }, "geometry": { "type": "Point", "coordinates": [ 3106805.68717886460945, 5077009.567234797403216 ] } },
{ "type": "Feature", "properties": { "basisOfRecord": "HumanObservation", "date_year": 2023, "decimalLatitude": 62.478170915100002, "decimalLongitude": 5.6692377173999997, "eventDate": "2023-07-17T12:20:57+02:00", "individualCount": null, "scientificName": "Fratercula arctica", "id": "06a066a4-1fd0-4a8a-8e6a-5b098730c1c8", "especie_normalizada": "Fratercula arctica", "decada": 2020, "traffic_at_point": 0.19028425216674805, "traffic_buffer_mean": 2.7876546382904053 }, "geometry": { "type": "Point", "coordinates": [ 4096825.371169868391007, 4382039.34661206509918 ] } },
{ "type": "Feature", "properties": { "basisOfRecord": "HumanObservation", "date_year": 2023, "decimalLatitude": 62.101711399700001, "decimalLongitude": -7.6476837, "eventDate": "2023-06-10T11:43:43+01:00", "individualCount": null, "scientificName": "Rissa tridactyla", "id": "06ff1f36-adf6-429a-b6c1-2fd5248b1bea", "especie_normalizada": "Rissa tridactyla", "decada": 2020, "traffic_at_point": 0.52744925022125244, "traffic_buffer_mean": 0.34628945589065552 }, "geometry": { "type": "Point", "coordinates": [ 3407020.532587416470051, 4448757.603522796183825 ] } },
{ "type": "Feature", "properties": { "basisOfRecord": "HumanObservation", "date_year": 2023, "decimalLatitude": 62.819015, "decimalLongitude": -7.9435038, "eventDate": "2023-06-01T10:41:00-01:00", "individualCount": null, "scientificName": "Rissa tridactyla", "id": "07231719-6a27-49c8-97a6-592333a4323c", "especie_normalizada": "Rissa tridactyla", "decada": 2020, "traffic_at_point": 0.034129545092582703, "traffic_buffer_mean": 0.017251281067728996 }, "geometry": { "type": "Point", "coordinates": [ 3413638.995389869436622, 4529750.696467945352197 ] } },
{ "type": "Feature", "properties": { "basisOfRecord": "HumanObservation", "date_year": 2023, "decimalLatitude": 62.326964614700003, "decimalLongitude": -6.9417463263999997, "eventDate": "2023-07-15T11:09:00+01:00", "individualCount": null, "scientificName": "Fratercula arctica", "id": "07652512-3199-4fc1-9975-d7272973e013", "especie_normalizada": "Fratercula arctica", "decada": 2020, "traffic_at_point": 0.83166605234146118, "traffic_buffer_mean": 8.4569358825683594 }, "geometry": { "type": "Point", "coordinates": [ 3449104.463467788416892, 4464053.064903025515378 ] } },
{ "type": "Feature", "properties": { "basisOfRecord": "HumanObservation", "date_year": 2023, "decimalLatitude": 58.4300796132, "decimalLongitude": -3.0663895233999998, "eventDate": "2023-07-29T10:59:53+01:00", "individualCount": null, "scientificName": "Rissa tridactyla", "id": "080f7b5f-8db3-45e9-9276-0618032774b6", "especie_normalizada": "Rissa tridactyla", "decada": 2020, "traffic_at_point": 24.284267425537109, "traffic_buffer_mean": 10.585668563842773 }, "geometry": { "type": "Point", "coordinates": [ 3561345.580857921857387, 3995313.962950373068452 ] } },
{ "type": "Feature", "properties": { "basisOfRecord": "HumanObservation", "date_year": 2023, "decimalLatitude": 58.644018582199998, "decimalLongitude": -3.0273412541, "eventDate": "2023-07-25", "individualCount": null, "scientificName": "Fratercula arctica", "id": "09b8779d-0bcf-44fa-8deb-b2ccdaeb4701", "especie_normalizada": "Fratercula arctica", "decada": 2020, "traffic_at_point": 3.1868908405303955, "traffic_buffer_mean": 2.5166301727294922 }, "geometry": { "type": "Point", "coordinates": [ 3568111.209229490254074, 4018320.792779546231031 ] } },
{ "type": "Feature", "properties": { "basisOfRecord": "HumanObservation", "date_year": 2023, "decimalLatitude": 65.889642047899997, "decimalLongitude": -18.0090112416, "eventDate": "2023-05-30T11:42:38+00:00", "individualCount": null, "scientificName": "Fratercula arctica", "id": "0a4e029c-284b-476e-b0db-3161271935a8", "especie_normalizada": "Fratercula arctica", "decada": 2020, "traffic_at_point": null, "traffic_buffer_mean": 10.346923828125 }, "geometry": { "type": "Point", "coordinates": [ 3075224.153576990589499, 5009158.028381692245603 ] } },
{ "type": "Feature", "properties": { "basisOfRecord": "HumanObservation", "date_year": 2023, "decimalLatitude": 64.735150336700002, "decimalLongitude": -23.775094258199999, "eventDate": "2023-07-19T12:27:00+00:00", "individualCount": null, "scientificName": "Rissa tridactyla", "id": "0b7d956f-2dc8-4d43-931c-847597dca051", "especie_normalizada": "Rissa tridactyla", "decada": 2020, "traffic_at_point": 0.025411320850253105, "traffic_buffer_mean": 7.5023536682128906 }, "geometry": { "type": "Point", "coordinates": [ 2776121.953326554037631, 5010280.061569169163704 ] } },
{ "type": "Feature", "properties": { "basisOfRecord": "HumanObservation", "date_year": 2023, "decimalLatitude": 63.401993888299998, "decimalLongitude": -19.131097778299999, "eventDate": "2023-07-23T18:41:00+00:00", "individualCount": null, "scientificName": "Fratercula arctica", "id": "0c7da887-dee0-4ded-a2bd-e1fc9f31c088", "especie_normalizada": "Fratercula arctica", "decada": 2020, "traffic_at_point": 0.0011651238892227411, "traffic_buffer_mean": 0.97013711929321289 }, "geometry": { "type": "Point", "coordinates": [ 2907279.56521625071764, 4777727.914915505796671 ] } },
{ "type": "Feature", "properties": { "basisOfRecord": "HumanObservation", "date_year": 2023, "decimalLatitude": 65.500652896999995, "decimalLongitude": -24.530087702199999, "eventDate": "2023-08-02T14:07:00+00:00", "individualCount": null, "scientificName": "Fratercula arctica", "id": "0cc34277-b38b-46ba-815b-80f27e967338", "especie_normalizada": "Fratercula arctica", "decada": 2020, "traffic_at_point": 0.21914801001548767, "traffic_buffer_mean": 0.77430993318557739 }, "geometry": { "type": "Point", "coordinates": [ 2789019.25439318548888, 5101905.256804952397943 ] } },
{ "type": "Feature", "properties": { "basisOfRecord": "HumanObservation", "date_year": 2023, "decimalLatitude": 63.615938333300001, "decimalLongitude": -19.988878333300001, "eventDate": "2023-09-03T13:57:58+00:00", "individualCount": null, "scientificName": "Fratercula arctica", "id": "0ddf8698-672f-44ae-a378-599234f75ee4", "especie_normalizada": "Fratercula arctica", "decada": 2020, "traffic_at_point": null, "traffic_buffer_mean": 3.3541827201843262 }, "geometry": { "type": "Point", "coordinates": [ 2879343.089256572071463, 4817040.714929882436991 ] } },
{ "type": "Feature", "properties": { "basisOfRecord": "HumanObservation", "date_year": 2023, "decimalLatitude": 63.444973184299997, "decimalLongitude": -20.258387518900001, "eventDate": "2023-07-24T14:09:00+00:00", "individualCount": null, "scientificName": "Rissa tridactyla", "id": "0e5ae964-c78f-4ae3-a87f-749005727f14", "especie_normalizada": "Rissa tridactyla", "decada": 2020, "traffic_at_point": 13177.1298828125, "traffic_buffer_mean": 50.428333282470703 }, "geometry": { "type": "Point", "coordinates": [ 2858784.037123496178538, 4805417.461480517871678 ] } },
{ "type": "Feature", "properties": { "basisOfRecord": "HumanObservation", "date_year": 2023, "decimalLatitude": 67.846977143199993, "decimalLongitude": 13.089602103000001, "eventDate": "2023-06-13", "individualCount": null, "scientificName": "Rissa tridactyla", "id": "1077dc2d-dbab-4ff9-ab3a-4ac62df8fb6b", "especie_normalizada": "Rissa tridactyla", "decada": 2020, "traffic_at_point": 1.6818687915802002, "traffic_buffer_mean": 57.222316741943359 }, "geometry": { "type": "Point", "coordinates": [ 4452306.590943309478462, 4972514.774764288216829 ] } },
{ "type": "Feature", "properties": { "basisOfRecord": "HumanObservation", "date_year": 2023, "decimalLatitude": 65.376121886799993, "decimalLongitude": -22.913634996300001, "eventDate": "2023-06-29T02:42:00+00:00", "individualCount": null, "scientificName": "Rissa tridactyla", "id": "10a5257d-8565-41c2-a433-8ea93d6579f3", "especie_normalizada": "Rissa tridactyla", "decada": 2020, "traffic_at_point": 31.355978012084961, "traffic_buffer_mean": 1.4203054904937744 }, "geometry": { "type": "Point", "coordinates": [ 2847104.09562023403123, 5054429.853174329735339 ] } },
{ "type": "Feature", "properties": { "basisOfRecord": "HumanObservation", "date_year": 2023, "decimalLatitude": 62.3936535761, "decimalLongitude": 5.6080935994000001, "eventDate": "2023-06-17", "individualCount": null, "scientificName": "Fratercula arctica", "id": "10c77bfa-0ba8-4d3c-a87c-46be29fcab82", "especie_normalizada": "Fratercula arctica", "decada": 2020, "traffic_at_point": 0.4857994019985199, "traffic_buffer_mean": 63.992618560791016 }, "geometry": { "type": "Point", "coordinates": [ 4093038.363874115981162, 4372874.372395186685026 ] } },
{ "type": "Feature", "properties": { "basisOfRecord": "HumanObservation", "date_year": 2023, "decimalLatitude": 62.1029846108, "decimalLongitude": -7.6603031157999997, "eventDate": "2023-08-13T13:12:07+01:00", "individualCount": null, "scientificName": "Fratercula arctica", "id": "10ec72da-41df-4753-8046-9bb4e1539f41", "especie_normalizada": "Fratercula arctica", "decada": 2020, "traffic_at_point": 0.013127384707331657, "traffic_buffer_mean": 0.31569281220436096 }, "geometry": { "type": "Point", "coordinates": [ 3406420.835938106756657, 4449059.036809289827943 ] } },
{ "type": "Feature", "properties": { "basisOfRecord": "HumanObservation", "date_year": 2023, "decimalLatitude": 64.0705324, "decimalLongitude": -22.6512494, "eventDate": "2023-06-15T19:41:00+00:00", "individualCount": null, "scientificName": "Rissa tridactyla", "id": "1110991d-bddc-4dcf-885a-6a12887cf459", "especie_normalizada": "Rissa tridactyla", "decada": 2020, "traffic_at_point": 1.8488099575042725, "traffic_buffer_mean": 53.773937225341797 }, "geometry": { "type": "Point", "coordinates": [ 2786754.4348568553105, 4919717.044317381456494 ] } },
{ "type": "Feature", "properties": { "basisOfRecord": "HumanObservation", "date_year": 2023, "decimalLatitude": 67.934203333300005, "decimalLongitude": -22.725001666699999, "eventDate": "2023-08-16T09:44:00-02:00", "individualCount": null, "scientificName": "Rissa tridactyla", "id": "112261c4-a925-416f-a466-b2142122e860", "especie_normalizada": "Rissa tridactyla", "decada": 2020, "traffic_at_point": 0.0094485031440854073, "traffic_buffer_mean": 0.0039724968373775482 }, "geometry": { "type": "Point", "coordinates": [ 2996314.454184659291059, 5301820.47759891115129 ] } },
{ "type": "Feature", "properties": { "basisOfRecord": "HumanObservation", "date_year": 2023, "decimalLatitude": 66.537640833300003, "decimalLongitude": -18.0106761117, "eventDate": "2023-07-20T13:34:00+00:00", "individualCount": null, "scientificName": "Fratercula arctica", "id": "12513e76-f2aa-4d25-8dc9-2abd118a8507", "especie_normalizada": "Fratercula arctica", "decada": 2020, "traffic_at_point": 0.61218941211700439, "traffic_buffer_mean": 14.761794090270996 }, "geometry": { "type": "Point", "coordinates": [ 3106033.22503912076354, 5075066.457637483254075 ] } },
{ "type": "Feature", "properties": { "basisOfRecord": "HumanObservation", "date_year": 2023, "decimalLatitude": 59.8543369, "decimalLongitude": -1.2745718, "eventDate": "2023-06-27T08:56:00+01:00", "individualCount": null, "scientificName": "Fratercula arctica", "id": "12a8339e-2b93-4cb5-be7e-e6196997b6c6", "especie_normalizada": "Fratercula arctica", "decada": 2020, "traffic_at_point": 4.1028084754943848, "traffic_buffer_mean": 1.8420878648757935 }, "geometry": { "type": "Point", "coordinates": [ 3690662.162030277308077, 4133975.786865942645818 ] } },
{ "type": "Feature", "properties": { "basisOfRecord": "HumanObservation", "date_year": 2023, "decimalLatitude": 66.076667, "decimalLongitude": -17.55, "eventDate": "2023-05-13", "individualCount": 1.0, "scientificName": "Balaenoptera musculus", "id": "12faea75-7662-4e23-b4e6-45120d056b4e", "especie_normalizada": "Balaenoptera musculus", "decada": 2020, "traffic_at_point": 9.6210622787475586, "traffic_buffer_mean": 42.368129730224609 }, "geometry": { "type": "Point", "coordinates": [ 3103082.743364371359348, 5020015.359634535387158 ] } },
{ "type": "Feature", "properties": { "basisOfRecord": "HumanObservation", "date_year": 2023, "decimalLatitude": 63.825917969400003, "decimalLongitude": -21.664666134299999, "eventDate": "2023-06-12T18:01:00+00:00", "individualCount": null, "scientificName": "Fratercula arctica", "id": "14b54828-a989-4c57-88e8-e5407b30de0c", "especie_normalizada": "Fratercula arctica", "decada": 2020, "traffic_at_point": 0.093147784471511841, "traffic_buffer_mean": 0.44390192627906799 }, "geometry": { "type": "Point", "coordinates": [ 2816309.179118992760777, 4873734.407003133557737 ] } },
{ "type": "Feature", "properties": { "basisOfRecord": "HumanObservation", "date_year": 2023, "decimalLatitude": 64.767773333299999, "decimalLongitude": -23.616716388299999, "eventDate": "2023-07-13T17:09:00+00:00", "individualCount": null, "scientificName": "Rissa tridactyla", "id": "1537bdd2-7404-48ab-9b87-9e5585c83201", "especie_normalizada": "Rissa tridactyla", "decada": 2020, "traffic_at_point": 10.351204872131348, "traffic_buffer_mean": 9.0292415618896484 }, "geometry": { "type": "Point", "coordinates": [ 2784498.508777463808656, 5009944.793753364123404 ] } },
{ "type": "Feature", "properties": { "basisOfRecord": "HumanObservation", "date_year": 2023, "decimalLatitude": 65.374042398699999, "decimalLongitude": -22.926347483400001, "eventDate": "2023-06-22T11:49:00+00:00", "individualCount": null, "scientificName": "Fratercula arctica", "id": "15aeb059-ce40-4874-865b-68b00503beb0", "especie_normalizada": "Fratercula arctica", "decada": 2020, "traffic_at_point": 266.50588989257812, "traffic_buffer_mean": 1.3853476047515869 }, "geometry": { "type": "Point", "coordinates": [ 2846472.415232002269477, 5054496.947815409861505 ] } },
{ "type": "Feature", "properties": { "basisOfRecord": "HumanObservation", "date_year": 2023, "decimalLatitude": 64.750684412300004, "decimalLongitude": -23.6466828326, "eventDate": "2023-07-24T15:55:00+00:00", "individualCount": null, "scientificName": "Rissa tridactyla", "id": "16298838-2fe7-481f-ad50-9c05d27c2915", "especie_normalizada": "Rissa tridactyla", "decada": 2020, "traffic_at_point": 0.33879104256629944, "traffic_buffer_mean": 8.3865060806274414 }, "geometry": { "type": "Point", "coordinates": [ 2782303.130428737029433, 5008934.936480537056923 ] } },
{ "type": "Feature", "properties": { "basisOfRecord": "HumanObservation", "date_year": 2023, "decimalLatitude": 64.185947923499995, "decimalLongitude": -21.895794824500001, "eventDate": "2023-06-12T11:55:00+00:00", "individualCount": null, "scientificName": "Fratercula arctica", "id": "16d2078c-c75d-4bf2-ad8e-d546cff1a839", "especie_normalizada": "Fratercula arctica", "decada": 2020, "traffic_at_point": 7.0337138175964355, "traffic_buffer_mean": 101.82608795166016 }, "geometry": { "type": "Point", "coordinates": [ 2825311.949020714499056, 4914642.00701923109591 ] } },
{ "type": "Feature", "properties": { "basisOfRecord": "HumanObservation", "date_year": 2023, "decimalLatitude": 58.308005457599997, "decimalLongitude": -5.0430804587000004, "eventDate": "2023-05-26T13:27:46+01:00", "individualCount": null, "scientificName": "Fratercula arctica", "id": "1767300f-3932-4a84-8325-80ed06ced79e", "especie_normalizada": "Fratercula arctica", "decada": 2020, "traffic_at_point": null, "traffic_buffer_mean": 0.48968315124511719 }, "geometry": { "type": "Point", "coordinates": [ 3445328.383359939325601, 4004695.84432280715555 ] } },
{ "type": "Feature", "properties": { "basisOfRecord": "HumanObservation", "date_year": 2023, "decimalLatitude": 66.076667, "decimalLongitude": -17.55, "eventDate": "2023-05-13", "individualCount": 1.0, "scientificName": "Balaenoptera musculus", "id": "1809bb0c-d11d-412b-8bb1-a74f09a97e31", "especie_normalizada": "Balaenoptera musculus", "decada": 2020, "traffic_at_point": 9.6210622787475586, "traffic_buffer_mean": 42.368129730224609 }, "geometry": { "type": "Point", "coordinates": [ 3103082.743364371359348, 5020015.359634535387158 ] } },
{ "type": "Feature", "properties": { "basisOfRecord": "HumanObservation", "date_year": 2023, "decimalLatitude": 66.058082, "decimalLongitude": -17.561646, "eventDate": "2023-05-11T15:00", "individualCount": 1.0, "scientificName": "Balaenoptera musculus", "id": "18a1c9fc-ba16-4ff9-864d-f18ce464f510", "especie_normalizada": "Balaenoptera musculus", "decada": 2020, "traffic_at_point": 10.477850914001465, "traffic_buffer_mean": 45.961204528808594 }, "geometry": { "type": "Point", "coordinates": [ 3101729.676672986708581, 5018325.627103169448674 ] } },
{ "type": "Feature", "properties": { "basisOfRecord": "HumanObservation", "date_year": 2023, "decimalLatitude": 63.404205322300001, "decimalLongitude": -19.103233337399999, "eventDate": "2023-07-19T14:15:20+00:00", "individualCount": null, "scientificName": "Fratercula arctica", "id": "18ebd5a6-da60-4e5b-8913-1c3565210ff9", "especie_normalizada": "Fratercula arctica", "decada": 2020, "traffic_at_point": 0.0063093360513448715, "traffic_buffer_mean": 0.90702712535858154 }, "geometry": { "type": "Point", "coordinates": [ 2908644.114584274124354, 4777386.087272052653134 ] } },
{ "type": "Feature", "properties": { "basisOfRecord": "HumanObservation", "date_year": 2023, "decimalLatitude": 63.404268333300003, "decimalLongitude": -19.103241666700001, "eventDate": "2023-06-19T05:02:00+00:00", "individualCount": null, "scientificName": "Fratercula arctica", "id": "19bb3655-684c-4a4f-b3f0-8c5c08edc26c", "especie_normalizada": "Fratercula arctica", "decada": 2020, "traffic_at_point": 0.0063093360513448715, "traffic_buffer_mean": 0.90702712535858154 }, "geometry": { "type": "Point", "coordinates": [ 2908646.78393267095089, 4777392.661292808130383 ] } },
{ "type": "Feature", "properties": { "basisOfRecord": "HumanObservation", "date_year": 2023, "decimalLatitude": 65.499297823899994, "decimalLongitude": -24.510755512, "eventDate": "2023-06-30T07:41:00+00:00", "individualCount": null, "scientificName": "Rissa tridactyla", "id": "1a2dfee4-3071-4163-9bad-4aa85c6ec04e", "especie_normalizada": "Rissa tridactyla", "decada": 2020, "traffic_at_point": 0.21914801001548767, "traffic_buffer_mean": 0.77430993318557739 }, "geometry": { "type": "Point", "coordinates": [ 2789712.050677050836384, 5101343.131387866102159 ] } },
{ "type": "Feature", "properties": { "basisOfRecord": "HumanObservation", "date_year": 2023, "decimalLatitude": 63.396934364099998, "decimalLongitude": -20.297564271100001, "eventDate": "2023-07-03T15:24:00+00:00", "individualCount": null, "scientificName": "Fratercula arctica", "id": "1a2e9e24-1c9b-49cf-a36e-a2cac6e07545", "especie_normalizada": "Fratercula arctica", "decada": 2020, "traffic_at_point": 1.1087168455123901, "traffic_buffer_mean": 49.423187255859375 }, "geometry": { "type": "Point", "coordinates": [ 2854622.589065787382424, 4801397.391555225476623 ] } },
{ "type": "Feature", "properties": { "basisOfRecord": "HumanObservation", "date_year": 2023, "decimalLatitude": 61.7715682603, "decimalLongitude": -6.804072758, "eventDate": "2023-07-10T16:38:00+01:00", "individualCount": null, "scientificName": "Fratercula arctica", "id": "1a49df6a-9e83-4929-932c-a9fa108af7c9", "especie_normalizada": "Fratercula arctica", "decada": 2020, "traffic_at_point": 15.471166610717773, "traffic_buffer_mean": 2.8016974925994873 }, "geometry": { "type": "Point", "coordinates": [ 3440441.423672720789909, 4402379.341579117812216 ] } },
{ "type": "Feature", "properties": { "basisOfRecord": "HumanObservation", "date_year": 2023, "decimalLatitude": 63.404257917300001, "decimalLongitude": -19.1033470759, "eventDate": "2023-06-22T11:09:09+00:00", "individualCount": null, "scientificName": "Fratercula arctica", "id": "1a91fc6c-5f6c-4b54-b135-262b22de3adc", "especie_normalizada": "Fratercula arctica", "decada": 2020, "traffic_at_point": 0.0063093360513448715, "traffic_buffer_mean": 0.90702712535858154 }, "geometry": { "type": "Point", "coordinates": [ 2908641.522710909601301, 4777393.744882657192647 ] } },
{ "type": "Feature", "properties": { "basisOfRecord": "HumanObservation", "date_year": 2023, "decimalLatitude": 65.554292625800002, "decimalLongitude": -13.756671276000001, "eventDate": "2023-06-05T16:57:00+00:00", "individualCount": null, "scientificName": "Rissa tridactyla", "id": "1b18cb04-0899-416d-a1da-ba2d86b8f9d2", "especie_normalizada": "Rissa tridactyla", "decada": 2020, "traffic_at_point": 1.1402840614318848, "traffic_buffer_mean": 14.899961471557617 }, "geometry": { "type": "Point", "coordinates": [ 3240968.410558050964028, 4903006.44313308596611 ] } },
{ "type": "Feature", "properties": { "basisOfRecord": "HumanObservation", "date_year": 2023, "decimalLatitude": 59.093591741600001, "decimalLongitude": -2.534343861, "eventDate": "2023-07-21", "individualCount": null, "scientificName": "Fratercula arctica", "id": "1b21ae53-10ad-4eea-aedb-384cc2d00c38", "especie_normalizada": "Fratercula arctica", "decada": 2020, "traffic_at_point": 0.79996365308761597, "traffic_buffer_mean": 2.1385064125061035 }, "geometry": { "type": "Point", "coordinates": [ 3605430.404778223019093, 4062467.428084187209606 ] } },
{ "type": "Feature", "properties": { "basisOfRecord": "HumanObservation", "date_year": 2023, "decimalLatitude": 67.993315569299995, "decimalLongitude": 12.8636814983, "eventDate": "2023-07-18T11:25:00+02:00", "individualCount": null, "scientificName": "Rissa tridactyla", "id": "1b26a864-d0ba-441e-b969-3c690dcec3cc", "especie_normalizada": "Rissa tridactyla", "decada": 2020, "traffic_at_point": 0.28437298536300659, "traffic_buffer_mean": 19.872291564941406 }, "geometry": { "type": "Point", "coordinates": [ 4441970.601616294123232, 4988246.587997849099338 ] } },
{ "type": "Feature", "properties": { "basisOfRecord": "HumanObservation", "date_year": 2023, "decimalLatitude": 63.4040405549, "decimalLongitude": -19.130225662200001, "eventDate": "2023-07-28T11:18:00+00:00", "individualCount": null, "scientificName": "Fratercula arctica", "id": "1cfb9b63-8749-456e-9bed-e5d5d3ea2793", "especie_normalizada": "Fratercula arctica", "decada": 2020, "traffic_at_point": 0.0011651238892227411, "traffic_buffer_mean": 0.97013711929321289 }, "geometry": { "type": "Point", "coordinates": [ 2907417.925212401896715, 4777918.171590637415648 ] } },
{ "type": "Feature", "properties": { "basisOfRecord": "HumanObservation", "date_year": 2023, "decimalLatitude": 65.5421225531, "decimalLongitude": -13.754824923399999, "eventDate": "2023-07-23T11:51:00+00:00", "individualCount": null, "scientificName": "Fratercula arctica", "id": "1d9ad29b-4159-4c93-b5cc-76e3284fe55c", "especie_normalizada": "Fratercula arctica", "decada": 2020, "traffic_at_point": 3972.853759765625, "traffic_buffer_mean": 16.466697692871094 }, "geometry": { "type": "Point", "coordinates": [ 3240555.632753066718578, 4901708.193176219239831 ] } },
{ "type": "Feature", "properties": { "basisOfRecord": "HumanObservation", "date_year": 2023, "decimalLatitude": 65.095213833299994, "decimalLongitude": -22.704671666700001, "eventDate": "2023-08-02T20:55:52+00:00", "individualCount": null, "scientificName": "Fratercula arctica", "id": "1e30f835-d1d9-4476-9ac1-661ec650ff7f", "especie_normalizada": "Fratercula arctica", "decada": 2020, "traffic_at_point": 5.2287821769714355, "traffic_buffer_mean": 34.208560943603516 }, "geometry": { "type": "Point", "coordinates": [ 2840244.720228031277657, 5022243.654040765948594 ] } },
{ "type": "Feature", "properties": { "basisOfRecord": "HumanObservation", "date_year": 2023, "decimalLatitude": 63.404716666699997, "decimalLongitude": -19.101847166700001, "eventDate": "2023-06-15T14:59:50+00:00", "individualCount": null, "scientificName": "Fratercula arctica", "id": "1e96e3a6-381a-495e-8c6d-8da437220ac8", "especie_normalizada": "Fratercula arctica", "decada": 2020, "traffic_at_point": 0.0063093360513448715, "traffic_buffer_mean": 0.90702712535858154 }, "geometry": { "type": "Point", "coordinates": [ 2908731.394245974719524, 4777409.891481747850776 ] } },
{ "type": "Feature", "properties": { "basisOfRecord": "HumanObservation", "date_year": 2023, "decimalLatitude": 65.542569, "decimalLongitude": -13.755936, "eventDate": "2023-08-11T08:30:00+00:00", "individualCount": null, "scientificName": "Rissa tridactyla", "id": "1eb64e8a-06d5-4b33-9d5a-d700d976cc44", "especie_normalizada": "Rissa tridactyla", "decada": 2020, "traffic_at_point": 3972.853759765625, "traffic_buffer_mean": 16.466697692871094 }, "geometry": { "type": "Point", "coordinates": [ 3240525.548683868721128, 4901772.099749011918902 ] } },
{ "type": "Feature", "properties": { "basisOfRecord": "HumanObservation", "date_year": 2023, "decimalLatitude": 58.382849919100003, "decimalLongitude": -5.2053256901999996, "eventDate": "2023-06-26T10:59:17+01:00", "individualCount": null, "scientificName": "Fratercula arctica", "id": "1f520817-e1cc-4f32-a0a0-51e13b112b9d", "especie_normalizada": "Fratercula arctica", "decada": 2020, "traffic_at_point": 0.28383147716522217, "traffic_buffer_mean": 0.74193483591079712 }, "geometry": { "type": "Point", "coordinates": [ 3437893.34200556203723, 4014852.597995176445693 ] } },
{ "type": "Feature", "properties": { "basisOfRecord": "HumanObservation", "date_year": 2023, "decimalLatitude": 62.410624490700002, "decimalLongitude": 5.6310079521, "eventDate": "2023-06-17T07:48:00+02:00", "individualCount": null, "scientificName": "Fratercula arctica", "id": "1fbddaf4-8b0d-4b93-8adb-5cd973738459", "especie_normalizada": "Fratercula arctica", "decada": 2020, "traffic_at_point": 0.58254867792129517, "traffic_buffer_mean": 55.863391876220703 }, "geometry": { "type": "Point", "coordinates": [ 4094351.090657995548099, 4374680.121219219639897 ] } },
{ "type": "Feature", "properties": { "basisOfRecord": "HumanObservation", "date_year": 2023, "decimalLatitude": 64.172004531200002, "decimalLongitude": -21.924643032300001, "eventDate": "2023-06-01T13:14:24+00:00", "individualCount": null, "scientificName": "Fratercula arctica", "id": "1fc96007-c0dc-4887-beeb-fe777e013e0b", "especie_normalizada": "Fratercula arctica", "decada": 2020, "traffic_at_point": 13.033811569213867, "traffic_buffer_mean": 119.03760528564453 }, "geometry": { "type": "Point", "coordinates": [ 2823334.576204379089177, 4913877.474657695740461 ] } },
{ "type": "Feature", "properties": { "basisOfRecord": "HumanObservation", "date_year": 2023, "decimalLatitude": 64.7679027776, "decimalLongitude": -23.616767227699999, "eventDate": "2023-06-02T13:17:43+00:00", "individualCount": null, "scientificName": "Rissa tridactyla", "id": "20e38511-aa39-4a6a-abea-4e98fdb2b9a1", "especie_normalizada": "Rissa tridactyla", "decada": 2020, "traffic_at_point": 10.351204872131348, "traffic_buffer_mean": 9.0292415618896484 }, "geometry": { "type": "Point", "coordinates": [ 2784503.645097945816815, 5009958.634428132325411 ] } },
{ "type": "Feature", "properties": { "basisOfRecord": "HumanObservation", "date_year": 2023, "decimalLatitude": 59.853780202599999, "decimalLongitude": -1.2755630538, "eventDate": "2023-06-17T14:32:07+01:00", "individualCount": null, "scientificName": "Fratercula arctica", "id": "21431c04-d4af-4326-a67c-31a40d958cb1", "especie_normalizada": "Fratercula arctica", "decada": 2020, "traffic_at_point": 4.1028084754943848, "traffic_buffer_mean": 1.8420878648757935 }, "geometry": { "type": "Point", "coordinates": [ 3690596.96604814613238, 4133923.466082486789674 ] } },
{ "type": "Feature", "properties": { "basisOfRecord": "HumanObservation", "date_year": 2023, "decimalLatitude": 63.393694, "decimalLongitude": -19.697113, "eventDate": "2023-08-25T12:23:32", "individualCount": 1.0, "scientificName": "Balaenoptera musculus", "id": "2155de41-a9c0-482a-a947-90fcff299c62", "especie_normalizada": "Balaenoptera musculus", "decada": 2020, "traffic_at_point": 1.029376745223999, "traffic_buffer_mean": 1.0629657506942749 }, "geometry": { "type": "Point", "coordinates": [ 2881382.342631349340081, 4788508.24732328671962 ] } },
{ "type": "Feature", "properties": { "basisOfRecord": "HumanObservation", "date_year": 2023, "decimalLatitude": 65.5023261117, "decimalLongitude": -24.531174721700001, "eventDate": "2023-07-16T15:28:00+00:00", "individualCount": null, "scientificName": "Fratercula arctica", "id": "2187cde3-e9d5-4f8d-8cc6-9af3686808ab", "especie_normalizada": "Fratercula arctica", "decada": 2020, "traffic_at_point": 0.48827061057090759, "traffic_buffer_mean": 0.77430993318557739 }, "geometry": { "type": "Point", "coordinates": [ 2789072.366695062723011, 5102092.202012178488076 ] } },
{ "type": "Feature", "properties": { "basisOfRecord": "HumanObservation", "date_year": 2023, "decimalLatitude": 66.351065043999995, "decimalLongitude": 12.314121824700001, "eventDate": "2023-04-30T20:16:00+02:00", "individualCount": null, "scientificName": "Fratercula arctica", "id": "21b30476-d2c7-493c-9881-cd7747156375", "especie_normalizada": "Fratercula arctica", "decada": 2020, "traffic_at_point": 0.6092684268951416, "traffic_buffer_mean": 20.637912750244141 }, "geometry": { "type": "Point", "coordinates": [ 4425449.662036724388599, 4805986.182761746458709 ] } },
{ "type": "Feature", "properties": { "basisOfRecord": "HumanObservation", "date_year": 2023, "decimalLatitude": 63.402740899699999, "decimalLongitude": -19.131031199700001, "eventDate": "2023-06-26T09:32:02+00:00", "individualCount": null, "scientificName": "Fratercula arctica", "id": "21d58982-14ab-48fb-984b-7660ee98def9", "especie_normalizada": "Fratercula arctica", "decada": 2020, "traffic_at_point": 0.0011651238892227411, "traffic_buffer_mean": 0.97013711929321289 }, "geometry": { "type": "Point", "coordinates": [ 2907318.704934701323509, 4777802.477418238297105 ] } },
{ "type": "Feature", "properties": { "basisOfRecord": "HumanObservation", "date_year": 2023, "decimalLatitude": 59.137810922699998, "decimalLongitude": -3.3306199685000002, "eventDate": "2023-07-13T14:30:25+01:00", "individualCount": null, "scientificName": "Fratercula arctica", "id": "228de70d-f5bd-4700-9816-2ce2adb5cbec", "especie_normalizada": "Fratercula arctica", "decada": 2020, "traffic_at_point": 1.4877269268035889, "traffic_buffer_mean": 0.58374440670013428 }, "geometry": { "type": "Point", "coordinates": [ 3561542.482906500343233, 4075578.506554249674082 ] } },
{ "type": "Feature", "properties": { "basisOfRecord": "HumanObservation", "date_year": 2023, "decimalLatitude": 63.411178333300001, "decimalLongitude": -19.022141666700001, "eventDate": "2023-08-09T13:55:50+00:00", "individualCount": null, "scientificName": "Fratercula arctica", "id": "228f1ac2-0127-42d4-a03e-8c682e5a1ee9", "especie_normalizada": "Fratercula arctica", "decada": 2020, "traffic_at_point": 0.0, "traffic_buffer_mean": 0.85010325908660889 }, "geometry": { "type": "Point", "coordinates": [ 2912641.597334641497582, 4776449.292653903365135 ] } },
{ "type": "Feature", "properties": { "basisOfRecord": "HumanObservation", "date_year": 2023, "decimalLatitude": 58.387495145700001, "decimalLongitude": -5.19733376, "eventDate": "2023-07-14T14:56:00+01:00", "individualCount": null, "scientificName": "Fratercula arctica", "id": "229932c6-855d-4cb2-a1c4-b84459ee9f61", "especie_normalizada": "Fratercula arctica", "decada": 2020, "traffic_at_point": 0.25418603420257568, "traffic_buffer_mean": 0.73827987909317017 }, "geometry": { "type": "Point", "coordinates": [ 3438463.48399906931445, 4015259.167955672834069 ] } },
{ "type": "Feature", "properties": { "basisOfRecord": "HumanObservation", "date_year": 2023, "decimalLatitude": 64.175302852000002, "decimalLongitude": -21.9647931867, "eventDate": "2023-06-01T13:36:10+00:00", "individualCount": null, "scientificName": "Fratercula arctica", "id": "22e47d4c-2605-4ed6-8add-bea365ae58eb", "especie_normalizada": "Fratercula arctica", "decada": 2020, "traffic_at_point": 22.47831916809082, "traffic_buffer_mean": 94.5106201171875 }, "geometry": { "type": "Point", "coordinates": [ 2821786.91916717775166, 4915075.210970395244658 ] } },
{ "type": "Feature", "properties": { "basisOfRecord": "HumanObservation", "date_year": 2023, "decimalLatitude": 63.880745462299998, "decimalLongitude": -22.739565238000001, "eventDate": "2023-05-14T15:51:00+00:00", "individualCount": null, "scientificName": "Rissa tridactyla", "id": "22fda782-b14a-4d02-b6bf-c80db8f46e9c", "especie_normalizada": "Rissa tridactyla", "decada": 2020, "traffic_at_point": 0.42108207941055298, "traffic_buffer_mean": 2.9047291278839111 }, "geometry": { "type": "Point", "coordinates": [ 2772683.754182454198599, 4902880.590618370100856 ] } },
{ "type": "Feature", "properties": { "basisOfRecord": "HumanObservation", "date_year": 2023, "decimalLatitude": 63.403023604799998, "decimalLongitude": -19.036848396100002, "eventDate": "2023-08-10T19:59:30+00:00", "individualCount": null, "scientificName": "Fratercula arctica", "id": "2395154e-67bd-4ab8-ba13-0f4796902d26", "especie_normalizada": "Fratercula arctica", "decada": 2020, "traffic_at_point": 0.0040466929785907269, "traffic_buffer_mean": 0.98661595582962036 }, "geometry": { "type": "Point", "coordinates": [ 2911584.294310241937637, 4775918.184269916266203 ] } },
{ "type": "Feature", "properties": { "basisOfRecord": "HumanObservation", "date_year": 2023, "decimalLatitude": 65.496584444999996, "decimalLongitude": -24.515044166700001, "eventDate": "2023-07-16T14:32:00+00:00", "individualCount": null, "scientificName": "Fratercula arctica", "id": "24519d86-b2e4-4251-b3dc-e8b1d3c99126", "especie_normalizada": "Fratercula arctica", "decada": 2020, "traffic_at_point": 0.21914801001548767, "traffic_buffer_mean": 0.77430993318557739 }, "geometry": { "type": "Point", "coordinates": [ 2789384.678701809607446, 5101174.624886219389737 ] } },
{ "type": "Feature", "properties": { "basisOfRecord": "HumanObservation", "date_year": 2023, "decimalLatitude": 64.150063854199999, "decimalLongitude": -21.952835732200001, "eventDate": "2023-05-30T19:51:00+00:00", "individualCount": null, "scientificName": "Fratercula arctica", "id": "24baea47-ceab-4205-94f6-8bbcba2a441e", "especie_normalizada": "Fratercula arctica", "decada": 2020, "traffic_at_point": 0.872020423412323, "traffic_buffer_mean": 152.88433837890625 }, "geometry": { "type": "Point", "coordinates": [ 2820959.931253328919411, 4912303.616643099114299 ] } },
{ "type": "Feature", "properties": { "basisOfRecord": "HumanObservation", "date_year": 2023, "decimalLatitude": 57.1580245, "decimalLongitude": 9.0234381996999993, "eventDate": "2023-07-21T21:28:45+02:00", "individualCount": null, "scientificName": "Rissa tridactyla", "id": "254fe331-e6d9-4b60-869c-32bb15290ec4", "especie_normalizada": "Rissa tridactyla", "decada": 2020, "traffic_at_point": 0.056749425828456879, "traffic_buffer_mean": 5.7808265686035156 }, "geometry": { "type": "Point", "coordinates": [ 4261840.401442978531122, 3784349.422874774318188 ] } },
{ "type": "Feature", "properties": { "basisOfRecord": "HumanObservation", "date_year": 2023, "decimalLatitude": 64.172428948900006, "decimalLongitude": -21.924568433299999, "eventDate": "2023-06-01T13:18:19+00:00", "individualCount": null, "scientificName": "Fratercula arctica", "id": "25a0ed3e-ab6e-4432-a9ac-46d7f0095fde", "especie_normalizada": "Fratercula arctica", "decada": 2020, "traffic_at_point": 13.033811569213867, "traffic_buffer_mean": 119.03760528564453 }, "geometry": { "type": "Point", "coordinates": [ 2823360.293518594931811, 4913918.11907809227705 ] } },
{ "type": "Feature", "properties": { "basisOfRecord": "HumanObservation", "date_year": 2023, "decimalLatitude": 64.174211989200003, "decimalLongitude": -21.9642174337, "eventDate": "2023-06-01T13:32:56+00:00", "individualCount": null, "scientificName": "Fratercula arctica", "id": "2623c1dd-5396-4f1d-b6de-babcce496681", "especie_normalizada": "Fratercula arctica", "decada": 2020, "traffic_at_point": 43.554161071777344, "traffic_buffer_mean": 94.5106201171875 }, "geometry": { "type": "Point", "coordinates": [ 2821753.678010969422758, 4914954.15258404891938 ] } },
{ "type": "Feature", "properties": { "basisOfRecord": "HumanObservation", "date_year": 2023, "decimalLatitude": 66.1796, "decimalLongitude": -17.0109, "eventDate": "2023-06-18T13:08:03+00:00", "individualCount": null, "scientificName": "Fratercula arctica", "id": "26fab7b3-85ba-4f69-80d8-95b88a9f6627", "especie_normalizada": "Fratercula arctica", "decada": 2020, "traffic_at_point": 0.031635098159313202, "traffic_buffer_mean": 0.12121400982141495 }, "geometry": { "type": "Point", "coordinates": [ 3130171.882169370539486, 5021118.157874992117286 ] } },
{ "type": "Feature", "properties": { "basisOfRecord": "HumanObservation", "date_year": 2023, "decimalLatitude": 65.541336, "decimalLongitude": -13.754581, "eventDate": "2023-07-01T05:25:00+00:00", "individualCount": null, "scientificName": "Rissa tridactyla tridactyla", "id": "27046f37-142c-4abb-a288-2fb44d66c6e8", "especie_normalizada": "Rissa tridactyla", "decada": 2020, "traffic_at_point": 3972.853759765625, "traffic_buffer_mean": 16.466697692871094 }, "geometry": { "type": "Point", "coordinates": [ 3240534.359928424470127, 4901622.341138239018619 ] } },
{ "type": "Feature", "properties": { "basisOfRecord": "HumanObservation", "date_year": 2023, "decimalLatitude": 65.500245555600003, "decimalLongitude": -24.526461666700001, "eventDate": "2023-08-16T14:27:00+00:00", "individualCount": null, "scientificName": "Rissa tridactyla", "id": "27ed0cf5-42c8-47d1-ab28-34a82f9de19b", "especie_normalizada": "Rissa tridactyla", "decada": 2020, "traffic_at_point": 0.21914801001548767, "traffic_buffer_mean": 0.77430993318557739 }, "geometry": { "type": "Point", "coordinates": [ 2789140.352497912943363, 5101784.908879338763654 ] } },
{ "type": "Feature", "properties": { "basisOfRecord": "HumanObservation", "date_year": 2023, "decimalLatitude": 66.544657598599997, "decimalLongitude": -18.0151560692, "eventDate": "2023-05-26T11:10:00+00:00", "individualCount": null, "scientificName": "Rissa tridactyla", "id": "29211e4f-b1cb-488e-8fe1-e03bf6d3dc53", "especie_normalizada": "Rissa tridactyla", "decada": 2020, "traffic_at_point": 0.61218941211700439, "traffic_buffer_mean": 14.879363059997559 }, "geometry": { "type": "Point", "coordinates": [ 3106187.059906811919063, 5075858.253778116777539 ] } },
{ "type": "Feature", "properties": { "basisOfRecord": "HumanObservation", "date_year": 2023, "decimalLatitude": 66.115159492999993, "decimalLongitude": -17.368042149499999, "eventDate": "2023-06-04T11:01:40+00:00", "individualCount": null, "scientificName": "Fratercula arctica", "id": "29e329de-1642-4906-a0bc-24df01eddadf", "especie_normalizada": "Fratercula arctica", "decada": 2020, "traffic_at_point": 22.969921112060547, "traffic_buffer_mean": 48.895980834960938 }, "geometry": { "type": "Point", "coordinates": [ 3112410.402538879774511, 5020743.256715566851199 ] } },
{ "type": "Feature", "properties": { "basisOfRecord": "HumanObservation", "date_year": 2023, "decimalLatitude": 66.058082, "decimalLongitude": -17.561646, "eventDate": "2023-05-11T15:00", "individualCount": 1.0, "scientificName": "Balaenoptera musculus", "id": "2a229f68-b230-4249-a537-6d17df8f1ef8", "especie_normalizada": "Balaenoptera musculus", "decada": 2020, "traffic_at_point": 10.477850914001465, "traffic_buffer_mean": 45.961204528808594 }, "geometry": { "type": "Point", "coordinates": [ 3101729.676672986708581, 5018325.627103169448674 ] } },
{ "type": "Feature", "properties": { "basisOfRecord": "HumanObservation", "date_year": 2023, "decimalLatitude": 59.856258497900001, "decimalLongitude": -1.2729751086000001, "eventDate": "2023-07-05T10:54:58+01:00", "individualCount": null, "scientificName": "Fratercula arctica", "id": "2a949b03-f939-4f7e-9774-fdf3ea1fe1a5", "especie_normalizada": "Fratercula arctica", "decada": 2020, "traffic_at_point": 0.60414814949035645, "traffic_buffer_mean": 1.8520752191543579 }, "geometry": { "type": "Point", "coordinates": [ 3690786.18331883661449, 4134172.621273339726031 ] } },
{ "type": "Feature", "properties": { "basisOfRecord": "HumanObservation", "date_year": 2023, "decimalLatitude": 65.501032991399995, "decimalLongitude": -24.528372260800001, "eventDate": "2023-06-30", "individualCount": null, "scientificName": "Fratercula arctica", "id": "2cca35fd-52b9-48fb-bb76-7bf411f84d7c", "especie_normalizada": "Fratercula arctica", "decada": 2020, "traffic_at_point": 0.21914801001548767, "traffic_buffer_mean": 0.77430993318557739 }, "geometry": { "type": "Point", "coordinates": [ 2789109.560159222222865, 5101904.035156324505806 ] } },
{ "type": "Feature", "properties": { "basisOfRecord": "HumanObservation", "date_year": 2023, "decimalLatitude": 63.404696666699998, "decimalLongitude": -19.1019278333, "eventDate": "2023-08-17T16:43:04+00:00", "individualCount": null, "scientificName": "Fratercula arctica", "id": "2e2bf9fa-82c7-4ac6-a699-374ebadd6f8d", "especie_normalizada": "Fratercula arctica", "decada": 2020, "traffic_at_point": 0.0063093360513448715, "traffic_buffer_mean": 0.90702712535858154 }, "geometry": { "type": "Point", "coordinates": [ 2908726.786686623003334, 4777409.497930126264691 ] } },
{ "type": "Feature", "properties": { "basisOfRecord": "HumanObservation", "date_year": 2023, "decimalLatitude": 66.053524480600004, "decimalLongitude": -22.8295140713, "eventDate": "2023-07-24T13:17:57+00:00", "individualCount": null, "scientificName": "Fratercula arctica", "id": "2e395ca2-2cd6-4d64-a85c-58cbe1e1e6cb", "especie_normalizada": "Fratercula arctica", "decada": 2020, "traffic_at_point": 0.99283277988433838, "traffic_buffer_mean": 31.205633163452148 }, "geometry": { "type": "Point", "coordinates": [ 2887852.892269333358854, 5119346.87619904987514 ] } },
{ "type": "Feature", "properties": { "basisOfRecord": "HumanObservation", "date_year": 2023, "decimalLatitude": 57.157397166700001, "decimalLongitude": 9.0234, "eventDate": "2023-05-20T19:37:52+02:00", "individualCount": null, "scientificName": "Rissa tridactyla", "id": "2e420ec2-d2ba-43a1-bff8-cc32545efc58", "especie_normalizada": "Rissa tridactyla", "decada": 2020, "traffic_at_point": 0.056749425828456879, "traffic_buffer_mean": 5.7808265686035156 }, "geometry": { "type": "Point", "coordinates": [ 4261837.10124736931175, 3784279.676366068422794 ] } },
{ "type": "Feature", "properties": { "basisOfRecord": "HumanObservation", "date_year": 2023, "decimalLatitude": 62.163576205799998, "decimalLongitude": -7.2231053127999996, "eventDate": "2023-05-29T09:32:54+01:00", "individualCount": null, "scientificName": "Fratercula arctica", "id": "2ecf777a-7c76-489d-9d1f-30e09da5f105", "especie_normalizada": "Fratercula arctica", "decada": 2020, "traffic_at_point": 1.0105410814285278, "traffic_buffer_mean": 26.076068878173828 }, "geometry": { "type": "Point", "coordinates": [ 3430260.477091722656041, 4449964.685549713671207 ] } },
{ "type": "Feature", "properties": { "basisOfRecord": "HumanObservation", "date_year": 2023, "decimalLatitude": 63.396934364099998, "decimalLongitude": -20.297564271100001, "eventDate": "2023-07-03T15:18:00+00:00", "individualCount": null, "scientificName": "Fratercula arctica", "id": "305c345b-9b4e-43e5-b85e-0bc7553bdb58", "especie_normalizada": "Fratercula arctica", "decada": 2020, "traffic_at_point": 1.1087168455123901, "traffic_buffer_mean": 49.423187255859375 }, "geometry": { "type": "Point", "coordinates": [ 2854622.589065787382424, 4801397.391555225476623 ] } },
{ "type": "Feature", "properties": { "basisOfRecord": "HumanObservation", "date_year": 2023, "decimalLatitude": 63.404745, "decimalLongitude": -20.28516, "eventDate": "2023-06-13T11:01:00+00:00", "individualCount": null, "scientificName": "Rissa tridactyla", "id": "308bc5de-47db-4835-8497-d89c1548b37c", "especie_normalizada": "Rissa tridactyla", "decada": 2020, "traffic_at_point": 1.1813567876815796, "traffic_buffer_mean": 49.523628234863281 }, "geometry": { "type": "Point", "coordinates": [ 2855569.332474355120212, 4801923.453073365613818 ] } },
{ "type": "Feature", "properties": { "basisOfRecord": "HumanObservation", "date_year": 2023, "decimalLatitude": 64.082164270800007, "decimalLongitude": -22.688624473899999, "eventDate": "2023-07-17T08:13:00+00:00", "individualCount": null, "scientificName": "Rissa tridactyla", "id": "31d54647-9fa7-4b2a-a08a-6a73c9169612", "especie_normalizada": "Rissa tridactyla", "decada": 2020, "traffic_at_point": 0.10267352312803268, "traffic_buffer_mean": 45.357322692871094 }, "geometry": { "type": "Point", "coordinates": [ 2785785.43041077721864, 4921698.426711652427912 ] } },
{ "type": "Feature", "properties": { "basisOfRecord": "HumanObservation", "date_year": 2023, "decimalLatitude": 63.406955278300003, "decimalLongitude": -20.2694397217, "eventDate": "2023-07-24T20:46:00+00:00", "individualCount": null, "scientificName": "Rissa tridactyla", "id": "320676d0-21d3-472c-8ed6-6fd65dc5da1e", "especie_normalizada": "Rissa tridactyla", "decada": 2020, "traffic_at_point": 1.7598152160644531, "traffic_buffer_mean": 49.670543670654297 }, "geometry": { "type": "Point", "coordinates": [ 2856383.192165756598115, 4801814.775173307396472 ] } },
{ "type": "Feature", "properties": { "basisOfRecord": "HumanObservation", "date_year": 2023, "decimalLatitude": 65.502340613000001, "decimalLongitude": -24.5316578477, "eventDate": "2023-06-01T11:28:00+00:00", "individualCount": null, "scientificName": "Fratercula arctica", "id": "320912f0-2eb6-4be4-af47-27010d3183d5", "especie_normalizada": "Fratercula arctica", "decada": 2020, "traffic_at_point": 0.48827061057090759, "traffic_buffer_mean": 0.77932804822921753 }, "geometry": { "type": "Point", "coordinates": [ 2789053.94141598418355, 5102104.368606886826456 ] } },
{ "type": "Feature", "properties": { "basisOfRecord": "HumanObservation", "date_year": 2023, "decimalLatitude": 65.500021668800002, "decimalLongitude": -24.526929259900001, "eventDate": "2023-06-21T11:54:00+00:00", "individualCount": null, "scientificName": "Rissa tridactyla", "id": "323f5620-9928-4b5f-9f93-9bf3c2b30c47", "especie_normalizada": "Rissa tridactyla", "decada": 2020, "traffic_at_point": 0.21914801001548767, "traffic_buffer_mean": 0.77430993318557739 }, "geometry": { "type": "Point", "coordinates": [ 2789108.803798935376108, 5101773.541735617443919 ] } },
{ "type": "Feature", "properties": { "basisOfRecord": "HumanObservation", "date_year": 2023, "decimalLatitude": 62.102605766800004, "decimalLongitude": -7.6613796875000002, "eventDate": "2023-06-11T14:10:00+01:00", "individualCount": null, "scientificName": "Fratercula arctica", "id": "32517cda-5b71-4f7d-a08b-aa37b74fcdd4", "especie_normalizada": "Fratercula arctica", "decada": 2020, "traffic_at_point": 0.013127384707331657, "traffic_buffer_mean": 0.31569281220436096 }, "geometry": { "type": "Point", "coordinates": [ 3406355.306668773759156, 4449032.279763893224299 ] } },
{ "type": "Feature", "properties": { "basisOfRecord": "HumanObservation", "date_year": 2023, "decimalLatitude": 64.082540266400002, "decimalLongitude": -22.694666134799999, "eventDate": "2023-07-17T07:15:00+00:00", "individualCount": null, "scientificName": "Fratercula arctica", "id": "32c2f028-b2df-46ed-bbb8-3ac48a8917ac", "especie_normalizada": "Fratercula arctica", "decada": 2020, "traffic_at_point": 0.10267352312803268, "traffic_buffer_mean": 45.357322692871094 }, "geometry": { "type": "Point", "coordinates": [ 2785547.43036194704473, 4921869.742291032336652 ] } },
{ "type": "Feature", "properties": { "basisOfRecord": "HumanObservation", "date_year": 2023, "decimalLatitude": 58.9684, "decimalLongitude": -2.7247, "eventDate": "2023-06-07T13:26:03", "individualCount": null, "scientificName": "Balaenoptera physalus", "id": "336dc2d4-6494-4419-88a8-7bfb1d2f684f", "especie_normalizada": "Balaenoptera physalus", "decada": 2020, "traffic_at_point": 0.11507177352905273, "traffic_buffer_mean": 2.0756800174713135 }, "geometry": { "type": "Point", "coordinates": [ 3592099.964465969242156, 4050687.790714699774981 ] } },
{ "type": "Feature", "properties": { "basisOfRecord": "HumanObservation", "date_year": 2023, "decimalLatitude": 64.7353973, "decimalLongitude": -23.775135, "eventDate": "2023-07-07T09:31:00+00:00", "individualCount": null, "scientificName": "Rissa tridactyla", "id": "33756572-3abf-429d-810f-8064a8a22580", "especie_normalizada": "Rissa tridactyla", "decada": 2020, "traffic_at_point": 0.025411320850253105, "traffic_buffer_mean": 7.5023536682128906 }, "geometry": { "type": "Point", "coordinates": [ 2776134.136248837225139, 5010305.193304006010294 ] } },
{ "type": "Feature", "properties": { "basisOfRecord": "HumanObservation", "date_year": 2023, "decimalLatitude": 64.933698718900004, "decimalLongitude": -23.510482456199998, "eventDate": "2023-05-28T12:02:00+00:00", "individualCount": null, "scientificName": "Rissa tridactyla", "id": "344ea27e-8d9c-48f3-861d-cf157c5344cc", "especie_normalizada": "Rissa tridactyla", "decada": 2020, "traffic_at_point": 0.0, "traffic_buffer_mean": 58.597858428955078 }, "geometry": { "type": "Point", "coordinates": [ 2798151.167482449673116, 5023882.014359936118126 ] } },
{ "type": "Feature", "properties": { "basisOfRecord": "HumanObservation", "date_year": 2023, "decimalLatitude": 64.172086799599995, "decimalLongitude": -21.967304572500002, "eventDate": "2023-06-01T13:43:49+00:00", "individualCount": null, "scientificName": "Fratercula arctica", "id": "3497cbdd-cb98-4053-9680-237085267c32", "especie_normalizada": "Fratercula arctica", "decada": 2020, "traffic_at_point": 43.554161071777344, "traffic_buffer_mean": 94.5106201171875 }, "geometry": { "type": "Point", "coordinates": [ 2821508.358710729982704, 4914809.499898765236139 ] } },
{ "type": "Feature", "properties": { "basisOfRecord": "HumanObservation", "date_year": 2023, "decimalLatitude": 63.401846666700003, "decimalLongitude": -19.1226945, "eventDate": "2023-07-06T03:17:13+00:00", "individualCount": null, "scientificName": "Fratercula arctica", "id": "34e6fb1a-cf4d-496e-a64a-c34c14bdfee1", "especie_normalizada": "Fratercula arctica", "decada": 2020, "traffic_at_point": 0.0011651238892227411, "traffic_buffer_mean": 0.97013711929321289 }, "geometry": { "type": "Point", "coordinates": [ 2907651.702382253017277, 4777542.021897698752582 ] } },
{ "type": "Feature", "properties": { "basisOfRecord": "HumanObservation", "date_year": 2023, "decimalLatitude": 63.40353, "decimalLongitude": -20.287345, "eventDate": "2023-06-26T15:11:56+00:00", "individualCount": null, "scientificName": "Fratercula arctica", "id": "34e78be7-1529-4362-a33c-e330accc186f", "especie_normalizada": "Fratercula arctica", "decada": 2020, "traffic_at_point": 1.1813567876815796, "traffic_buffer_mean": 49.523628234863281 }, "geometry": { "type": "Point", "coordinates": [ 2855410.652399103157222, 4801846.997428908012807 ] } },
{ "type": "Feature", "properties": { "basisOfRecord": "HumanObservation", "date_year": 2023, "decimalLatitude": 67.954874849299998, "decimalLongitude": 12.9470719721, "eventDate": "2023-07-03T15:47:43+02:00", "individualCount": null, "scientificName": "Rissa tridactyla", "id": "35aa8f2f-1a10-421e-8090-99d0b80e71a4", "especie_normalizada": "Rissa tridactyla", "decada": 2020, "traffic_at_point": 0.0, "traffic_buffer_mean": 63.272727966308594 }, "geometry": { "type": "Point", "coordinates": [ 4445691.231238709762692, 4984154.10509140510112 ] } },
{ "type": "Feature", "properties": { "basisOfRecord": "HumanObservation", "date_year": 2023, "decimalLatitude": 64.895504814000006, "decimalLongitude": -23.702979196000001, "eventDate": "2023-05-30T19:51:00+00:00", "individualCount": null, "scientificName": "Rissa tridactyla", "id": "36260fe6-0773-4c69-9fc3-3244edfdd851", "especie_normalizada": "Rissa tridactyla", "decada": 2020, "traffic_at_point": 15330.7607421875, "traffic_buffer_mean": 126.02384185791016 }, "geometry": { "type": "Point", "coordinates": [ 2788096.092628952115774, 5024397.790852278470993 ] } },
{ "type": "Feature", "properties": { "basisOfRecord": "HumanObservation", "date_year": 2023, "decimalLatitude": 66.534895555000006, "decimalLongitude": -18.001641388300001, "eventDate": "2023-07-20T14:41:00+00:00", "individualCount": null, "scientificName": "Fratercula arctica", "id": "3649be45-6da7-474e-92b6-29fec9dd71bd", "especie_normalizada": "Fratercula arctica", "decada": 2020, "traffic_at_point": 1.5105878114700317, "traffic_buffer_mean": 14.761794090270996 }, "geometry": { "type": "Point", "coordinates": [ 3106268.012743288651109, 5074628.217034952715039 ] } },
{ "type": "Feature", "properties": { "basisOfRecord": "HumanObservation", "date_year": 2023, "decimalLatitude": 63.429026894300002, "decimalLongitude": -20.280048485799998, "eventDate": "2023-07-24T21:56:00+00:00", "individualCount": null, "scientificName": "Fratercula arctica", "id": "36b2ba41-8e36-4baa-9af3-491c2c01ec1a", "especie_normalizada": "Fratercula arctica", "decada": 2020, "traffic_at_point": 18.193933486938477, "traffic_buffer_mean": 50.135532379150391 }, "geometry": { "type": "Point", "coordinates": [ 2857016.367445128038526, 4804265.181745631620288 ] } },
{ "type": "Feature", "properties": { "basisOfRecord": "HumanObservation", "date_year": 2023, "decimalLatitude": 61.773371, "decimalLongitude": -6.804691, "eventDate": "2023-07-10T20:05:23+01:00", "individualCount": null, "scientificName": "Fratercula arctica", "id": "38f5ceab-5b65-46c3-94f0-cf23b1335940", "especie_normalizada": "Fratercula arctica", "decada": 2020, "traffic_at_point": 15.471166610717773, "traffic_buffer_mean": 2.8016974925994873 }, "geometry": { "type": "Point", "coordinates": [ 3440460.231724324636161, 4402581.799952039495111 ] } },
{ "type": "Feature", "properties": { "basisOfRecord": "HumanObservation", "date_year": 2023, "decimalLatitude": 62.1024755, "decimalLongitude": -7.66083331, "eventDate": "2023-05-17T12:36:32+01:00", "individualCount": null, "scientificName": "Fratercula arctica", "id": "39640ebc-856a-47b2-bb86-964bbc761d32", "especie_normalizada": "Fratercula arctica", "decada": 2020, "traffic_at_point": 0.013127384707331657, "traffic_buffer_mean": 0.31569281220436096 }, "geometry": { "type": "Point", "coordinates": [ 3406379.054321297910064, 4449011.136852541938424 ] } },
{ "type": "Feature", "properties": { "basisOfRecord": "HumanObservation", "date_year": 2023, "decimalLatitude": 64.767719213899994, "decimalLongitude": -23.616473861100001, "eventDate": "2023-06-02T13:24:15+00:00", "individualCount": null, "scientificName": "Rissa tridactyla", "id": "3997ed48-469b-42d5-8573-7e0a2f779e21", "especie_normalizada": "Rissa tridactyla", "decada": 2020, "traffic_at_point": 10.351204872131348, "traffic_buffer_mean": 9.0292415618896484 }, "geometry": { "type": "Point", "coordinates": [ 2784505.511568595655262, 5009934.079876298084855 ] } },
{ "type": "Feature", "properties": { "basisOfRecord": "HumanObservation", "date_year": 2023, "decimalLatitude": 65.542070076399995, "decimalLongitude": -13.754531694400001, "eventDate": "2023-06-05T16:43:00+00:00", "individualCount": null, "scientificName": "Fratercula arctica", "id": "3ad6eba9-29b8-402a-a14e-a6e9fd5f4e6d", "especie_normalizada": "Fratercula arctica", "decada": 2020, "traffic_at_point": 3972.853759765625, "traffic_buffer_mean": 16.466697692871094 }, "geometry": { "type": "Point", "coordinates": [ 3240566.218482799362391, 4901698.143738526850939 ] } },
{ "type": "Feature", "properties": { "basisOfRecord": "HumanObservation", "date_year": 2023, "decimalLatitude": 64.090242497399998, "decimalLongitude": -21.930065417400002, "eventDate": "2023-07-03T16:41:00+00:00", "individualCount": null, "scientificName": "Fratercula arctica", "id": "3b1d160b-ef38-40dc-9ada-1f8b90da9452", "especie_normalizada": "Fratercula arctica", "decada": 2020, "traffic_at_point": 0.024471120908856392, "traffic_buffer_mean": 223.41986083984375 }, "geometry": { "type": "Point", "coordinates": [ 2818765.019054000265896, 4905853.281843293458223 ] } },
{ "type": "Feature", "properties": { "basisOfRecord": "HumanObservation", "date_year": 2023, "decimalLatitude": 65.542848647200003, "decimalLongitude": -13.758834181299999, "eventDate": "2023-06-04T09:28:00+00:00", "individualCount": null, "scientificName": "Fratercula arctica", "id": "3ba4b7e1-e057-4afb-babe-89afd6a36b81", "especie_normalizada": "Fratercula arctica", "decada": 2020, "traffic_at_point": 3972.853759765625, "traffic_buffer_mean": 16.466697692871094 }, "geometry": { "type": "Point", "coordinates": [ 3240411.251705499831587, 4901846.496903479099274 ] } },
{ "type": "Feature", "properties": { "basisOfRecord": "HumanObservation", "date_year": 2023, "decimalLatitude": 66.052736140199997, "decimalLongitude": -22.832193933399999, "eventDate": "2023-08-19", "individualCount": null, "scientificName": "Fratercula arctica", "id": "3bf5a93f-745a-4b95-97f9-0b3e2ae44abe", "especie_normalizada": "Fratercula arctica", "decada": 2020, "traffic_at_point": 0.99283277988433838, "traffic_buffer_mean": 31.205633163452148 }, "geometry": { "type": "Point", "coordinates": [ 2887703.077033621259034, 5119325.160422439686954 ] } },
{ "type": "Feature", "properties": { "basisOfRecord": "HumanObservation", "date_year": 2023, "decimalLatitude": 63.4995591303, "decimalLongitude": -20.1493648591, "eventDate": "2023-07-24T12:01:00+00:00", "individualCount": null, "scientificName": "Fratercula arctica", "id": "3cc196b3-c467-4405-9e03-5438465ca4b7", "especie_normalizada": "Fratercula arctica", "decada": 2020, "traffic_at_point": 17.919139862060547, "traffic_buffer_mean": 59.812149047851562 }, "geometry": { "type": "Point", "coordinates": [ 2866384.630565009079874, 4808636.050838004797697 ] } },
{ "type": "Feature", "properties": { "basisOfRecord": "HumanObservation", "date_year": 2023, "decimalLatitude": 64.577859568600005, "decimalLongitude": -14.808717037299999, "eventDate": "2023-09-13T17:30:00+00:00", "individualCount": null, "scientificName": "Fratercula arctica", "id": "3cf67f3b-7569-4f2e-9c19-d3d8f723a476", "especie_normalizada": "Fratercula arctica", "decada": 2020, "traffic_at_point": null, "traffic_buffer_mean": 0.0 }, "geometry": { "type": "Point", "coordinates": [ 3154474.104465411044657, 4818381.026008523069322 ] } },
{ "type": "Feature", "properties": { "basisOfRecord": "HumanObservation", "date_year": 2023, "decimalLatitude": 66.076667, "decimalLongitude": -17.55, "eventDate": "2023-03-04", "individualCount": 1.0, "scientificName": "Balaenoptera musculus", "id": "3cfd6a36-84ce-407f-827e-7d41afaa3b89", "especie_normalizada": "Balaenoptera musculus", "decada": 2020, "traffic_at_point": 9.6210622787475586, "traffic_buffer_mean": 42.368129730224609 }, "geometry": { "type": "Point", "coordinates": [ 3103082.743364371359348, 5020015.359634535387158 ] } },
{ "type": "Feature", "properties": { "basisOfRecord": "HumanObservation", "date_year": 2023, "decimalLatitude": 66.114507638199996, "decimalLongitude": -17.367831820100001, "eventDate": "2023-05-13T11:45:44+00:00", "individualCount": null, "scientificName": "Fratercula arctica", "id": "3d54c8f8-2bb6-4515-b01c-f0b87f7f09bd", "especie_normalizada": "Fratercula arctica", "decada": 2020, "traffic_at_point": 22.969921112060547, "traffic_buffer_mean": 48.895980834960938 }, "geometry": { "type": "Point", "coordinates": [ 3112388.743743310682476, 5020673.022246449254453 ] } },
{ "type": "Feature", "properties": { "basisOfRecord": "HumanObservation", "date_year": 2023, "decimalLatitude": 66.538946939799999, "decimalLongitude": -18.0132410095, "eventDate": "2023-07-20T13:17:00+00:00", "individualCount": null, "scientificName": "Fratercula arctica", "id": "3e7062c0-23c1-4440-97d5-4fb8c6b04f0b", "especie_normalizada": "Fratercula arctica", "decada": 2020, "traffic_at_point": 5474.111328125, "traffic_buffer_mean": 14.879363059997559 }, "geometry": { "type": "Point", "coordinates": [ 3105991.755210026632994, 5075244.381299692206085 ] } },
{ "type": "Feature", "properties": { "basisOfRecord": "HumanObservation", "date_year": 2023, "decimalLatitude": 66.047561166700007, "decimalLongitude": -22.827091666699999, "eventDate": "2023-07-23T11:08:52+00:00", "individualCount": null, "scientificName": "Fratercula arctica", "id": "3e9c1626-afab-4752-8105-bd155af666d6", "especie_normalizada": "Fratercula arctica", "decada": 2020, "traffic_at_point": 3.8011436462402344, "traffic_buffer_mean": 31.220014572143555 }, "geometry": { "type": "Point", "coordinates": [ 2887619.550607872195542, 5118709.678307992406189 ] } },
{ "type": "Feature", "properties": { "basisOfRecord": "HumanObservation", "date_year": 2023, "decimalLatitude": 65.501813333300007, "decimalLongitude": -24.5304866667, "eventDate": "2023-06-26T21:32:44+00:00", "individualCount": null, "scientificName": "Fratercula arctica", "id": "3f7c6786-ea33-4805-8c21-1400609735b3", "especie_normalizada": "Fratercula arctica", "decada": 2020, "traffic_at_point": 0.48827061057090759, "traffic_buffer_mean": 0.77430993318557739 }, "geometry": { "type": "Point", "coordinates": [ 2789070.239418732002378, 5102027.008656200952828 ] } },
{ "type": "Feature", "properties": { "basisOfRecord": "HumanObservation", "date_year": 2023, "decimalLatitude": 67.968246735500003, "decimalLongitude": 13.038928587199999, "eventDate": "2023-07-30T14:37:29+02:00", "individualCount": null, "scientificName": "Rissa tridactyla", "id": "3fa44d79-cb00-4f02-9b8f-090c6834033a", "especie_normalizada": "Rissa tridactyla", "decada": 2020, "traffic_at_point": 2.7071716785430908, "traffic_buffer_mean": 75.269332885742188 }, "geometry": { "type": "Point", "coordinates": [ 4449502.847935675643384, 4985797.562964713200927 ] } },
{ "type": "Feature", "properties": { "basisOfRecord": "HumanObservation", "date_year": 2023, "decimalLatitude": 65.235555226599999, "decimalLongitude": -22.899167067499999, "eventDate": "2023-06-28T07:47:00+00:00", "individualCount": null, "scientificName": "Rissa tridactyla", "id": "4061a541-c274-4c3a-b09c-eb26d9943fa8", "especie_normalizada": "Rissa tridactyla", "decada": 2020, "traffic_at_point": 0.55705976486206055, "traffic_buffer_mean": 0.46932640671730042 }, "geometry": { "type": "Point", "coordinates": [ 2839956.071706109680235, 5040267.225663843564689 ] } },
{ "type": "Feature", "properties": { "basisOfRecord": "HumanObservation", "date_year": 2023, "decimalLatitude": 63.4256187971, "decimalLongitude": -19.182865747800001, "eventDate": "2023-06-01T06:23:00+00:00", "individualCount": null, "scientificName": "Fratercula arctica", "id": "40697a99-715e-40f7-8e9a-22cbddbef6c5", "especie_normalizada": "Fratercula arctica", "decada": 2020, "traffic_at_point": null, "traffic_buffer_mean": 0.84245502948760986 }, "geometry": { "type": "Point", "coordinates": [ 2906088.549620206933469, 4781182.056816831231117 ] } },
{ "type": "Feature", "properties": { "basisOfRecord": "HumanObservation", "date_year": 2023, "decimalLatitude": 66.136166599199996, "decimalLongitude": -22.838384807099999, "eventDate": "2023-08-11T13:33:00+00:00", "individualCount": null, "scientificName": "Fratercula arctica", "id": "40b9229f-f454-4c28-b040-2991dfcdfcf1", "especie_normalizada": "Fratercula arctica", "decada": 2020, "traffic_at_point": 1.2090911865234375, "traffic_buffer_mean": 3.413383960723877 }, "geometry": { "type": "Point", "coordinates": [ 2892069.0677495081909, 5127661.015633527189493 ] } },
{ "type": "Feature", "properties": { "basisOfRecord": "HumanObservation", "date_year": 2023, "decimalLatitude": 64.084559624400001, "decimalLongitude": -22.690141946200001, "eventDate": "2023-07-17T07:54:00+00:00", "individualCount": null, "scientificName": "Rissa tridactyla", "id": "40d21012-861b-4f3b-bc26-ac94a27679c8", "especie_normalizada": "Rissa tridactyla", "decada": 2020, "traffic_at_point": 0.10267352312803268, "traffic_buffer_mean": 45.357322692871094 }, "geometry": { "type": "Point", "coordinates": [ 2785850.359657392837107, 4921969.359213637188077 ] } },
{ "type": "Feature", "properties": { "basisOfRecord": "HumanObservation", "date_year": 2023, "decimalLatitude": 63.827049076199998, "decimalLongitude": -22.2126965225, "eventDate": "2023-06-11T15:53:46+00:00", "individualCount": null, "scientificName": "Fratercula arctica", "id": "4174d7c0-aed5-47ca-8203-1dcc4c8e3ddd", "especie_normalizada": "Fratercula arctica", "decada": 2020, "traffic_at_point": 0.37261983752250671, "traffic_buffer_mean": 22.744691848754883 }, "geometry": { "type": "Point", "coordinates": [ 2792558.019775572232902, 4885844.786528754979372 ] } },
{ "type": "Feature", "properties": { "basisOfRecord": "HumanObservation", "date_year": 2023, "decimalLatitude": 66.563415527299995, "decimalLongitude": -18.018064498899999, "eventDate": "2023-06-18T13:37:33+00:00", "individualCount": null, "scientificName": "Fratercula arctica", "id": "417fb599-720a-495e-9721-b7127bc97c6e", "especie_normalizada": "Fratercula arctica", "decada": 2020, "traffic_at_point": 6.8201208114624023, "traffic_buffer_mean": 15.006619453430176 }, "geometry": { "type": "Point", "coordinates": [ 3106965.732861827127635, 5077814.89276026468724 ] } },
{ "type": "Feature", "properties": { "basisOfRecord": "HumanObservation", "date_year": 2023, "decimalLatitude": 66.548875, "decimalLongitude": -18.0247666667, "eventDate": "2023-05-26T11:48:51+00:00", "individualCount": null, "scientificName": "Fratercula arctica", "id": "41caae22-08a2-45e8-a236-a5a79cbe90b5", "especie_normalizada": "Fratercula arctica", "decada": 2020, "traffic_at_point": 11.773824691772461, "traffic_buffer_mean": 14.99882698059082 }, "geometry": { "type": "Point", "coordinates": [ 3105999.576103843748569, 5076456.166816431097686 ] } },
{ "type": "Feature", "properties": { "basisOfRecord": "HumanObservation", "date_year": 2023, "decimalLatitude": 63.40258, "decimalLongitude": -19.130997166699999, "eventDate": "2023-08-09T13:04:10+00:00", "individualCount": null, "scientificName": "Fratercula arctica", "id": "422315a0-170f-4083-82b7-b99753cd4f50", "especie_normalizada": "Fratercula arctica", "decada": 2020, "traffic_at_point": 0.0011651238892227411, "traffic_buffer_mean": 0.97013711929321289 }, "geometry": { "type": "Point", "coordinates": [ 2907312.457653584890068, 4777785.433240078389645 ] } },
{ "type": "Feature", "properties": { "basisOfRecord": "HumanObservation", "date_year": 2023, "decimalLatitude": 58.867175, "decimalLongitude": -3.4681638889, "eventDate": "2023-09-10T09:27:00+01:00", "individualCount": null, "scientificName": "Fratercula arctica", "id": "422b50ee-4ef2-4475-803f-7ce2c905c5ec", "especie_normalizada": "Fratercula arctica", "decada": 2020, "traffic_at_point": 2.5511107444763184, "traffic_buffer_mean": 1.1366710662841797 }, "geometry": { "type": "Point", "coordinates": [ 3547874.692857519723475, 4047468.181393338367343 ] } },
{ "type": "Feature", "properties": { "basisOfRecord": "HumanObservation", "date_year": 2023, "decimalLatitude": 66.047486166699997, "decimalLongitude": -22.827263333299999, "eventDate": "2023-08-04T14:38:22+00:00", "individualCount": null, "scientificName": "Fratercula arctica", "id": "42418e2a-a48e-4aae-8a0b-0a1ef7368103", "especie_normalizada": "Fratercula arctica", "decada": 2020, "traffic_at_point": 3.8011436462402344, "traffic_buffer_mean": 31.220014572143555 }, "geometry": { "type": "Point", "coordinates": [ 2887608.599105092696846, 5118705.87676911521703 ] } },
{ "type": "Feature", "properties": { "basisOfRecord": "HumanObservation", "date_year": 2023, "decimalLatitude": 65.502318263199996, "decimalLongitude": -24.531337077900002, "eventDate": "2023-07-23T16:08:01+00:00", "individualCount": null, "scientificName": "Fratercula arctica", "id": "42720c4a-78fa-4e3e-a114-0b2de7bc7caa", "especie_normalizada": "Fratercula arctica", "decada": 2020, "traffic_at_point": 0.48827061057090759, "traffic_buffer_mean": 0.77430993318557739 }, "geometry": { "type": "Point", "coordinates": [ 2789065.441450210288167, 5102095.053267324343324 ] } },
{ "type": "Feature", "properties": { "basisOfRecord": "HumanObservation", "date_year": 2023, "decimalLatitude": 62.406719964799997, "decimalLongitude": 5.4048103937, "eventDate": "2023-07-21T22:04:00+02:00", "individualCount": null, "scientificName": "Fratercula arctica", "id": "4303b5e6-0094-41f3-92b0-6f91a510b9ec", "especie_normalizada": "Fratercula arctica", "decada": 2020, "traffic_at_point": 2.273125171661377, "traffic_buffer_mean": 5.4531245231628418 }, "geometry": { "type": "Point", "coordinates": [ 4082605.64544182876125, 4374995.211438879370689 ] } },
{ "type": "Feature", "properties": { "basisOfRecord": "HumanObservation", "date_year": 2023, "decimalLatitude": 59.136947166699997, "decimalLongitude": -3.3394883332999998, "eventDate": "2023-06-16T13:29:05+01:00", "individualCount": null, "scientificName": "Fratercula arctica", "id": "43ff13ff-48cf-4549-849a-79dce558a249", "especie_normalizada": "Fratercula arctica", "decada": 2020, "traffic_at_point": 1.4877269268035889, "traffic_buffer_mean": 0.58374440670013428 }, "geometry": { "type": "Point", "coordinates": [ 3561025.422812855802476, 4075578.949144084472209 ] } },
{ "type": "Feature", "properties": { "basisOfRecord": "HumanObservation", "date_year": 2023, "decimalLatitude": 66.528237221699996, "decimalLongitude": -17.992494444999998, "eventDate": "2023-07-20T14:09:00+00:00", "individualCount": null, "scientificName": "Fratercula arctica", "id": "443c00dc-647e-4160-b94e-c3939cafe699", "especie_normalizada": "Fratercula arctica", "decada": 2020, "traffic_at_point": 4.0655827522277832, "traffic_buffer_mean": 14.686249732971191 }, "geometry": { "type": "Point", "coordinates": [ 3106320.650812153704464, 5073790.456844471395016 ] } },
{ "type": "Feature", "properties": { "basisOfRecord": "HumanObservation", "date_year": 2023, "decimalLatitude": 67.846878437699999, "decimalLongitude": 13.0083921423, "eventDate": "2023-07-18T19:51:00+02:00", "individualCount": null, "scientificName": "Balaenoptera physalus", "id": "4471aa53-8f6a-44d8-8c83-a7e8c1ca05b0", "especie_normalizada": "Balaenoptera physalus", "decada": 2020, "traffic_at_point": 4.6517124176025391, "traffic_buffer_mean": 57.036964416503906 }, "geometry": { "type": "Point", "coordinates": [ 4448858.37291594594717, 4972351.606631519272923 ] } },
{ "type": "Feature", "properties": { "basisOfRecord": "HumanObservation", "date_year": 2023, "decimalLatitude": 66.544657598599997, "decimalLongitude": -18.0151560692, "eventDate": "2023-05-26T11:28:00+00:00", "individualCount": null, "scientificName": "Fratercula arctica", "id": "447ba3c0-6ef3-468c-bc0d-bd17a523a0c2", "especie_normalizada": "Fratercula arctica", "decada": 2020, "traffic_at_point": 0.61218941211700439, "traffic_buffer_mean": 14.879363059997559 }, "geometry": { "type": "Point", "coordinates": [ 3106187.059906811919063, 5075858.253778116777539 ] } },
{ "type": "Feature", "properties": { "basisOfRecord": "HumanObservation", "date_year": 2023, "decimalLatitude": 60.490955796199998, "decimalLongitude": -1.623900899, "eventDate": "2023-06-26T09:45:00+01:00", "individualCount": null, "scientificName": "Fratercula arctica", "id": "45615ed4-d3b6-4753-b1a8-17a8757e177c", "especie_normalizada": "Fratercula arctica", "decada": 2020, "traffic_at_point": 0.07084076851606369, "traffic_buffer_mean": 0.60226219892501831 }, "geometry": { "type": "Point", "coordinates": [ 3683541.860318859107792, 4206977.270406016148627 ] } },
{ "type": "Feature", "properties": { "basisOfRecord": "HumanObservation", "date_year": 2023, "decimalLatitude": 64.0804084743, "decimalLongitude": -22.7296295298, "eventDate": "2023-06-15T17:24:00+00:00", "individualCount": null, "scientificName": "Rissa tridactyla", "id": "460e68e3-94c7-417c-8757-3e9dc0ae699c", "especie_normalizada": "Rissa tridactyla", "decada": 2020, "traffic_at_point": 3.0939726829528809, "traffic_buffer_mean": 44.308979034423828 }, "geometry": { "type": "Point", "coordinates": [ 2783936.788098801858723, 4922434.987687531858683 ] } },
{ "type": "Feature", "properties": { "basisOfRecord": "HumanObservation", "date_year": 2023, "decimalLatitude": 66.552060513300006, "decimalLongitude": -18.014713861000001, "eventDate": "2023-08-14T15:23:01+00:00", "individualCount": null, "scientificName": "Rissa tridactyla", "id": "46c18359-da24-4911-9742-464cea94eb31", "especie_normalizada": "Rissa tridactyla", "decada": 2020, "traffic_at_point": 1.8392084836959839, "traffic_buffer_mean": 14.99882698059082 }, "geometry": { "type": "Point", "coordinates": [ 3106558.682428062427789, 5076602.431773451156914 ] } },
{ "type": "Feature", "properties": { "basisOfRecord": "HumanObservation", "date_year": 2023, "decimalLatitude": 63.4026175, "decimalLongitude": -19.131128055000001, "eventDate": "2023-07-23T18:40:00+00:00", "individualCount": null, "scientificName": "Fratercula arctica", "id": "48289e8b-25d3-4918-b54e-a2eb4be4e187", "especie_normalizada": "Fratercula arctica", "decada": 2020, "traffic_at_point": 0.0011651238892227411, "traffic_buffer_mean": 0.97013711929321289 }, "geometry": { "type": "Point", "coordinates": [ 2907308.364701058249921, 4777791.906971408985555 ] } },
{ "type": "Feature", "properties": { "basisOfRecord": "HumanObservation", "date_year": 2023, "decimalLatitude": 64.771691607400001, "decimalLongitude": -23.554342631000001, "eventDate": "2023-07-13T17:02:00+00:00", "individualCount": null, "scientificName": "Rissa tridactyla", "id": "48e4b756-5da0-4dc3-8a13-4d991aa5be83", "especie_normalizada": "Rissa tridactyla", "decada": 2020, "traffic_at_point": 1.8836169242858887, "traffic_buffer_mean": 8.3749494552612305 }, "geometry": { "type": "Point", "coordinates": [ 2787297.326998598873615, 5008941.933134965598583 ] } },
{ "type": "Feature", "properties": { "basisOfRecord": "HumanObservation", "date_year": 2023, "decimalLatitude": 62.102577833300003, "decimalLongitude": -7.6600633333000001, "eventDate": "2023-07-20T11:38:02+01:00", "individualCount": null, "scientificName": "Fratercula arctica", "id": "48ee6f46-f7f1-400e-b12d-69ce81a1eb29", "especie_normalizada": "Fratercula arctica", "decada": 2020, "traffic_at_point": 0.013127384707331657, "traffic_buffer_mean": 0.31569281220436096 }, "geometry": { "type": "Point", "coordinates": [ 3406420.95035342592746, 4449012.121266729198396 ] } },
{ "type": "Feature", "properties": { "basisOfRecord": "HumanObservation", "date_year": 2023, "decimalLatitude": 63.443513333299997, "decimalLongitude": -20.282088333299999, "eventDate": "2023-06-13T03:57:00+00:00", "individualCount": null, "scientificName": "Rissa tridactyla", "id": "493915b1-2896-408f-a822-6d932e652afe", "especie_normalizada": "Rissa tridactyla", "decada": 2020, "traffic_at_point": 4549.3740234375, "traffic_buffer_mean": 50.164989471435547 }, "geometry": { "type": "Point", "coordinates": [ 2857652.314727798569947, 4805769.516496530734003 ] } },
{ "type": "Feature", "properties": { "basisOfRecord": "HumanObservation", "date_year": 2023, "decimalLatitude": 62.362034265600002, "decimalLongitude": -6.7863168584000002, "eventDate": "2023-07-17T11:59:00+01:00", "individualCount": null, "scientificName": "Fratercula arctica", "id": "49b2151a-6682-431e-8dc7-4a572e8781c8", "especie_normalizada": "Fratercula arctica", "decada": 2020, "traffic_at_point": 0.37434518337249756, "traffic_buffer_mean": 3.8348250389099121 }, "geometry": { "type": "Point", "coordinates": [ 3457907.573808683082461, 4465915.997051483020186 ] } },
{ "type": "Feature", "properties": { "basisOfRecord": "HumanObservation", "date_year": 2023, "decimalLatitude": 64.767738333300002, "decimalLongitude": -23.616838333299999, "eventDate": "2023-06-29T13:49:45+00:00", "individualCount": null, "scientificName": "Rissa tridactyla", "id": "49f9c494-c6df-471a-aafe-d57844b80c6d", "especie_normalizada": "Rissa tridactyla", "decada": 2020, "traffic_at_point": 10.351204872131348, "traffic_buffer_mean": 9.0292415618896484 }, "geometry": { "type": "Point", "coordinates": [ 2784491.508775651454926, 5009944.072970738634467 ] } },
{ "type": "Feature", "properties": { "basisOfRecord": "HumanObservation", "date_year": 2023, "decimalLatitude": 58.386821575500001, "decimalLongitude": -5.1968871541999997, "eventDate": "2023-06-05T13:46:00+01:00", "individualCount": null, "scientificName": "Fratercula arctica", "id": "4ab35ab3-b4a9-4c85-96f3-aa26e4a8b87c", "especie_normalizada": "Fratercula arctica", "decada": 2020, "traffic_at_point": 0.25418603420257568, "traffic_buffer_mean": 0.73827987909317017 }, "geometry": { "type": "Point", "coordinates": [ 3438472.385614389553666, 4015180.287469059694558 ] } },
{ "type": "Feature", "properties": { "basisOfRecord": "HumanObservation", "date_year": 2023, "decimalLatitude": 66.075622, "decimalLongitude": -19.253943, "eventDate": "2023-06-10T02:01:00+00:00", "individualCount": null, "scientificName": "Rissa tridactyla", "id": "4bdf8ae2-6a8a-4820-a480-4896540835a0", "especie_normalizada": "Rissa tridactyla", "decada": 2020, "traffic_at_point": 0.0, "traffic_buffer_mean": 0.10196305811405182 }, "geometry": { "type": "Point", "coordinates": [ 3032969.770971341058612, 5050872.403470259159803 ] } },
{ "type": "Feature", "properties": { "basisOfRecord": "HumanObservation", "date_year": 2023, "decimalLatitude": 59.853671388899997, "decimalLongitude": -1.2763455556000001, "eventDate": "2023-06-17T16:42:17+01:00", "individualCount": null, "scientificName": "Fratercula arctica", "id": "4c204dce-ae10-418d-8c7d-abef91847423", "especie_normalizada": "Fratercula arctica", "decada": 2020, "traffic_at_point": 4.1028084754943848, "traffic_buffer_mean": 1.8420878648757935 }, "geometry": { "type": "Point", "coordinates": [ 3690551.632954587694257, 4133918.476695210672915 ] } },
{ "type": "Feature", "properties": { "basisOfRecord": "HumanObservation", "date_year": 2023, "decimalLatitude": 62.3284465395, "decimalLongitude": -6.9419354920999998, "eventDate": "2023-07-15T15:49:00+01:00", "individualCount": null, "scientificName": "Fratercula arctica", "id": "4ca4c44e-e299-44e4-ba37-4fcdc3e862b7", "especie_normalizada": "Fratercula arctica", "decada": 2020, "traffic_at_point": 0.83166605234146118, "traffic_buffer_mean": 6.4185199737548828 }, "geometry": { "type": "Point", "coordinates": [ 3449136.978637491818517, 4464215.303848781622946 ] } },
{ "type": "Feature", "properties": { "basisOfRecord": "HumanObservation", "date_year": 2023, "decimalLatitude": 67.8875716692, "decimalLongitude": 12.9571246452, "eventDate": "2023-03-22T12:10:00+01:00", "individualCount": null, "scientificName": "Rissa tridactyla", "id": "4ea43f1b-bb8c-4d93-881a-64324b2713bb", "especie_normalizada": "Rissa tridactyla", "decada": 2020, "traffic_at_point": 0.0, "traffic_buffer_mean": 62.026615142822266 }, "geometry": { "type": "Point", "coordinates": [ 4446468.308613740839064, 4976747.218653394840658 ] } },
{ "type": "Feature", "properties": { "basisOfRecord": "HumanObservation", "date_year": 2023, "decimalLatitude": 63.435391666699999, "decimalLongitude": -19.055472222199999, "eventDate": "2023-07-11T09:53:40+00:00", "individualCount": null, "scientificName": "Fratercula arctica", "id": "4f2dc9dd-88d5-4c0b-8cf6-6a5d9d8801e9", "especie_normalizada": "Fratercula arctica", "decada": 2020, "traffic_at_point": null, "traffic_buffer_mean": 0.54042977094650269 }, "geometry": { "type": "Point", "coordinates": [ 2912305.366266032680869, 4779586.91138850338757 ] } },
{ "type": "Feature", "properties": { "basisOfRecord": "HumanObservation", "date_year": 2023, "decimalLatitude": 63.399682912499998, "decimalLongitude": -20.303042077600001, "eventDate": "2023-07-03T15:06:00+00:00", "individualCount": null, "scientificName": "Rissa tridactyla", "id": "5095262a-972e-48a8-9d92-598a58c4c614", "especie_normalizada": "Rissa tridactyla", "decada": 2020, "traffic_at_point": 1.1087168455123901, "traffic_buffer_mean": 49.423187255859375 }, "geometry": { "type": "Point", "coordinates": [ 2854515.606169778853655, 4801790.324836955405772 ] } },
{ "type": "Feature", "properties": { "basisOfRecord": "HumanObservation", "date_year": 2023, "decimalLatitude": 63.402589772900001, "decimalLongitude": -19.1307350298, "eventDate": "2023-07-31T16:49:00+00:00", "individualCount": null, "scientificName": "Fratercula arctica", "id": "509d7866-a4d0-482f-b67f-0ed1588e2071", "especie_normalizada": "Fratercula arctica", "decada": 2020, "traffic_at_point": 0.0011651238892227411, "traffic_buffer_mean": 0.97013711929321289 }, "geometry": { "type": "Point", "coordinates": [ 2907324.760548899881542, 4777781.093738729134202 ] } },
{ "type": "Feature", "properties": { "basisOfRecord": "HumanObservation", "date_year": 2023, "decimalLatitude": 66.17877, "decimalLongitude": -17.352342, "eventDate": "2023-05-17T09:49:36", "individualCount": 1.0, "scientificName": "Balaenoptera musculus", "id": "50ee965e-a4cf-453c-833f-ec6be59b301b", "especie_normalizada": "Balaenoptera musculus", "decada": 2020, "traffic_at_point": 0.49311026930809021, "traffic_buffer_mean": 1.1288573741912842 }, "geometry": { "type": "Point", "coordinates": [ 3116021.988051080144942, 5026962.596320061013103 ] } },
{ "type": "Feature", "properties": { "basisOfRecord": "HumanObservation", "date_year": 2023, "decimalLatitude": 57.370292663299999, "decimalLongitude": 9.7070827482999995, "eventDate": "2023-12-27T11:08:04+01:00", "individualCount": null, "scientificName": "Fratercula arctica", "id": "5111749d-8487-46ef-851c-27b95226113f", "especie_normalizada": "Fratercula arctica", "decada": 2020, "traffic_at_point": 58.593910217285156, "traffic_buffer_mean": 0.71216994524002075 }, "geometry": { "type": "Point", "coordinates": [ 4303354.83904167637229, 3807594.081712762825191 ] } },
{ "type": "Feature", "properties": { "basisOfRecord": "HumanObservation", "date_year": 2023, "decimalLatitude": 66.544761657699993, "decimalLongitude": -18.021701812700002, "eventDate": "2023-06-18T09:45:04+00:00", "individualCount": null, "scientificName": "Fratercula arctica", "id": "516dba73-0a65-4072-b611-f6f058673330", "especie_normalizada": "Fratercula arctica", "decada": 2020, "traffic_at_point": 5474.111328125, "traffic_buffer_mean": 14.879363059997559 }, "geometry": { "type": "Point", "coordinates": [ 3105927.040965522639453, 5075984.291212251409888 ] } },
{ "type": "Feature", "properties": { "basisOfRecord": "HumanObservation", "date_year": 2023, "decimalLatitude": 59.857024024899999, "decimalLongitude": -1.2725153938, "eventDate": "2023-06-17T17:23:00+01:00", "individualCount": null, "scientificName": "Fratercula arctica", "id": "51e0f7bb-eb3f-4390-9ed4-ecc172dc9160", "especie_normalizada": "Fratercula arctica", "decada": 2020, "traffic_at_point": 0.60414814949035645, "traffic_buffer_mean": 1.8520752191543579 }, "geometry": { "type": "Point", "coordinates": [ 3690825.826245176140219, 4134252.605455700773746 ] } },
{ "type": "Feature", "properties": { "basisOfRecord": "HumanObservation", "date_year": 2023, "decimalLatitude": 66.549044722199994, "decimalLongitude": -18.02435, "eventDate": "2023-07-08T22:01:00+00:00", "individualCount": null, "scientificName": "Fratercula arctica", "id": "526e5b11-0583-4e80-bf5a-022f2ff04941", "especie_normalizada": "Fratercula arctica", "decada": 2020, "traffic_at_point": 1.8392084836959839, "traffic_buffer_mean": 14.99882698059082 }, "geometry": { "type": "Point", "coordinates": [ 3106024.552653199061751, 5076466.055439767427742 ] } },
{ "type": "Feature", "properties": { "basisOfRecord": "HumanObservation", "date_year": 2023, "decimalLatitude": 63.404163333299998, "decimalLongitude": -19.1032361667, "eventDate": "2023-08-25T04:20:37+00:00", "individualCount": null, "scientificName": "Fratercula arctica", "id": "5385e2e4-549b-43dc-8a45-ad102ec97a18", "especie_normalizada": "Fratercula arctica", "decada": 2020, "traffic_at_point": 0.0063093360513448715, "traffic_buffer_mean": 0.90702712535858154 }, "geometry": { "type": "Point", "coordinates": [ 2908641.957562093622983, 4777381.876812290400267 ] } },
{ "type": "Feature", "properties": { "basisOfRecord": "HumanObservation", "date_year": 2023, "decimalLatitude": 66.551133003000004, "decimalLongitude": -18.011741726099999, "eventDate": "2023-06-21T19:39:00+00:00", "individualCount": null, "scientificName": "Rissa tridactyla", "id": "53f21250-eb98-47b5-8433-adf44fa588b7", "especie_normalizada": "Rissa tridactyla", "decada": 2020, "traffic_at_point": 1.8392084836959839, "traffic_buffer_mean": 14.99882698059082 }, "geometry": { "type": "Point", "coordinates": [ 3106634.658665790222585, 5076455.810102537274361 ] } },
{ "type": "Feature", "properties": { "basisOfRecord": "HumanObservation", "date_year": 2023, "decimalLatitude": 64.170837210100004, "decimalLongitude": -21.900071461500001, "eventDate": "2023-06-22T13:03:00+00:00", "individualCount": null, "scientificName": "Fratercula arctica", "id": "54a68f49-8454-4d64-9941-2ceeab310e31", "especie_normalizada": "Fratercula arctica", "decada": 2020, "traffic_at_point": 24.13456916809082, "traffic_buffer_mean": 122.48162078857422 }, "geometry": { "type": "Point", "coordinates": [ 2824327.357129868119955, 4913229.651907242834568 ] } },
{ "type": "Feature", "properties": { "basisOfRecord": "HumanObservation", "date_year": 2023, "decimalLatitude": 66.537623888300004, "decimalLongitude": -18.010644166700001, "eventDate": "2023-07-20T13:31:00+00:00", "individualCount": null, "scientificName": "Fratercula arctica", "id": "54d1925d-fe28-4f1e-b4fa-07b2730554f6", "especie_normalizada": "Fratercula arctica", "decada": 2020, "traffic_at_point": 0.61218941211700439, "traffic_buffer_mean": 14.761794090270996 }, "geometry": { "type": "Point", "coordinates": [ 3106033.709236384369433, 5075064.172790135256946 ] } },
{ "type": "Feature", "properties": { "basisOfRecord": "HumanObservation", "date_year": 2023, "decimalLatitude": 63.403470620299998, "decimalLongitude": -20.28196536, "eventDate": "2023-06-26T22:50:54+00:00", "individualCount": null, "scientificName": "Fratercula arctica", "id": "54fd8f0f-8626-49d6-ae17-bf393a5246b5", "especie_normalizada": "Fratercula arctica", "decada": 2020, "traffic_at_point": 1.1813567876815796, "traffic_buffer_mean": 49.523628234863281 }, "geometry": { "type": "Point", "coordinates": [ 2855648.240686137229204, 4801727.473973047919571 ] } },
{ "type": "Feature", "properties": { "basisOfRecord": "HumanObservation", "date_year": 2023, "decimalLatitude": 66.161326, "decimalLongitude": -17.443542, "eventDate": "2023-06-16T11:04:53", "individualCount": 1.0, "scientificName": "Balaenoptera musculus", "id": "5511c00f-e250-41ff-9a1d-933adf28c495", "especie_normalizada": "Balaenoptera musculus", "decada": 2020, "traffic_at_point": 0.83783578872680664, "traffic_buffer_mean": 1.9960116147994995 }, "geometry": { "type": "Point", "coordinates": [ 3111443.704781863372773, 5026778.482830974273384 ] } },
{ "type": "Feature", "properties": { "basisOfRecord": "HumanObservation", "date_year": 2023, "decimalLatitude": 64.886579444999995, "decimalLongitude": -24.042743888299999, "eventDate": "2023-07-14T13:14:00+00:00", "individualCount": null, "scientificName": "Rissa tridactyla", "id": "56985cf4-4010-4995-86d6-274a2eb29ec1", "especie_normalizada": "Rissa tridactyla", "decada": 2020, "traffic_at_point": 10.41545295715332, "traffic_buffer_mean": 2.7858140468597412 }, "geometry": { "type": "Point", "coordinates": [ 2773640.976363394875079, 5031111.351982809603214 ] } },
{ "type": "Feature", "properties": { "basisOfRecord": "HumanObservation", "date_year": 2023, "decimalLatitude": 62.106267577799997, "decimalLongitude": -7.4348910505000001, "eventDate": "2023-06-29T16:26:00+01:00", "individualCount": null, "scientificName": "Fratercula arctica", "id": "56a7732d-3298-4b53-a3b8-0affd006fe94", "especie_normalizada": "Fratercula arctica", "decada": 2020, "traffic_at_point": 0.72010737657546997, "traffic_buffer_mean": 15.974643707275391 }, "geometry": { "type": "Point", "coordinates": [ 3417903.681035645771772, 4446494.264875093474984 ] } },
{ "type": "Feature", "properties": { "basisOfRecord": "HumanObservation", "date_year": 2023, "decimalLatitude": 64.0705324, "decimalLongitude": -22.6512494, "eventDate": "2023-06-15T20:30:00+00:00", "individualCount": null, "scientificName": "Rissa tridactyla", "id": "57e9a86e-0e93-485f-9329-9315cdc4d8b4", "especie_normalizada": "Rissa tridactyla", "decada": 2020, "traffic_at_point": 1.8488099575042725, "traffic_buffer_mean": 53.773937225341797 }, "geometry": { "type": "Point", "coordinates": [ 2786754.4348568553105, 4919717.044317381456494 ] } },
{ "type": "Feature", "properties": { "basisOfRecord": "HumanObservation", "date_year": 2023, "decimalLatitude": 63.411312522599999, "decimalLongitude": -19.021937660900001, "eventDate": "2023-06-09T12:11:51+00:00", "individualCount": null, "scientificName": "Fratercula arctica", "id": "5899b8d2-29a3-4588-9c92-8e6c3fcf7083", "especie_normalizada": "Fratercula arctica", "decada": 2020, "traffic_at_point": 0.0, "traffic_buffer_mean": 0.85010325908660889 }, "geometry": { "type": "Point", "coordinates": [ 2912657.27754897531122, 4776458.804664293304086 ] } },
{ "type": "Feature", "properties": { "basisOfRecord": "HumanObservation", "date_year": 2023, "decimalLatitude": 67.801152350199999, "decimalLongitude": 12.895783121299999, "eventDate": "2023-07-18T11:27:00+02:00", "individualCount": null, "scientificName": "Rissa tridactyla", "id": "58e80501-bc18-469a-bdc0-95529792eea6", "especie_normalizada": "Rissa tridactyla", "decada": 2020, "traffic_at_point": 1.5073307752609253, "traffic_buffer_mean": 26.127962112426758 }, "geometry": { "type": "Point", "coordinates": [ 4444309.884981100447476, 4967101.790095910429955 ] } },
{ "type": "Feature", "properties": { "basisOfRecord": "HumanObservation", "date_year": 2023, "decimalLatitude": 57.120552062999998, "decimalLongitude": 8.5980348587000002, "eventDate": "2023-02-10T13:55:00+01:00", "individualCount": null, "scientificName": "Rissa tridactyla", "id": "598d61dc-1358-4430-8590-bf81f63d43c1", "especie_normalizada": "Rissa tridactyla", "decada": 2020, "traffic_at_point": 7640.3818359375, "traffic_buffer_mean": 108.57602691650391 }, "geometry": { "type": "Point", "coordinates": [ 4235988.399767377413809, 3780609.612605950795114 ] } },
{ "type": "Feature", "properties": { "basisOfRecord": "HumanObservation", "date_year": 2023, "decimalLatitude": 66.035073815600001, "decimalLongitude": -17.4092362327, "eventDate": "2023-06-29T15:40:00+00:00", "individualCount": null, "scientificName": "Rissa tridactyla", "id": "5a57c936-930b-46fc-a04a-8c8e7d92c537", "especie_normalizada": "Rissa tridactyla", "decada": 2020, "traffic_at_point": 3.2309834957122803, "traffic_buffer_mean": 60.190105438232422 }, "geometry": { "type": "Point", "coordinates": [ 3106971.83001287933439, 5013290.543667870573699 ] } },
{ "type": "Feature", "properties": { "basisOfRecord": "HumanObservation", "date_year": 2023, "decimalLatitude": 64.044462218199996, "decimalLongitude": -16.1796517298, "eventDate": "2023-08-12T18:55:30+00:00", "individualCount": null, "scientificName": "Rissa tridactyla", "id": "5a81fe6a-5f50-4165-949d-51c0451e554a", "especie_normalizada": "Rissa tridactyla", "decada": 2020, "traffic_at_point": 0.0017587393522262573, "traffic_buffer_mean": 0.18859046697616577 }, "geometry": { "type": "Point", "coordinates": [ 3070092.008282156661153, 4786976.874406286515296 ] } },
{ "type": "Feature", "properties": { "basisOfRecord": "HumanObservation", "date_year": 2023, "decimalLatitude": 64.91505, "decimalLongitude": -24.220017, "eventDate": "2023-05-14T22:24:48", "individualCount": 1.0, "scientificName": "Physeter macrocephalus", "id": "5ab39031-67fe-4ec5-b507-863a5aed575d", "especie_normalizada": "Physeter macrocephalus", "decada": 2020, "traffic_at_point": 0.68601983785629272, "traffic_buffer_mean": 1.6949973106384277 }, "geometry": { "type": "Point", "coordinates": [ 2767998.245025226846337, 5037880.031973831355572 ] } },
{ "type": "Feature", "properties": { "basisOfRecord": "HumanObservation", "date_year": 2023, "decimalLatitude": 64.009247801000001, "decimalLongitude": -20.538389682799998, "eventDate": "2023-09-30T21:25:00+00:00", "individualCount": null, "scientificName": "Rissa tridactyla", "id": "5bbe2a94-e710-45ac-b8ee-9913b31847ca", "especie_normalizada": "Rissa tridactyla", "decada": 2020, "traffic_at_point": null, "traffic_buffer_mean": null }, "geometry": { "type": "Point", "coordinates": [ 2874905.936491197906435, 4868124.767190743237734 ] } },
{ "type": "Feature", "properties": { "basisOfRecord": "HumanObservation", "date_year": 2023, "decimalLatitude": 65.542774092499997, "decimalLongitude": -13.744238994, "eventDate": "2023-06-26T16:32:00+00:00", "individualCount": null, "scientificName": "Fratercula arctica", "id": "5c967872-9ed1-49f7-b351-1dd5a2d85126", "especie_normalizada": "Fratercula arctica", "decada": 2020, "traffic_at_point": 0.22012721002101898, "traffic_buffer_mean": 15.390926361083984 }, "geometry": { "type": "Point", "coordinates": [ 3241040.877644094638526, 4901611.010193444788456 ] } },
{ "type": "Feature", "properties": { "basisOfRecord": "HumanObservation", "date_year": 2023, "decimalLatitude": 66.546964226300005, "decimalLongitude": -18.019695630200001, "eventDate": "2023-06-03T10:36:00+00:00", "individualCount": null, "scientificName": "Fratercula arctica", "id": "5e3bac3b-f5ab-4b89-95a7-91ffa802d36c", "especie_normalizada": "Fratercula arctica", "decada": 2020, "traffic_at_point": 1.8392084836959839, "traffic_buffer_mean": 14.99882698059082 }, "geometry": { "type": "Point", "coordinates": [ 3106113.512810439337045, 5076172.627525692805648 ] } },
{ "type": "Feature", "properties": { "basisOfRecord": "HumanObservation", "date_year": 2023, "decimalLatitude": 60.132866666699996, "decimalLongitude": -1.0138222167, "eventDate": "2023-05-30T12:20:55+01:00", "individualCount": null, "scientificName": "Fratercula arctica", "id": "5e63168c-d0f2-49bf-807e-6ec3ce274adf", "especie_normalizada": "Fratercula arctica", "decada": 2020, "traffic_at_point": 0.95220816135406494, "traffic_buffer_mean": 45.933185577392578 }, "geometry": { "type": "Point", "coordinates": [ 3710154.607197778765112, 4162285.796490178443491 ] } },
{ "type": "Feature", "properties": { "basisOfRecord": "HumanObservation", "date_year": 2023, "decimalLatitude": 63.7983716464, "decimalLongitude": -10.1087036225, "eventDate": "2023-10-03T13:12:00-01:00", "individualCount": null, "scientificName": "Rissa tridactyla", "id": "5f265b02-5294-48b4-ac16-9968bdf17aca", "especie_normalizada": "Rissa tridactyla", "decada": 2020, "traffic_at_point": 0.018147019669413567, "traffic_buffer_mean": 0.0091306921094655991 }, "geometry": { "type": "Point", "coordinates": [ 3340652.587838333565742, 4663749.942731417715549 ] } },
{ "type": "Feature", "properties": { "basisOfRecord": "HumanObservation", "date_year": 2023, "decimalLatitude": 64.966102378399995, "decimalLongitude": -23.947780505000001, "eventDate": "2023-06-06T15:54:00+00:00", "individualCount": null, "scientificName": "Physeter macrocephalus", "id": "6007f80d-43fb-4e23-be32-a2da97da4278", "especie_normalizada": "Physeter macrocephalus", "decada": 2020, "traffic_at_point": 3.1538760662078857, "traffic_buffer_mean": 32.546955108642578 }, "geometry": { "type": "Point", "coordinates": [ 2782029.643106929026544, 5036767.131786194629967 ] } },
{ "type": "Feature", "properties": { "basisOfRecord": "HumanObservation", "date_year": 2023, "decimalLatitude": 65.522445975300002, "decimalLongitude": -24.509169906499999, "eventDate": "2023-06-13T14:31:01+00:00", "individualCount": null, "scientificName": "Fratercula arctica", "id": "601ae179-3a3e-4fce-b816-fd9080102b0d", "especie_normalizada": "Fratercula arctica", "decada": 2020, "traffic_at_point": 0.19542567431926727, "traffic_buffer_mean": 0.84514027833938599 }, "geometry": { "type": "Point", "coordinates": [ 2791108.97429715981707, 5103559.651045702397823 ] } },
{ "type": "Feature", "properties": { "basisOfRecord": "HumanObservation", "date_year": 2023, "decimalLatitude": 64.769221544299995, "decimalLongitude": -23.617943460100001, "eventDate": "2023-06-02T13:11:41+00:00", "individualCount": null, "scientificName": "Rissa tridactyla", "id": "60af2bdc-700f-4175-ba69-bc446cf0f952", "especie_normalizada": "Rissa tridactyla", "decada": 2020, "traffic_at_point": 1520.0830078125, "traffic_buffer_mean": 9.5334234237670898 }, "geometry": { "type": "Point", "coordinates": [ 2784528.754866375587881, 5010114.299416609108448 ] } },
{ "type": "Feature", "properties": { "basisOfRecord": "HumanObservation", "date_year": 2023, "decimalLatitude": 64.090242497399998, "decimalLongitude": -21.930065417400002, "eventDate": "2023-07-03T16:40:00+00:00", "individualCount": null, "scientificName": "Rissa tridactyla", "id": "614e43dd-3063-464d-b762-4285842cd510", "especie_normalizada": "Rissa tridactyla", "decada": 2020, "traffic_at_point": 0.024471120908856392, "traffic_buffer_mean": 223.41986083984375 }, "geometry": { "type": "Point", "coordinates": [ 2818765.019054000265896, 4905853.281843293458223 ] } },
{ "type": "Feature", "properties": { "basisOfRecord": "HumanObservation", "date_year": 2023, "decimalLatitude": 66.396569537600001, "decimalLongitude": -22.297954559699999, "eventDate": "2023-08-09T22:30:22+00:00", "individualCount": null, "scientificName": "Physeter macrocephalus", "id": "620c72dd-6ab3-46fa-9196-3762aecb9a45", "especie_normalizada": "Physeter macrocephalus", "decada": 2020, "traffic_at_point": 0.054680835455656052, "traffic_buffer_mean": 0.19962093234062195 }, "geometry": { "type": "Point", "coordinates": [ 2927671.093842254020274, 5142221.771948100067675 ] } },
{ "type": "Feature", "properties": { "basisOfRecord": "HumanObservation", "date_year": 2023, "decimalLatitude": 66.551133003000004, "decimalLongitude": -18.011741726099999, "eventDate": "2023-06-21T19:35:00+00:00", "individualCount": null, "scientificName": "Rissa tridactyla", "id": "622812e3-4680-4a70-8a43-d683d04c06f7", "especie_normalizada": "Rissa tridactyla", "decada": 2020, "traffic_at_point": 1.8392084836959839, "traffic_buffer_mean": 14.99882698059082 }, "geometry": { "type": "Point", "coordinates": [ 3106634.658665790222585, 5076455.810102537274361 ] } },
{ "type": "Feature", "properties": { "basisOfRecord": "HumanObservation", "date_year": 2023, "decimalLatitude": 66.104123762100002, "decimalLongitude": -17.722533617500002, "eventDate": "2023-09-22T16:15:00+00:00", "individualCount": null, "scientificName": "Rissa tridactyla", "id": "62dabb79-6427-438f-aec0-948867331d2b", "especie_normalizada": "Rissa tridactyla", "decada": 2020, "traffic_at_point": 2.5912950038909912, "traffic_buffer_mean": 3.1523501873016357 }, "geometry": { "type": "Point", "coordinates": [ 3097241.681423680391163, 5025867.456876285374165 ] } },
{ "type": "Feature", "properties": { "basisOfRecord": "HumanObservation", "date_year": 2023, "decimalLatitude": 66.362693344799993, "decimalLongitude": -18.138288127399999, "eventDate": "2023-07-09T11:09:00+00:00", "individualCount": null, "scientificName": "Fratercula arctica", "id": "630ebfd9-3e57-4c46-92d0-fcda16a3f94b", "especie_normalizada": "Fratercula arctica", "decada": 2020, "traffic_at_point": 0.19726921617984772, "traffic_buffer_mean": 0.36974242329597473 }, "geometry": { "type": "Point", "coordinates": [ 3092480.030952315311879, 5059561.02614014968276 ] } },
{ "type": "Feature", "properties": { "basisOfRecord": "HumanObservation", "date_year": 2023, "decimalLatitude": 65.542303434600001, "decimalLongitude": -13.754408385, "eventDate": "2023-06-05T03:31:00+00:00", "individualCount": null, "scientificName": "Rissa tridactyla", "id": "6323cc75-f816-4bc9-8e75-cbf80e189735", "especie_normalizada": "Rissa tridactyla", "decada": 2020, "traffic_at_point": 3972.853759765625, "traffic_buffer_mean": 16.466697692871094 }, "geometry": { "type": "Point", "coordinates": [ 3240581.011706085409969, 4901720.561361376196146 ] } },
{ "type": "Feature", "properties": { "basisOfRecord": "HumanObservation", "date_year": 2023, "decimalLatitude": 65.637279972599998, "decimalLongitude": -24.268801953099999, "eventDate": "2023-07-02T16:22:00+00:00", "individualCount": null, "scientificName": "Rissa tridactyla", "id": "63337b4f-7dab-49db-8835-a1c39de03b7c", "especie_normalizada": "Rissa tridactyla", "decada": 2020, "traffic_at_point": 5.2590818405151367, "traffic_buffer_mean": 2.8876268863677979 }, "geometry": { "type": "Point", "coordinates": [ 2807274.863431997597218, 5109421.922547669149935 ] } },
{ "type": "Feature", "properties": { "basisOfRecord": "HumanObservation", "date_year": 2023, "decimalLatitude": 65.501566660199998, "decimalLongitude": -24.5275081588, "eventDate": "2023-06-01T19:26:00+00:00", "individualCount": null, "scientificName": "Rissa tridactyla", "id": "63f6b87d-9863-4c21-a291-dae14351b4eb", "especie_normalizada": "Rissa tridactyla", "decada": 2020, "traffic_at_point": 0.21914801001548767, "traffic_buffer_mean": 0.77430993318557739 }, "geometry": { "type": "Point", "coordinates": [ 2789174.773320692591369, 5101936.706226511858404 ] } },
{ "type": "Feature", "properties": { "basisOfRecord": "HumanObservation", "date_year": 2023, "decimalLatitude": 63.42766523, "decimalLongitude": -20.30104182, "eventDate": "2023-08-21T15:38:05+00:00", "individualCount": null, "scientificName": "Fratercula arctica", "id": "6433f986-e2a2-4622-b117-83de12c81076", "especie_normalizada": "Fratercula arctica", "decada": 2020, "traffic_at_point": 0.43672424554824829, "traffic_buffer_mean": 49.820640563964844 }, "geometry": { "type": "Point", "coordinates": [ 2856010.085298621095717, 4804570.614026539027691 ] } },
{ "type": "Feature", "properties": { "basisOfRecord": "HumanObservation", "date_year": 2023, "decimalLatitude": 63.515972039799998, "decimalLongitude": -20.130694055100001, "eventDate": "2023-07-03T17:29:00+00:00", "individualCount": null, "scientificName": "Rissa tridactyla", "id": "646d63d3-ac7e-412d-b963-95620d61d4dc", "especie_normalizada": "Rissa tridactyla", "decada": 2020, "traffic_at_point": 26.717126846313477, "traffic_buffer_mean": 47.458503723144531 }, "geometry": { "type": "Point", "coordinates": [ 2868038.088513683527708, 4809901.977437595836818 ] } },
{ "type": "Feature", "properties": { "basisOfRecord": "HumanObservation", "date_year": 2023, "decimalLatitude": 58.87997, "decimalLongitude": 11.0990888333, "eventDate": "2023-10-17T09:19:19+02:00", "individualCount": null, "scientificName": "Fratercula arctica", "id": "654deb5d-f9d3-4093-a23f-956579ace97d", "especie_normalizada": "Fratercula arctica", "decada": 2020, "traffic_at_point": 22.727149963378906, "traffic_buffer_mean": 77.093849182128906 }, "geometry": { "type": "Point", "coordinates": [ 4384509.96667084749788, 3975934.739024935290217 ] } },
{ "type": "Feature", "properties": { "basisOfRecord": "HumanObservation", "date_year": 2023, "decimalLatitude": 63.405012305, "decimalLongitude": -19.130945652699999, "eventDate": "2023-08-11T17:54:07+00:00", "individualCount": null, "scientificName": "Fratercula arctica", "id": "65fed974-51e4-430e-bf36-1d61e37329d0", "especie_normalizada": "Fratercula arctica", "decada": 2020, "traffic_at_point": 0.0057178954593837261, "traffic_buffer_mean": 0.97013711929321289 }, "geometry": { "type": "Point", "coordinates": [ 2907432.440751169808209, 4778031.573858268558979 ] } },
{ "type": "Feature", "properties": { "basisOfRecord": "HumanObservation", "date_year": 2023, "decimalLatitude": 63.407201666699997, "decimalLongitude": -20.274321945000001, "eventDate": "2023-07-24T15:40:00+00:00", "individualCount": null, "scientificName": "Rissa tridactyla", "id": "6621ad30-429f-4f86-9332-980c97a04c3b", "especie_normalizada": "Rissa tridactyla", "decada": 2020, "traffic_at_point": 1.7598152160644531, "traffic_buffer_mean": 49.670543670654297 }, "geometry": { "type": "Point", "coordinates": [ 2856177.232054547406733, 4801942.616107133217156 ] } },
{ "type": "Feature", "properties": { "basisOfRecord": "HumanObservation", "date_year": 2023, "decimalLatitude": 66.143137344199999, "decimalLongitude": -16.9502737804, "eventDate": "2023-06-18T13:42:00+00:00", "individualCount": null, "scientificName": "Fratercula arctica", "id": "664d32ab-a32a-442b-b91a-698094a4d6e4", "especie_normalizada": "Fratercula arctica", "decada": 2020, "traffic_at_point": 0.0, "traffic_buffer_mean": 0.096714265644550323 }, "geometry": { "type": "Point", "coordinates": [ 3131006.864105652086437, 5016341.22687005251646 ] } },
{ "type": "Feature", "properties": { "basisOfRecord": "HumanObservation", "date_year": 2023, "decimalLatitude": 63.1459950542, "decimalLongitude": 7.6315454678999997, "eventDate": "2023-07-06T14:47:36+02:00", "individualCount": null, "scientificName": "Rissa tridactyla", "id": "672cf500-8db9-48ff-abbe-ea8d27692b14", "especie_normalizada": "Rissa tridactyla", "decada": 2020, "traffic_at_point": 5.193183422088623, "traffic_buffer_mean": 116.63828277587891 }, "geometry": { "type": "Point", "coordinates": [ 4201017.593583969399333, 4451249.263720473274589 ] } },
{ "type": "Feature", "properties": { "basisOfRecord": "HumanObservation", "date_year": 2023, "decimalLatitude": 64.467631720200004, "decimalLongitude": -18.077452182799998, "eventDate": "2023-10-03T21:22:00+00:00", "individualCount": null, "scientificName": "Rissa tridactyla", "id": "6747d15a-a417-4dc5-a29e-235322ece6c9", "especie_normalizada": "Rissa tridactyla", "decada": 2020, "traffic_at_point": null, "traffic_buffer_mean": null }, "geometry": { "type": "Point", "coordinates": [ 3005012.484286808408797, 4865530.349336397834122 ] } },
{ "type": "Feature", "properties": { "basisOfRecord": "HumanObservation", "date_year": 2023, "decimalLatitude": 65.543346132300002, "decimalLongitude": -13.7572892289, "eventDate": "2023-06-04T09:31:00+00:00", "individualCount": null, "scientificName": "Rissa tridactyla", "id": "67b294ed-ee60-4df8-9bea-843f3c42ead6", "especie_normalizada": "Rissa tridactyla", "decada": 2020, "traffic_at_point": 3972.853759765625, "traffic_buffer_mean": 16.466697692871094 }, "geometry": { "type": "Point", "coordinates": [ 3240498.361174679826945, 4901874.278777498751879 ] } },
{ "type": "Feature", "properties": { "basisOfRecord": "HumanObservation", "date_year": 2023, "decimalLatitude": 64.048708888299998, "decimalLongitude": -16.180860555, "eventDate": "2023-07-22T13:30:00+00:00", "individualCount": null, "scientificName": "Rissa tridactyla", "id": "6a07ca40-012c-4fb9-8cb4-15b62cf6ad2f", "especie_normalizada": "Rissa tridactyla", "decada": 2020, "traffic_at_point": 0.0, "traffic_buffer_mean": 0.19356860220432281 }, "geometry": { "type": "Point", "coordinates": [ 3070224.041841262020171, 4787437.194757355377078 ] } },
{ "type": "Feature", "properties": { "basisOfRecord": "HumanObservation", "date_year": 2023, "decimalLatitude": 64.048446323099995, "decimalLongitude": -16.180388822499999, "eventDate": "2023-07-02T04:05:00+00:00", "individualCount": null, "scientificName": "Rissa tridactyla", "id": "6a3885bb-f413-4d29-bc3b-a7d81a0a6288", "especie_normalizada": "Rissa tridactyla", "decada": 2020, "traffic_at_point": 0.0, "traffic_buffer_mean": 0.19356860220432281 }, "geometry": { "type": "Point", "coordinates": [ 3070233.771097905933857, 4787401.587038754485548 ] } },
{ "type": "Feature", "properties": { "basisOfRecord": "HumanObservation", "date_year": 2023, "decimalLatitude": 57.365497588899999, "decimalLongitude": 9.6999645231000002, "eventDate": "2023-12-27T10:57:43+01:00", "individualCount": null, "scientificName": "Fratercula arctica", "id": "6a4f2543-8360-48c4-b284-167c26c29364", "especie_normalizada": "Fratercula arctica", "decada": 2020, "traffic_at_point": 1.4742683172225952, "traffic_buffer_mean": 0.72651058435440063 }, "geometry": { "type": "Point", "coordinates": [ 4302923.723593822680414, 3807062.491960084065795 ] } },
{ "type": "Feature", "properties": { "basisOfRecord": "HumanObservation", "date_year": 2023, "decimalLatitude": 64.817997720600005, "decimalLongitude": -24.0039626302, "eventDate": "2023-05-31T14:26:00+00:00", "individualCount": null, "scientificName": "Physeter macrocephalus", "id": "6a519194-91f2-4ef8-a42d-b4a30525f10f", "especie_normalizada": "Physeter macrocephalus", "decada": 2020, "traffic_at_point": 1.6414581537246704, "traffic_buffer_mean": 2.6131050586700439 }, "geometry": { "type": "Point", "coordinates": [ 2771352.940022679511458, 5023529.959892697632313 ] } },
{ "type": "Feature", "properties": { "basisOfRecord": "HumanObservation", "date_year": 2023, "decimalLatitude": 58.726786492000002, "decimalLongitude": -3.349527897, "eventDate": "2023-08-16T10:17:00+01:00", "individualCount": null, "scientificName": "Rissa tridactyla", "id": "6ba16376-29e5-466a-b2f3-94e1a58d7f8e", "especie_normalizada": "Rissa tridactyla", "decada": 2020, "traffic_at_point": 3.1749179363250732, "traffic_buffer_mean": 1.7517170906066895 }, "geometry": { "type": "Point", "coordinates": [ 3551540.781298793386668, 4030827.271746832411736 ] } },
{ "type": "Feature", "properties": { "basisOfRecord": "HumanObservation", "date_year": 2023, "decimalLatitude": 62.3274446406, "decimalLongitude": -6.9410741027, "eventDate": "2023-07-13T13:28:00+01:00", "individualCount": null, "scientificName": "Fratercula arctica", "id": "6bf34b83-28eb-4fda-a427-88fef41ce688", "especie_normalizada": "Fratercula arctica", "decada": 2020, "traffic_at_point": 0.83166605234146118, "traffic_buffer_mean": 8.4569358825683594 }, "geometry": { "type": "Point", "coordinates": [ 3449151.87485926412046, 4464096.50301587767899 ] } },
{ "type": "Feature", "properties": { "basisOfRecord": "HumanObservation", "date_year": 2023, "decimalLatitude": 66.351510031900006, "decimalLongitude": 12.341749007400001, "eventDate": "2023-03-14T09:15:24+01:00", "individualCount": null, "scientificName": "Rissa tridactyla", "id": "6bf94939-f215-47eb-ae07-53015133ae05", "especie_normalizada": "Rissa tridactyla", "decada": 2020, "traffic_at_point": 2.0050272941589355, "traffic_buffer_mean": 21.242759704589844 }, "geometry": { "type": "Point", "coordinates": [ 4426694.256470113992691, 4806077.170313710346818 ] } },
{ "type": "Feature", "properties": { "basisOfRecord": "HumanObservation", "date_year": 2023, "decimalLatitude": 62.368296666699997, "decimalLongitude": -6.8113466667000004, "eventDate": "2023-07-01T10:02:34+01:00", "individualCount": null, "scientificName": "Fratercula arctica", "id": "6d0277ff-2263-408a-afb9-0dc34d21f7c5", "especie_normalizada": "Fratercula arctica", "decada": 2020, "traffic_at_point": 0.58957284688949585, "traffic_buffer_mean": 3.5599415302276611 }, "geometry": { "type": "Point", "coordinates": [ 3456826.100018926430494, 4466900.062061135657132 ] } },
{ "type": "Feature", "properties": { "basisOfRecord": "HumanObservation", "date_year": 2023, "decimalLatitude": 65.499851718800002, "decimalLongitude": -24.526926751200001, "eventDate": "2023-06-01T08:13:00+00:00", "individualCount": null, "scientificName": "Fratercula arctica", "id": "6d1f4664-64bd-4d90-a818-97b98b01e742", "especie_normalizada": "Fratercula arctica", "decada": 2020, "traffic_at_point": 0.21914801001548767, "traffic_buffer_mean": 0.77430993318557739 }, "geometry": { "type": "Point", "coordinates": [ 2789099.10826887562871, 5101756.955256788060069 ] } },
{ "type": "Feature", "properties": { "basisOfRecord": "HumanObservation", "date_year": 2023, "decimalLatitude": 64.174446106000005, "decimalLongitude": -21.955234527599998, "eventDate": "2023-08-16T08:52:16+00:00", "individualCount": null, "scientificName": "Fratercula arctica", "id": "6d470203-db78-4857-915e-c3309a24590d", "especie_normalizada": "Fratercula arctica", "decada": 2020, "traffic_at_point": 49.654312133789062, "traffic_buffer_mean": 94.939506530761719 }, "geometry": { "type": "Point", "coordinates": [ 2822151.48492659907788, 4914782.868742076680064 ] } },
{ "type": "Feature", "properties": { "basisOfRecord": "HumanObservation", "date_year": 2023, "decimalLatitude": 61.9560203, "decimalLongitude": -6.8830338, "eventDate": "2023-07-01T12:47:00+01:00", "individualCount": null, "scientificName": "Fratercula arctica", "id": "6dcee722-6712-4382-91aa-be1807c015df", "especie_normalizada": "Fratercula arctica", "decada": 2020, "traffic_at_point": 33.913627624511719, "traffic_buffer_mean": 77.869476318359375 }, "geometry": { "type": "Point", "coordinates": [ 3441589.895368978381157, 4423286.176528319716454 ] } },
{ "type": "Feature", "properties": { "basisOfRecord": "HumanObservation", "date_year": 2023, "decimalLatitude": 64.210262824799997, "decimalLongitude": -22.138779484499999, "eventDate": "2023-06-08T12:46:40+00:00", "individualCount": null, "scientificName": "Fratercula arctica", "id": "6e0ede06-2bb0-49eb-abbd-cba5da844ade", "especie_normalizada": "Fratercula arctica", "decada": 2020, "traffic_at_point": 5.4820995330810547, "traffic_buffer_mean": 16.203018188476562 }, "geometry": { "type": "Point", "coordinates": [ 2816195.61207616282627, 4922329.62404840067029 ] } },
{ "type": "Feature", "properties": { "basisOfRecord": "HumanObservation", "date_year": 2023, "decimalLatitude": 65.003543, "decimalLongitude": -23.819733, "eventDate": "2023-06-06T15:54:19", "individualCount": 1.0, "scientificName": "Physeter macrocephalus", "id": "6e585b6c-d873-47ec-ba50-51d05f039779", "especie_normalizada": "Physeter macrocephalus", "decada": 2020, "traffic_at_point": 3.2801592350006104, "traffic_buffer_mean": 31.591619491577148 }, "geometry": { "type": "Point", "coordinates": [ 2789381.334815722890198, 5037581.658753681927919 ] } },
{ "type": "Feature", "properties": { "basisOfRecord": "HumanObservation", "date_year": 2023, "decimalLatitude": 65.378011278299994, "decimalLongitude": -22.908773445000001, "eventDate": "2023-07-02T09:43:00+00:00", "individualCount": null, "scientificName": "Fratercula arctica", "id": "6e79921b-b634-4d71-8a01-71d904931fc0", "especie_normalizada": "Fratercula arctica", "decada": 2020, "traffic_at_point": 31.355978012084961, "traffic_buffer_mean": 1.4203054904937744 }, "geometry": { "type": "Point", "coordinates": [ 2847405.928977144882083, 5054512.031267366372049 ] } },
{ "type": "Feature", "properties": { "basisOfRecord": "HumanObservation", "date_year": 2023, "decimalLatitude": 59.1379055, "decimalLongitude": -3.3304783333, "eventDate": "2023-05-15T10:06:05+01:00", "individualCount": null, "scientificName": "Fratercula arctica", "id": "6e8bea53-e1c1-4872-9a1b-7c5f9a503a39", "especie_normalizada": "Fratercula arctica", "decada": 2020, "traffic_at_point": 1.4877269268035889, "traffic_buffer_mean": 0.58374440670013428 }, "geometry": { "type": "Point", "coordinates": [ 3561552.498465451877564, 4075587.334324772935361 ] } },
{ "type": "Feature", "properties": { "basisOfRecord": "HumanObservation", "date_year": 2023, "decimalLatitude": 66.527652934499997, "decimalLongitude": -17.982606583300001, "eventDate": "2023-07-09T18:16:00+00:00", "individualCount": null, "scientificName": "Rissa tridactyla", "id": "6f26dc66-2dfb-46a9-ad92-ecfd834c0558", "especie_normalizada": "Rissa tridactyla", "decada": 2020, "traffic_at_point": 4.0655827522277832, "traffic_buffer_mean": 14.686249732971191 }, "geometry": { "type": "Point", "coordinates": [ 3106693.415083897300065, 5073556.74648561142385 ] } },
{ "type": "Feature", "properties": { "basisOfRecord": "HumanObservation", "date_year": 2023, "decimalLatitude": 65.153725469099996, "decimalLongitude": -13.9714632769, "eventDate": "2023-07-10T11:16:35+00:00", "individualCount": null, "scientificName": "Fratercula arctica", "id": "6f3bc117-13fb-4d09-a990-25d1109a0c75", "especie_normalizada": "Fratercula arctica", "decada": 2020, "traffic_at_point": null, "traffic_buffer_mean": 69.89996337890625 }, "geometry": { "type": "Point", "coordinates": [ 3215332.223527938593179, 4864619.556329380720854 ] } },
{ "type": "Feature", "properties": { "basisOfRecord": "HumanObservation", "date_year": 2023, "decimalLatitude": 64.975674, "decimalLongitude": -24.088898, "eventDate": "2023-06-01T11:59:08", "individualCount": 1.0, "scientificName": "Physeter macrocephalus", "id": "6f764e2b-cd85-4b1d-a79a-5efa1ac69d0b", "especie_normalizada": "Physeter macrocephalus", "decada": 2020, "traffic_at_point": 1.2754892110824585, "traffic_buffer_mean": 2.9497694969177246 }, "geometry": { "type": "Point", "coordinates": [ 2776802.142228993587196, 5040858.93490740749985 ] } },
{ "type": "Feature", "properties": { "basisOfRecord": "HumanObservation", "date_year": 2023, "decimalLatitude": 58.717473561600002, "decimalLongitude": -3.0000634878, "eventDate": "2023-08-06T01:04:00+01:00", "individualCount": null, "scientificName": "Fratercula arctica", "id": "6fa99938-0d72-4eaf-b4a8-dbf57bd3378a", "especie_normalizada": "Fratercula arctica", "decada": 2020, "traffic_at_point": 3.2241048812866211, "traffic_buffer_mean": 2.0975799560546875 }, "geometry": { "type": "Point", "coordinates": [ 3571219.587852826341987, 4026074.276931688655168 ] } },
{ "type": "Feature", "properties": { "basisOfRecord": "HumanObservation", "date_year": 2023, "decimalLatitude": 64.925720509599998, "decimalLongitude": -23.2524970698, "eventDate": "2023-07-20T10:17:00+00:00", "individualCount": null, "scientificName": "Fratercula arctica", "id": "70cd0463-f2f0-4647-b21f-27b76c4365cb", "especie_normalizada": "Fratercula arctica", "decada": 2020, "traffic_at_point": 3583.759765625, "traffic_buffer_mean": 28.825143814086914 }, "geometry": { "type": "Point", "coordinates": [ 2808334.578731138259172, 5017421.235708812251687 ] } },
{ "type": "Feature", "properties": { "basisOfRecord": "HumanObservation", "date_year": 2023, "decimalLatitude": 63.4046799, "decimalLongitude": -19.1185522, "eventDate": "2023-08-15T22:39:00+00:00", "individualCount": null, "scientificName": "Fratercula arctica", "id": "71090a61-2c24-4f2a-9f7f-ed60a3ef2e27", "especie_normalizada": "Fratercula arctica", "decada": 2020, "traffic_at_point": 0.0011651238892227411, "traffic_buffer_mean": 0.90702712535858154 }, "geometry": { "type": "Point", "coordinates": [ 2907975.659299025777727, 4777745.736957782879472 ] } },
{ "type": "Feature", "properties": { "basisOfRecord": "HumanObservation", "date_year": 2023, "decimalLatitude": 64.764305, "decimalLongitude": -23.6246333333, "eventDate": "2023-06-07T10:56:36+00:00", "individualCount": null, "scientificName": "Rissa tridactyla", "id": "711f090f-479d-482a-8552-552562763acc", "especie_normalizada": "Rissa tridactyla", "decada": 2020, "traffic_at_point": 0.33612743020057678, "traffic_buffer_mean": 9.0292415618896484 }, "geometry": { "type": "Point", "coordinates": [ 2783977.140857354272157, 5009780.610013672150671 ] } },
{ "type": "Feature", "properties": { "basisOfRecord": "HumanObservation", "date_year": 2023, "decimalLatitude": 59.534698486300002, "decimalLongitude": -1.6125875711, "eventDate": "2023-06-06T11:16:29+01:00", "individualCount": null, "scientificName": "Fratercula arctica", "id": "71a4722e-7d0a-4055-9da7-5ecb7d275001", "especie_normalizada": "Fratercula arctica", "decada": 2020, "traffic_at_point": 0.092823781073093414, "traffic_buffer_mean": 0.95358395576477051 }, "geometry": { "type": "Point", "coordinates": [ 3665863.828627874143422, 4101945.146454296540469 ] } },
{ "type": "Feature", "properties": { "basisOfRecord": "HumanObservation", "date_year": 2023, "decimalLatitude": 65.496655278299997, "decimalLongitude": -24.515106388300001, "eventDate": "2023-07-16T14:13:00+00:00", "individualCount": null, "scientificName": "Fratercula arctica", "id": "71e87ef6-6d32-493b-85ed-52e69a2ff0cf", "especie_normalizada": "Fratercula arctica", "decada": 2020, "traffic_at_point": 0.21914801001548767, "traffic_buffer_mean": 0.77430993318557739 }, "geometry": { "type": "Point", "coordinates": [ 2789386.278405983932316, 5101182.900341966189444 ] } },
{ "type": "Feature", "properties": { "basisOfRecord": "HumanObservation", "date_year": 2023, "decimalLatitude": 65.541915806199995, "decimalLongitude": -13.7541047362, "eventDate": "2023-06-04T09:09:00+00:00", "individualCount": null, "scientificName": "Fratercula arctica", "id": "722b19ee-4b99-47bf-970b-3193bc62e77b", "especie_normalizada": "Fratercula arctica", "decada": 2020, "traffic_at_point": 3972.853759765625, "traffic_buffer_mean": 16.466697692871094 }, "geometry": { "type": "Point", "coordinates": [ 3240578.479652992449701, 4901675.389491275884211 ] } },
{ "type": "Feature", "properties": { "basisOfRecord": "HumanObservation", "date_year": 2023, "decimalLatitude": 63.860594, "decimalLongitude": -16.668212, "eventDate": "2023-07-10T11:30:00+00:00", "individualCount": null, "scientificName": "Fratercula arctica", "id": "72c8ec0a-5c4a-41d4-b941-110d0881a4f9", "especie_normalizada": "Fratercula arctica", "decada": 2020, "traffic_at_point": null, "traffic_buffer_mean": 0.46765214204788208 }, "geometry": { "type": "Point", "coordinates": [ 3039891.769577144179493, 4776912.081171372905374 ] } },
{ "type": "Feature", "properties": { "basisOfRecord": "HumanObservation", "date_year": 2023, "decimalLatitude": 67.773106512699997, "decimalLongitude": 12.790424316699999, "eventDate": "2023-07-18T21:16:00+02:00", "individualCount": null, "scientificName": "Fratercula arctica", "id": "72dec84f-83a9-48ba-8a95-f2badb54257d", "especie_normalizada": "Fratercula arctica", "decada": 2020, "traffic_at_point": 3.0400784015655518, "traffic_buffer_mean": 3.530827522277832 }, "geometry": { "type": "Point", "coordinates": [ 4439964.693956639617682, 4963822.366760235279799 ] } },
{ "type": "Feature", "properties": { "basisOfRecord": "HumanObservation", "date_year": 2023, "decimalLatitude": 63.445133082399998, "decimalLongitude": -20.260290012199999, "eventDate": "2023-07-24T14:13:00+00:00", "individualCount": null, "scientificName": "Fratercula arctica", "id": "7411f69a-0371-43ff-b5fd-7bfd3855a2c9", "especie_normalizada": "Fratercula arctica", "decada": 2020, "traffic_at_point": 13177.1298828125, "traffic_buffer_mean": 50.428333282470703 }, "geometry": { "type": "Point", "coordinates": [ 2858707.087373258080333, 4805473.660219137556851 ] } },
{ "type": "Feature", "properties": { "basisOfRecord": "HumanObservation", "date_year": 2023, "decimalLatitude": 57.158517544200002, "decimalLongitude": 9.0255849715000007, "eventDate": "2023-08-10T15:35:54+02:00", "individualCount": null, "scientificName": "Rissa tridactyla", "id": "74879f2b-9bca-4a09-b425-65e2404704fa", "especie_normalizada": "Rissa tridactyla", "decada": 2020, "traffic_at_point": 0.056749425828456879, "traffic_buffer_mean": 5.8431491851806641 }, "geometry": { "type": "Point", "coordinates": [ 4261971.215758345089853, 3784402.492850912269205 ] } },
{ "type": "Feature", "properties": { "basisOfRecord": "HumanObservation", "date_year": 2023, "decimalLatitude": 63.4025728, "decimalLongitude": -19.0420784, "eventDate": "2023-07-26T14:33:47+00:00", "individualCount": null, "scientificName": "Fratercula arctica", "id": "748c8aa2-eba0-4ef1-917a-50a002556300", "especie_normalizada": "Fratercula arctica", "decada": 2020, "traffic_at_point": 0.0040466929785907269, "traffic_buffer_mean": 0.98661595582962036 }, "geometry": { "type": "Point", "coordinates": [ 2911326.359471286647022, 4775978.421491679735482 ] } },
{ "type": "Feature", "properties": { "basisOfRecord": "HumanObservation", "date_year": 2023, "decimalLatitude": 65.541544166700007, "decimalLongitude": -13.7549983333, "eventDate": "2023-08-05T13:17:00+00:00", "individualCount": null, "scientificName": "Rissa tridactyla", "id": "74c789a9-850c-4c9c-b709-04435ddddbab", "especie_normalizada": "Rissa tridactyla", "decada": 2020, "traffic_at_point": 3972.853759765625, "traffic_buffer_mean": 16.466697692871094 }, "geometry": { "type": "Point", "coordinates": [ 3240524.697910230606794, 4901650.567400432191789 ] } },
{ "type": "Feature", "properties": { "basisOfRecord": "HumanObservation", "date_year": 2023, "decimalLatitude": 65.5419392, "decimalLongitude": -13.754739799699999, "eventDate": "2023-07-20T10:49:10+00:00", "individualCount": null, "scientificName": "Fratercula arctica", "id": "7573a523-c998-452a-9f23-4048fbfcdd9a", "especie_normalizada": "Fratercula arctica", "decada": 2020, "traffic_at_point": 3972.853759765625, "traffic_buffer_mean": 16.466697692871094 }, "geometry": { "type": "Point", "coordinates": [ 3240551.898875200655311, 4901687.739247191697359 ] } },
{ "type": "Feature", "properties": { "basisOfRecord": "HumanObservation", "date_year": 2023, "decimalLatitude": 62.103019906599997, "decimalLongitude": -7.6570197566999996, "eventDate": "2023-08-19T14:51:30+01:00", "individualCount": null, "scientificName": "Fratercula arctica", "id": "75c3dae8-43c8-43ed-adc1-2b01c89fed1f", "especie_normalizada": "Fratercula arctica", "decada": 2020, "traffic_at_point": 0.013127384707331657, "traffic_buffer_mean": 0.31569281220436096 }, "geometry": { "type": "Point", "coordinates": [ 3406587.663889776449651, 4449020.061716394498944 ] } },
{ "type": "Feature", "properties": { "basisOfRecord": "HumanObservation", "date_year": 2023, "decimalLatitude": 66.04716313, "decimalLongitude": -22.82722305, "eventDate": "2023-07-01T17:00:00+00:00", "individualCount": null, "scientificName": "Fratercula arctica", "id": "75e396e9-ff0f-47e1-82ab-2d531d7f3bef", "especie_normalizada": "Fratercula arctica", "decada": 2020, "traffic_at_point": 3.8011436462402344, "traffic_buffer_mean": 31.220014572143555 }, "geometry": { "type": "Point", "coordinates": [ 2887592.35354291042313, 5118673.253820711746812 ] } },
{ "type": "Feature", "properties": { "basisOfRecord": "HumanObservation", "date_year": 2023, "decimalLatitude": 66.55576602, "decimalLongitude": -18.01137147, "eventDate": "2023-06-22T11:54:58+00:00", "individualCount": null, "scientificName": "Rissa tridactyla", "id": "762beaa7-ef7a-4e1c-8db5-52083d475aa4", "especie_normalizada": "Rissa tridactyla", "decada": 2020, "traffic_at_point": 1.8392084836959839, "traffic_buffer_mean": 14.99882698059082 }, "geometry": { "type": "Point", "coordinates": [ 3106870.999372315593064, 5076919.901157812215388 ] } },
{ "type": "Feature", "properties": { "basisOfRecord": "HumanObservation", "date_year": 2023, "decimalLatitude": 59.372008, "decimalLongitude": -2.4188716, "eventDate": "2023-07-25T13:14:00+01:00", "individualCount": null, "scientificName": "Fratercula arctica", "id": "763706a8-3d00-476a-ac70-8154cbc1adec", "especie_normalizada": "Fratercula arctica", "decada": 2020, "traffic_at_point": 0.0, "traffic_buffer_mean": 0.24691732227802277 }, "geometry": { "type": "Point", "coordinates": [ 3617595.57555571757257, 4091821.215816224459559 ] } },
{ "type": "Feature", "properties": { "basisOfRecord": "HumanObservation", "date_year": 2023, "decimalLatitude": 66.818612267000006, "decimalLongitude": -13.8272045581, "eventDate": "2023-06-22T19:25:23-01:00", "individualCount": null, "scientificName": "Balaenoptera physalus", "id": "76b1c748-cac3-4013-a64d-3551d9497a15", "especie_normalizada": "Balaenoptera physalus", "decada": 2020, "traffic_at_point": 0.0, "traffic_buffer_mean": 0.010041180066764355 }, "geometry": { "type": "Point", "coordinates": [ 3289516.382671561092138, 5035771.477643598802388 ] } },
{ "type": "Feature", "properties": { "basisOfRecord": "HumanObservation", "date_year": 2023, "decimalLatitude": 59.534793333300001, "decimalLongitude": -1.6023916667, "eventDate": "2023-05-24T08:53:15+01:00", "individualCount": null, "scientificName": "Fratercula arctica", "id": "772bedbf-7e4f-46c4-894a-df1a9a2fe055", "especie_normalizada": "Fratercula arctica", "decada": 2020, "traffic_at_point": 9.582188606262207, "traffic_buffer_mean": 0.92624998092651367 }, "geometry": { "type": "Point", "coordinates": [ 3666434.812612075358629, 4101861.436792689375579 ] } },
{ "type": "Feature", "properties": { "basisOfRecord": "HumanObservation", "date_year": 2023, "decimalLatitude": 64.771691607400001, "decimalLongitude": -23.554342631000001, "eventDate": "2023-07-13T16:56:00+00:00", "individualCount": null, "scientificName": "Rissa tridactyla", "id": "77384169-545c-4d3a-b382-e4de34780533", "especie_normalizada": "Rissa tridactyla", "decada": 2020, "traffic_at_point": 1.8836169242858887, "traffic_buffer_mean": 8.3749494552612305 }, "geometry": { "type": "Point", "coordinates": [ 2787297.326998598873615, 5008941.933134965598583 ] } },
{ "type": "Feature", "properties": { "basisOfRecord": "HumanObservation", "date_year": 2023, "decimalLatitude": 62.245112703499998, "decimalLongitude": -7.1821779128000003, "eventDate": "2023-06-01T19:32:00+01:00", "individualCount": null, "scientificName": "Rissa tridactyla tridactyla", "id": "77820fee-7ec8-4f2b-8821-6796e0a325cc", "especie_normalizada": "Rissa tridactyla", "decada": 2020, "traffic_at_point": 0.087460361421108246, "traffic_buffer_mean": 8.7199382781982422 }, "geometry": { "type": "Point", "coordinates": [ 3434669.063199144322425, 4458237.194056184962392 ] } },
{ "type": "Feature", "properties": { "basisOfRecord": "HumanObservation", "date_year": 2023, "decimalLatitude": 66.530403338599996, "decimalLongitude": -17.9823518844, "eventDate": "2023-07-09T17:10:00+00:00", "individualCount": null, "scientificName": "Fratercula arctica", "id": "77a03ca3-f202-4857-a69d-78113579026f", "especie_normalizada": "Fratercula arctica", "decada": 2020, "traffic_at_point": 4.0655827522277832, "traffic_buffer_mean": 14.686249732971191 }, "geometry": { "type": "Point", "coordinates": [ 3106834.990083346143365, 5073831.708685800433159 ] } },
{ "type": "Feature", "properties": { "basisOfRecord": "HumanObservation", "date_year": 2023, "decimalLatitude": 65.542628834, "decimalLongitude": -13.7562839213, "eventDate": "2023-05-31T16:16:00+00:00", "individualCount": null, "scientificName": "Fratercula arctica", "id": "77d3e4a3-6148-40de-8a8a-b4f59f367783", "especie_normalizada": "Fratercula arctica", "decada": 2020, "traffic_at_point": 3972.853759765625, "traffic_buffer_mean": 16.466697692871094 }, "geometry": { "type": "Point", "coordinates": [ 3240512.890695808921009, 4901783.770222904160619 ] } },
{ "type": "Feature", "properties": { "basisOfRecord": "HumanObservation", "date_year": 2023, "decimalLatitude": 64.751560254099999, "decimalLongitude": -23.6446599619, "eventDate": "2023-07-05T10:26:00+00:00", "individualCount": null, "scientificName": "Rissa tridactyla", "id": "78103410-1040-424d-8805-786c06cdb9a0", "especie_normalizada": "Rissa tridactyla", "decada": 2020, "traffic_at_point": 0.33879104256629944, "traffic_buffer_mean": 8.3865060806274414 }, "geometry": { "type": "Point", "coordinates": [ 2782435.821802579332143, 5008975.804405765607953 ] } },
{ "type": "Feature", "properties": { "basisOfRecord": "HumanObservation", "date_year": 2023, "decimalLatitude": 64.7677, "decimalLongitude": -23.616471666700001, "eventDate": "2023-06-02T13:24:25+00:00", "individualCount": null, "scientificName": "Rissa tridactyla", "id": "7933a826-3654-4471-8863-82408ee6abf7", "especie_normalizada": "Rissa tridactyla", "decada": 2020, "traffic_at_point": 10.351204872131348, "traffic_buffer_mean": 9.0292415618896484 }, "geometry": { "type": "Point", "coordinates": [ 2784504.527860566973686, 5009932.144623290747404 ] } },
{ "type": "Feature", "properties": { "basisOfRecord": "HumanObservation", "date_year": 2023, "decimalLatitude": 66.360560062900007, "decimalLongitude": -14.771627517300001, "eventDate": "2023-07-07T13:41:00+00:00", "individualCount": null, "scientificName": "Fratercula arctica", "id": "7950e585-4b43-4711-beae-b373190b7ac0", "especie_normalizada": "Fratercula arctica", "decada": 2020, "traffic_at_point": 0.081662654876708984, "traffic_buffer_mean": 0.26721510291099548 }, "geometry": { "type": "Point", "coordinates": [ 3231234.6642244765535, 5002745.906553511507809 ] } },
{ "type": "Feature", "properties": { "basisOfRecord": "HumanObservation", "date_year": 2023, "decimalLatitude": 59.854336857299998, "decimalLongitude": -1.2745716423, "eventDate": "2023-07-16T12:14:00+01:00", "individualCount": null, "scientificName": "Fratercula arctica", "id": "799b0b32-e459-4bed-a9a8-7e6ba3778f89", "especie_normalizada": "Fratercula arctica", "decada": 2020, "traffic_at_point": 4.1028084754943848, "traffic_buffer_mean": 1.8420878648757935 }, "geometry": { "type": "Point", "coordinates": [ 3690662.169967394322157, 4133975.780773896723986 ] } },
{ "type": "Feature", "properties": { "basisOfRecord": "HumanObservation", "date_year": 2023, "decimalLatitude": 57.158234375100001, "decimalLongitude": 9.0247100112999998, "eventDate": "2023-05-19T11:18:00+02:00", "individualCount": null, "scientificName": "Rissa tridactyla", "id": "7ab1e893-11e0-4832-a512-1181aa144226", "especie_normalizada": "Rissa tridactyla", "decada": 2020, "traffic_at_point": 0.056749425828456879, "traffic_buffer_mean": 5.8431491851806641 }, "geometry": { "type": "Point", "coordinates": [ 4261917.771060147322714, 3784371.717447151429951 ] } },
{ "type": "Feature", "properties": { "basisOfRecord": "HumanObservation", "date_year": 2023, "decimalLatitude": 66.029332, "decimalLongitude": -17.521948, "eventDate": "2023-03-04T12:38:16", "individualCount": 1.0, "scientificName": "Balaenoptera musculus", "id": "7b3df04e-b0dd-4a16-b934-c1a58ecc2ff4", "especie_normalizada": "Balaenoptera musculus", "decada": 2020, "traffic_at_point": 2.359546422958374, "traffic_buffer_mean": 54.510581970214844 }, "geometry": { "type": "Point", "coordinates": [ 3102028.28161293361336, 5014691.651607939973474 ] } },
{ "type": "Feature", "properties": { "basisOfRecord": "HumanObservation", "date_year": 2023, "decimalLatitude": 66.070781, "decimalLongitude": -17.479248, "eventDate": "2023-06-12T14:19:22", "individualCount": 1.0, "scientificName": "Balaenoptera musculus", "id": "7b6a80ee-a831-4929-91cc-84ae5df51152", "especie_normalizada": "Balaenoptera musculus", "decada": 2020, "traffic_at_point": 9.1943187713623047, "traffic_buffer_mean": 43.639076232910156 }, "geometry": { "type": "Point", "coordinates": [ 3105736.322630775161088, 5018167.30004371330142 ] } },
{ "type": "Feature", "properties": { "basisOfRecord": "HumanObservation", "date_year": 2023, "decimalLatitude": 60.133372802700002, "decimalLongitude": -1.0105598218, "eventDate": "2023-06-29T10:40:00+01:00", "individualCount": null, "scientificName": "Rissa tridactyla", "id": "7b8ff0a3-1e70-45f8-b71f-a22f108e5640", "especie_normalizada": "Rissa tridactyla", "decada": 2020, "traffic_at_point": 0.95220816135406494, "traffic_buffer_mean": 45.933185577392578 }, "geometry": { "type": "Point", "coordinates": [ 3710343.021536956075579, 4162313.262359009124339 ] } },
{ "type": "Feature", "properties": { "basisOfRecord": "HumanObservation", "date_year": 2023, "decimalLatitude": 62.4863320308, "decimalLongitude": 5.6611598354000003, "eventDate": "2023-07-26T19:40:00+02:00", "individualCount": null, "scientificName": "Fratercula arctica", "id": "7bab6d8d-22e9-405d-b1cf-52bfbc34b87a", "especie_normalizada": "Fratercula arctica", "decada": 2020, "traffic_at_point": 0.19028425216674805, "traffic_buffer_mean": 2.7096970081329346 }, "geometry": { "type": "Point", "coordinates": [ 4096467.678744606208056, 4382969.055999075993896 ] } },
{ "type": "Feature", "properties": { "basisOfRecord": "HumanObservation", "date_year": 2023, "decimalLatitude": 65.542569, "decimalLongitude": -13.755936, "eventDate": "2023-08-11T07:36:00+00:00", "individualCount": null, "scientificName": "Fratercula arctica", "id": "7c53b7ea-6128-4685-9e0b-108f7f540bc2", "especie_normalizada": "Fratercula arctica", "decada": 2020, "traffic_at_point": 3972.853759765625, "traffic_buffer_mean": 16.466697692871094 }, "geometry": { "type": "Point", "coordinates": [ 3240525.548683868721128, 4901772.099749011918902 ] } },
{ "type": "Feature", "properties": { "basisOfRecord": "HumanObservation", "date_year": 2023, "decimalLatitude": 63.449942087499998, "decimalLongitude": -20.256070189399999, "eventDate": "2023-07-03T15:50:00+00:00", "individualCount": null, "scientificName": "Rissa tridactyla", "id": "7d8c643d-1bf0-4910-9a73-65ba5b5188f5", "especie_normalizada": "Rissa tridactyla", "decada": 2020, "traffic_at_point": 99.296722412109375, "traffic_buffer_mean": 50.878551483154297 }, "geometry": { "type": "Point", "coordinates": [ 2859136.75066161621362, 4805869.97249129973352 ] } },
{ "type": "Feature", "properties": { "basisOfRecord": "HumanObservation", "date_year": 2023, "decimalLatitude": 63.403366447400003, "decimalLongitude": -19.1042221338, "eventDate": "2023-08-11T18:32:57+00:00", "individualCount": null, "scientificName": "Fratercula arctica", "id": "7dc073c6-a6b4-45a7-bbd4-4c0a17fdef88", "especie_normalizada": "Fratercula arctica", "decada": 2020, "traffic_at_point": 0.0063093360513448715, "traffic_buffer_mean": 0.90702712535858154 }, "geometry": { "type": "Point", "coordinates": [ 2908558.939924309961498, 4777320.9169493727386 ] } },
{ "type": "Feature", "properties": { "basisOfRecord": "HumanObservation", "date_year": 2023, "decimalLatitude": 66.5423498, "decimalLongitude": -17.9961161, "eventDate": "2023-06-03T07:13:00+00:00", "individualCount": null, "scientificName": "Rissa tridactyla", "id": "801a0af8-2541-41fa-be85-77c93af6423d", "especie_normalizada": "Rissa tridactyla", "decada": 2020, "traffic_at_point": 0.61218941211700439, "traffic_buffer_mean": 14.879363059997559 }, "geometry": { "type": "Point", "coordinates": [ 3106847.73588202893734, 5075288.078988654538989 ] } },
{ "type": "Feature", "properties": { "basisOfRecord": "HumanObservation", "date_year": 2023, "decimalLatitude": 64.880504425599995, "decimalLongitude": -24.026820511299999, "eventDate": "2023-05-28T12:04:00+00:00", "individualCount": null, "scientificName": "Rissa tridactyla", "id": "80583e55-aceb-47c3-bfca-6e4bd90d0f23", "especie_normalizada": "Rissa tridactyla", "decada": 2020, "traffic_at_point": 1.4245167970657349, "traffic_buffer_mean": 3.1124482154846191 }, "geometry": { "type": "Point", "coordinates": [ 2773950.098835054785013, 5030159.755975570529699 ] } },
{ "type": "Feature", "properties": { "basisOfRecord": "HumanObservation", "date_year": 2023, "decimalLatitude": 65.500290555000007, "decimalLongitude": -24.526486666699999, "eventDate": "2023-07-16T13:54:00+00:00", "individualCount": null, "scientificName": "Rissa tridactyla", "id": "80714fd0-0afe-4e96-b8b5-79fec6fa1afc", "especie_normalizada": "Rissa tridactyla", "decada": 2020, "traffic_at_point": 0.21914801001548767, "traffic_buffer_mean": 0.77430993318557739 }, "geometry": { "type": "Point", "coordinates": [ 2789141.949318891391158, 5101789.842431698925793 ] } },
{ "type": "Feature", "properties": { "basisOfRecord": "HumanObservation", "date_year": 2023, "decimalLatitude": 66.553496666699999, "decimalLongitude": -17.99928, "eventDate": "2023-07-18T15:41:00+00:00", "individualCount": null, "scientificName": "Fratercula arctica", "id": "808c37e2-7fd2-48c9-a327-04f8d5a414ac", "especie_normalizada": "Fratercula arctica", "decada": 2020, "traffic_at_point": 1.3464539051055908, "traffic_buffer_mean": 15.0184326171875 }, "geometry": { "type": "Point", "coordinates": [ 3107251.950092686340213, 5076476.250350408256054 ] } },
{ "type": "Feature", "properties": { "basisOfRecord": "HumanObservation", "date_year": 2023, "decimalLatitude": 65.5007638883, "decimalLongitude": -24.527978888300002, "eventDate": "2023-07-16T13:39:00+00:00", "individualCount": null, "scientificName": "Fratercula arctica", "id": "81e088ae-595d-49f9-92fe-06dbd8544084", "especie_normalizada": "Fratercula arctica", "decada": 2020, "traffic_at_point": 0.21914801001548767, "traffic_buffer_mean": 0.77430993318557739 }, "geometry": { "type": "Point", "coordinates": [ 2789109.733291966840625, 5101869.102897623553872 ] } },
{ "type": "Feature", "properties": { "basisOfRecord": "HumanObservation", "date_year": 2023, "decimalLatitude": 63.512938, "decimalLongitude": -20.126038, "eventDate": "2023-08-26T07:04:00+00:00", "individualCount": null, "scientificName": "Fratercula arctica", "id": "81ee3437-c451-4937-9435-de56bedb1c58", "especie_normalizada": "Fratercula arctica", "decada": 2020, "traffic_at_point": 26.717126846313477, "traffic_buffer_mean": 47.458503723144531 }, "geometry": { "type": "Point", "coordinates": [ 2868094.107110334560275, 4809498.224202769808471 ] } },
{ "type": "Feature", "properties": { "basisOfRecord": "HumanObservation", "date_year": 2023, "decimalLatitude": 62.103825, "decimalLongitude": -7.6539133333000002, "eventDate": "2023-06-07T15:51:58+01:00", "individualCount": null, "scientificName": "Fratercula arctica", "id": "82a61375-37d1-4d90-98da-4f2aea1302ba", "especie_normalizada": "Fratercula arctica", "decada": 2020, "traffic_at_point": 0.013127384707331657, "traffic_buffer_mean": 0.31569281220436096 }, "geometry": { "type": "Point", "coordinates": [ 3406768.247693329118192, 4449066.272905815392733 ] } },
{ "type": "Feature", "properties": { "basisOfRecord": "HumanObservation", "date_year": 2023, "decimalLatitude": 63.880745462299998, "decimalLongitude": -22.739565238000001, "eventDate": "2023-05-14T15:51:00+00:00", "individualCount": null, "scientificName": "Rissa tridactyla", "id": "832ea7b9-fa66-4289-a4fd-1b60c23b8340", "especie_normalizada": "Rissa tridactyla", "decada": 2020, "traffic_at_point": 0.42108207941055298, "traffic_buffer_mean": 2.9047291278839111 }, "geometry": { "type": "Point", "coordinates": [ 2772683.754182454198599, 4902880.590618370100856 ] } },
{ "type": "Feature", "properties": { "basisOfRecord": "HumanObservation", "date_year": 2023, "decimalLatitude": 63.4464703939, "decimalLongitude": -20.296407714499999, "eventDate": "2023-07-06T21:04:11+00:00", "individualCount": null, "scientificName": "Fratercula arctica", "id": "83322ddb-dbf3-434b-a552-2244a6ccbfce", "especie_normalizada": "Fratercula arctica", "decada": 2020, "traffic_at_point": 914.4796142578125, "traffic_buffer_mean": 50.193187713623047 }, "geometry": { "type": "Point", "coordinates": [ 2857161.39013135060668, 4806369.6418845821172 ] } },
{ "type": "Feature", "properties": { "basisOfRecord": "HumanObservation", "date_year": 2023, "decimalLatitude": 58.386896600100002, "decimalLongitude": -5.1976759873000002, "eventDate": "2023-06-05T13:51:00+01:00", "individualCount": null, "scientificName": "Fratercula arctica", "id": "840df37b-a30a-4fd9-96b1-119d7d14146b", "especie_normalizada": "Fratercula arctica", "decada": 2020, "traffic_at_point": 0.25418603420257568, "traffic_buffer_mean": 0.73827987909317017 }, "geometry": { "type": "Point", "coordinates": [ 3438429.240069756284356, 4015198.244632956571877 ] } },
{ "type": "Feature", "properties": { "basisOfRecord": "HumanObservation", "date_year": 2023, "decimalLatitude": 65.542375296299994, "decimalLongitude": -13.756318800200001, "eventDate": "2023-05-11T22:06:46+00:00", "individualCount": null, "scientificName": "Fratercula arctica", "id": "841fea01-9981-43e1-b6a5-4fe6c8bd3852", "especie_normalizada": "Fratercula arctica", "decada": 2020, "traffic_at_point": 3972.853759765625, "traffic_buffer_mean": 16.466697692871094 }, "geometry": { "type": "Point", "coordinates": [ 3240501.112827573902905, 4901757.868104080669582 ] } },
{ "type": "Feature", "properties": { "basisOfRecord": "HumanObservation", "date_year": 2023, "decimalLatitude": 64.886780555000001, "decimalLongitude": -24.041315555000001, "eventDate": "2023-07-14T12:51:00+00:00", "individualCount": null, "scientificName": "Rissa tridactyla", "id": "84fe9419-a8a8-4737-9668-68780b6e156a", "especie_normalizada": "Rissa tridactyla", "decada": 2020, "traffic_at_point": 10.41545295715332, "traffic_buffer_mean": 2.8499681949615479 }, "geometry": { "type": "Point", "coordinates": [ 2773710.933107117190957, 5031098.974808922037482 ] } },
{ "type": "Feature", "properties": { "basisOfRecord": "HumanObservation", "date_year": 2023, "decimalLatitude": 66.546964226300005, "decimalLongitude": -18.019695630200001, "eventDate": "2023-06-03T08:30:00+00:00", "individualCount": null, "scientificName": "Rissa tridactyla", "id": "856cd7da-32d0-4ae1-ad8a-5e6fbfeacdb4", "especie_normalizada": "Rissa tridactyla", "decada": 2020, "traffic_at_point": 1.8392084836959839, "traffic_buffer_mean": 14.99882698059082 }, "geometry": { "type": "Point", "coordinates": [ 3106113.512810439337045, 5076172.627525692805648 ] } },
{ "type": "Feature", "properties": { "basisOfRecord": "HumanObservation", "date_year": 2023, "decimalLatitude": 63.4026175, "decimalLongitude": -19.131128055000001, "eventDate": "2023-07-23T18:40:00+00:00", "individualCount": null, "scientificName": "Fratercula arctica", "id": "857627ef-7278-464b-99b2-628605106b5c", "especie_normalizada": "Fratercula arctica", "decada": 2020, "traffic_at_point": 0.0011651238892227411, "traffic_buffer_mean": 0.97013711929321289 }, "geometry": { "type": "Point", "coordinates": [ 2907308.364701058249921, 4777791.906971408985555 ] } },
{ "type": "Feature", "properties": { "basisOfRecord": "HumanObservation", "date_year": 2023, "decimalLatitude": 65.268485212200005, "decimalLongitude": -14.1963321716, "eventDate": "2023-06-12T11:07:35+00:00", "individualCount": null, "scientificName": "Fratercula arctica", "id": "85b3ac24-64c7-4f31-9d75-c9015634811e", "especie_normalizada": "Fratercula arctica", "decada": 2020, "traffic_at_point": null, "traffic_buffer_mean": 109.04029846191406 }, "geometry": { "type": "Point", "coordinates": [ 3210179.127364922314882, 4880173.638332914561033 ] } },
{ "type": "Feature", "properties": { "basisOfRecord": "HumanObservation", "date_year": 2023, "decimalLatitude": 64.92952405, "decimalLongitude": -18.9127397, "eventDate": "2023-11-30T19:53:09+00:00", "individualCount": null, "scientificName": "Fratercula arctica", "id": "864c23ea-a950-4a3a-991f-37b743a2fbc9", "especie_normalizada": "Fratercula arctica", "decada": 2020, "traffic_at_point": null, "traffic_buffer_mean": null }, "geometry": { "type": "Point", "coordinates": [ 2990957.515295966528356, 4928476.866183769889176 ] } },
{ "type": "Feature", "properties": { "basisOfRecord": "HumanObservation", "date_year": 2023, "decimalLatitude": 64.028114318799993, "decimalLongitude": -22.064868927, "eventDate": "2023-06-27T11:32:00+00:00", "individualCount": null, "scientificName": "Fratercula arctica", "id": "88726b29-fdcc-4754-9e9a-3309de352dfc", "especie_normalizada": "Fratercula arctica", "decada": 2020, "traffic_at_point": null, "traffic_buffer_mean": 94.444084167480469 }, "geometry": { "type": "Point", "coordinates": [ 2809659.580847261939198, 4902602.805942378006876 ] } },
{ "type": "Feature", "properties": { "basisOfRecord": "HumanObservation", "date_year": 2023, "decimalLatitude": 63.433746337899997, "decimalLongitude": -19.154703140300001, "eventDate": "2023-08-02T10:34:10+00:00", "individualCount": null, "scientificName": "Fratercula arctica", "id": "88b18aa7-b533-4c3c-8cba-29e233d7018c", "especie_normalizada": "Fratercula arctica", "decada": 2020, "traffic_at_point": null, "traffic_buffer_mean": 0.75223278999328613 }, "geometry": { "type": "Point", "coordinates": [ 2907751.666871577501297, 4781434.652941832318902 ] } },
{ "type": "Feature", "properties": { "basisOfRecord": "HumanObservation", "date_year": 2023, "decimalLatitude": 63.4415675, "decimalLongitude": -20.2767246, "eventDate": "2023-07-06T19:27:12+00:00", "individualCount": null, "scientificName": "Rissa tridactyla", "id": "88f691eb-71a7-4179-b5a5-ecd18f563a5a", "especie_normalizada": "Rissa tridactyla", "decada": 2020, "traffic_at_point": 4549.3740234375, "traffic_buffer_mean": 50.164989471435547 }, "geometry": { "type": "Point", "coordinates": [ 2857794.194658556953073, 4805460.188486511819065 ] } },
{ "type": "Feature", "properties": { "basisOfRecord": "HumanObservation", "date_year": 2023, "decimalLatitude": 63.402639721699998, "decimalLongitude": -19.131047221700001, "eventDate": "2023-07-23T18:39:00+00:00", "individualCount": null, "scientificName": "Fratercula arctica", "id": "88f8be92-9b08-4b65-a63a-08095dd223a4", "especie_normalizada": "Fratercula arctica", "decada": 2020, "traffic_at_point": 0.0011651238892227411, "traffic_buffer_mean": 0.97013711929321289 }, "geometry": { "type": "Point", "coordinates": [ 2907313.08759922022, 4777792.520890792831779 ] } },
{ "type": "Feature", "properties": { "basisOfRecord": "HumanObservation", "date_year": 2023, "decimalLatitude": 65.529424176700005, "decimalLongitude": -24.565432812499999, "eventDate": "2023-07-02T17:42:00+00:00", "individualCount": null, "scientificName": "Fratercula arctica", "id": "898b0b47-220c-4592-991a-207d4b6cc8bd", "especie_normalizada": "Fratercula arctica", "decada": 2020, "traffic_at_point": 1.7520314455032349, "traffic_buffer_mean": 0.80273216962814331 }, "geometry": { "type": "Point", "coordinates": [ 2789270.459509106352925, 5105490.079964825883508 ] } },
{ "type": "Feature", "properties": { "basisOfRecord": "HumanObservation", "date_year": 2023, "decimalLatitude": 58.670670923199999, "decimalLongitude": -3.3776352413000001, "eventDate": "2023-06-04T09:01:00+01:00", "individualCount": null, "scientificName": "Fratercula arctica", "id": "8b60e0b0-215d-4bda-86b7-fdaae10f65c9", "especie_normalizada": "Fratercula arctica", "decada": 2020, "traffic_at_point": 0.016937430948019028, "traffic_buffer_mean": 2.544713020324707 }, "geometry": { "type": "Point", "coordinates": [ 3548722.732816961593926, 4024993.908315132372081 ] } },
{ "type": "Feature", "properties": { "basisOfRecord": "HumanObservation", "date_year": 2023, "decimalLatitude": 63.402121085799998, "decimalLongitude": -19.1316471797, "eventDate": "2023-08-07T10:19:00+00:00", "individualCount": null, "scientificName": "Fratercula arctica", "id": "8b874ed9-0d77-4880-85df-16738d14fdd9", "especie_normalizada": "Fratercula arctica", "decada": 2020, "traffic_at_point": 0.0011651238892227411, "traffic_buffer_mean": 0.97013711929321289 }, "geometry": { "type": "Point", "coordinates": [ 2907260.923491579946131, 4777752.018609817139804 ] } },
{ "type": "Feature", "properties": { "basisOfRecord": "HumanObservation", "date_year": 2023, "decimalLatitude": 64.784216100799995, "decimalLongitude": -17.208345450100001, "eventDate": "2023-08-01T15:06:00+00:00", "individualCount": null, "scientificName": "Rissa tridactyla", "id": "8c5f4639-c94c-43dc-a5dd-42af0e881197", "especie_normalizada": "Rissa tridactyla", "decada": 2020, "traffic_at_point": null, "traffic_buffer_mean": null }, "geometry": { "type": "Point", "coordinates": [ 3057693.734931729268283, 4881733.815108137205243 ] } },
{ "type": "Feature", "properties": { "basisOfRecord": "HumanObservation", "date_year": 2023, "decimalLatitude": 63.463808352199997, "decimalLongitude": -19.006848536500002, "eventDate": "2023-07-27T09:41:08+00:00", "individualCount": null, "scientificName": "Fratercula arctica", "id": "8ceda43d-8da7-48de-bc81-9f4f080a45be", "especie_normalizada": "Fratercula arctica", "decada": 2020, "traffic_at_point": null, "traffic_buffer_mean": 0.23444129526615143 }, "geometry": { "type": "Point", "coordinates": [ 2915868.474426210857928, 4781491.811165373772383 ] } },
{ "type": "Feature", "properties": { "basisOfRecord": "HumanObservation", "date_year": 2023, "decimalLatitude": 66.5423498, "decimalLongitude": -17.9961161, "eventDate": "2023-06-03T11:25:00+00:00", "individualCount": null, "scientificName": "Fratercula arctica", "id": "8d15c77c-df17-4e0f-9edc-60b3c0a0cc05", "especie_normalizada": "Fratercula arctica", "decada": 2020, "traffic_at_point": 0.61218941211700439, "traffic_buffer_mean": 14.879363059997559 }, "geometry": { "type": "Point", "coordinates": [ 3106847.73588202893734, 5075288.078988654538989 ] } },
{ "type": "Feature", "properties": { "basisOfRecord": "HumanObservation", "date_year": 2023, "decimalLatitude": 66.537630555000007, "decimalLongitude": -18.0106808333, "eventDate": "2023-07-20T13:33:00+00:00", "individualCount": null, "scientificName": "Fratercula arctica", "id": "8d4c7ff6-a95d-40b2-ab6d-8e0833795cd6", "especie_normalizada": "Fratercula arctica", "decada": 2020, "traffic_at_point": 0.61218941211700439, "traffic_buffer_mean": 14.761794090270996 }, "geometry": { "type": "Point", "coordinates": [ 3106032.54282730165869, 5075065.496816946193576 ] } },
{ "type": "Feature", "properties": { "basisOfRecord": "HumanObservation", "date_year": 2023, "decimalLatitude": 64.931119389100004, "decimalLongitude": -24.0130216429, "eventDate": "2023-05-31T14:34:00+00:00", "individualCount": null, "scientificName": "Rissa tridactyla", "id": "8dba37e8-805d-4144-bec2-da6b93b1411e", "especie_normalizada": "Rissa tridactyla", "decada": 2020, "traffic_at_point": 12.664437294006348, "traffic_buffer_mean": 33.463191986083984 }, "geometry": { "type": "Point", "coordinates": [ 2777380.499367588199675, 5034802.423888817429543 ] } },
{ "type": "Feature", "properties": { "basisOfRecord": "HumanObservation", "date_year": 2023, "decimalLatitude": 65.542569, "decimalLongitude": -13.755936, "eventDate": "2023-08-11T08:03:00+00:00", "individualCount": null, "scientificName": "Rissa tridactyla", "id": "8dc90ae5-efd6-459a-a88f-b4b370c4575b", "especie_normalizada": "Rissa tridactyla", "decada": 2020, "traffic_at_point": 3972.853759765625, "traffic_buffer_mean": 16.466697692871094 }, "geometry": { "type": "Point", "coordinates": [ 3240525.548683868721128, 4901772.099749011918902 ] } },
{ "type": "Feature", "properties": { "basisOfRecord": "HumanObservation", "date_year": 2023, "decimalLatitude": 59.975346190099998, "decimalLongitude": -1.3451234568, "eventDate": "2023-06-14T16:54:43+01:00", "individualCount": null, "scientificName": "Fratercula arctica", "id": "8eaa7f1e-3c55-4ea5-b05a-2698a4f86108", "especie_normalizada": "Fratercula arctica", "decada": 2020, "traffic_at_point": 7.3364338874816895, "traffic_buffer_mean": 2.1011130809783936 }, "geometry": { "type": "Point", "coordinates": [ 3689017.09553082799539, 4147892.217711702920496 ] } },
{ "type": "Feature", "properties": { "basisOfRecord": "HumanObservation", "date_year": 2023, "decimalLatitude": 62.361908276999998, "decimalLongitude": -6.7860282831000003, "eventDate": "2023-07-17T12:02:00+01:00", "individualCount": null, "scientificName": "Rissa tridactyla", "id": "8f68edec-d08c-4f82-98da-2b0f8de531f2", "especie_normalizada": "Rissa tridactyla", "decada": 2020, "traffic_at_point": 0.37434518337249756, "traffic_buffer_mean": 3.8348250389099121 }, "geometry": { "type": "Point", "coordinates": [ 3457918.534210749901831, 4465898.84736237116158 ] } },
{ "type": "Feature", "properties": { "basisOfRecord": "HumanObservation", "date_year": 2023, "decimalLatitude": 65.388061415300001, "decimalLongitude": -22.953454845100001, "eventDate": "2023-06-22T12:49:00+00:00", "individualCount": null, "scientificName": "Fratercula arctica", "id": "8fce1356-e1ea-41d7-874e-eb73cb98ebad", "especie_normalizada": "Fratercula arctica", "decada": 2020, "traffic_at_point": 0.25310042500495911, "traffic_buffer_mean": 1.3930848836898804 }, "geometry": { "type": "Point", "coordinates": [ 2846143.148135346360505, 5056457.955799018032849 ] } },
{ "type": "Feature", "properties": { "basisOfRecord": "HumanObservation", "date_year": 2023, "decimalLatitude": 65.496683055000005, "decimalLongitude": -24.515105833300002, "eventDate": "2023-07-16T14:11:00+00:00", "individualCount": null, "scientificName": "Fratercula arctica", "id": "90940268-b426-4d0b-a265-52ab91dfbad3", "especie_normalizada": "Fratercula arctica", "decada": 2020, "traffic_at_point": 0.21914801001548767, "traffic_buffer_mean": 0.77430993318557739 }, "geometry": { "type": "Point", "coordinates": [ 2789387.900987259112298, 5101185.590043153613806 ] } },
{ "type": "Feature", "properties": { "basisOfRecord": "HumanObservation", "date_year": 2023, "decimalLatitude": 58.640737492200003, "decimalLongitude": -3.0265838653000001, "eventDate": "2023-05-26", "individualCount": null, "scientificName": "Fratercula arctica", "id": "90f6ca94-0440-4d2f-a19a-3493964a884d", "especie_normalizada": "Fratercula arctica", "decada": 2020, "traffic_at_point": 2.3191490173339844, "traffic_buffer_mean": 2.3909022808074951 }, "geometry": { "type": "Point", "coordinates": [ 3568084.941196846775711, 4017953.569974076002836 ] } },
{ "type": "Feature", "properties": { "basisOfRecord": "HumanObservation", "date_year": 2023, "decimalLatitude": 64.145877287100006, "decimalLongitude": -21.9252517123, "eventDate": "2023-06-01T13:15:35+00:00", "individualCount": null, "scientificName": "Fratercula arctica", "id": "90f9e33c-313c-44d1-9b1d-34d186114857", "especie_normalizada": "Fratercula arctica", "decada": 2020, "traffic_at_point": 3365.009765625, "traffic_buffer_mean": 160.023681640625 }, "geometry": { "type": "Point", "coordinates": [ 2821922.497538404073566, 4911289.103085640817881 ] } },
{ "type": "Feature", "properties": { "basisOfRecord": "HumanObservation", "date_year": 2023, "decimalLatitude": 64.861847539500005, "decimalLongitude": -24.038339733600001, "eventDate": "2023-05-31T18:00:00+00:00", "individualCount": null, "scientificName": "Rissa tridactyla", "id": "9150c53b-e324-4b9e-900b-d94d34c210e1", "especie_normalizada": "Rissa tridactyla", "decada": 2020, "traffic_at_point": 0.48489275574684143, "traffic_buffer_mean": 2.7154572010040283 }, "geometry": { "type": "Point", "coordinates": [ 2772421.351927209179848, 5028592.994553336873651 ] } },
{ "type": "Feature", "properties": { "basisOfRecord": "HumanObservation", "date_year": 2023, "decimalLatitude": 66.1, "decimalLongitude": -17.5, "eventDate": "2023-06-11T11:00", "individualCount": 1.0, "scientificName": "Balaenoptera musculus", "id": "92726059-8694-4bda-800b-9774e9800dc3", "especie_normalizada": "Balaenoptera musculus", "decada": 2020, "traffic_at_point": 5.0651545524597168, "traffic_buffer_mean": 42.224342346191406 }, "geometry": { "type": "Point", "coordinates": [ 3106243.828814361710101, 5021513.814282901585102 ] } },
{ "type": "Feature", "properties": { "basisOfRecord": "HumanObservation", "date_year": 2023, "decimalLatitude": 63.422277477199998, "decimalLongitude": -19.014431564599999, "eventDate": "2023-08-15T14:02:42+00:00", "individualCount": null, "scientificName": "Fratercula arctica", "id": "93817b51-9e39-4e2e-862c-6a726eb95994", "especie_normalizada": "Fratercula arctica", "decada": 2020, "traffic_at_point": 0.0, "traffic_buffer_mean": 0.71236038208007812 }, "geometry": { "type": "Point", "coordinates": [ 2913524.670943877194077, 4777421.822559369727969 ] } },
{ "type": "Feature", "properties": { "basisOfRecord": "HumanObservation", "date_year": 2023, "decimalLatitude": 62.110687499699999, "decimalLongitude": -7.4432808, "eventDate": "2023-07-20T15:52:49+01:00", "individualCount": null, "scientificName": "Fratercula arctica", "id": "94c19b9e-d60f-477c-b705-cc8b1234c89d", "especie_normalizada": "Fratercula arctica", "decada": 2020, "traffic_at_point": 0.36710891127586365, "traffic_buffer_mean": 15.596187591552734 }, "geometry": { "type": "Point", "coordinates": [ 3417608.445037643425167, 4447078.400371668860316 ] } },
{ "type": "Feature", "properties": { "basisOfRecord": "HumanObservation", "date_year": 2023, "decimalLatitude": 63.404395042700003, "decimalLongitude": -19.102928745700002, "eventDate": "2023-08-07T12:21:00+00:00", "individualCount": null, "scientificName": "Fratercula arctica", "id": "94cd9ddd-f4b7-4878-82d9-6604bfd3a3ed", "especie_normalizada": "Fratercula arctica", "decada": 2020, "traffic_at_point": 0.0063093360513448715, "traffic_buffer_mean": 0.90702712535858154 }, "geometry": { "type": "Point", "coordinates": [ 2908667.031934534199536, 4777399.180944137275219 ] } },
{ "type": "Feature", "properties": { "basisOfRecord": "HumanObservation", "date_year": 2023, "decimalLatitude": 63.422040521299998, "decimalLongitude": -20.288368577699998, "eventDate": "2023-07-24T14:06:00+00:00", "individualCount": null, "scientificName": "Fratercula arctica", "id": "9522aed5-0a09-4358-b362-a077e649feb7", "especie_normalizada": "Fratercula arctica", "decada": 2020, "traffic_at_point": 0.59563851356506348, "traffic_buffer_mean": 49.776763916015625 }, "geometry": { "type": "Point", "coordinates": [ 2856293.947418693453074, 4803735.886271057650447 ] } },
{ "type": "Feature", "properties": { "basisOfRecord": "HumanObservation", "date_year": 2023, "decimalLatitude": 58.520302816300003, "decimalLongitude": 5.7767508797999998, "eventDate": "2023-02-08T15:15:00+01:00", "individualCount": null, "scientificName": "Fratercula arctica", "id": "96eec6d6-68ac-4ce4-9868-0fd4e2207a31", "especie_normalizada": "Fratercula arctica", "decada": 2020, "traffic_at_point": 0.27122071385383606, "traffic_buffer_mean": 7.2008419036865234 }, "geometry": { "type": "Point", "coordinates": [ 4074639.337970308959484, 3942754.556543706916273 ] } },
{ "type": "Feature", "properties": { "basisOfRecord": "HumanObservation", "date_year": 2023, "decimalLatitude": 62.413855665699998, "decimalLongitude": 5.7787691127, "eventDate": "2023-05-30T12:02:00+02:00", "individualCount": null, "scientificName": "Fratercula arctica", "id": "97b9fcb8-3e04-48c7-adcc-9abca5cb9a9e", "especie_normalizada": "Fratercula arctica", "decada": 2020, "traffic_at_point": 2.8890674114227295, "traffic_buffer_mean": 74.707557678222656 }, "geometry": { "type": "Point", "coordinates": [ 4102028.424425234086812, 4374570.123917812481523 ] } },
{ "type": "Feature", "properties": { "basisOfRecord": "HumanObservation", "date_year": 2023, "decimalLatitude": 63.403485287099997, "decimalLongitude": -20.287944879600001, "eventDate": "2023-05-31T09:59:00+00:00", "individualCount": null, "scientificName": "Fratercula arctica", "id": "9814f95b-4cd3-49ba-81cc-fbc9bf8f3862", "especie_normalizada": "Fratercula arctica", "decada": 2020, "traffic_at_point": 1.1813567876815796, "traffic_buffer_mean": 49.523628234863281 }, "geometry": { "type": "Point", "coordinates": [ 2855381.583512322977185, 4801855.147976303473115 ] } },
{ "type": "Feature", "properties": { "basisOfRecord": "HumanObservation", "date_year": 2023, "decimalLatitude": 64.768333567300004, "decimalLongitude": -23.6181334513, "eventDate": "2023-06-02T13:09:24+00:00", "individualCount": null, "scientificName": "Rissa tridactyla", "id": "9a631a30-d2f8-4bca-bd06-4e51ab4bc292", "especie_normalizada": "Rissa tridactyla", "decada": 2020, "traffic_at_point": 1520.0830078125, "traffic_buffer_mean": 9.0292415618896484 }, "geometry": { "type": "Point", "coordinates": [ 2784471.239833259023726, 5010031.35131607670337 ] } },
{ "type": "Feature", "properties": { "basisOfRecord": "HumanObservation", "date_year": 2023, "decimalLatitude": 66.091743501600007, "decimalLongitude": -17.568244291599999, "eventDate": "2023-10-01T10:23:00+00:00", "individualCount": null, "scientificName": "Rissa tridactyla", "id": "9afd9d1d-2e14-49f9-b244-0bc1f422130c", "especie_normalizada": "Rissa tridactyla", "decada": 2020, "traffic_at_point": 7.0764131546020508, "traffic_buffer_mean": 41.447998046875 }, "geometry": { "type": "Point", "coordinates": [ 3103034.726154066156596, 5021874.968303038738668 ] } },
{ "type": "Feature", "properties": { "basisOfRecord": "HumanObservation", "date_year": 2023, "decimalLatitude": 66.248807, "decimalLongitude": -17.475959, "eventDate": "2023-06-02T12:26:19", "individualCount": 1.0, "scientificName": "Balaenoptera musculus", "id": "9b58eefb-e1ce-408f-ba28-1e7160c82d3d", "especie_normalizada": "Balaenoptera musculus", "decada": 2020, "traffic_at_point": 0.12718240916728973, "traffic_buffer_mean": 0.15775381028652191 }, "geometry": { "type": "Point", "coordinates": [ 3114198.500757335685194, 5036270.658198970369995 ] } },
{ "type": "Feature", "properties": { "basisOfRecord": "HumanObservation", "date_year": 2023, "decimalLatitude": 66.161326, "decimalLongitude": -17.443542, "eventDate": "2023-06-16T11:04:53", "individualCount": 1.0, "scientificName": "Balaenoptera musculus", "id": "9c0f6ca2-2925-4b3d-87a7-a6468b89cab8", "especie_normalizada": "Balaenoptera musculus", "decada": 2020, "traffic_at_point": 0.83783578872680664, "traffic_buffer_mean": 1.9960116147994995 }, "geometry": { "type": "Point", "coordinates": [ 3111443.704781863372773, 5026778.482830974273384 ] } },
{ "type": "Feature", "properties": { "basisOfRecord": "HumanObservation", "date_year": 2023, "decimalLatitude": 66.530548057499999, "decimalLongitude": -17.992218174000001, "eventDate": "2023-06-21T15:35:00+00:00", "individualCount": null, "scientificName": "Fratercula arctica", "id": "9c455830-0fad-4d41-8568-6e06154dc78d", "especie_normalizada": "Fratercula arctica", "decada": 2020, "traffic_at_point": 1.5105878114700317, "traffic_buffer_mean": 14.686249732971191 }, "geometry": { "type": "Point", "coordinates": [ 3106442.159038409590721, 5074020.360472988337278 ] } },
{ "type": "Feature", "properties": { "basisOfRecord": "HumanObservation", "date_year": 2023, "decimalLatitude": 63.445133082399998, "decimalLongitude": -20.260290012199999, "eventDate": "2023-07-24T14:14:00+00:00", "individualCount": null, "scientificName": "Fratercula arctica", "id": "9c95b903-c7e9-47be-a242-8f81e23ec98b", "especie_normalizada": "Fratercula arctica", "decada": 2020, "traffic_at_point": 13177.1298828125, "traffic_buffer_mean": 50.428333282470703 }, "geometry": { "type": "Point", "coordinates": [ 2858707.087373258080333, 4805473.660219137556851 ] } },
{ "type": "Feature", "properties": { "basisOfRecord": "HumanObservation", "date_year": 2023, "decimalLatitude": 66.529374660200006, "decimalLongitude": -17.991570670800002, "eventDate": "2023-07-20T14:11:00+00:00", "individualCount": null, "scientificName": "Fratercula arctica", "id": "9cac131a-54e6-4fd2-8f22-d31f7b75e3d7", "especie_normalizada": "Fratercula arctica", "decada": 2020, "traffic_at_point": 4.0655827522277832, "traffic_buffer_mean": 14.686249732971191 }, "geometry": { "type": "Point", "coordinates": [ 3106412.377518741413951, 5073889.72804856300354 ] } },
{ "type": "Feature", "properties": { "basisOfRecord": "HumanObservation", "date_year": 2023, "decimalLatitude": 62.327752318500004, "decimalLongitude": -6.9405859406000001, "eventDate": "2023-07-13T13:25:00+01:00", "individualCount": null, "scientificName": "Fratercula arctica", "id": "9e132c53-c111-4718-88ce-154530948cd5", "especie_normalizada": "Fratercula arctica", "decada": 2020, "traffic_at_point": 0.83166605234146118, "traffic_buffer_mean": 6.4185199737548828 }, "geometry": { "type": "Point", "coordinates": [ 3449185.143818538635969, 4464123.633551367558539 ] } },
{ "type": "Feature", "properties": { "basisOfRecord": "HumanObservation", "date_year": 2023, "decimalLatitude": 66.075622, "decimalLongitude": -19.253943, "eventDate": "2023-06-11T12:03:00+00:00", "individualCount": null, "scientificName": "Rissa tridactyla", "id": "9f73e4a6-4272-4f67-ab7d-3dfae1cadf95", "especie_normalizada": "Rissa tridactyla", "decada": 2020, "traffic_at_point": 0.0, "traffic_buffer_mean": 0.10196305811405182 }, "geometry": { "type": "Point", "coordinates": [ 3032969.770971341058612, 5050872.403470259159803 ] } },
{ "type": "Feature", "properties": { "basisOfRecord": "HumanObservation", "date_year": 2023, "decimalLatitude": 63.884746159700001, "decimalLongitude": -22.740402415399998, "eventDate": "2023-06-10T11:33:00+00:00", "individualCount": null, "scientificName": "Rissa tridactyla", "id": "9f773881-072f-4b76-8425-e685c90c99d6", "especie_normalizada": "Rissa tridactyla", "decada": 2020, "traffic_at_point": 2.7206640243530273, "traffic_buffer_mean": 2.8956844806671143 }, "geometry": { "type": "Point", "coordinates": [ 2772864.513961781747639, 4903295.6608283855021 ] } },
{ "type": "Feature", "properties": { "basisOfRecord": "HumanObservation", "date_year": 2023, "decimalLatitude": 66.313630507599996, "decimalLongitude": 12.286708496499999, "eventDate": "2023-07-14T09:51:00+02:00", "individualCount": null, "scientificName": "Fratercula arctica", "id": "9f7d628d-c272-4214-b042-0bd8be819072", "especie_normalizada": "Fratercula arctica", "decada": 2020, "traffic_at_point": 0.19856080412864685, "traffic_buffer_mean": 22.082130432128906 }, "geometry": { "type": "Point", "coordinates": [ 4424362.364621832966805, 4801806.796259723603725 ] } },
{ "type": "Feature", "properties": { "basisOfRecord": "HumanObservation", "date_year": 2023, "decimalLatitude": 63.403671416900004, "decimalLongitude": -19.1307114353, "eventDate": "2023-07-16T08:59:41+00:00", "individualCount": null, "scientificName": "Fratercula arctica", "id": "9fe64026-5f0b-4ac5-ad1c-c6ed53f0e469", "especie_normalizada": "Fratercula arctica", "decada": 2020, "traffic_at_point": 0.0011651238892227411, "traffic_buffer_mean": 0.97013711929321289 }, "geometry": { "type": "Point", "coordinates": [ 2907378.147226078435779, 4777890.538637271150947 ] } },
{ "type": "Feature", "properties": { "basisOfRecord": "HumanObservation", "date_year": 2023, "decimalLatitude": 64.17776205, "decimalLongitude": -21.6943761, "eventDate": "2023-08-17T12:18:33+00:00", "individualCount": null, "scientificName": "Fratercula arctica", "id": "a0196146-98ee-41f6-8eeb-8eaa55ba8c28", "especie_normalizada": "Fratercula arctica", "decada": 2020, "traffic_at_point": 0.0012662698281928897, "traffic_buffer_mean": 51.401565551757812 }, "geometry": { "type": "Point", "coordinates": [ 2833530.32339658588171, 4909485.189179811626673 ] } },
{ "type": "Feature", "properties": { "basisOfRecord": "HumanObservation", "date_year": 2023, "decimalLatitude": 58.946205555600002, "decimalLongitude": -3.3392694444000002, "eventDate": "2023-09-05T09:53:00+01:00", "individualCount": null, "scientificName": "Fratercula arctica", "id": "a06edf58-a0e5-410e-8f26-caeb0a685a93", "especie_normalizada": "Fratercula arctica", "decada": 2020, "traffic_at_point": 10.138518333435059, "traffic_buffer_mean": 32.849937438964844 }, "geometry": { "type": "Point", "coordinates": [ 3556888.270064756274223, 4054716.293804560322315 ] } },
{ "type": "Feature", "properties": { "basisOfRecord": "HumanObservation", "date_year": 2023, "decimalLatitude": 65.503882997100007, "decimalLongitude": -24.528535420499999, "eventDate": "2023-07-25T20:55:00+00:00", "individualCount": null, "scientificName": "Fratercula arctica", "id": "a254abe0-c3cd-4d05-b7fe-a97e02e85603", "especie_normalizada": "Fratercula arctica", "decada": 2020, "traffic_at_point": 0.48827061057090759, "traffic_buffer_mean": 0.77932804822921753 }, "geometry": { "type": "Point", "coordinates": [ 2789267.333299246616662, 5102184.875009966082871 ] } },
{ "type": "Feature", "properties": { "basisOfRecord": "HumanObservation", "date_year": 2023, "decimalLatitude": 64.7680555556, "decimalLongitude": -23.648055555599999, "eventDate": "2023-08-19T13:00:53+00:00", "individualCount": null, "scientificName": "Rissa tridactyla", "id": "a2987128-ee6a-4287-b5a4-1db77a27c456", "especie_normalizada": "Rissa tridactyla", "decada": 2020, "traffic_at_point": 0.16492851078510284, "traffic_buffer_mean": 9.4259424209594727 }, "geometry": { "type": "Point", "coordinates": [ 2783218.532981108874083, 5010670.650859548710287 ] } },
{ "type": "Feature", "properties": { "basisOfRecord": "HumanObservation", "date_year": 2023, "decimalLatitude": 57.6973328678, "decimalLongitude": 11.608590872900001, "eventDate": "2023-10-14T12:26:02+02:00", "individualCount": null, "scientificName": "Fratercula arctica", "id": "a2a3f4b3-bd7b-4cdc-a9fe-8963ffc51926", "especie_normalizada": "Fratercula arctica", "decada": 2020, "traffic_at_point": 3.2613418102264404, "traffic_buffer_mean": 169.90647888183594 }, "geometry": { "type": "Point", "coordinates": [ 4417041.463738196529448, 3845014.416496059857309 ] } },
{ "type": "Feature", "properties": { "basisOfRecord": "HumanObservation", "date_year": 2023, "decimalLatitude": 66.0476, "decimalLongitude": -22.8271, "eventDate": "2023-08-11T14:41:12+00:00", "individualCount": null, "scientificName": "Fratercula arctica", "id": "a3078ba9-d377-47ed-8f15-6615e8c3f41f", "especie_normalizada": "Fratercula arctica", "decada": 2020, "traffic_at_point": 3.8011436462402344, "traffic_buffer_mean": 31.220014572143555 }, "geometry": { "type": "Point", "coordinates": [ 2887621.36508556175977, 5118713.672768391668797 ] } },
{ "type": "Feature", "properties": { "basisOfRecord": "HumanObservation", "date_year": 2023, "decimalLatitude": 58.386525991500001, "decimalLongitude": -5.193526197, "eventDate": "2023-06-28T14:11:00+01:00", "individualCount": null, "scientificName": "Fratercula arctica", "id": "a3195e8a-67f0-44b5-a93e-7b3633930169", "especie_normalizada": "Fratercula arctica", "decada": 2020, "traffic_at_point": 0.25418603420257568, "traffic_buffer_mean": 0.73827987909317017 }, "geometry": { "type": "Point", "coordinates": [ 3438656.810114535503089, 4015106.404040218796581 ] } },
{ "type": "Feature", "properties": { "basisOfRecord": "HumanObservation", "date_year": 2023, "decimalLatitude": 65.282642408300006, "decimalLongitude": -13.9365387607, "eventDate": "2023-05-25T21:55:00+00:00", "individualCount": null, "scientificName": "Rissa tridactyla", "id": "a380af1f-3051-4a13-b837-a41ed7801492", "especie_normalizada": "Rissa tridactyla", "decada": 2020, "traffic_at_point": 5.7437934875488281, "traffic_buffer_mean": 12.790201187133789 }, "geometry": { "type": "Point", "coordinates": [ 3222110.983489345759153, 4877506.151135347783566 ] } },
{ "type": "Feature", "properties": { "basisOfRecord": "HumanObservation", "date_year": 2023, "decimalLatitude": 65.542170364900002, "decimalLongitude": -13.7545709524, "eventDate": "2023-07-15T18:32:49+00:00", "individualCount": null, "scientificName": "Fratercula arctica", "id": "a4263e56-b950-4cb8-9086-47be8560890f", "especie_normalizada": "Fratercula arctica", "decada": 2020, "traffic_at_point": 3972.853759765625, "traffic_buffer_mean": 16.466697692871094 }, "geometry": { "type": "Point", "coordinates": [ 3240568.577285097911954, 4901709.217468504793942 ] } },
{ "type": "Feature", "properties": { "basisOfRecord": "HumanObservation", "date_year": 2023, "decimalLatitude": 64.915762816300003, "decimalLongitude": -13.743269853299999, "eventDate": "2023-05-24", "individualCount": null, "scientificName": "Fratercula arctica", "id": "a4c0902a-ddc6-466b-add4-bb496587e7a7", "especie_normalizada": "Fratercula arctica", "decada": 2020, "traffic_at_point": 0.052774727344512939, "traffic_buffer_mean": 1.8139543533325195 }, "geometry": { "type": "Point", "coordinates": [ 3215771.309199300594628, 4836148.69477416947484 ] } },
{ "type": "Feature", "properties": { "basisOfRecord": "HumanObservation", "date_year": 2023, "decimalLatitude": 57.158480555600001, "decimalLongitude": 9.0246805555999998, "eventDate": "2023-06-05T08:23:00+02:00", "individualCount": null, "scientificName": "Rissa tridactyla", "id": "a51e929f-cb57-4a0b-bee1-967836c3623b", "especie_normalizada": "Rissa tridactyla", "decada": 2020, "traffic_at_point": 0.056749425828456879, "traffic_buffer_mean": 5.8431491851806641 }, "geometry": { "type": "Point", "coordinates": [ 4261916.373309120535851, 3784399.124315670691431 ] } },
{ "type": "Feature", "properties": { "basisOfRecord": "HumanObservation", "date_year": 2023, "decimalLatitude": 65.501241666699997, "decimalLongitude": -24.529375, "eventDate": "2023-06-25T00:17:32+00:00", "individualCount": null, "scientificName": "Fratercula arctica", "id": "a5204cd2-8687-43e2-a923-2e299319630e", "especie_normalizada": "Fratercula arctica", "decada": 2020, "traffic_at_point": 0.21914801001548767, "traffic_buffer_mean": 0.77430993318557739 }, "geometry": { "type": "Point", "coordinates": [ 2789081.60855916980654, 5101946.656156743876636 ] } },
{ "type": "Feature", "properties": { "basisOfRecord": "HumanObservation", "date_year": 2023, "decimalLatitude": 62.008723613000001, "decimalLongitude": -6.6715838301000003, "eventDate": "2023-06-25T12:32:00+01:00", "individualCount": null, "scientificName": "Fratercula arctica", "id": "a71cf405-cb44-4a12-a8b8-21101cbbce67", "especie_normalizada": "Fratercula arctica", "decada": 2020, "traffic_at_point": 211.46539306640625, "traffic_buffer_mean": 84.937080383300781 }, "geometry": { "type": "Point", "coordinates": [ 3453824.432426179759204, 4426349.18087890278548 ] } },
{ "type": "Feature", "properties": { "basisOfRecord": "HumanObservation", "date_year": 2023, "decimalLatitude": 61.314871012099999, "decimalLongitude": -1.5550655331000001, "eventDate": "2023-10-05T09:04:00+00:00", "individualCount": null, "scientificName": "Rissa tridactyla", "id": "a7606f10-454a-49a9-a6a1-244a7cef67cd", "especie_normalizada": "Rissa tridactyla", "decada": 2020, "traffic_at_point": 0.12517455220222473, "traffic_buffer_mean": 0.14306648075580597 }, "geometry": { "type": "Point", "coordinates": [ 3703085.651864413637668, 4296718.614145072177052 ] } },
{ "type": "Feature", "properties": { "basisOfRecord": "HumanObservation", "date_year": 2023, "decimalLatitude": 63.446121729799998, "decimalLongitude": -20.2547649445, "eventDate": "2023-07-24T14:16:00+00:00", "individualCount": null, "scientificName": "Fratercula arctica", "id": "a8098caf-c3a8-43dd-98ff-784e6e03e6b7", "especie_normalizada": "Fratercula arctica", "decada": 2020, "traffic_at_point": 99.296722412109375, "traffic_buffer_mean": 50.878551483154297 }, "geometry": { "type": "Point", "coordinates": [ 2859003.436044665984809, 4805457.053668522275984 ] } },
{ "type": "Feature", "properties": { "basisOfRecord": "HumanObservation", "date_year": 2023, "decimalLatitude": 63.401786666699998, "decimalLongitude": -19.1230111667, "eventDate": "2023-07-06T04:25:02+00:00", "individualCount": null, "scientificName": "Fratercula arctica", "id": "a879dddb-ac0f-43b8-9b61-09fc621b9f77", "especie_normalizada": "Fratercula arctica", "decada": 2020, "traffic_at_point": 0.0011651238892227411, "traffic_buffer_mean": 0.97013711929321289 }, "geometry": { "type": "Point", "coordinates": [ 2907634.50846768822521, 4777542.364405445754528 ] } },
{ "type": "Feature", "properties": { "basisOfRecord": "HumanObservation", "date_year": 2023, "decimalLatitude": 62.327331543, "decimalLongitude": -6.941716671, "eventDate": "2023-08-01T18:10:11+01:00", "individualCount": null, "scientificName": "Fratercula arctica", "id": "a8a0b21c-24d1-4b2e-a39b-7661a42f832c", "especie_normalizada": "Fratercula arctica", "decada": 2020, "traffic_at_point": 0.83166605234146118, "traffic_buffer_mean": 8.4569358825683594 }, "geometry": { "type": "Point", "coordinates": [ 3449116.360149021726102, 4464092.285187654197216 ] } },
{ "type": "Feature", "properties": { "basisOfRecord": "HumanObservation", "date_year": 2023, "decimalLatitude": 63.4035, "decimalLongitude": -20.2871, "eventDate": "2023-07-27T16:42:11+00:00", "individualCount": null, "scientificName": "Fratercula arctica", "id": "a8bb8f0a-3e47-4b87-9ab6-eba975d6c3e7", "especie_normalizada": "Fratercula arctica", "decada": 2020, "traffic_at_point": 1.1813567876815796, "traffic_buffer_mean": 49.523628234863281 }, "geometry": { "type": "Point", "coordinates": [ 2855420.102563442662358, 4801838.800083254463971 ] } },
{ "type": "Feature", "properties": { "basisOfRecord": "HumanObservation", "date_year": 2023, "decimalLatitude": 66.537613054999994, "decimalLongitude": -18.010483333300002, "eventDate": "2023-07-20T13:20:00+00:00", "individualCount": null, "scientificName": "Fratercula arctica", "id": "a90800dc-b146-4694-a801-d2c6cff8d084", "especie_normalizada": "Fratercula arctica", "decada": 2020, "traffic_at_point": 0.61218941211700439, "traffic_buffer_mean": 14.761794090270996 }, "geometry": { "type": "Point", "coordinates": [ 3106039.704978066962212, 5075060.235213648527861 ] } },
{ "type": "Feature", "properties": { "basisOfRecord": "HumanObservation", "date_year": 2023, "decimalLatitude": 65.500799444999998, "decimalLongitude": -24.528046945, "eventDate": "2023-07-16T13:36:00+00:00", "individualCount": null, "scientificName": "Fratercula arctica", "id": "a9511653-b10d-4fc5-8b81-5a66280c2b38", "especie_normalizada": "Fratercula arctica", "decada": 2020, "traffic_at_point": 0.21914801001548767, "traffic_buffer_mean": 0.77430993318557739 }, "geometry": { "type": "Point", "coordinates": [ 2789109.069247802719474, 5101874.076507780700922 ] } },
{ "type": "Feature", "properties": { "basisOfRecord": "HumanObservation", "date_year": 2023, "decimalLatitude": 66.531694094100004, "decimalLongitude": -17.994813546500001, "eventDate": "2023-06-21T15:30:13+00:00", "individualCount": null, "scientificName": "Fratercula arctica", "id": "a9ef9b3a-35eb-44b2-8162-636a85cdc822", "especie_normalizada": "Fratercula arctica", "decada": 2020, "traffic_at_point": 1.5105878114700317, "traffic_buffer_mean": 14.761794090270996 }, "geometry": { "type": "Point", "coordinates": [ 3106391.726136978715658, 5074182.56022666208446 ] } },
{ "type": "Feature", "properties": { "basisOfRecord": "HumanObservation", "date_year": 2023, "decimalLatitude": 62.327860765099999, "decimalLongitude": -6.940713685, "eventDate": "2023-07-13T13:34:00+01:00", "individualCount": null, "scientificName": "Fratercula arctica", "id": "aa9f5fd6-b039-4aab-a41e-a04d3b664dc3", "especie_normalizada": "Fratercula arctica", "decada": 2020, "traffic_at_point": 0.83166605234146118, "traffic_buffer_mean": 6.4185199737548828 }, "geometry": { "type": "Point", "coordinates": [ 3449181.796310150995851, 4464136.921419122256339 ] } },
{ "type": "Feature", "properties": { "basisOfRecord": "HumanObservation", "date_year": 2023, "decimalLatitude": 67.831052522500002, "decimalLongitude": 13.175199581799999, "eventDate": "2023-06-11T11:42:01+02:00", "individualCount": null, "scientificName": "Rissa tridactyla", "id": "ab5d7db5-14c3-4ced-8769-74f1cabbbe38", "especie_normalizada": "Rissa tridactyla", "decada": 2020, "traffic_at_point": 14.690083503723145, "traffic_buffer_mean": 36.775424957275391 }, "geometry": { "type": "Point", "coordinates": [ 4456030.803925171494484, 4970922.909515600651503 ] } },
{ "type": "Feature", "properties": { "basisOfRecord": "HumanObservation", "date_year": 2023, "decimalLatitude": 59.138259010200002, "decimalLongitude": -3.3310213306000001, "eventDate": "2023-06-04T14:32:46+01:00", "individualCount": null, "scientificName": "Fratercula arctica", "id": "ab903a08-7a3a-4880-8e64-6c5cd494d029", "especie_normalizada": "Fratercula arctica", "decada": 2020, "traffic_at_point": 1.4877269268035889, "traffic_buffer_mean": 0.58374440670013428 }, "geometry": { "type": "Point", "coordinates": [ 3561529.683260463178158, 4075631.802592596970499 ] } },
{ "type": "Feature", "properties": { "basisOfRecord": "HumanObservation", "date_year": 2023, "decimalLatitude": 63.445026695800003, "decimalLongitude": -20.261458328100002, "eventDate": "2023-07-24T14:41:00+00:00", "individualCount": null, "scientificName": "Fratercula arctica", "id": "abbd2f20-e48a-41d9-b24c-733a40c1a21b", "especie_normalizada": "Fratercula arctica", "decada": 2020, "traffic_at_point": 13177.1298828125, "traffic_buffer_mean": 50.428333282470703 }, "geometry": { "type": "Point", "coordinates": [ 2858649.571709812153131, 4805487.533314686268568 ] } },
{ "type": "Feature", "properties": { "basisOfRecord": "HumanObservation", "date_year": 2023, "decimalLatitude": 65.541990614699998, "decimalLongitude": -13.7543657515, "eventDate": "2023-06-19T11:35:59+00:00", "individualCount": null, "scientificName": "Fratercula arctica", "id": "ac2c6a67-4516-4a75-b7f4-6b2f36ddfc67", "especie_normalizada": "Fratercula arctica", "decada": 2020, "traffic_at_point": 3972.853759765625, "traffic_buffer_mean": 16.466697692871094 }, "geometry": { "type": "Point", "coordinates": [ 3240570.194298832677305, 4901687.265671622008085 ] } },
{ "type": "Feature", "properties": { "basisOfRecord": "HumanObservation", "date_year": 2023, "decimalLatitude": 64.91505, "decimalLongitude": -24.220017, "eventDate": "2023-05-14T21:50", "individualCount": 1.0, "scientificName": "Physeter macrocephalus", "id": "ac610127-ccf8-4198-adae-e36c82bd1c07", "especie_normalizada": "Physeter macrocephalus", "decada": 2020, "traffic_at_point": 0.68601983785629272, "traffic_buffer_mean": 1.6949973106384277 }, "geometry": { "type": "Point", "coordinates": [ 2767998.245025226846337, 5037880.031973831355572 ] } },
{ "type": "Feature", "properties": { "basisOfRecord": "HumanObservation", "date_year": 2023, "decimalLatitude": 62.500340264899997, "decimalLongitude": 5.666564848, "eventDate": "2023-05-30T12:11:00+02:00", "individualCount": null, "scientificName": "Fratercula arctica", "id": "ac7c43d8-5b1a-4a91-96c1-ca879690fe38", "especie_normalizada": "Fratercula arctica", "decada": 2020, "traffic_at_point": 3.776214599609375, "traffic_buffer_mean": 2.3324084281921387 }, "geometry": { "type": "Point", "coordinates": [ 4096849.526473835576326, 4384503.390569248236716 ] } },
{ "type": "Feature", "properties": { "basisOfRecord": "HumanObservation", "date_year": 2023, "decimalLatitude": 64.043734554899999, "decimalLongitude": -16.1791399968, "eventDate": "2023-02-24T16:53:45+00:00", "individualCount": null, "scientificName": "Rissa tridactyla", "id": "ac9dbc76-cd94-4514-9145-461b7d334c9c", "especie_normalizada": "Rissa tridactyla", "decada": 2020, "traffic_at_point": 0.0017587393522262573, "traffic_buffer_mean": 0.18859046697616577 }, "geometry": { "type": "Point", "coordinates": [ 3070083.118315029423684, 4786892.5137127796188 ] } },
{ "type": "Feature", "properties": { "basisOfRecord": "HumanObservation", "date_year": 2023, "decimalLatitude": 63.401541559000002, "decimalLongitude": -19.128431081799999, "eventDate": "2023-06-09T20:25:00+00:00", "individualCount": null, "scientificName": "Fratercula arctica", "id": "acb3c8ae-acfe-4881-9f53-cb1b3ca75663", "especie_normalizada": "Fratercula arctica", "decada": 2020, "traffic_at_point": 0.0011651238892227411, "traffic_buffer_mean": 0.97013711929321289 }, "geometry": { "type": "Point", "coordinates": [ 2907378.037432617507875, 4777627.69683835003525 ] } },
{ "type": "Feature", "properties": { "basisOfRecord": "HumanObservation", "date_year": 2023, "decimalLatitude": 63.4356027778, "decimalLongitude": -20.2857694444, "eventDate": "2023-07-09T10:10:08+00:00", "individualCount": null, "scientificName": "Fratercula arctica", "id": "acd18028-2ad5-4a14-b4b0-8fa7c10b74a4", "especie_normalizada": "Fratercula arctica", "decada": 2020, "traffic_at_point": 4549.3740234375, "traffic_buffer_mean": 50.135532379150391 }, "geometry": { "type": "Point", "coordinates": [ 2857090.837475509382784, 4805049.150261813774705 ] } },
{ "type": "Feature", "properties": { "basisOfRecord": "HumanObservation", "date_year": 2023, "decimalLatitude": 64.963051, "decimalLongitude": -19.020835, "eventDate": "2023-06-08T08:49:00+00:00", "individualCount": null, "scientificName": "Fratercula arctica", "id": "ace94613-c27c-4d04-8b17-15e688a475a8", "especie_normalizada": "Fratercula arctica", "decada": 2020, "traffic_at_point": null, "traffic_buffer_mean": null }, "geometry": { "type": "Point", "coordinates": [ 2987970.189150270074606, 4933956.062366544269025 ] } },
{ "type": "Feature", "properties": { "basisOfRecord": "HumanObservation", "date_year": 2023, "decimalLatitude": 63.438613363899997, "decimalLongitude": -20.301824012899999, "eventDate": "2023-07-24T19:34:00+00:00", "individualCount": null, "scientificName": "Rissa tridactyla", "id": "acebc69c-5c6e-4929-b0c8-3ec123b6a81a", "especie_normalizada": "Rissa tridactyla", "decada": 2020, "traffic_at_point": 5.9576635360717773, "traffic_buffer_mean": 49.853893280029297 }, "geometry": { "type": "Point", "coordinates": [ 2856524.961517201270908, 4805691.380472089163959 ] } },
{ "type": "Feature", "properties": { "basisOfRecord": "HumanObservation", "date_year": 2023, "decimalLatitude": 63.445026695800003, "decimalLongitude": -20.261458328100002, "eventDate": "2023-07-24T14:29:00+00:00", "individualCount": null, "scientificName": "Fratercula arctica", "id": "ad233410-987b-4313-b786-c75f90c00eb3", "especie_normalizada": "Fratercula arctica", "decada": 2020, "traffic_at_point": 13177.1298828125, "traffic_buffer_mean": 50.428333282470703 }, "geometry": { "type": "Point", "coordinates": [ 2858649.571709812153131, 4805487.533314686268568 ] } },
{ "type": "Feature", "properties": { "basisOfRecord": "HumanObservation", "date_year": 2023, "decimalLatitude": 64.176098718000006, "decimalLongitude": -21.8848326271, "eventDate": "2023-07-23T22:11:12+00:00", "individualCount": null, "scientificName": "Fratercula arctica", "id": "adcc08c0-8258-4ea3-adeb-7a85d3b72456", "especie_normalizada": "Fratercula arctica", "decada": 2020, "traffic_at_point": 16.685995101928711, "traffic_buffer_mean": 126.24374389648438 }, "geometry": { "type": "Point", "coordinates": [ 2825260.385927687399089, 4913424.188029632903636 ] } },
{ "type": "Feature", "properties": { "basisOfRecord": "HumanObservation", "date_year": 2023, "decimalLatitude": 62.533219414599998, "decimalLongitude": 5.7592809240999996, "eventDate": "2023-07-16T13:31:25+02:00", "individualCount": null, "scientificName": "Fratercula arctica", "id": "ae35409c-93cb-4f68-9a72-4db8e9bd5f89", "especie_normalizada": "Fratercula arctica", "decada": 2020, "traffic_at_point": 1.3006141185760498, "traffic_buffer_mean": 2.2341010570526123 }, "geometry": { "type": "Point", "coordinates": [ 4101874.024519159458578, 4387853.060986356809735 ] } },
{ "type": "Feature", "properties": { "basisOfRecord": "HumanObservation", "date_year": 2023, "decimalLatitude": 66.047516666700005, "decimalLongitude": -22.827055, "eventDate": "2023-07-24T11:34:35+00:00", "individualCount": null, "scientificName": "Fratercula arctica", "id": "aeb73501-76ef-431d-833f-00aab0950623", "especie_normalizada": "Fratercula arctica", "decada": 2020, "traffic_at_point": 3.8011436462402344, "traffic_buffer_mean": 31.220014572143555 }, "geometry": { "type": "Point", "coordinates": [ 2887618.546910813078284, 5118704.535813748836517 ] } },
{ "type": "Feature", "properties": { "basisOfRecord": "HumanObservation", "date_year": 2023, "decimalLatitude": 63.448009823900001, "decimalLongitude": -20.2477585621, "eventDate": "2023-05-29T13:50:00+00:00", "individualCount": null, "scientificName": "Rissa tridactyla", "id": "aecea04c-d09a-4a2e-933f-6bbac52c053b", "especie_normalizada": "Rissa tridactyla", "decada": 2020, "traffic_at_point": 99.296722412109375, "traffic_buffer_mean": 50.878551483154297 }, "geometry": { "type": "Point", "coordinates": [ 2859411.039102481212467, 4805500.039735006168485 ] } },
{ "type": "Feature", "properties": { "basisOfRecord": "HumanObservation", "date_year": 2023, "decimalLatitude": 66.532715752399994, "decimalLongitude": -17.9967240541, "eventDate": "2023-07-20T14:40:00+00:00", "individualCount": null, "scientificName": "Fratercula arctica", "id": "af4bd940-2a3a-4a79-aaa0-ecf9dc8c0156", "especie_normalizada": "Fratercula arctica", "decada": 2020, "traffic_at_point": 1.5105878114700317, "traffic_buffer_mean": 14.761794090270996 }, "geometry": { "type": "Point", "coordinates": [ 3106363.10981671186164, 5074320.046261072158813 ] } },
{ "type": "Feature", "properties": { "basisOfRecord": "HumanObservation", "date_year": 2023, "decimalLatitude": 59.8545598997, "decimalLongitude": -1.2745954997, "eventDate": "2023-07-16T12:09:42+01:00", "individualCount": null, "scientificName": "Fratercula arctica", "id": "af9bab4b-3bca-4282-b3b3-9e40649fe16d", "especie_normalizada": "Fratercula arctica", "decada": 2020, "traffic_at_point": 0.60414814949035645, "traffic_buffer_mean": 1.8420878648757935 }, "geometry": { "type": "Point", "coordinates": [ 3690664.986662540584803, 4134000.487990078050643 ] } },
{ "type": "Feature", "properties": { "basisOfRecord": "HumanObservation", "date_year": 2023, "decimalLatitude": 63.403929036599997, "decimalLongitude": -19.104022644499999, "eventDate": "2023-08-11T18:28:46+00:00", "individualCount": null, "scientificName": "Fratercula arctica", "id": "b13d8c32-3566-4e0c-8a15-ff945322b1a0", "especie_normalizada": "Fratercula arctica", "decada": 2020, "traffic_at_point": 0.0063093360513448715, "traffic_buffer_mean": 0.90702712535858154 }, "geometry": { "type": "Point", "coordinates": [ 2908595.13478577695787, 4777374.046372337266803 ] } },
{ "type": "Feature", "properties": { "basisOfRecord": "HumanObservation", "date_year": 2023, "decimalLatitude": 66.537667221700005, "decimalLongitude": -18.010714445000001, "eventDate": "2023-07-20T13:37:00+00:00", "individualCount": null, "scientificName": "Fratercula arctica", "id": "b1605d89-93df-4bb1-a1b3-bd8da4d80cc1", "especie_normalizada": "Fratercula arctica", "decada": 2020, "traffic_at_point": 0.61218941211700439, "traffic_buffer_mean": 14.761794090270996 }, "geometry": { "type": "Point", "coordinates": [ 3106032.933257164433599, 5075069.814470898360014 ] } },
{ "type": "Feature", "properties": { "basisOfRecord": "HumanObservation", "date_year": 2023, "decimalLatitude": 64.975674, "decimalLongitude": -24.088898, "eventDate": "2023-06-01T11:30:02", "individualCount": 1.0, "scientificName": "Physeter macrocephalus", "id": "b20811db-ed10-4f1f-ae94-8b37d8470dc4", "especie_normalizada": "Physeter macrocephalus", "decada": 2020, "traffic_at_point": 1.2754892110824585, "traffic_buffer_mean": 2.9497694969177246 }, "geometry": { "type": "Point", "coordinates": [ 2776802.142228993587196, 5040858.93490740749985 ] } },
{ "type": "Feature", "properties": { "basisOfRecord": "HumanObservation", "date_year": 2023, "decimalLatitude": 63.432218995900001, "decimalLongitude": -20.279301870499999, "eventDate": "2023-07-22T12:59:00+00:00", "individualCount": null, "scientificName": "Rissa tridactyla", "id": "b2e0816c-e54a-418e-8a93-3ee7b3b0f6f0", "especie_normalizada": "Rissa tridactyla", "decada": 2020, "traffic_at_point": 18.193933486938477, "traffic_buffer_mean": 50.135532379150391 }, "geometry": { "type": "Point", "coordinates": [ 2857209.919564598239958, 4804571.454616647213697 ] } },
{ "type": "Feature", "properties": { "basisOfRecord": "HumanObservation", "date_year": 2023, "decimalLatitude": 64.7676925, "decimalLongitude": -23.617309445, "eventDate": "2023-07-13T17:16:00+00:00", "individualCount": null, "scientificName": "Rissa tridactyla", "id": "b3136324-05d7-40fd-b824-2c0e90878edb", "especie_normalizada": "Rissa tridactyla", "decada": 2020, "traffic_at_point": 10.351204872131348, "traffic_buffer_mean": 9.0292415618896484 }, "geometry": { "type": "Point", "coordinates": [ 2784469.4639583514072, 5009950.063890671357512 ] } },
{ "type": "Feature", "properties": { "basisOfRecord": "HumanObservation", "date_year": 2023, "decimalLatitude": 65.188861711100003, "decimalLongitude": -14.0159925266, "eventDate": "2023-06-07T13:46:00+00:00", "individualCount": null, "scientificName": "Rissa tridactyla", "id": "b3fc1041-930d-467f-82c3-1d34b3344a74", "especie_normalizada": "Rissa tridactyla", "decada": 2020, "traffic_at_point": 0.0, "traffic_buffer_mean": 21.683053970336914 }, "geometry": { "type": "Point", "coordinates": [ 3214810.016195558011532, 4868993.254678376019001 ] } },
{ "type": "Feature", "properties": { "basisOfRecord": "HumanObservation", "date_year": 2023, "decimalLatitude": 64.0705324, "decimalLongitude": -22.6512494, "eventDate": "2023-06-15T17:54:00+00:00", "individualCount": null, "scientificName": "Rissa tridactyla", "id": "b46afff9-ba55-4095-a55f-8f146eeebd0f", "especie_normalizada": "Rissa tridactyla", "decada": 2020, "traffic_at_point": 1.8488099575042725, "traffic_buffer_mean": 53.773937225341797 }, "geometry": { "type": "Point", "coordinates": [ 2786754.4348568553105, 4919717.044317381456494 ] } },
{ "type": "Feature", "properties": { "basisOfRecord": "HumanObservation", "date_year": 2023, "decimalLatitude": 63.400233428200004, "decimalLongitude": -19.039910137700002, "eventDate": "2023-08-12T21:30:00+00:00", "individualCount": null, "scientificName": "Fratercula arctica", "id": "b57afa51-f76b-4d72-a8d2-3c971ba2abe6", "especie_normalizada": "Fratercula arctica", "decada": 2020, "traffic_at_point": 0.0040466929785907269, "traffic_buffer_mean": 0.98661595582962036 }, "geometry": { "type": "Point", "coordinates": [ 2911311.454781741369516, 4775696.561084788292646 ] } },
{ "type": "Feature", "properties": { "basisOfRecord": "HumanObservation", "date_year": 2023, "decimalLatitude": 59.3727331487, "decimalLongitude": -2.4190089375000001, "eventDate": "2023-07-29T10:29:00+01:00", "individualCount": null, "scientificName": "Rissa tridactyla", "id": "b59e7029-b56b-4e03-8f8c-e116b5e66857", "especie_normalizada": "Rissa tridactyla", "decada": 2020, "traffic_at_point": 0.0, "traffic_buffer_mean": 0.24691732227802277 }, "geometry": { "type": "Point", "coordinates": [ 3617602.630787073168904, 4091902.039310745894909 ] } },
{ "type": "Feature", "properties": { "basisOfRecord": "HumanObservation", "date_year": 2023, "decimalLatitude": 66.076667, "decimalLongitude": -17.55, "eventDate": "2023-05-13", "individualCount": 1.0, "scientificName": "Balaenoptera musculus", "id": "b5fa9baf-4fce-4096-b39a-6d2a90f55981", "especie_normalizada": "Balaenoptera musculus", "decada": 2020, "traffic_at_point": 9.6210622787475586, "traffic_buffer_mean": 42.368129730224609 }, "geometry": { "type": "Point", "coordinates": [ 3103082.743364371359348, 5020015.359634535387158 ] } },
{ "type": "Feature", "properties": { "basisOfRecord": "HumanObservation", "date_year": 2023, "decimalLatitude": 66.1, "decimalLongitude": -17.5, "eventDate": "2023-07-02T14:45:14", "individualCount": 1.0, "scientificName": "Balaenoptera musculus", "id": "b70334c0-2a61-4e98-8f8e-75c3d9bf6d3c", "especie_normalizada": "Balaenoptera musculus", "decada": 2020, "traffic_at_point": 5.0651545524597168, "traffic_buffer_mean": 42.224342346191406 }, "geometry": { "type": "Point", "coordinates": [ 3106243.828814361710101, 5021513.814282901585102 ] } },
{ "type": "Feature", "properties": { "basisOfRecord": "HumanObservation", "date_year": 2023, "decimalLatitude": 59.300294444400002, "decimalLongitude": -2.8651777778, "eventDate": "2023-09-08T13:01:00+01:00", "individualCount": null, "scientificName": "Fratercula arctica", "id": "b73feee8-fedc-4321-a64f-558fec9f2f2f", "especie_normalizada": "Fratercula arctica", "decada": 2020, "traffic_at_point": 9.9721517562866211, "traffic_buffer_mean": 6.5840954780578613 }, "geometry": { "type": "Point", "coordinates": [ 3591127.586343098431826, 4088473.800890075042844 ] } },
{ "type": "Feature", "properties": { "basisOfRecord": "HumanObservation", "date_year": 2023, "decimalLatitude": 64.7353973, "decimalLongitude": -23.775135, "eventDate": "2023-07-07T09:34:00+00:00", "individualCount": null, "scientificName": "Rissa tridactyla", "id": "b7ea6b0f-1f14-47cb-9ed4-ab6bc8e733c4", "especie_normalizada": "Rissa tridactyla", "decada": 2020, "traffic_at_point": 0.025411320850253105, "traffic_buffer_mean": 7.5023536682128906 }, "geometry": { "type": "Point", "coordinates": [ 2776134.136248837225139, 5010305.193304006010294 ] } },
{ "type": "Feature", "properties": { "basisOfRecord": "HumanObservation", "date_year": 2023, "decimalLatitude": 58.640383333300001, "decimalLongitude": -3.0270221667000001, "eventDate": "2023-07-05T20:39:14+01:00", "individualCount": null, "scientificName": "Fratercula arctica", "id": "b86ffc0a-cc0a-46f4-8e0b-f68b4c04cbb3", "especie_normalizada": "Fratercula arctica", "decada": 2020, "traffic_at_point": 2.3191490173339844, "traffic_buffer_mean": 2.3909022808074951 }, "geometry": { "type": "Point", "coordinates": [ 3568052.442575665190816, 4017919.437892761081457 ] } },
{ "type": "Feature", "properties": { "basisOfRecord": "HumanObservation", "date_year": 2023, "decimalLatitude": 66.5553767193, "decimalLongitude": -18.012317408299999, "eventDate": "2023-07-22T13:28:45+00:00", "individualCount": null, "scientificName": "Fratercula arctica", "id": "b905ab79-b64a-49ff-ad0e-a099134951a9", "especie_normalizada": "Fratercula arctica", "decada": 2020, "traffic_at_point": 1.8392084836959839, "traffic_buffer_mean": 14.99882698059082 }, "geometry": { "type": "Point", "coordinates": [ 3106814.119155286811292, 5076897.03265468776226 ] } },
{ "type": "Feature", "properties": { "basisOfRecord": "HumanObservation", "date_year": 2023, "decimalLatitude": 66.536229626700006, "decimalLongitude": -18.007680346000001, "eventDate": "2023-07-20T13:48:00+00:00", "individualCount": null, "scientificName": "Fratercula arctica", "id": "ba169249-5cad-4775-9f6e-a4804e51e97b", "especie_normalizada": "Fratercula arctica", "decada": 2020, "traffic_at_point": 1.5105878114700317, "traffic_buffer_mean": 14.761794090270996 }, "geometry": { "type": "Point", "coordinates": [ 3106087.138257632963359, 5074870.256343076936901 ] } },
{ "type": "Feature", "properties": { "basisOfRecord": "HumanObservation", "date_year": 2023, "decimalLatitude": 63.445026695800003, "decimalLongitude": -20.261458328100002, "eventDate": "2023-07-24T14:25:00+00:00", "individualCount": null, "scientificName": "Fratercula arctica", "id": "bac1e9d7-665c-4e42-a142-de261c025cb9", "especie_normalizada": "Fratercula arctica", "decada": 2020, "traffic_at_point": 13177.1298828125, "traffic_buffer_mean": 50.428333282470703 }, "geometry": { "type": "Point", "coordinates": [ 2858649.571709812153131, 4805487.533314686268568 ] } },
{ "type": "Feature", "properties": { "basisOfRecord": "HumanObservation", "date_year": 2023, "decimalLatitude": 67.908431839599999, "decimalLongitude": 13.0832486492, "eventDate": "2023-05-27T19:39:00+02:00", "individualCount": null, "scientificName": "Rissa tridactyla", "id": "bb39bd25-6a77-4670-a0fe-0657be1c2fe4", "especie_normalizada": "Rissa tridactyla", "decada": 2020, "traffic_at_point": 8.1403923034667969, "traffic_buffer_mean": 64.66162109375 }, "geometry": { "type": "Point", "coordinates": [ 4451701.738103471696377, 4979282.340001602657139 ] } },
{ "type": "Feature", "properties": { "basisOfRecord": "HumanObservation", "date_year": 2023, "decimalLatitude": 57.122441666699999, "decimalLongitude": 8.6024383333000003, "eventDate": "2023-01-19T12:56:24+01:00", "individualCount": null, "scientificName": "Rissa tridactyla", "id": "bd905298-7633-4975-9f57-479e06a9233a", "especie_normalizada": "Rissa tridactyla", "decada": 2020, "traffic_at_point": 24949.2265625, "traffic_buffer_mean": 108.57602691650391 }, "geometry": { "type": "Point", "coordinates": [ 4236259.625248022377491, 3780814.558390370570123 ] } },
{ "type": "Feature", "properties": { "basisOfRecord": "HumanObservation", "date_year": 2023, "decimalLatitude": 65.300360492899998, "decimalLongitude": -22.995065599699998, "eventDate": "2023-06-28T07:46:00+00:00", "individualCount": null, "scientificName": "Fratercula arctica", "id": "be3196d7-e242-403a-baa5-f19dc9e7de3e", "especie_normalizada": "Fratercula arctica", "decada": 2020, "traffic_at_point": 0.090143769979476929, "traffic_buffer_mean": 1.2850923538208008 }, "geometry": { "type": "Point", "coordinates": [ 2839610.833038267213851, 5048713.10280043259263 ] } },
{ "type": "Feature", "properties": { "basisOfRecord": "HumanObservation", "date_year": 2023, "decimalLatitude": 63.439121500699997, "decimalLongitude": -20.303408157700002, "eventDate": "2023-07-24T19:48:00+00:00", "individualCount": null, "scientificName": "Fratercula arctica", "id": "bf04604d-b0bd-4573-8556-0af26d0f5e10", "especie_normalizada": "Fratercula arctica", "decada": 2020, "traffic_at_point": 5.9576635360717773, "traffic_buffer_mean": 49.853893280029297 }, "geometry": { "type": "Point", "coordinates": [ 2856479.739834431558847, 4805776.045674205757678 ] } },
{ "type": "Feature", "properties": { "basisOfRecord": "HumanObservation", "date_year": 2023, "decimalLatitude": 63.403222, "decimalLongitude": -19.129782, "eventDate": "2023-08-13T06:33:00+00:00", "individualCount": null, "scientificName": "Fratercula arctica", "id": "bf39a120-1c98-4ecf-b448-a5fd88ad6bfc", "especie_normalizada": "Fratercula arctica", "decada": 2020, "traffic_at_point": 0.0011651238892227411, "traffic_buffer_mean": 0.97013711929321289 }, "geometry": { "type": "Point", "coordinates": [ 2907398.352124517317861, 4777825.958597185090184 ] } },
{ "type": "Feature", "properties": { "basisOfRecord": "HumanObservation", "date_year": 2023, "decimalLatitude": 65.542121666699998, "decimalLongitude": -13.7548083333, "eventDate": "2023-08-16T10:44:30+00:00", "individualCount": null, "scientificName": "Fratercula arctica", "id": "bf821318-67df-46b2-a581-a58c44f990cb", "especie_normalizada": "Fratercula arctica", "decada": 2020, "traffic_at_point": 3972.853759765625, "traffic_buffer_mean": 16.466697692871094 }, "geometry": { "type": "Point", "coordinates": [ 3240556.315983949694782, 4901707.841841071844101 ] } },
{ "type": "Feature", "properties": { "basisOfRecord": "HumanObservation", "date_year": 2023, "decimalLatitude": 62.327618686299999, "decimalLongitude": -6.9453131215, "eventDate": "2023-06-29T12:10:00+01:00", "individualCount": null, "scientificName": "Fratercula arctica", "id": "bf9b9ec7-b150-4451-8041-0cbed779b7d7", "especie_normalizada": "Fratercula arctica", "decada": 2020, "traffic_at_point": 0.30417105555534363, "traffic_buffer_mean": 6.4185199737548828 }, "geometry": { "type": "Point", "coordinates": [ 3448943.681542798876762, 4464167.960492548532784 ] } },
{ "type": "Feature", "properties": { "basisOfRecord": "HumanObservation", "date_year": 2023, "decimalLatitude": 64.049806339900002, "decimalLongitude": -16.169939297, "eventDate": "2023-07-22T13:45:00+00:00", "individualCount": null, "scientificName": "Rissa tridactyla", "id": "c09df502-a044-4fb7-adb8-94af3b1f4b66", "especie_normalizada": "Rissa tridactyla", "decada": 2020, "traffic_at_point": 0.0, "traffic_buffer_mean": 0.19356860220432281 }, "geometry": { "type": "Point", "coordinates": [ 3070764.485856745392084, 4787353.958850859664381 ] } },
{ "type": "Feature", "properties": { "basisOfRecord": "HumanObservation", "date_year": 2023, "decimalLatitude": 63.403538333299998, "decimalLongitude": -19.130016666700001, "eventDate": "2023-08-03T11:38:49+00:00", "individualCount": null, "scientificName": "Fratercula arctica", "id": "c0f4180c-a3a9-4d8b-9335-07717bdf9fa0", "especie_normalizada": "Fratercula arctica", "decada": 2020, "traffic_at_point": 0.0011651238892227411, "traffic_buffer_mean": 0.97013711929321289 }, "geometry": { "type": "Point", "coordinates": [ 2907403.063376074656844, 4777862.880533835850656 ] } },
{ "type": "Feature", "properties": { "basisOfRecord": "HumanObservation", "date_year": 2023, "decimalLatitude": 58.588686944400003, "decimalLongitude": -4.7583208333, "eventDate": "2023-06-20T10:14:36+01:00", "individualCount": null, "scientificName": "Fratercula arctica", "id": "c28f5501-4adf-4484-82d0-5ed71ad6af21", "especie_normalizada": "Fratercula arctica", "decada": 2020, "traffic_at_point": 0.05053827166557312, "traffic_buffer_mean": 0.78074955940246582 }, "geometry": { "type": "Point", "coordinates": [ 3468334.486921123694628, 4031820.223919189535081 ] } },
{ "type": "Feature", "properties": { "basisOfRecord": "HumanObservation", "date_year": 2023, "decimalLatitude": 59.853780202599999, "decimalLongitude": -1.2755630538, "eventDate": "2023-06-17T14:29:47+01:00", "individualCount": null, "scientificName": "Rissa tridactyla", "id": "c312ce1b-c27b-4ece-aac6-2fa888d7f90e", "especie_normalizada": "Rissa tridactyla", "decada": 2020, "traffic_at_point": 4.1028084754943848, "traffic_buffer_mean": 1.8420878648757935 }, "geometry": { "type": "Point", "coordinates": [ 3690596.96604814613238, 4133923.466082486789674 ] } },
{ "type": "Feature", "properties": { "basisOfRecord": "HumanObservation", "date_year": 2023, "decimalLatitude": 65.528822365099998, "decimalLongitude": -23.192177386000001, "eventDate": "2023-06-22T13:27:00+00:00", "individualCount": null, "scientificName": "Fratercula arctica", "id": "c32a7c44-46da-4a1a-820a-89c27c004ba6", "especie_normalizada": "Fratercula arctica", "decada": 2020, "traffic_at_point": 423.1888427734375, "traffic_buffer_mean": 2.5833885669708252 }, "geometry": { "type": "Point", "coordinates": [ 2844271.511553722433746, 5075420.387123394757509 ] } },
{ "type": "Feature", "properties": { "basisOfRecord": "HumanObservation", "date_year": 2023, "decimalLatitude": 66.276365892300007, "decimalLongitude": -19.0515000531, "eventDate": "2023-06-23T20:27:00+00:00", "individualCount": null, "scientificName": "Fratercula arctica", "id": "c3a72f35-9048-4177-9962-0d34827b2060", "especie_normalizada": "Fratercula arctica", "decada": 2020, "traffic_at_point": 0.50490391254425049, "traffic_buffer_mean": 0.82160049676895142 }, "geometry": { "type": "Point", "coordinates": [ 3051144.643089110031724, 5067376.602461024187505 ] } },
{ "type": "Feature", "properties": { "basisOfRecord": "HumanObservation", "date_year": 2023, "decimalLatitude": 64.047552833300003, "decimalLongitude": -16.180788333300001, "eventDate": "2023-09-07T12:13:39+00:00", "individualCount": null, "scientificName": "Rissa tridactyla", "id": "c3b43587-3c40-41d8-8e5a-c188e4c8c97b", "especie_normalizada": "Rissa tridactyla", "decada": 2020, "traffic_at_point": 0.0, "traffic_buffer_mean": 0.19356860220432281 }, "geometry": { "type": "Point", "coordinates": [ 3070176.519250265322626, 4787316.508606338873506 ] } },
{ "type": "Feature", "properties": { "basisOfRecord": "HumanObservation", "date_year": 2023, "decimalLatitude": 65.376121886799993, "decimalLongitude": -22.913634996300001, "eventDate": "2023-06-29T03:09:00+00:00", "individualCount": null, "scientificName": "Fratercula arctica", "id": "c3bed914-4ea1-4a15-b133-416e10e19314", "especie_normalizada": "Fratercula arctica", "decada": 2020, "traffic_at_point": 31.355978012084961, "traffic_buffer_mean": 1.4203054904937744 }, "geometry": { "type": "Point", "coordinates": [ 2847104.09562023403123, 5054429.853174329735339 ] } },
{ "type": "Feature", "properties": { "basisOfRecord": "HumanObservation", "date_year": 2023, "decimalLatitude": 65.685166666699999, "decimalLongitude": -18.074377833300002, "eventDate": "2023-05-25T19:13:09+00:00", "individualCount": null, "scientificName": "Rissa tridactyla", "id": "c5af8c1c-31f8-4ae8-bd91-b24fd3c37ee2", "especie_normalizada": "Rissa tridactyla", "decada": 2020, "traffic_at_point": 1378.814453125, "traffic_buffer_mean": 201.01576232910156 }, "geometry": { "type": "Point", "coordinates": [ 3062776.873071, 4989538.269806614145637 ] } },
{ "type": "Feature", "properties": { "basisOfRecord": "HumanObservation", "date_year": 2023, "decimalLatitude": 63.445026695800003, "decimalLongitude": -20.261458328100002, "eventDate": "2023-07-24T14:17:00+00:00", "individualCount": null, "scientificName": "Fratercula arctica", "id": "c5eb795a-4c71-4e16-aefb-3641fa5bec4f", "especie_normalizada": "Fratercula arctica", "decada": 2020, "traffic_at_point": 13177.1298828125, "traffic_buffer_mean": 50.428333282470703 }, "geometry": { "type": "Point", "coordinates": [ 2858649.571709812153131, 4805487.533314686268568 ] } },
{ "type": "Feature", "properties": { "basisOfRecord": "HumanObservation", "date_year": 2023, "decimalLatitude": 64.771691607400001, "decimalLongitude": -23.554342631000001, "eventDate": "2023-07-13T16:54:00+00:00", "individualCount": null, "scientificName": "Rissa tridactyla", "id": "c5ff7034-c28f-4fc4-85a0-c9e27f097277", "especie_normalizada": "Rissa tridactyla", "decada": 2020, "traffic_at_point": 1.8836169242858887, "traffic_buffer_mean": 8.3749494552612305 }, "geometry": { "type": "Point", "coordinates": [ 2787297.326998598873615, 5008941.933134965598583 ] } },
{ "type": "Feature", "properties": { "basisOfRecord": "HumanObservation", "date_year": 2023, "decimalLatitude": 63.413055419899997, "decimalLongitude": -19.062677383400001, "eventDate": "2023-08-02T12:02:35+00:00", "individualCount": null, "scientificName": "Fratercula arctica", "id": "c60053d7-bfbe-42ce-bb4e-36962d3ae3dc", "especie_normalizada": "Fratercula arctica", "decada": 2020, "traffic_at_point": 0.0, "traffic_buffer_mean": 0.76786410808563232 }, "geometry": { "type": "Point", "coordinates": [ 2910902.138539057224989, 4777462.16309966146946 ] } },
{ "type": "Feature", "properties": { "basisOfRecord": "HumanObservation", "date_year": 2023, "decimalLatitude": 64.155221827800005, "decimalLongitude": -21.858638983100001, "eventDate": "2023-05-23T09:57:00+00:00", "individualCount": null, "scientificName": "Rissa tridactyla", "id": "c69b512d-750f-4dac-b4a9-3d50f8903d61", "especie_normalizada": "Rissa tridactyla", "decada": 2020, "traffic_at_point": 1861.67529296875, "traffic_buffer_mean": 190.05136108398438 }, "geometry": { "type": "Point", "coordinates": [ 2825279.561955395154655, 4910778.58081579208374 ] } },
{ "type": "Feature", "properties": { "basisOfRecord": "HumanObservation", "date_year": 2023, "decimalLatitude": 63.458960430499999, "decimalLongitude": -20.2233911987, "eventDate": "2023-07-03T17:10:00+00:00", "individualCount": null, "scientificName": "Fratercula arctica", "id": "c7521e17-92eb-4d52-a62d-78c54685fda5", "especie_normalizada": "Fratercula arctica", "decada": 2020, "traffic_at_point": 19.955875396728516, "traffic_buffer_mean": 52.155731201171875 }, "geometry": { "type": "Point", "coordinates": [ 2861048.133705885149539, 4806092.309160780161619 ] } },
{ "type": "Feature", "properties": { "basisOfRecord": "HumanObservation", "date_year": 2023, "decimalLatitude": 67.810591383299993, "decimalLongitude": 13.2246723011, "eventDate": "2023-07-18T09:03:00+02:00", "individualCount": null, "scientificName": "Rissa tridactyla", "id": "c75690bb-2477-4e7b-a56c-d0d13e606b09", "especie_normalizada": "Rissa tridactyla", "decada": 2020, "traffic_at_point": 4.3535223007202148, "traffic_buffer_mean": 35.645816802978516 }, "geometry": { "type": "Point", "coordinates": [ 4458249.518352333456278, 4968763.141337962821126 ] } },
{ "type": "Feature", "properties": { "basisOfRecord": "HumanObservation", "date_year": 2023, "decimalLatitude": 58.066964286000001, "decimalLongitude": 6.539841914, "eventDate": "2023-10-14T08:32:01+02:00", "individualCount": null, "scientificName": "Rissa tridactyla", "id": "c7ad8f75-2781-4202-b12c-80f285f37b48", "especie_normalizada": "Rissa tridactyla", "decada": 2020, "traffic_at_point": 5.1974406242370605, "traffic_buffer_mean": 7.0121312141418457 }, "geometry": { "type": "Point", "coordinates": [ 4116556.563591552432626, 3889997.786777811124921 ] } },
{ "type": "Feature", "properties": { "basisOfRecord": "HumanObservation", "date_year": 2023, "decimalLatitude": 65.542065050999994, "decimalLongitude": -13.7547969825, "eventDate": "2023-08-11", "individualCount": null, "scientificName": "Fratercula arctica", "id": "c83d404b-6b8c-4199-a92b-2a1710e1b557", "especie_normalizada": "Fratercula arctica", "decada": 2020, "traffic_at_point": 3972.853759765625, "traffic_buffer_mean": 16.466697692871094 }, "geometry": { "type": "Point", "coordinates": [ 3240554.515712423250079, 4901701.759113790467381 ] } },
{ "type": "Feature", "properties": { "basisOfRecord": "HumanObservation", "date_year": 2023, "decimalLatitude": 61.263164817800003, "decimalLongitude": -0.9520358619, "eventDate": "2023-10-05T11:28:00+00:00", "individualCount": null, "scientificName": "Rissa tridactyla", "id": "c8a7b1ff-3da2-4e7f-a80f-aefa690eb700", "especie_normalizada": "Rissa tridactyla", "decada": 2020, "traffic_at_point": 0.07702144980430603, "traffic_buffer_mean": 0.069689348340034485 }, "geometry": { "type": "Point", "coordinates": [ 3734074.719075524713844, 4285895.42947475425899 ] } },
{ "type": "Feature", "properties": { "basisOfRecord": "HumanObservation", "date_year": 2023, "decimalLatitude": 64.771691607400001, "decimalLongitude": -23.554342631000001, "eventDate": "2023-07-13T16:57:00+00:00", "individualCount": null, "scientificName": "Rissa tridactyla", "id": "c96b0f56-2869-4b12-95a4-f379e2a9322f", "especie_normalizada": "Rissa tridactyla", "decada": 2020, "traffic_at_point": 1.8836169242858887, "traffic_buffer_mean": 8.3749494552612305 }, "geometry": { "type": "Point", "coordinates": [ 2787297.326998598873615, 5008941.933134965598583 ] } },
{ "type": "Feature", "properties": { "basisOfRecord": "HumanObservation", "date_year": 2023, "decimalLatitude": 64.048931388300005, "decimalLongitude": -16.181426944999998, "eventDate": "2023-07-22T21:48:00+00:00", "individualCount": null, "scientificName": "Rissa tridactyla", "id": "cad5e003-d81e-40c0-b2e8-101ebada8008", "especie_normalizada": "Rissa tridactyla", "decada": 2020, "traffic_at_point": 0.0, "traffic_buffer_mean": 0.19356860220432281 }, "geometry": { "type": "Point", "coordinates": [ 3070208.286899479106069, 4787470.369088844396174 ] } },
{ "type": "Feature", "properties": { "basisOfRecord": "HumanObservation", "date_year": 2023, "decimalLatitude": 66.455220984099995, "decimalLongitude": -22.817491077300001, "eventDate": "2023-07-20T16:04:00+00:00", "individualCount": null, "scientificName": "Rissa tridactyla", "id": "caf8821f-dbf4-4fb4-a31c-3ff93f15ffa8", "especie_normalizada": "Rissa tridactyla", "decada": 2020, "traffic_at_point": 0.038441386073827744, "traffic_buffer_mean": 0.67451393604278564 }, "geometry": { "type": "Point", "coordinates": [ 2910546.277416056953371, 5158597.368970504030585 ] } },
{ "type": "Feature", "properties": { "basisOfRecord": "HumanObservation", "date_year": 2023, "decimalLatitude": 64.0705324, "decimalLongitude": -22.6512494, "eventDate": "2023-06-15T19:43:00+00:00", "individualCount": null, "scientificName": "Rissa tridactyla", "id": "cd251d29-e23b-4248-8b67-01bf0e7d879f", "especie_normalizada": "Rissa tridactyla", "decada": 2020, "traffic_at_point": 1.8488099575042725, "traffic_buffer_mean": 53.773937225341797 }, "geometry": { "type": "Point", "coordinates": [ 2786754.4348568553105, 4919717.044317381456494 ] } },
{ "type": "Feature", "properties": { "basisOfRecord": "HumanObservation", "date_year": 2023, "decimalLatitude": 63.403354589099997, "decimalLongitude": -19.107301980300001, "eventDate": "2023-08-13T17:16:07+00:00", "individualCount": null, "scientificName": "Fratercula arctica", "id": "cd3a930d-b62e-4094-a863-510bf1c779d7", "especie_normalizada": "Fratercula arctica", "decada": 2020, "traffic_at_point": 0.0063093360513448715, "traffic_buffer_mean": 0.90702712535858154 }, "geometry": { "type": "Point", "coordinates": [ 2908419.351094706449658, 4777382.312776287086308 ] } },
{ "type": "Feature", "properties": { "basisOfRecord": "HumanObservation", "date_year": 2023, "decimalLatitude": 65.502505595599999, "decimalLongitude": -24.531663367299998, "eventDate": "2023-06-13T23:57:17+00:00", "individualCount": null, "scientificName": "Fratercula arctica", "id": "cd484391-78d3-42ae-871e-561d92635a0d", "especie_normalizada": "Fratercula arctica", "decada": 2020, "traffic_at_point": 0.48827061057090759, "traffic_buffer_mean": 0.77932804822921753 }, "geometry": { "type": "Point", "coordinates": [ 2789063.231990575790405, 5102120.538224714808166 ] } },
{ "type": "Feature", "properties": { "basisOfRecord": "HumanObservation", "date_year": 2023, "decimalLatitude": 65.541884070899997, "decimalLongitude": -13.754897164599999, "eventDate": "2023-08-05T12:58:00+00:00", "individualCount": null, "scientificName": "Fratercula arctica", "id": "cd906615-fe18-4e83-8d5c-31bf8c5d255d", "especie_normalizada": "Fratercula arctica", "decada": 2020, "traffic_at_point": 3972.853759765625, "traffic_buffer_mean": 16.466697692871094 }, "geometry": { "type": "Point", "coordinates": [ 3240542.845534285996109, 4901684.444269184023142 ] } },
{ "type": "Feature", "properties": { "basisOfRecord": "HumanObservation", "date_year": 2023, "decimalLatitude": 65.542041111100005, "decimalLongitude": -13.7547898761, "eventDate": "2023-08-05T12:21:00+00:00", "individualCount": null, "scientificName": "Fratercula arctica", "id": "cda16652-2cbc-47c1-adac-0f18017ced55", "especie_normalizada": "Fratercula arctica", "decada": 2020, "traffic_at_point": 3972.853759765625, "traffic_buffer_mean": 16.466697692871094 }, "geometry": { "type": "Point", "coordinates": [ 3240553.854458458721638, 4901699.151042888872325 ] } },
{ "type": "Feature", "properties": { "basisOfRecord": "HumanObservation", "date_year": 2023, "decimalLatitude": 59.856155709699998, "decimalLongitude": -1.2732211918, "eventDate": "2023-07-05T10:56:28+01:00", "individualCount": null, "scientificName": "Fratercula arctica", "id": "cded47bc-edda-421c-b53e-381d09f81685", "especie_normalizada": "Fratercula arctica", "decada": 2020, "traffic_at_point": 0.60414814949035645, "traffic_buffer_mean": 1.8520752191543579 }, "geometry": { "type": "Point", "coordinates": [ 3690770.656146629247814, 4134163.521160890813917 ] } },
{ "type": "Feature", "properties": { "basisOfRecord": "HumanObservation", "date_year": 2023, "decimalLatitude": 64.048969166700005, "decimalLongitude": -16.181495, "eventDate": "2023-07-22T21:53:00+00:00", "individualCount": null, "scientificName": "Rissa tridactyla", "id": "ce4426aa-3706-472c-990f-05a3739b9686", "especie_normalizada": "Rissa tridactyla", "decada": 2020, "traffic_at_point": 0.0, "traffic_buffer_mean": 0.19356860220432281 }, "geometry": { "type": "Point", "coordinates": [ 3070206.878981968853623, 4787475.495661538094282 ] } },
{ "type": "Feature", "properties": { "basisOfRecord": "HumanObservation", "date_year": 2023, "decimalLatitude": 62.436215703499997, "decimalLongitude": 5.768690962, "eventDate": "2023-06-23T20:45:00+02:00", "individualCount": null, "scientificName": "Fratercula arctica", "id": "d14e2847-9b87-48d0-bf9a-e94fccf61b1b", "especie_normalizada": "Fratercula arctica", "decada": 2020, "traffic_at_point": 0.81815743446350098, "traffic_buffer_mean": 25.346920013427734 }, "geometry": { "type": "Point", "coordinates": [ 4101666.132898333016783, 4377078.493498703464866 ] } },
{ "type": "Feature", "properties": { "basisOfRecord": "HumanObservation", "date_year": 2023, "decimalLatitude": 58.609047799700001, "decimalLongitude": -3.3484463996999998, "eventDate": "2023-05-26T22:04:30+01:00", "individualCount": null, "scientificName": "Fratercula arctica", "id": "d2638c12-ee5b-4097-97f3-605900bafbd5", "especie_normalizada": "Fratercula arctica", "decada": 2020, "traffic_at_point": 0.0, "traffic_buffer_mean": 1.5971944332122803 }, "geometry": { "type": "Point", "coordinates": [ 3549047.959790392313153, 4017936.147402524016798 ] } },
{ "type": "Feature", "properties": { "basisOfRecord": "HumanObservation", "date_year": 2023, "decimalLatitude": 66.081892, "decimalLongitude": -17.551167, "eventDate": "2023-06-15T11:00", "individualCount": 1.0, "scientificName": "Balaenoptera musculus", "id": "d330be69-6798-40f2-b74e-b90466fa4ebb", "especie_normalizada": "Balaenoptera musculus", "decada": 2020, "traffic_at_point": 9.6210622787475586, "traffic_buffer_mean": 41.757022857666016 }, "geometry": { "type": "Point", "coordinates": [ 3103279.296356786973774, 5020568.845277117565274 ] } },
{ "type": "Feature", "properties": { "basisOfRecord": "HumanObservation", "date_year": 2023, "decimalLatitude": 65.5422625, "decimalLongitude": -13.755039722199999, "eventDate": "2023-08-05T12:41:00+00:00", "individualCount": null, "scientificName": "Rissa tridactyla", "id": "d34140dc-5ecd-4eb9-b7af-4823d64d8109", "especie_normalizada": "Rissa tridactyla", "decada": 2020, "traffic_at_point": 3972.853759765625, "traffic_buffer_mean": 16.466697692871094 }, "geometry": { "type": "Point", "coordinates": [ 3240551.988326172344387, 4901726.142844215035439 ] } },
{ "type": "Feature", "properties": { "basisOfRecord": "HumanObservation", "date_year": 2023, "decimalLatitude": 65.542569, "decimalLongitude": -13.755936, "eventDate": "2023-08-11T08:06:00+00:00", "individualCount": null, "scientificName": "Rissa tridactyla", "id": "d3ad42e2-4550-4cd3-a199-cef43fb875bc", "especie_normalizada": "Rissa tridactyla", "decada": 2020, "traffic_at_point": 3972.853759765625, "traffic_buffer_mean": 16.466697692871094 }, "geometry": { "type": "Point", "coordinates": [ 3240525.548683868721128, 4901772.099749011918902 ] } },
{ "type": "Feature", "properties": { "basisOfRecord": "HumanObservation", "date_year": 2023, "decimalLatitude": 62.403173199400001, "decimalLongitude": 5.4064788194000002, "eventDate": "2023-07-24T23:42:00+02:00", "individualCount": null, "scientificName": "Fratercula arctica", "id": "d667bcf1-48fb-4210-a6d7-87e579fb8f07", "especie_normalizada": "Fratercula arctica", "decada": 2020, "traffic_at_point": 2.273125171661377, "traffic_buffer_mean": 5.4531245231628418 }, "geometry": { "type": "Point", "coordinates": [ 4082664.553872712422162, 4374596.777581174857914 ] } },
{ "type": "Feature", "properties": { "basisOfRecord": "HumanObservation", "date_year": 2023, "decimalLatitude": 66.075622, "decimalLongitude": -19.253943, "eventDate": "2023-06-11T11:56:00+00:00", "individualCount": null, "scientificName": "Rissa tridactyla", "id": "d6b28421-16a9-4ba1-b693-8f6a6c781244", "especie_normalizada": "Rissa tridactyla", "decada": 2020, "traffic_at_point": 0.0, "traffic_buffer_mean": 0.10196305811405182 }, "geometry": { "type": "Point", "coordinates": [ 3032969.770971341058612, 5050872.403470259159803 ] } },
{ "type": "Feature", "properties": { "basisOfRecord": "HumanObservation", "date_year": 2023, "decimalLatitude": 64.767883333300006, "decimalLongitude": -23.616766666699998, "eventDate": "2023-06-02T13:17:51+00:00", "individualCount": null, "scientificName": "Rissa tridactyla", "id": "d6db2bb5-97b3-4d5c-8ec9-af44b3d44b83", "especie_normalizada": "Rissa tridactyla", "decada": 2020, "traffic_at_point": 10.351204872131348, "traffic_buffer_mean": 9.0292415618896484 }, "geometry": { "type": "Point", "coordinates": [ 2784502.580949320457876, 5009956.712932143360376 ] } },
{ "type": "Feature", "properties": { "basisOfRecord": "HumanObservation", "date_year": 2023, "decimalLatitude": 59.856196666700001, "decimalLongitude": -1.273005, "eventDate": "2023-06-30T10:47:48+01:00", "individualCount": null, "scientificName": "Fratercula arctica", "id": "d78b46ac-9e4b-44e3-bb93-a881ffbdbd9b", "especie_normalizada": "Fratercula arctica", "decada": 2020, "traffic_at_point": 0.60414814949035645, "traffic_buffer_mean": 1.8520752191543579 }, "geometry": { "type": "Point", "coordinates": [ 3690783.382045269012451, 4134166.096628523431718 ] } },
{ "type": "Feature", "properties": { "basisOfRecord": "HumanObservation", "date_year": 2023, "decimalLatitude": 65.3801301365, "decimalLongitude": -22.953111522299999, "eventDate": "2023-06-22T12:39:00+00:00", "individualCount": null, "scientificName": "Fratercula arctica", "id": "d79c02e3-66e6-4cc5-bb05-74452e0f45ba", "especie_normalizada": "Fratercula arctica", "decada": 2020, "traffic_at_point": 3.5487515926361084, "traffic_buffer_mean": 1.339805006980896 }, "geometry": { "type": "Point", "coordinates": [ 2845719.65085722040385, 5055669.452125502750278 ] } },
{ "type": "Feature", "properties": { "basisOfRecord": "HumanObservation", "date_year": 2023, "decimalLatitude": 59.854644775399997, "decimalLongitude": -1.2743498087, "eventDate": "2023-07-03T11:34:56+01:00", "individualCount": null, "scientificName": "Fratercula arctica", "id": "daa9fd57-c423-4459-9a79-e230fbfa5737", "especie_normalizada": "Fratercula arctica", "decada": 2020, "traffic_at_point": 0.60414814949035645, "traffic_buffer_mean": 1.8420878648757935 }, "geometry": { "type": "Point", "coordinates": [ 3690680.160663150716573, 4134007.624022017698735 ] } },
{ "type": "Feature", "properties": { "basisOfRecord": "HumanObservation", "date_year": 2023, "decimalLatitude": 64.916958029200003, "decimalLongitude": -23.887454279, "eventDate": "2023-05-31T14:51:00+00:00", "individualCount": null, "scientificName": "Fratercula arctica", "id": "db2fd7b3-5fac-4378-afbc-6dfbdb79c642", "especie_normalizada": "Fratercula arctica", "decada": 2020, "traffic_at_point": 8.4677028656005859, "traffic_buffer_mean": 90.243598937988281 }, "geometry": { "type": "Point", "coordinates": [ 2781726.48177835252136, 5030609.229460563510656 ] } },
{ "type": "Feature", "properties": { "basisOfRecord": "HumanObservation", "date_year": 2023, "decimalLatitude": 58.645456597699997, "decimalLongitude": -3.5242550508, "eventDate": "2023-08-16T05:47:00+01:00", "individualCount": null, "scientificName": "Fratercula arctica", "id": "db52a650-1f5e-466d-9fc6-570ff7a40bf2", "especie_normalizada": "Fratercula arctica", "decada": 2020, "traffic_at_point": 7.3407187461853027, "traffic_buffer_mean": 11.83198356628418 }, "geometry": { "type": "Point", "coordinates": [ 3539823.621626561507583, 4023838.03956262441352 ] } },
{ "type": "Feature", "properties": { "basisOfRecord": "HumanObservation", "date_year": 2023, "decimalLatitude": 67.863509150499993, "decimalLongitude": 12.9126805567, "eventDate": "2023-07-15T14:18:56+02:00", "individualCount": null, "scientificName": "Rissa tridactyla", "id": "dbe1d497-69ec-4b81-93b6-ed3d1ea136bb", "especie_normalizada": "Rissa tridactyla", "decada": 2020, "traffic_at_point": 0.0, "traffic_buffer_mean": 61.870159149169922 }, "geometry": { "type": "Point", "coordinates": [ 4444707.861007833853364, 4974012.271305175498128 ] } },
{ "type": "Feature", "properties": { "basisOfRecord": "HumanObservation", "date_year": 2023, "decimalLatitude": 63.447971666699999, "decimalLongitude": -20.264578333300001, "eventDate": "2023-06-13T04:51:00+00:00", "individualCount": null, "scientificName": "Fratercula arctica", "id": "dc2fee46-26c8-4e07-a161-412775c90649", "especie_normalizada": "Fratercula arctica", "decada": 2020, "traffic_at_point": 13177.1298828125, "traffic_buffer_mean": 50.428333282470703 }, "geometry": { "type": "Point", "coordinates": [ 2858657.970730648376048, 4805850.350426509045064 ] } },
{ "type": "Feature", "properties": { "basisOfRecord": "HumanObservation", "date_year": 2023, "decimalLatitude": 65.542091666700003, "decimalLongitude": -13.75452, "eventDate": "2023-05-19T12:36:29+00:00", "individualCount": null, "scientificName": "Fratercula arctica", "id": "dc3a65aa-5a0e-4cb2-9ed9-44a2f8d9f074", "especie_normalizada": "Fratercula arctica", "decada": 2020, "traffic_at_point": 3972.853759765625, "traffic_buffer_mean": 16.466697692871094 }, "geometry": { "type": "Point", "coordinates": [ 3240567.59954389045015, 4901700.213355851359665 ] } },
{ "type": "Feature", "properties": { "basisOfRecord": "HumanObservation", "date_year": 2023, "decimalLatitude": 65.542084, "decimalLongitude": -13.754628, "eventDate": "2023-07-01T05:02:00+00:00", "individualCount": null, "scientificName": "Fratercula arctica", "id": "dcd79fa8-392e-46ff-ac3c-f6651cb1097c", "especie_normalizada": "Fratercula arctica", "decada": 2020, "traffic_at_point": 3972.853759765625, "traffic_buffer_mean": 16.466697692871094 }, "geometry": { "type": "Point", "coordinates": [ 3240562.607716346159577, 4901701.098871676251292 ] } },
{ "type": "Feature", "properties": { "basisOfRecord": "HumanObservation", "date_year": 2023, "decimalLatitude": 64.7350579262, "decimalLongitude": -23.7742367014, "eventDate": "2023-06-10T18:28:52+00:00", "individualCount": null, "scientificName": "Rissa tridactyla", "id": "dd373e1a-c708-4475-ae3f-8e32519d4bf4", "especie_normalizada": "Rissa tridactyla", "decada": 2020, "traffic_at_point": 0.025411320850253105, "traffic_buffer_mean": 7.5023536682128906 }, "geometry": { "type": "Point", "coordinates": [ 2776152.217515652067959, 5010251.79881245829165 ] } },
{ "type": "Feature", "properties": { "basisOfRecord": "HumanObservation", "date_year": 2023, "decimalLatitude": 66.5378322217, "decimalLongitude": -18.0108411117, "eventDate": "2023-07-20T13:20:00+00:00", "individualCount": null, "scientificName": "Fratercula arctica", "id": "de60a2a3-b586-4fbb-87e8-b0c75c03fc08", "especie_normalizada": "Fratercula arctica", "decada": 2020, "traffic_at_point": 0.61218941211700439, "traffic_buffer_mean": 14.761794090270996 }, "geometry": { "type": "Point", "coordinates": [ 3106035.685888178180903, 5075088.810188176110387 ] } },
{ "type": "Feature", "properties": { "basisOfRecord": "HumanObservation", "date_year": 2023, "decimalLatitude": 64.886575554999993, "decimalLongitude": -24.042851945, "eventDate": "2023-07-14T13:11:00+00:00", "individualCount": null, "scientificName": "Rissa tridactyla", "id": "df0104a9-41a8-48a0-bbbb-733537a2a283", "especie_normalizada": "Rissa tridactyla", "decada": 2020, "traffic_at_point": 10.41545295715332, "traffic_buffer_mean": 2.7858140468597412 }, "geometry": { "type": "Point", "coordinates": [ 2773636.325253908056766, 5031113.396207573823631 ] } },
{ "type": "Feature", "properties": { "basisOfRecord": "HumanObservation", "date_year": 2023, "decimalLatitude": 66.159263, "decimalLongitude": -17.575006, "eventDate": "2023-04-20T12:00", "individualCount": 1.0, "scientificName": "Balaenoptera musculus", "id": "df15ab64-fa25-4a51-b7bc-d38f4e2f2ee6", "especie_normalizada": "Balaenoptera musculus", "decada": 2020, "traffic_at_point": 0.38353252410888672, "traffic_buffer_mean": 2.1238152980804443 }, "geometry": { "type": "Point", "coordinates": [ 3105922.858315422199667, 5028878.729599949903786 ] } },
{ "type": "Feature", "properties": { "basisOfRecord": "HumanObservation", "date_year": 2023, "decimalLatitude": 63.408901781700003, "decimalLongitude": -19.052332850300001, "eventDate": "2023-07-15T17:15:00+00:00", "individualCount": null, "scientificName": "Fratercula arctica", "id": "df367c0d-8b31-43a7-a321-64abcf454b77", "especie_normalizada": "Fratercula arctica", "decada": 2020, "traffic_at_point": 0.0, "traffic_buffer_mean": 0.87194794416427612 }, "geometry": { "type": "Point", "coordinates": [ 2911168.655355324968696, 4776829.970811169594526 ] } },
{ "type": "Feature", "properties": { "basisOfRecord": "HumanObservation", "date_year": 2023, "decimalLatitude": 67.9267300968, "decimalLongitude": 13.1557279183, "eventDate": "2023-05-27T19:39:00+02:00", "individualCount": null, "scientificName": "Rissa tridactyla", "id": "df73c9e7-0da0-4c12-9677-852105e18d40", "especie_normalizada": "Rissa tridactyla", "decada": 2020, "traffic_at_point": 6.6236553192138672, "traffic_buffer_mean": 74.444717407226562 }, "geometry": { "type": "Point", "coordinates": [ 4454669.538461278192699, 4981439.517966534011066 ] } },
{ "type": "Feature", "properties": { "basisOfRecord": "HumanObservation", "date_year": 2023, "decimalLatitude": 66.536878333299995, "decimalLongitude": -18.0093163883, "eventDate": "2023-07-20T13:24:00+00:00", "individualCount": null, "scientificName": "Fratercula arctica", "id": "df89edb1-6c8f-4bf1-a8e7-6dae9ddf67aa", "especie_normalizada": "Fratercula arctica", "decada": 2020, "traffic_at_point": 1.5105878114700317, "traffic_buffer_mean": 14.761794090270996 }, "geometry": { "type": "Point", "coordinates": [ 3106051.86640964448452, 5074965.014284083619714 ] } },
{ "type": "Feature", "properties": { "basisOfRecord": "HumanObservation", "date_year": 2023, "decimalLatitude": 63.316276104400004, "decimalLongitude": -9.0369255524999996, "eventDate": "2023-10-03T17:56:00-01:00", "individualCount": null, "scientificName": "Rissa tridactyla", "id": "e01229a5-16e9-4fac-bdf4-5a1eb4169be2", "especie_normalizada": "Rissa tridactyla", "decada": 2020, "traffic_at_point": 0.0079203816130757332, "traffic_buffer_mean": 0.018337683752179146 }, "geometry": { "type": "Point", "coordinates": [ 3375827.201088708825409, 4597537.805710374377668 ] } },
{ "type": "Feature", "properties": { "basisOfRecord": "HumanObservation", "date_year": 2023, "decimalLatitude": 64.8642133333, "decimalLongitude": -24.039603611699999, "eventDate": "2023-07-14T14:36:00+00:00", "individualCount": null, "scientificName": "Rissa tridactyla", "id": "e0345cc3-773c-4c9b-a614-7a4ef698d8c7", "especie_normalizada": "Rissa tridactyla", "decada": 2020, "traffic_at_point": 0.48489275574684143, "traffic_buffer_mean": 2.7154572010040283 }, "geometry": { "type": "Point", "coordinates": [ 2772503.411832622252405, 5028852.828729602508247 ] } },
{ "type": "Feature", "properties": { "basisOfRecord": "HumanObservation", "date_year": 2023, "decimalLatitude": 63.40453, "decimalLongitude": -20.285858333299998, "eventDate": "2023-08-01T00:35:24+00:00", "individualCount": null, "scientificName": "Fratercula arctica", "id": "e09f3b8e-e032-4f7a-b3e2-21e1e0553159", "especie_normalizada": "Fratercula arctica", "decada": 2020, "traffic_at_point": 1.1813567876815796, "traffic_buffer_mean": 49.523628234863281 }, "geometry": { "type": "Point", "coordinates": [ 2855527.316233501769602, 4801916.50134844891727 ] } },
{ "type": "Feature", "properties": { "basisOfRecord": "HumanObservation", "date_year": 2023, "decimalLatitude": 63.439083629099997, "decimalLongitude": -20.3026086751, "eventDate": "2023-07-24T19:49:00+00:00", "individualCount": null, "scientificName": "Fratercula arctica", "id": "e15d81e2-165d-411d-bf9a-9272a71d3e0d", "especie_normalizada": "Fratercula arctica", "decada": 2020, "traffic_at_point": 5.9576635360717773, "traffic_buffer_mean": 49.853893280029297 }, "geometry": { "type": "Point", "coordinates": [ 2856513.539420848246664, 4805755.362564387731254 ] } },
{ "type": "Feature", "properties": { "basisOfRecord": "HumanObservation", "date_year": 2023, "decimalLatitude": 63.404545963099999, "decimalLongitude": -19.102512287100001, "eventDate": "2023-07-31T18:06:00+00:00", "individualCount": null, "scientificName": "Fratercula arctica", "id": "e1802ad6-627f-4338-aa81-e12927fbbdb0", "especie_normalizada": "Fratercula arctica", "decada": 2020, "traffic_at_point": 0.0063093360513448715, "traffic_buffer_mean": 0.90702712535858154 }, "geometry": { "type": "Point", "coordinates": [ 2908693.123263167217374, 4777406.057421382516623 ] } },
{ "type": "Feature", "properties": { "basisOfRecord": "HumanObservation", "date_year": 2023, "decimalLatitude": 64.657379365699995, "decimalLongitude": -22.275249633400001, "eventDate": "2023-07-26T19:36:00+00:00", "individualCount": null, "scientificName": "Fratercula arctica", "id": "e317065b-575d-4e9b-bf52-2a26581906bd", "especie_normalizada": "Fratercula arctica", "decada": 2020, "traffic_at_point": null, "traffic_buffer_mean": 0.0213029645383358 }, "geometry": { "type": "Point", "coordinates": [ 2834373.298368720337749, 4969680.083910093642771 ] } },
{ "type": "Feature", "properties": { "basisOfRecord": "HumanObservation", "date_year": 2023, "decimalLatitude": 59.855489782200003, "decimalLongitude": -1.2736445031000001, "eventDate": "2023-06-16T15:19:00+01:00", "individualCount": null, "scientificName": "Fratercula arctica", "id": "e32235b4-2da5-42cf-88a0-c4cd308ee870", "especie_normalizada": "Fratercula arctica", "decada": 2020, "traffic_at_point": 0.60414814949035645, "traffic_buffer_mean": 1.8420878648757935 }, "geometry": { "type": "Point", "coordinates": [ 3690734.874190406408161, 4134094.151910188607872 ] } },
{ "type": "Feature", "properties": { "basisOfRecord": "HumanObservation", "date_year": 2023, "decimalLatitude": 62.103662803799999, "decimalLongitude": -7.5359319954000004, "eventDate": "2023-07-03T15:54:00+01:00", "individualCount": null, "scientificName": "Rissa tridactyla", "id": "e3f65e9d-47b6-45b0-9561-c238fcbe1bdb", "especie_normalizada": "Rissa tridactyla", "decada": 2020, "traffic_at_point": 0.23421624302864075, "traffic_buffer_mean": 4.5620870590209961 }, "geometry": { "type": "Point", "coordinates": [ 3412722.246204581577331, 4447517.2559182215482 ] } },
{ "type": "Feature", "properties": { "basisOfRecord": "HumanObservation", "date_year": 2023, "decimalLatitude": 65.398453670400002, "decimalLongitude": -22.978684428600001, "eventDate": "2023-06-22T12:51:00+00:00", "individualCount": null, "scientificName": "Fratercula arctica", "id": "e43c1a36-690f-4168-8a4d-30994685bf78", "especie_normalizada": "Fratercula arctica", "decada": 2020, "traffic_at_point": 1.4997260570526123, "traffic_buffer_mean": 1.3938751220703125 }, "geometry": { "type": "Point", "coordinates": [ 2845691.475863629486412, 5058021.472445776686072 ] } },
{ "type": "Feature", "properties": { "basisOfRecord": "HumanObservation", "date_year": 2023, "decimalLatitude": 58.6599555556, "decimalLongitude": -3.5126138888999998, "eventDate": "2023-09-05T08:48:00+01:00", "individualCount": null, "scientificName": "Fratercula arctica", "id": "e43fb087-010e-4a9f-9a94-4bbfb43a4c0e", "especie_normalizada": "Fratercula arctica", "decada": 2020, "traffic_at_point": 6.9486880302429199, "traffic_buffer_mean": 10.703522682189941 }, "geometry": { "type": "Point", "coordinates": [ 3540804.856466940138489, 4025295.612836688756943 ] } },
{ "type": "Feature", "properties": { "basisOfRecord": "HumanObservation", "date_year": 2023, "decimalLatitude": 64.070448670700003, "decimalLongitude": -16.1934261623, "eventDate": "2023-06-06T21:09:00+00:00", "individualCount": null, "scientificName": "Rissa tridactyla", "id": "e59a2936-2732-4489-be3b-ebd6a0bd9730", "especie_normalizada": "Rissa tridactyla", "decada": 2020, "traffic_at_point": null, "traffic_buffer_mean": 0.18465556204319 }, "geometry": { "type": "Point", "coordinates": [ 3070613.124349765479565, 4789908.324908850714564 ] } },
{ "type": "Feature", "properties": { "basisOfRecord": "HumanObservation", "date_year": 2023, "decimalLatitude": 63.785615094100002, "decimalLongitude": -20.6965149983, "eventDate": "2023-11-26T10:40:39+00:00", "individualCount": null, "scientificName": "Fratercula arctica", "id": "e63e2960-2b0a-48ef-881d-40520b836d7d", "especie_normalizada": "Fratercula arctica", "decada": 2020, "traffic_at_point": null, "traffic_buffer_mean": 0.28893476724624634 }, "geometry": { "type": "Point", "coordinates": [ 2856592.959688199684024, 4848960.744986182078719 ] } },
{ "type": "Feature", "properties": { "basisOfRecord": "HumanObservation", "date_year": 2023, "decimalLatitude": 64.0705324, "decimalLongitude": -22.6512494, "eventDate": "2023-06-15T19:45:00+00:00", "individualCount": null, "scientificName": "Rissa tridactyla", "id": "e857c6f8-b67a-4051-a097-13de7430056e", "especie_normalizada": "Rissa tridactyla", "decada": 2020, "traffic_at_point": 1.8488099575042725, "traffic_buffer_mean": 53.773937225341797 }, "geometry": { "type": "Point", "coordinates": [ 2786754.4348568553105, 4919717.044317381456494 ] } },
{ "type": "Feature", "properties": { "basisOfRecord": "HumanObservation", "date_year": 2023, "decimalLatitude": 57.1166667, "decimalLongitude": 8.6, "eventDate": "2023-02-19T16:22:00+01:00", "individualCount": null, "scientificName": "Rissa tridactyla", "id": "e8647171-a0a6-428d-b8ae-1186b6987396", "especie_normalizada": "Rissa tridactyla", "decada": 2020, "traffic_at_point": 24949.2265625, "traffic_buffer_mean": 108.57602691650391 }, "geometry": { "type": "Point", "coordinates": [ 4236098.7902164272964, 3780175.148651985451579 ] } },
{ "type": "Feature", "properties": { "basisOfRecord": "HumanObservation", "date_year": 2023, "decimalLatitude": 67.151020742100002, "decimalLongitude": -16.621167155599998, "eventDate": "2023-09-29T17:43:00-01:00", "individualCount": null, "scientificName": "Rissa tridactyla", "id": "e96a0832-752c-4a8e-81f4-b66d2cf7fa14", "especie_normalizada": "Rissa tridactyla", "decada": 2020, "traffic_at_point": 0.21796566247940063, "traffic_buffer_mean": 0.1313466876745224 }, "geometry": { "type": "Point", "coordinates": [ 3190579.508625220507383, 5113930.585819999687374 ] } },
{ "type": "Feature", "properties": { "basisOfRecord": "HumanObservation", "date_year": 2023, "decimalLatitude": 64.751619375299995, "decimalLongitude": -23.645048730399999, "eventDate": "2023-07-06T10:00:00+00:00", "individualCount": null, "scientificName": "Rissa tridactyla", "id": "e9aeb9fa-063f-4da8-883e-1b527b1112e7", "especie_normalizada": "Rissa tridactyla", "decada": 2020, "traffic_at_point": 0.33879104256629944, "traffic_buffer_mean": 8.3865060806274414 }, "geometry": { "type": "Point", "coordinates": [ 2782423.047950227744877, 5008990.276282051578164 ] } },
{ "type": "Feature", "properties": { "basisOfRecord": "HumanObservation", "date_year": 2023, "decimalLatitude": 63.428340911699998, "decimalLongitude": -20.3013267517, "eventDate": "2023-07-07T13:26:32+00:00", "individualCount": null, "scientificName": "Fratercula arctica", "id": "eb127b8b-cd9f-4595-ba72-549573506532", "especie_normalizada": "Fratercula arctica", "decada": 2020, "traffic_at_point": 0.43672424554824829, "traffic_buffer_mean": 49.820640563964844 }, "geometry": { "type": "Point", "coordinates": [ 2856031.287237711250782, 4804644.778269352391362 ] } },
{ "type": "Feature", "properties": { "basisOfRecord": "HumanObservation", "date_year": 2023, "decimalLatitude": 63.445026695800003, "decimalLongitude": -20.261458328100002, "eventDate": "2023-07-24T14:22:00+00:00", "individualCount": null, "scientificName": "Fratercula arctica", "id": "ebcb13f3-5ce9-4fd0-8b9d-c299fd97a36d", "especie_normalizada": "Fratercula arctica", "decada": 2020, "traffic_at_point": 13177.1298828125, "traffic_buffer_mean": 50.428333282470703 }, "geometry": { "type": "Point", "coordinates": [ 2858649.571709812153131, 4805487.533314686268568 ] } },
{ "type": "Feature", "properties": { "basisOfRecord": "HumanObservation", "date_year": 2023, "decimalLatitude": 65.544811208799999, "decimalLongitude": -24.119373749299999, "eventDate": "2023-07-19T11:54:00+00:00", "individualCount": null, "scientificName": "Fratercula arctica", "id": "ebe8898d-6d7f-41b5-adeb-fbc0be9635fc", "especie_normalizada": "Fratercula arctica", "decada": 2020, "traffic_at_point": null, "traffic_buffer_mean": 78.590560913085938 }, "geometry": { "type": "Point", "coordinates": [ 2807945.319955467246473, 5097119.979522393085063 ] } },
{ "type": "Feature", "properties": { "basisOfRecord": "HumanObservation", "date_year": 2023, "decimalLatitude": 64.767827969099997, "decimalLongitude": -23.6163388286, "eventDate": "2023-06-02T13:25:46+00:00", "individualCount": null, "scientificName": "Rissa tridactyla", "id": "ec0c8f5b-128d-473d-99c2-388a07268903", "especie_normalizada": "Rissa tridactyla", "decada": 2020, "traffic_at_point": 10.351204872131348, "traffic_buffer_mean": 9.0292415618896484 }, "geometry": { "type": "Point", "coordinates": [ 2784517.177200736477971, 5009941.750436138361692 ] } },
{ "type": "Feature", "properties": { "basisOfRecord": "HumanObservation", "date_year": 2023, "decimalLatitude": 59.533905, "decimalLongitude": -1.602095, "eventDate": "2023-05-26T09:34:07+01:00", "individualCount": null, "scientificName": "Fratercula arctica", "id": "ed0fc584-2681-4e50-bcbe-5069817f7205", "especie_normalizada": "Fratercula arctica", "decada": 2020, "traffic_at_point": 9.582188606262207, "traffic_buffer_mean": 0.92624998092651367 }, "geometry": { "type": "Point", "coordinates": [ 3666434.47010559309274, 4101761.187933548353612 ] } },
{ "type": "Feature", "properties": { "basisOfRecord": "HumanObservation", "date_year": 2023, "decimalLatitude": 63.405566097700003, "decimalLongitude": -19.111642851500001, "eventDate": "2023-07-31T16:57:00+00:00", "individualCount": null, "scientificName": "Fratercula arctica", "id": "ed87dfd0-59ef-4d67-ba61-93f615f7b024", "especie_normalizada": "Fratercula arctica", "decada": 2020, "traffic_at_point": 0.0063093360513448715, "traffic_buffer_mean": 0.90702712535858154 }, "geometry": { "type": "Point", "coordinates": [ 2908330.332935011945665, 4777695.332621607929468 ] } },
{ "type": "Feature", "properties": { "basisOfRecord": "HumanObservation", "date_year": 2023, "decimalLatitude": 66.457697637500004, "decimalLongitude": -18.168603682600001, "eventDate": "2023-06-19T11:41:00+00:00", "individualCount": null, "scientificName": "Rissa tridactyla", "id": "edc23199-4832-4718-9200-ff3bc5e72122", "especie_normalizada": "Rissa tridactyla", "decada": 2020, "traffic_at_point": 0.074490875005722046, "traffic_buffer_mean": 0.40829649567604065 }, "geometry": { "type": "Point", "coordinates": [ 3095803.322397797368467, 5069746.102686688303947 ] } },
{ "type": "Feature", "properties": { "basisOfRecord": "HumanObservation", "date_year": 2023, "decimalLatitude": 62.3251149, "decimalLongitude": -6.9494209, "eventDate": "2023-07-15T21:21:24+01:00", "individualCount": null, "scientificName": "Fratercula arctica", "id": "ee6c69c0-9c49-43d2-adb0-df7d1f652fd8", "especie_normalizada": "Fratercula arctica", "decada": 2020, "traffic_at_point": 0.18653295934200287, "traffic_buffer_mean": 8.5963840484619141 }, "geometry": { "type": "Point", "coordinates": [ 3448666.119223960209638, 4463948.888259388506413 ] } },
{ "type": "Feature", "properties": { "basisOfRecord": "HumanObservation", "date_year": 2023, "decimalLatitude": 62.102687035300001, "decimalLongitude": -7.6552976669000001, "eventDate": "2023-07-02T12:15:00+01:00", "individualCount": null, "scientificName": "Fratercula arctica", "id": "ee8f0bd5-1bb5-4818-8120-0db8baf50a10", "especie_normalizada": "Fratercula arctica", "decada": 2020, "traffic_at_point": 1.5974190235137939, "traffic_buffer_mean": 0.31569281220436096 }, "geometry": { "type": "Point", "coordinates": [ 3406664.807311471551657, 4448961.794149938970804 ] } },
{ "type": "Feature", "properties": { "basisOfRecord": "HumanObservation", "date_year": 2023, "decimalLatitude": 63.421158314700001, "decimalLongitude": -19.100840538700002, "eventDate": "2023-07-22T17:46:46+00:00", "individualCount": null, "scientificName": "Fratercula arctica", "id": "eec71fba-319c-4389-a485-a1f667f32cb8", "especie_normalizada": "Fratercula arctica", "decada": 2020, "traffic_at_point": null, "traffic_buffer_mean": 0.76843816041946411 }, "geometry": { "type": "Point", "coordinates": [ 2909571.444314513355494, 4779060.633419772610068 ] } },
{ "type": "Feature", "properties": { "basisOfRecord": "HumanObservation", "date_year": 2023, "decimalLatitude": 65.859956456500001, "decimalLongitude": -20.2947910826, "eventDate": "2023-08-13T10:41:00+00:00", "individualCount": null, "scientificName": "Rissa tridactyla", "id": "eeefd5ac-d3e1-4fae-aa9f-75d2fd646b2e", "especie_normalizada": "Rissa tridactyla", "decada": 2020, "traffic_at_point": 0.0, "traffic_buffer_mean": 58.457283020019531 }, "geometry": { "type": "Point", "coordinates": [ 2979586.359993169084191, 5049036.064257579855621 ] } },
{ "type": "Feature", "properties": { "basisOfRecord": "HumanObservation", "date_year": 2023, "decimalLatitude": 66.364237591399998, "decimalLongitude": -14.658078575699999, "eventDate": "2023-07-07T13:37:00+00:00", "individualCount": null, "scientificName": "Rissa tridactyla", "id": "ef07bcaf-915a-472d-baa5-5c831b1ea01a", "especie_normalizada": "Rissa tridactyla", "decada": 2020, "traffic_at_point": 0.041228488087654114, "traffic_buffer_mean": 0.35081574320793152 }, "geometry": { "type": "Point", "coordinates": [ 3236129.654266891535372, 5001338.413720396347344 ] } },
{ "type": "Feature", "properties": { "basisOfRecord": "HumanObservation", "date_year": 2023, "decimalLatitude": 64.771691607400001, "decimalLongitude": -23.554342631000001, "eventDate": "2023-07-13T16:59:00+00:00", "individualCount": null, "scientificName": "Rissa tridactyla", "id": "efd97388-d723-4d9a-9d79-ca7885aad1da", "especie_normalizada": "Rissa tridactyla", "decada": 2020, "traffic_at_point": 1.8836169242858887, "traffic_buffer_mean": 8.3749494552612305 }, "geometry": { "type": "Point", "coordinates": [ 2787297.326998598873615, 5008941.933134965598583 ] } },
{ "type": "Feature", "properties": { "basisOfRecord": "HumanObservation", "date_year": 2023, "decimalLatitude": 64.7353973, "decimalLongitude": -23.775135, "eventDate": "2023-07-07T09:29:00+00:00", "individualCount": null, "scientificName": "Rissa tridactyla", "id": "efe83240-d89c-42a6-bb62-272974213010", "especie_normalizada": "Rissa tridactyla", "decada": 2020, "traffic_at_point": 0.025411320850253105, "traffic_buffer_mean": 7.5023536682128906 }, "geometry": { "type": "Point", "coordinates": [ 2776134.136248837225139, 5010305.193304006010294 ] } },
{ "type": "Feature", "properties": { "basisOfRecord": "HumanObservation", "date_year": 2023, "decimalLatitude": 65.500880555600006, "decimalLongitude": -24.528085277799999, "eventDate": "2023-08-16T15:33:00+00:00", "individualCount": null, "scientificName": "Fratercula arctica", "id": "efe8e45e-5278-4e69-966e-e084a1901f2b", "especie_normalizada": "Fratercula arctica", "decada": 2020, "traffic_at_point": 0.21914801001548767, "traffic_buffer_mean": 0.77430993318557739 }, "geometry": { "type": "Point", "coordinates": [ 2789112.216079740319401, 5101882.819242920726538 ] } },
{ "type": "Feature", "properties": { "basisOfRecord": "HumanObservation", "date_year": 2023, "decimalLatitude": 62.259429517900003, "decimalLongitude": 5.4232307863999996, "eventDate": "2023-01-26", "individualCount": null, "scientificName": "Fratercula arctica", "id": "f1fe609d-b798-470a-98a4-7b73b184b7cd", "especie_normalizada": "Fratercula arctica", "decada": 2020, "traffic_at_point": 0.0076752868480980396, "traffic_buffer_mean": 23.156625747680664 }, "geometry": { "type": "Point", "coordinates": [ 4082422.426699986681342, 4358620.372460722923279 ] } },
{ "type": "Feature", "properties": { "basisOfRecord": "HumanObservation", "date_year": 2023, "decimalLatitude": 63.403263847200002, "decimalLongitude": -20.288326795700002, "eventDate": "2023-05-29T17:12:00+00:00", "individualCount": null, "scientificName": "Fratercula arctica", "id": "f263c6ff-5be7-49d9-97a3-ca518c21bb28", "especie_normalizada": "Fratercula arctica", "decada": 2020, "traffic_at_point": 1.1813567876815796, "traffic_buffer_mean": 49.523628234863281 }, "geometry": { "type": "Point", "coordinates": [ 2855353.391869938001037, 4801840.870200926437974 ] } },
{ "type": "Feature", "properties": { "basisOfRecord": "HumanObservation", "date_year": 2023, "decimalLatitude": 64.75157, "decimalLongitude": -23.9019266667, "eventDate": "2023-08-10T15:55:00+00:00", "individualCount": null, "scientificName": "Rissa tridactyla", "id": "f27c9ac5-1296-417a-bc9d-f4a17b56f5f0", "especie_normalizada": "Rissa tridactyla", "decada": 2020, "traffic_at_point": 0.36628174781799316, "traffic_buffer_mean": 1.8072613477706909 }, "geometry": { "type": "Point", "coordinates": [ 2771806.853497721254826, 5014733.38784010335803 ] } },
{ "type": "Feature", "properties": { "basisOfRecord": "HumanObservation", "date_year": 2023, "decimalLatitude": 57.1429138333, "decimalLongitude": 10.426975, "eventDate": "2023-10-22T19:52:16+02:00", "individualCount": null, "scientificName": "Fratercula arctica", "id": "f30ffc6d-ff1c-4d08-9706-ba6749475f97", "especie_normalizada": "Fratercula arctica", "decada": 2020, "traffic_at_point": 97.217872619628906, "traffic_buffer_mean": 1.6517527103424072 }, "geometry": { "type": "Point", "coordinates": [ 4346877.063160505145788, 3782342.34983377950266 ] } },
{ "type": "Feature", "properties": { "basisOfRecord": "HumanObservation", "date_year": 2023, "decimalLatitude": 63.407397897099997, "decimalLongitude": -19.104757022699999, "eventDate": "2023-06-07T19:04:00+00:00", "individualCount": null, "scientificName": "Fratercula arctica", "id": "f34c0b2c-d41d-41bc-b630-7266aab46605", "especie_normalizada": "Fratercula arctica", "decada": 2020, "traffic_at_point": 0.0063093360513448715, "traffic_buffer_mean": 0.90702712535858154 }, "geometry": { "type": "Point", "coordinates": [ 2908729.646671812050045, 4777741.559430448338389 ] } },
{ "type": "Feature", "properties": { "basisOfRecord": "HumanObservation", "date_year": 2023, "decimalLatitude": 65.542435155099994, "decimalLongitude": -13.748251743499999, "eventDate": "2023-06-05T16:56:00+00:00", "individualCount": null, "scientificName": "Fratercula arctica", "id": "f4f74096-f1bf-4181-bf05-3dc80ce13a87", "especie_normalizada": "Fratercula arctica", "decada": 2020, "traffic_at_point": 3972.853759765625, "traffic_buffer_mean": 16.466697692871094 }, "geometry": { "type": "Point", "coordinates": [ 3240853.215231688693166, 4901638.246683383360505 ] } },
{ "type": "Feature", "properties": { "basisOfRecord": "HumanObservation", "date_year": 2023, "decimalLatitude": 58.630494288000001, "decimalLongitude": -3.0340853641000001, "eventDate": "2023-06-10T08:57:00+01:00", "individualCount": null, "scientificName": "Rissa tridactyla", "id": "f558afbd-1155-4c5e-b0dd-a720de4c4e93", "especie_normalizada": "Rissa tridactyla", "decada": 2020, "traffic_at_point": 1.0979679822921753, "traffic_buffer_mean": 2.1770534515380859 }, "geometry": { "type": "Point", "coordinates": [ 3567440.091746950056404, 4016911.626302809454501 ] } },
{ "type": "Feature", "properties": { "basisOfRecord": "HumanObservation", "date_year": 2023, "decimalLatitude": 64.049101, "decimalLongitude": -16.181527, "eventDate": "2023-08-12T08:55:00+00:00", "individualCount": null, "scientificName": "Rissa tridactyla", "id": "f78a6085-8b20-4fd3-af1e-380dfb45263b", "especie_normalizada": "Rissa tridactyla", "decada": 2020, "traffic_at_point": 0.0, "traffic_buffer_mean": 0.19356860220432281 }, "geometry": { "type": "Point", "coordinates": [ 3070211.22745711915195, 4787489.686127437278628 ] } },
{ "type": "Feature", "properties": { "basisOfRecord": "HumanObservation", "date_year": 2023, "decimalLatitude": 64.045813611100002, "decimalLongitude": -16.179508611100001, "eventDate": "2023-08-03T14:04:00+00:00", "individualCount": null, "scientificName": "Rissa tridactyla", "id": "f7bc5626-8039-415b-9909-36faea3297fe", "especie_normalizada": "Rissa tridactyla", "decada": 2020, "traffic_at_point": 0.0, "traffic_buffer_mean": 0.19356860220432281 }, "geometry": { "type": "Point", "coordinates": [ 3070157.813356859609485, 4787113.857968088239431 ] } },
{ "type": "Feature", "properties": { "basisOfRecord": "HumanObservation", "date_year": 2023, "decimalLatitude": 65.606374132599996, "decimalLongitude": -20.635262412900001, "eventDate": "2023-06-01T17:01:00+00:00", "individualCount": null, "scientificName": "Rissa tridactyla", "id": "f8555e56-4615-4882-8dad-05d9e5310707", "especie_normalizada": "Rissa tridactyla", "decada": 2020, "traffic_at_point": 0.0, "traffic_buffer_mean": 0.036562088876962662 }, "geometry": { "type": "Point", "coordinates": [ 2952598.436797086615115, 5030327.014048555865884 ] } },
{ "type": "Feature", "properties": { "basisOfRecord": "HumanObservation", "date_year": 2023, "decimalLatitude": 64.047803055000003, "decimalLongitude": -16.180913055000001, "eventDate": "2023-07-22T22:06:00+00:00", "individualCount": null, "scientificName": "Rissa tridactyla", "id": "f8595e14-1658-41b2-bd07-11e833793457", "especie_normalizada": "Rissa tridactyla", "decada": 2020, "traffic_at_point": 0.0, "traffic_buffer_mean": 0.19356860220432281 }, "geometry": { "type": "Point", "coordinates": [ 3070181.888161844573915, 4787344.594489311799407 ] } },
{ "type": "Feature", "properties": { "basisOfRecord": "HumanObservation", "date_year": 2023, "decimalLatitude": 63.444258333299999, "decimalLongitude": -20.302272222199999, "eventDate": "2023-05-05T22:21:00+00:00", "individualCount": null, "scientificName": "Fratercula arctica", "id": "f89022c5-4abe-417f-bbae-660bb5e85b72", "especie_normalizada": "Fratercula arctica", "decada": 2020, "traffic_at_point": 12.264752388000488, "traffic_buffer_mean": 49.883949279785156 }, "geometry": { "type": "Point", "coordinates": [ 2856788.46145910769701, 4806270.190294108353555 ] } },
{ "type": "Feature", "properties": { "basisOfRecord": "HumanObservation", "date_year": 2023, "decimalLatitude": 65.499297823899994, "decimalLongitude": -24.510755512, "eventDate": "2023-06-30T08:18:00+00:00", "individualCount": null, "scientificName": "Fratercula arctica", "id": "f9dd45fe-61be-402a-b457-d1a2ec867e6f", "especie_normalizada": "Fratercula arctica", "decada": 2020, "traffic_at_point": 0.21914801001548767, "traffic_buffer_mean": 0.77430993318557739 }, "geometry": { "type": "Point", "coordinates": [ 2789712.050677050836384, 5101343.131387866102159 ] } },
{ "type": "Feature", "properties": { "basisOfRecord": "HumanObservation", "date_year": 2023, "decimalLatitude": 67.834087757199995, "decimalLongitude": 12.8912035033, "eventDate": "2023-07-18T11:28:00+02:00", "individualCount": null, "scientificName": "Rissa tridactyla", "id": "fb322df9-7c43-4e5f-b78a-76228855cc4d", "especie_normalizada": "Rissa tridactyla", "decada": 2020, "traffic_at_point": 4.8710727691650391, "traffic_buffer_mean": 36.901519775390625 }, "geometry": { "type": "Point", "coordinates": [ 4443946.706267340108752, 4970727.720725161023438 ] } },
{ "type": "Feature", "properties": { "basisOfRecord": "HumanObservation", "date_year": 2023, "decimalLatitude": 63.403663888899999, "decimalLongitude": -19.130061111100002, "eventDate": "2023-06-10T01:16:00+00:00", "individualCount": null, "scientificName": "Fratercula arctica", "id": "fb34fe62-97c6-42bc-a213-6bde6d3b88e1", "especie_normalizada": "Fratercula arctica", "decada": 2020, "traffic_at_point": 0.0011651238892227411, "traffic_buffer_mean": 0.97013711929321289 }, "geometry": { "type": "Point", "coordinates": [ 2907407.131005652248859, 4777876.544575275853276 ] } },
{ "type": "Feature", "properties": { "basisOfRecord": "HumanObservation", "date_year": 2023, "decimalLatitude": 64.174295892100005, "decimalLongitude": -21.962339216899998, "eventDate": "2023-06-01T13:23:18+00:00", "individualCount": null, "scientificName": "Fratercula arctica", "id": "fb3fe1fe-ff13-4357-bd69-a4a8427bd1de", "especie_normalizada": "Fratercula arctica", "decada": 2020, "traffic_at_point": 43.554161071777344, "traffic_buffer_mean": 94.5106201171875 }, "geometry": { "type": "Point", "coordinates": [ 2821838.708969303406775, 4914921.813912334851921 ] } },
{ "type": "Feature", "properties": { "basisOfRecord": "HumanObservation", "date_year": 2023, "decimalLatitude": 66.113523747299993, "decimalLongitude": -17.413473053000001, "eventDate": "2023-06-06T08:08:00+00:00", "individualCount": null, "scientificName": "Rissa tridactyla", "id": "fb7ec0ee-2b9a-4929-b811-8caac1952b52", "especie_normalizada": "Rissa tridactyla", "decada": 2020, "traffic_at_point": 3.880598783493042, "traffic_buffer_mean": 44.6925048828125 }, "geometry": { "type": "Point", "coordinates": [ 3110454.641466458328068, 5021372.817196806892753 ] } },
{ "type": "Feature", "properties": { "basisOfRecord": "HumanObservation", "date_year": 2023, "decimalLatitude": 61.685575491100003, "decimalLongitude": -6.7415479571, "eventDate": "2023-07-21T12:07:08+01:00", "individualCount": null, "scientificName": "Fratercula arctica", "id": "fb8b3ac3-e4a1-4c3e-9964-2ae3f82391cc", "especie_normalizada": "Fratercula arctica", "decada": 2020, "traffic_at_point": 0.085146687924861908, "traffic_buffer_mean": 0.69173532724380493 }, "geometry": { "type": "Point", "coordinates": [ 3441246.492260620929301, 4392307.093836488202214 ] } },
{ "type": "Feature", "properties": { "basisOfRecord": "HumanObservation", "date_year": 2023, "decimalLatitude": 66.561780716399994, "decimalLongitude": -13.6235575005, "eventDate": "2023-07-27T19:33:43-01:00", "individualCount": null, "scientificName": "Rissa tridactyla", "id": "fc155838-fad8-4176-9db5-2c88cd91f4e7", "especie_normalizada": "Rissa tridactyla", "decada": 2020, "traffic_at_point": 0.013235481455922127, "traffic_buffer_mean": 0.04150780662894249 }, "geometry": { "type": "Point", "coordinates": [ 3287478.826069138944149, 5005991.024691065773368 ] } },
{ "type": "Feature", "properties": { "basisOfRecord": "HumanObservation", "date_year": 2023, "decimalLatitude": 62.371822428400002, "decimalLongitude": 5.7611229457000004, "eventDate": "2023-05-15T18:05:00+02:00", "individualCount": null, "scientificName": "Fratercula arctica", "id": "fc5edf3b-a6fb-4fba-8eeb-cc997a905d9d", "especie_normalizada": "Fratercula arctica", "decada": 2020, "traffic_at_point": 4.1444096565246582, "traffic_buffer_mean": 105.47017669677734 }, "geometry": { "type": "Point", "coordinates": [ 4100813.585731697734445, 4369968.784474782645702 ] } },
{ "type": "Feature", "properties": { "basisOfRecord": "HumanObservation", "date_year": 2023, "decimalLatitude": 66.113630467299998, "decimalLongitude": -17.369669845800001, "eventDate": "2023-06-04T08:59:00+00:00", "individualCount": null, "scientificName": "Fratercula arctica", "id": "fc77e7ce-6270-4e99-a270-8219af327d3b", "especie_normalizada": "Fratercula arctica", "decada": 2020, "traffic_at_point": 22.969921112060547, "traffic_buffer_mean": 48.895980834960938 }, "geometry": { "type": "Point", "coordinates": [ 3112271.832966287620366, 5020615.67116186581552 ] } },
{ "type": "Feature", "properties": { "basisOfRecord": "HumanObservation", "date_year": 2023, "decimalLatitude": 57.158504455500001, "decimalLongitude": 9.0251544038000002, "eventDate": "2023-08-05T19:46:00+02:00", "individualCount": null, "scientificName": "Rissa tridactyla", "id": "fcc55c2f-e4fb-4fae-bafd-a3fa49abe614", "especie_normalizada": "Rissa tridactyla", "decada": 2020, "traffic_at_point": 0.056749425828456879, "traffic_buffer_mean": 5.8431491851806641 }, "geometry": { "type": "Point", "coordinates": [ 4261945.113872872665524, 3784401.39191743824631 ] } },
{ "type": "Feature", "properties": { "basisOfRecord": "HumanObservation", "date_year": 2023, "decimalLatitude": 64.067616041199997, "decimalLongitude": -21.971379519300001, "eventDate": "2023-02-24T15:46:00+00:00", "individualCount": null, "scientificName": "Rissa tridactyla", "id": "fd3b5e2d-5b6a-498b-95ed-1ae3fa367551", "especie_normalizada": "Rissa tridactyla", "decada": 2020, "traffic_at_point": 5469.10107421875, "traffic_buffer_mean": 218.49650573730469 }, "geometry": { "type": "Point", "coordinates": [ 2815785.955899100750685, 4904497.718754196539521 ] } },
{ "type": "Feature", "properties": { "basisOfRecord": "HumanObservation", "date_year": 2023, "decimalLatitude": 64.169063488999996, "decimalLongitude": -21.969333328299999, "eventDate": "2023-06-01T13:51:31+00:00", "individualCount": null, "scientificName": "Fratercula arctica", "id": "fd6287ff-047b-4812-a800-ca76c79ea31a", "especie_normalizada": "Fratercula arctica", "decada": 2020, "traffic_at_point": 43.554161071777344, "traffic_buffer_mean": 94.5106201171875 }, "geometry": { "type": "Point", "coordinates": [ 2821260.725598014891148, 4914552.526968518272042 ] } },
{ "type": "Feature", "properties": { "basisOfRecord": "HumanObservation", "date_year": 2023, "decimalLatitude": 65.378393867499994, "decimalLongitude": -22.909570635200001, "eventDate": "2023-06-21T16:18:00+00:00", "individualCount": null, "scientificName": "Fratercula arctica", "id": "fdc45681-184a-4da5-b8a5-f0aad9774596", "especie_normalizada": "Fratercula arctica", "decada": 2020, "traffic_at_point": 31.355978012084961, "traffic_buffer_mean": 1.4203054904937744 }, "geometry": { "type": "Point", "coordinates": [ 2847394.577359758317471, 5054566.77308058179915 ] } },
{ "type": "Feature", "properties": { "basisOfRecord": "HumanObservation", "date_year": 2023, "decimalLatitude": 67.815028283499998, "decimalLongitude": 12.891778951899999, "eventDate": "2023-07-15T14:23:26+02:00", "individualCount": null, "scientificName": "Rissa tridactyla", "id": "fde5671d-cc07-4053-91df-8a821181c8f9", "especie_normalizada": "Rissa tridactyla", "decada": 2020, "traffic_at_point": 1.8524590730667114, "traffic_buffer_mean": 36.283588409423828 }, "geometry": { "type": "Point", "coordinates": [ 4444068.580242719501257, 4968625.738390076905489 ] } },
{ "type": "Feature", "properties": { "basisOfRecord": "HumanObservation", "date_year": 2023, "decimalLatitude": 65.541878333300005, "decimalLongitude": -13.754788333300001, "eventDate": "2023-06-29T10:26:19+00:00", "individualCount": null, "scientificName": "Fratercula arctica", "id": "fe2e5496-c0c8-420d-9afa-90a0f4ee18b4", "especie_normalizada": "Fratercula arctica", "decada": 2020, "traffic_at_point": 3972.853759765625, "traffic_buffer_mean": 16.466697692871094 }, "geometry": { "type": "Point", "coordinates": [ 3240547.330707035958767, 4901682.14754187874496 ] } },
{ "type": "Feature", "properties": { "basisOfRecord": "HumanObservation", "date_year": 2023, "decimalLatitude": 65.542191666700006, "decimalLongitude": -13.7549555556, "eventDate": "2023-06-05T07:30:00+00:00", "individualCount": null, "scientificName": "Fratercula arctica", "id": "fe5fb571-7f47-4ac6-ba05-15f3665acd55", "especie_normalizada": "Fratercula arctica", "decada": 2020, "traffic_at_point": 3972.853759765625, "traffic_buffer_mean": 16.466697692871094 }, "geometry": { "type": "Point", "coordinates": [ 3240552.768657456617802, 4901717.440848931670189 ] } },
{ "type": "Feature", "properties": { "basisOfRecord": "HumanObservation", "date_year": 2023, "decimalLatitude": 63.398984029499999, "decimalLongitude": -20.292021182199999, "eventDate": "2023-06-26T00:48:00+00:00", "individualCount": null, "scientificName": "Fratercula arctica", "id": "fea27d01-db48-43c7-98b2-b2ff2341ccba", "especie_normalizada": "Fratercula arctica", "decada": 2020, "traffic_at_point": 1.1087168455123901, "traffic_buffer_mean": 49.523628234863281 }, "geometry": { "type": "Point", "coordinates": [ 2854973.377571146003902, 4801487.114500373601913 ] } },
{ "type": "Feature", "properties": { "basisOfRecord": "HumanObservation", "date_year": 2023, "decimalLatitude": 65.901715022499999, "decimalLongitude": -16.065327638199999, "eventDate": "2023-05-29T18:12:13+00:00", "individualCount": null, "scientificName": "Fratercula arctica", "id": "ff06c58f-4071-4978-856f-3e1fd5bf68da", "especie_normalizada": "Fratercula arctica", "decada": 2020, "traffic_at_point": null, "traffic_buffer_mean": null }, "geometry": { "type": "Point", "coordinates": [ 3157083.604007380083203, 4976474.76028355024755 ] } },
{ "type": "Feature", "properties": { "basisOfRecord": "HumanObservation", "date_year": 2023, "decimalLatitude": 64.938945113800003, "decimalLongitude": -19.1132996684, "eventDate": "2023-07-13T19:11:08+00:00", "individualCount": null, "scientificName": "Fratercula arctica", "id": "ff0f4cd1-3400-4e5f-b9b9-31afda8bc832", "especie_normalizada": "Fratercula arctica", "decada": 2020, "traffic_at_point": null, "traffic_buffer_mean": null }, "geometry": { "type": "Point", "coordinates": [ 2982843.664092548657209, 4933299.650812283158302 ] } },
{ "type": "Feature", "properties": { "basisOfRecord": "HumanObservation", "date_year": 2023, "decimalLatitude": 66.076667, "decimalLongitude": -17.55, "eventDate": "2023-05-13", "individualCount": 1.0, "scientificName": "Balaenoptera musculus", "id": "ffc18197-dd4e-4c99-8ec2-ee666112ced5", "especie_normalizada": "Balaenoptera musculus", "decada": 2020, "traffic_at_point": 9.6210622787475586, "traffic_buffer_mean": 42.368129730224609 }, "geometry": { "type": "Point", "coordinates": [ 3103082.743364371359348, 5020015.359634535387158 ] } },
{ "type": "Feature", "properties": { "basisOfRecord": "HumanObservation", "date_year": 2023, "decimalLatitude": 66.081892, "decimalLongitude": -17.551167, "eventDate": "2023-06-15T11:00", "individualCount": 1.0, "scientificName": "Balaenoptera musculus", "id": "fff72bd9-82ac-4900-86fe-4557f34fc911", "especie_normalizada": "Balaenoptera musculus", "decada": 2020, "traffic_at_point": 9.6210622787475586, "traffic_buffer_mean": 41.757022857666016 }, "geometry": { "type": "Point", "coordinates": [ 3103279.296356786973774, 5020568.845277117565274 ] } },
{ "type": "Feature", "properties": { "basisOfRecord": "HumanObservation", "date_year": 2023, "decimalLatitude": 65.499297823899994, "decimalLongitude": -24.510755512, "eventDate": "2023-06-30T07:48:00+00:00", "individualCount": null, "scientificName": "Rissa tridactyla", "id": "fffd70b2-ef3f-4509-9e2e-6bff0bea63ea", "especie_normalizada": "Rissa tridactyla", "decada": 2020, "traffic_at_point": 0.21914801001548767, "traffic_buffer_mean": 0.77430993318557739 }, "geometry": { "type": "Point", "coordinates": [ 2789712.050677050836384, 5101343.131387866102159 ] } }
]
}
