"basisOfRecord","date_year","decimalLatitude","decimalLongitude","eventDate","individualCount","scientificName","id","especie_normalizada","decada"
"HumanObservation",2023,70.2662315984,31.0878208334,"2023-06-23T17:26:00+02:00",NA,"Rissa tridactyla","000520d1-6149-4653-a2c1-aec08be9368a","Rissa tridactyla",2020
"HumanObservation",2018,63.5185730561,-19.0055500016,"2018-07-27T19:38:00+00:00",NA,"Fratercula arctica","0009fde9-cfd0-4588-b9c2-e9e6e3b6e8ab","Fratercula arctica",2010
"HumanObservation",2022,58.3869272019,-5.1976633976,"2022-04-30T11:46:00+01:00",NA,"Fratercula arctica","00191dba-f887-4b5d-90bb-b0a35f6dcbb2","Fratercula arctica",2020
"HumanObservation",2017,59.8543638889,-1.2741555556,"2017-06-25T11:35:00+02:00",NA,"Fratercula arctica","00219945-26fc-40ef-b9b4-1db3ea9a0146","Fratercula arctica",2010
"HumanObservation",2023,64.8959927783,-23.700686945,"2023-07-14T18:16:00+00:00",NA,"Rissa tridactyla","002cc982-f0c0-48b0-b958-8c48c3c42904","Rissa tridactyla",2020
"HumanObservation",2023,64.171961993,-21.9698882103,"2023-06-01T13:38:56+00:00",NA,"Fratercula arctica","0033a903-0f15-4377-b0e3-a4296ad91d43","Fratercula arctica",2020
"MachineObservation",2020,78.816113,4.919512,"2020-09-13T12:47",NA,"Physeter macrocephalus","00552f75-a200-45c3-885c-f96df6257e7b","Physeter macrocephalus",2020
"HumanObservation",2023,62.5749921175,5.7141126927,"2023-05-30T12:11:00+02:00",NA,"Fratercula arctica","0058e37e-3af1-498c-b15c-1865be24e6d7","Fratercula arctica",2020
"HumanObservation",2024,78.3015601297,13.9104532281,"2024-06-05T17:13:00+02:00",NA,"Rissa tridactyla","00598a81-3092-4237-9cf3-263046e3c53c","Rissa tridactyla",2020
"HumanObservation",2020,62.411087233,7.7310688145,"2020-03-13T13:15:00+01:00",NA,"Rissa tridactyla","005eb172-c973-4449-9adb-ceb0c8c9b45b","Rissa tridactyla",2020
"HumanObservation",2023,70.2856451866,31.0198979955,"2023-03-24T11:28:00+01:00",NA,"Rissa tridactyla","0078f038-61a5-4360-b8d7-d17e3612221e","Rissa tridactyla",2020
"HumanObservation",2017,64.963051,-19.020835,"2017-08-13T05:59:00-07:00",NA,"Rissa tridactyla","00791e1e-e6d9-4065-9acf-9388bef680fc","Rissa tridactyla",2010
"HumanObservation",2023,65.5007822217,-24.5277847217,"2023-07-16T13:40:00+00:00",NA,"Fratercula arctica","007bb699-5d22-4787-988a-c4c46b79cb1e","Fratercula arctica",2020
"HumanObservation",2023,70.9509196776,25.245383131,"2023-07-17T09:57:00+02:00",NA,"Fratercula arctica","007fb350-72cc-4b5c-a967-fe978f427aac","Fratercula arctica",2020
"HumanObservation",2022,70.2113529377,31.06667538,"2022-07-19T13:45:00+02:00",NA,"Fratercula arctica","0087f4a1-1297-4634-ad0e-a17e096344d6","Fratercula arctica",2020
"HumanObservation",2018,63.4017666537,-19.127674127,"2018-07-26T13:31:00+00:00",NA,"Fratercula arctica","009900d1-00e3-43e2-9dae-985ea31c204a","Fratercula arctica",2010
"HumanObservation",2023,66.1902531908,-17.5996958081,"2023-06-06T07:26:00+00:00",NA,"Fratercula arctica","00a194e2-9e1d-4648-884d-c24fad01624c","Fratercula arctica",2020
"HumanObservation",2023,70.2745331434,31.1782653698,"2023-06-23T14:53:00+02:00",NA,"Rissa tridactyla","00aad296-3f47-421d-9318-1ef1fe1e46c6","Rissa tridactyla",2020
"HumanObservation",2022,70.363572335,31.0094857506,"2022-04-14T18:24:00+02:00",NA,"Fratercula arctica","00bce1b9-b6d0-434b-9168-b6c2cb68fcc6","Fratercula arctica",2020
"HumanObservation",2019,65.542145,-13.75467,"2019-04-24T12:47:39+03:00",NA,"Fratercula arctica","00d800dc-4ab4-41d8-a485-8929b766b4fb","Fratercula arctica",2010
"HumanObservation",2024,69.7774376471,18.9644995417,"2024-03-24T15:28:54+01:00",NA,"Rissa tridactyla","00eba1e9-5489-45e8-8cab-e99f1e259f40","Rissa tridactyla",2020
"HumanObservation",2024,65.5428008907,-13.7559357514,"2024-05-22T14:50:47+00:00",NA,"Fratercula arctica","00ebf151-4f40-4fe6-b49c-a1b7a034a08b","Fratercula arctica",2020
"HumanObservation",2023,71.1581565482,25.1048486041,"2023-07-28T11:44:42+02:00",NA,"Fratercula arctica","010bf01b-e39c-43e7-aa2f-3bfcd438ffca","Fratercula arctica",2020
"HumanObservation",2021,65.5421083333,-13.7543883333,"2021-06-06T18:28:00+00:00",NA,"Fratercula arctica","01185c13-f045-4aee-98f5-69147c02916d","Fratercula arctica",2020
"HumanObservation",2018,64.732527,-23.7846095,"2018-08-17T16:13:00+00:00",NA,"Rissa tridactyla","01230df7-01be-4921-981b-a7e2f93cb4b8","Rissa tridactyla",2010
"HumanObservation",2021,58.7266257841,-3.0384196278,"2021-08-04T12:35:00+01:00",NA,"Fratercula arctica","0135bd58-728b-4af2-b50b-6682ba6f7793","Fratercula arctica",2020
"HumanObservation",2018,65.9855441337,-17.6649963856,"2018-05-09",NA,"Fratercula arctica","01558498-1eab-4f34-9ae5-531715562cfe","Fratercula arctica",2010
"HumanObservation",2023,65.5383750811,-13.7547109389,"2023-06-05T17:14:00+00:00",NA,"Fratercula arctica","015ef741-ec4f-4fee-bafd-afc94a5d63f5","Fratercula arctica",2020
"HumanObservation",2020,61.4173,-24.2079,"2020-08-25",NA,"Balaenoptera physalus","017b095c-c850-4e39-a23a-15a8f4ccb400","Balaenoptera physalus",2020
"HumanObservation",2024,64.7691649151,-23.619099376,"2024-09-10T16:43:00+00:00",NA,"Rissa tridactyla","0185259b-bba1-4318-91db-c90843a85941","Rissa tridactyla",2020
"HumanObservation",2019,64.3342851635,-22.7405908432,"2019-07-30T11:41:00+00:00",NA,"Fratercula arctica","0195b0cd-0d72-4d37-b3e2-8128da46a79c","Fratercula arctica",2010
"HumanObservation",2023,64.7516429867,-23.6450850065,"2023-07-06T10:01:00+00:00",NA,"Rissa tridactyla","019fa7ba-c3a0-4780-a613-f708cf16e4ac","Rissa tridactyla",2020
"HumanObservation",2024,65.5049063534,-24.2776574543,"2024-07-27T05:31:00+00:00",NA,"Fratercula arctica","01b738c4-f650-44ae-af8f-bedfca26a50d","Fratercula arctica",2020
"HumanObservation",2017,66.4535165052,-15.9361030887,"2017-07-28T09:44:00+00:00",NA,"Rissa tridactyla","01c2e815-a4a7-4042-8471-3cb18a387ce3","Rissa tridactyla",2010
"HumanObservation",2024,70.7265840483,29.622117036,"2024-04-06T07:16:00+02:00",NA,"Rissa tridactyla","01c8bd8a-0869-4b0b-bdf0-c301b3eae141","Rissa tridactyla",2020
"HumanObservation",2024,70.3857924287,30.8232352969,"2024-06-11T17:17:00+02:00",NA,"Rissa tridactyla","01d2647c-8d6b-4d45-914a-6a22495f3cc7","Rissa tridactyla",2020
"HumanObservation",2024,62.1060819908,-7.4347298522,"2024-05-04T20:39:00+01:00",NA,"Fratercula arctica","01d3fccb-3169-4a41-b769-2399b7c6de1e","Fratercula arctica",2020
"HumanObservation",2024,59.1,-3.35,"2024-06-20T05:49:00+01:00",NA,"Fratercula arctica","01d51658-1c57-42ab-b571-278f69338982","Fratercula arctica",2020
"HumanObservation",2023,64.1726863425,-10.9614505953,"2023-10-03T09:29:00-01:00",NA,"Rissa tridactyla","01d80f74-84e8-439b-83be-7c02dcdcc113","Rissa tridactyla",2020
"HumanObservation",2021,63.4034968886,-20.2873740345,"2021-08-21T12:56:40+00:00",NA,"Fratercula arctica","01e16d72-d455-442c-a5d8-5dd326238348","Fratercula arctica",2020
"HumanObservation",2019,79.6113207966,12.6754130423,"2019-07-16T10:56:34-04:00",NA,"Rissa tridactyla","01e583cb-dafe-449e-a08c-c52c275fbf43","Rissa tridactyla",2010
"HumanObservation",2024,64.732527,-23.7846095,"2024-05-03T17:58:00+00:00",NA,"Rissa tridactyla","0201959b-31a7-46dd-a312-036de0876aa9","Rissa tridactyla",2020
"HumanObservation",2023,70.2375264365,31.0961695997,"2023-06-23T16:46:00+02:00",NA,"Rissa tridactyla","020d561b-8165-484e-821e-685721f85bf1","Rissa tridactyla",2020
"HumanObservation",2021,66.1976583617,-15.3362242883,"2021-07-12T14:27:00+02:00",NA,"Rissa tridactyla","020f85a6-3458-44e0-9135-d517274d427d","Rissa tridactyla",2020
"HumanObservation",2024,61.7748543255,-6.8076005929,"2024-07-25T10:55:00+01:00",NA,"Fratercula arctica","0216dcbf-b0a8-4c8c-85de-4b4f492ccf56","Fratercula arctica",2020
"HumanObservation",2023,63.4141998291,-19.007610321,"2023-02-11T18:04:21+00:00",NA,"Fratercula arctica","0220d6fa-10ac-4d91-8cf5-caac54adeddf","Fratercula arctica",2020
"HumanObservation",2018,64.0784458,-16.2305536,"2018-06-18T19:18:00Z",NA,"Rissa tridactyla","0224a590-0cd4-4a5b-a88e-fb10d5254e8a","Rissa tridactyla",2010
"MaterialSample",2019,58.38841,-5.197341,"2019-06-26",NA,"Fratercula arctica","025bf068-03e9-4d1f-8d9e-fa8cf176a18b","Fratercula arctica",2010
"HumanObservation",2024,63.3990978981,-19.1178451643,"2024-08-26T16:18:00+00:00",NA,"Fratercula arctica","026b7cb4-d2b7-413d-aa1e-3fa6f3be0664","Fratercula arctica",2020
"HumanObservation",2023,60.0032324928,-1.2205738185,"2023-01-01T11:13:00+00:00",NA,"Rissa tridactyla","026fe630-bbb3-45d5-ae0b-fff0344ba4be","Rissa tridactyla",2020
"HumanObservation",2024,63.40422,-19.1032216667,"2024-08-15T11:42:09+00:00",NA,"Fratercula arctica","0275f4e2-9c5d-4c61-bfe0-64c90ae7d83d","Fratercula arctica",2020
"HumanObservation",2024,78.2358271954,15.2681638957,"2024-07-04T08:38:00+02:00",NA,"Fratercula arctica","0277aff6-1e27-4261-b653-684538baf518","Fratercula arctica",2020
"HumanObservation",2023,63.4450266958,-20.2614583281,"2023-07-24T14:51:00+00:00",NA,"Fratercula arctica","0279a69c-e856-4685-85a0-46a6211b5305","Fratercula arctica",2020
"HumanObservation",2018,58.6410961848,-3.0249124065,"2018-08-04T20:19:00+02:00",NA,"Rissa tridactyla","028cd03f-ee44-443a-b3ec-b9aaaf77b043","Rissa tridactyla",2010
"HumanObservation",2024,61.44115,-6.7898944444,"2024-07-19T18:02:47+01:00",NA,"Fratercula arctica","02b644fc-3fc6-4272-9888-558a507b230d","Fratercula arctica",2020
"HumanObservation",2022,70.3707961046,31.1413449228,"2022-04-14T18:38:00+02:00",NA,"Fratercula arctica","02b69d0e-882f-4e20-8a51-10165b2aad19","Fratercula arctica",2020
"HumanObservation",2022,58.7563210871,-2.9919811241,"2022-07-10T19:13:00+01:00",NA,"Rissa tridactyla","02c25e00-7ea4-4d11-977e-08501c01eb16","Rissa tridactyla",2020
"HumanObservation",2023,77.9687116667,21.3209116667,"2023-07-11T16:52:56+02:00",NA,"Rissa tridactyla","02c8b914-a3f3-4f41-9f04-cfc06597866a","Rissa tridactyla",2020
"HumanObservation",2018,63.4068474506,-19.1061262188,"2018-08-30T20:19:00-05:00",NA,"Fratercula arctica","02d1c83b-9a2c-456b-8e70-56862129d503","Fratercula arctica",2010
"HumanObservation",2022,63.8114817716,-22.7134242718,"2022-04-28T16:19:00+00:00",NA,"Rissa tridactyla","02e3254b-29f9-4f9e-8c0a-594b7c4acc67","Rissa tridactyla",2020
"HumanObservation",2022,64.1992943629,-21.8872864528,"2022-07-22T14:14:00+00:00",NA,"Fratercula arctica","02fd6a00-6040-43ac-9114-7a375dbeee10","Fratercula arctica",2020
"HumanObservation",2023,70.3541443563,31.0810035877,"2023-06-23T17:05:00+02:00",NA,"Fratercula arctica","031a7ae2-a47f-4109-9653-b69e8b0c1ab1","Fratercula arctica",2020
"HumanObservation",2023,76.8930890015,14.4222800394,"2023-09-26T15:27:00+02:00",NA,"Balaenoptera physalus","03288377-d573-41f8-861e-c1d79604fcfc","Balaenoptera physalus",2020
"HumanObservation",2022,68.9562085163,15.1967157053,"2022-09-06T01:49:00+02:00",NA,"Rissa tridactyla","0337c52c-1680-496f-9821-b1c2e24186fc","Rissa tridactyla",2020
"HumanObservation",2024,63.4036611111,-19.1299972222,"2024-08-18T13:31:00+00:00",NA,"Fratercula arctica","033f37b2-1faf-4bfb-90c5-435e6be17f02","Fratercula arctica",2020
"HumanObservation",2024,77.0174423367,15.8855977846,"2024-07-31T11:25:00+02:00",NA,"Fratercula arctica","03539e68-91e5-48ed-8d54-9d9d7a03426b","Fratercula arctica",2020
"HumanObservation",2018,64.8786978197,-24.042411599,"2018-06-17T10:35:00-07:00",NA,"Fratercula arctica","03551845-12db-4378-82ee-e734784c1be2","Fratercula arctica",2010
"HumanObservation",2023,63.4027100667,-19.0405340672,"2023-05-16T22:23:00+00:00",NA,"Fratercula arctica","0373b9a2-957f-4b81-84b3-21e1681ad2b0","Fratercula arctica",2020
"HumanObservation",2023,68.7223736259,-21.2923687044,"2023-09-01T09:45:00-01:00",NA,"Rissa tridactyla","03795b21-4567-4598-a422-d4653b9538da","Rissa tridactyla",2020
"HumanObservation",2020,60.9042,-10.714,"2020-08-24",NA,"Rissa tridactyla","038363ce-6953-44ba-9831-fb5aca009492","Rissa tridactyla",2020
"HumanObservation",2021,60.8411629957,-0.8907107366,"2021-07-18T14:45:00+01:00",NA,"Fratercula arctica","0386bbea-8ee5-459d-bb63-30a9b733c02e","Fratercula arctica",2020
"HumanObservation",2017,79.3455483333,11.6509866667,"2017-07-19T10:37:00+01:00",NA,"Rissa tridactyla","03926c3e-9162-4d69-b9d5-b983e2089fe3","Rissa tridactyla",2010
"HumanObservation",2022,64.86389,-24.039667,"2022-07-11T17:30:00+00:00",NA,"Rissa tridactyla","039b44e3-2c5a-4758-b23f-d19dfc347c25","Rissa tridactyla",2020
"HumanObservation",2024,79.5267753026,12.4141593827,"2024-07-03T08:58:01+02:00",NA,"Rissa tridactyla","03a2bae5-2fb5-4f2c-8033-d67b76dedf12","Rissa tridactyla",2020
"HumanObservation",2023,70.3375662816,31.0885269365,"2023-06-23T16:33:00+02:00",NA,"Fratercula arctica","03a3da86-59cc-42bb-b474-86fc7f73bb30","Fratercula arctica",2020
"HumanObservation",2022,78.2667616667,21.9213783333,"2022-09-12T15:14:23+02:00",NA,"Rissa tridactyla","03a40dda-f04f-4e2c-98bd-f3b62737e1c2","Rissa tridactyla",2020
"HumanObservation",2021,66.135610903,-17.4188989029,"2021-07-29T18:33:00+00:00",NA,"Fratercula arctica","03b15d4d-a354-4f99-8913-8e4ba7f357a4","Fratercula arctica",2020
"HumanObservation",2023,57.6977268897,11.608878724,"2023-10-14T11:29:48+02:00",NA,"Rissa tridactyla","03c1714b-303e-4a24-aa21-98064563e0bc","Rissa tridactyla",2020
"HumanObservation",2023,63.4334106445,-19.1535396576,"2023-08-02T10:34:40+00:00",NA,"Fratercula arctica","03c6a16e-72d4-4ea7-8167-f435dfcc2516","Fratercula arctica",2020
"HumanObservation",2024,66.5288700732,-17.211026571,"2024-05-25T18:49:00-01:00",NA,"Fratercula arctica","03c81560-16b6-497d-83d9-90ac0b1e73af","Fratercula arctica",2020
"HumanObservation",2022,59.12823932,-2.904890385,"2022-05-05T14:11:00+01:00",NA,"Rissa tridactyla","03c92d6c-10fe-435f-a270-b23602316eda","Rissa tridactyla",2020
"HumanObservation",2023,63.402554216,-19.0412649885,"2023-08-12T09:40:08+00:00",NA,"Fratercula arctica","03d1cb7c-ec25-4e04-8fab-06141767fcf0","Fratercula arctica",2020
"HumanObservation",2023,65.4999883,-24.5268353826,"2023-06-21T11:54:00+00:00",NA,"Rissa tridactyla","03e8c90c-0974-413b-9d58-401d5bfd3d28","Rissa tridactyla",2020
"HumanObservation",2023,59.8537802026,-1.2755630538,"2023-06-17T15:38:06+01:00",NA,"Fratercula arctica","0426880b-69e3-4a5b-8bf8-0c929441d15f","Fratercula arctica",2020
"HumanObservation",2020,63.402377,-19.0411523,"2020-07-29T17:09:22+00:00",NA,"Fratercula arctica","042fccfc-b8cd-4baf-97b6-99e2c8a15839","Fratercula arctica",2020
"HumanObservation",2023,79.5386522267,12.4957592754,"2023-09-09T10:18:53+02:00",NA,"Rissa tridactyla","04413b37-1982-47ab-a838-dfa3c0b43b37","Rissa tridactyla",2020
"HumanObservation",2022,70.2122940781,31.043883128,"2022-04-11T11:55:00+02:00",NA,"Rissa tridactyla","044ccb61-2b99-4d02-9377-e263445d5e67","Rissa tridactyla",2020
"HumanObservation",2019,78.8968508152,12.1936672739,"2019-07-03T20:53:00-04:00",NA,"Rissa tridactyla","044eaafa-97a3-4574-8055-ba11e72d2228","Rissa tridactyla",2010
"HumanObservation",2022,66.0457383333,-17.3472266667,"2022-05-24T15:39:00+00:00",NA,"Rissa tridactyla","045ad714-b65f-4cbe-ab3d-2b0b14def9c6","Rissa tridactyla",2020
"HumanObservation",2022,64.1932378734,-21.8891222074,"2022-07-22T14:14:00+00:00",NA,"Fratercula arctica","047300a6-49bf-4c17-ab23-f8b4b303a38f","Fratercula arctica",2020
"HumanObservation",2023,70.280914779,31.0602741376,"2023-06-29T21:23:00+02:00",NA,"Rissa tridactyla","047ae1cd-1a13-4ffa-80b9-609c020320d1","Rissa tridactyla",2020
"HumanObservation",2023,70.2694688051,31.1777385557,"2023-06-23T15:39:00+02:00",NA,"Fratercula arctica","04920071-9e7b-4c43-900e-08cd7fdbbb63","Fratercula arctica",2020
"HumanObservation",2019,79.688698,13.857297,"2019-07-16T08:41:10","1","Balaenoptera musculus","04978fb3-b474-43bd-b7f0-12a5d0b0d217","Balaenoptera musculus",2010
"HumanObservation",2023,64.886778055,-24.0413236117,"2023-07-14T12:55:00+00:00",NA,"Rissa tridactyla","04acb98c-b11f-40b3-afab-b6c4ee11ab36","Rissa tridactyla",2020
"HumanObservation",2021,57.1582920394,9.0244939105,"2021-04-02T14:46:00Z",NA,"Rissa tridactyla","04d0327d-7cc9-4eba-8158-80d55234355a","Rissa tridactyla",2020
"HumanObservation",2023,78.2669171412,21.9216307439,"2023-07-24T10:52:38+02:00",NA,"Rissa tridactyla","04d41225-3796-4275-bcf0-697e86f4af01","Rissa tridactyla",2020
"HumanObservation",2017,64.146582,-21.9426354,"2017-08-15T02:02:00-07:00",NA,"Fratercula arctica","04dc9711-07ef-4673-8210-84521832b049","Fratercula arctica",2010
"HumanObservation",2023,63.8121116667,-22.7142666667,"2023-05-26T17:06:06+00:00",NA,"Rissa tridactyla","051543f8-9110-4360-92c5-cf42dc3c5280","Rissa tridactyla",2020
"HumanObservation",2024,79.5804600094,12.6415070283,"2024-07-27T08:54:00+02:00",NA,"Rissa tridactyla","05197922-fe72-4093-8c69-22a5963a25bf","Rissa tridactyla",2020
"MachineObservation",2020,76.197653,10.5606,"2020-09-12T19:50",NA,"Physeter macrocephalus","051a8f73-f89f-4495-90b6-79bbff78e23d","Physeter macrocephalus",2020
"HumanObservation",2017,76.7555,18.006167,"2017-08-16T16:59","1","Balaenoptera physalus","0551fe5b-c61f-487f-9605-75dce528bd17","Balaenoptera physalus",2010
"HumanObservation",2019,66.1,-17.5,"2019-06-09T22:38:34","1","Balaenoptera musculus","057115a2-5fce-4eea-892e-b2152032531a","Balaenoptera musculus",2010
"HumanObservation",2024,80.7344375919,12.9836594866,"2024-07-21T04:33:00+01:00",NA,"Physeter macrocephalus","05714b04-404f-45ab-8204-0d6662fdaaa1","Physeter macrocephalus",2020
"HumanObservation",2022,65.4959822223,-24.5140643604,"2022-06-02T15:48:00+00:00",NA,"Rissa tridactyla","057e18d2-ab37-4e25-a48c-cca4463949db","Rissa tridactyla",2020
"HumanObservation",2022,66.17914527,-16.9906352867,"2022-06-28T15:28:00+00:00",NA,"Fratercula arctica","057f4e90-db2b-4472-b5d6-f1dd698b19b3","Fratercula arctica",2020
"HumanObservation",2018,78.2679910247,14.5999689956,"2018-08-19T21:49:00Z",NA,"Rissa tridactyla","0596790e-a3ff-470f-a61e-7d8135fac53b","Rissa tridactyla",2010
"HumanObservation",2024,64.1703040174,-21.9541320773,"2024-05-20T06:36:00+00:00",NA,"Fratercula arctica","059dc4f5-e8ec-4e21-a62e-9af9efa3d56f","Fratercula arctica",2020
"HumanObservation",2019,79.034536,11.349735,"2019-08-22T12:03:35","1","Balaenoptera musculus","05b3a741-f6b9-431a-900e-dee93101b547","Balaenoptera musculus",2010
"HumanObservation",2024,79.8039376332,14.4055739271,"2024-08-06T20:44:00+02:00",NA,"Fratercula arctica","05f17f50-4cf9-4114-9416-cbc092d72d86","Fratercula arctica",2020
"HumanObservation",2024,69.4546768147,18.6286393247,"2024-05-16T16:52:00+02:00",NA,"Rissa tridactyla","05f36f00-13c7-4619-bc59-6c15d63cf81a","Rissa tridactyla",2020
"HumanObservation",2023,78.2545523613,10.3200522445,"2023-07-03T12:29:00+02:00",NA,"Fratercula arctica","05f80e3b-d639-4c7d-90ce-31ddf70b2912","Fratercula arctica",2020
"HumanObservation",2023,66.5562661504,-18.0135759714,"2023-06-19T13:54:00+00:00",NA,"Fratercula arctica","05fa4574-24c4-4fe0-90f6-5701ad59e2c6","Fratercula arctica",2020
"HumanObservation",2022,64.0479178053,-16.1839298612,"2022-08-15T03:46:00+00:00",NA,"Rissa tridactyla","06090e58-57f6-4a86-ad8d-f74ba0fee375","Rissa tridactyla",2020
"HumanObservation",2022,65.4848033333,-23.0968933333,"2022-06-02T20:48:00+00:00",NA,"Rissa tridactyla","06103741-afe2-43e2-b247-c1736471c23e","Rissa tridactyla",2020
"HumanObservation",2017,78.2104586514,13.8411123626,"2017-06-20T08:45:00+01:00",NA,"Rissa tridactyla","06348ebf-a7b7-4d76-8347-4330569466e6","Rissa tridactyla",2010
"HumanObservation",2021,64.8105197719,-23.0787468535,"2021-07-29T11:24:54Z",NA,"Physeter macrocephalus","06445b20-42fe-40fa-a646-dfb6415af770","Physeter macrocephalus",2020
"HumanObservation",2022,65.0628552509,-23.6571889993,"2022-06-03T13:56:00+00:00",NA,"Fratercula arctica","067886d2-7ca1-47a5-8ed7-a76ba2bb66d4","Fratercula arctica",2020
"HumanObservation",2023,62.4781709151,5.6692377174,"2023-07-17T12:20:57+02:00",NA,"Fratercula arctica","06a066a4-1fd0-4a8a-8e6a-5b098730c1c8","Fratercula arctica",2020
"HumanObservation",2024,78.2578944444,15.4734472222,"2024-08-22T17:28:00+02:00",NA,"Fratercula arctica","06acbbf5-43ba-4d46-8963-544ae79c0301","Fratercula arctica",2020
"HumanObservation",2024,63.4472337766,-20.2444011197,"2024-07-24T19:24:00+00:00",NA,"Rissa tridactyla","06bff066-a6d5-485c-9301-7168d2b68921","Rissa tridactyla",2020
"HumanObservation",2023,70.3547882896,31.1947996423,"2023-06-23T15:28:00+02:00",NA,"Fratercula arctica","06c59b6d-c04f-4b7a-b65c-2166408798a9","Fratercula arctica",2020
"HumanObservation",2022,71.1752711348,25.3010726524,"2022-06-03T18:00:34+02:00",NA,"Fratercula arctica","06cb1481-4dfb-4ba1-9456-501b1a55fc6e","Fratercula arctica",2020
"MachineObservation",2020,74.377132,14.07797,"2020-09-12T09:14",NA,"Physeter macrocephalus","06d3e0c2-821b-4cb7-913e-3059a299c474","Physeter macrocephalus",2020
"HumanObservation",2020,77.4913589951,23.6802400354,"2020-08-03T05:44:00+02:00",NA,"Balaenoptera musculus musculus","06dc9082-a927-49c3-b5ba-1013af946641","Balaenoptera musculus",2020
"HumanObservation",2023,79.7863616667,11.8084716667,"2023-07-08T10:18:28+02:00",NA,"Rissa tridactyla","06f6a896-0ffe-4e4c-8791-a0239868d2d8","Rissa tridactyla",2020
"HumanObservation",2022,70.3741508068,31.0340234655,"2022-07-19T13:56:00+02:00",NA,"Fratercula arctica","06fae13a-8106-4f5c-9ac7-92650640f86c","Fratercula arctica",2020
"HumanObservation",2023,62.1017113997,-7.6476837,"2023-06-10T11:43:43+01:00",NA,"Rissa tridactyla","06ff1f36-adf6-429a-b6c1-2fd5248b1bea","Rissa tridactyla",2020
"HumanObservation",2023,62.819015,-7.9435038,"2023-06-01T10:41:00-01:00",NA,"Rissa tridactyla","07231719-6a27-49c8-97a6-592333a4323c","Rissa tridactyla",2020
"HumanObservation",2021,64.73534,-23.7759316667,"2021-07-28T16:46:00-10:00",NA,"Rissa tridactyla","0744fc3c-4424-4a79-ac6f-b073e797f537","Rissa tridactyla",2020
"HumanObservation",2023,69.7222499172,18.8799014903,"2023-07-16T15:08:00+02:00",NA,"Rissa tridactyla","07583a59-9a96-44ce-81e6-ebee5ec2f33a","Rissa tridactyla",2020
"HumanObservation",2024,62.102240337,-7.66101755,"2024-05-07T11:09:00+01:00",NA,"Fratercula arctica","075d0b14-89fd-4823-9c86-914e9c349a6c","Fratercula arctica",2020
"HumanObservation",2023,62.3269646147,-6.9417463264,"2023-07-15T11:09:00+01:00",NA,"Fratercula arctica","07652512-3199-4fc1-9975-d7272973e013","Fratercula arctica",2020
"HumanObservation",2024,66.5080866667,-16.53525,"2024-07-17T16:50:00+00:00",NA,"Fratercula arctica","07a0a917-df88-493e-8676-d1afe31c276e","Fratercula arctica",2020
"HumanObservation",2021,69.8306194607,18.7175147235,"2021-07-28T19:10:00+02:00",NA,"Fratercula arctica","07a2fd70-5c75-4082-aa83-a87e6a9ea7ff","Fratercula arctica",2020
"HumanObservation",2017,65.3910947709,-22.727513048,"2017-07-09T18:07:00+00:00",NA,"Fratercula arctica","07b87ba5-51f1-4d9d-a0a7-07d2f8f2710f","Fratercula arctica",2010
"HumanObservation",2023,78.115449,11.687355,"2023-07-17T09:17:01","1","Balaenoptera musculus","07c27369-eb02-4ae1-9d6a-cbc55b5414a1","Balaenoptera musculus",2020
"HumanObservation",2022,66.1587,-17.8493569999,"2022-07-13T17:02:00+00:00",NA,"Fratercula arctica","07c589e9-6ee6-49f7-9943-33d1e022ad74","Fratercula arctica",2020
"HumanObservation",2024,70.3109392606,31.0972175485,"2024-05-08T10:54:00+02:00",NA,"Rissa tridactyla","07ca63d6-d0f4-42d1-99b8-4f7e323c8292","Rissa tridactyla",2020
"HumanObservation",2022,71.0611774273,25.3276032752,"2022-05-06T17:57:00+02:00",NA,"Fratercula arctica","07cca7c8-a8ca-4e83-8664-ab5ed1cf5692","Fratercula arctica",2020
"HumanObservation",2017,64.71495,-19.028362,"2017-07-15T22:00:00+00:00",NA,"Fratercula arctica","07df974f-1545-41df-99ef-4b81bda6d9a5","Fratercula arctica",2010
"HumanObservation",2022,65.5012448567,-24.5290811083,"2022-07-03T19:32:00+00:00",NA,"Rissa tridactyla","07fb051e-f18e-4b34-98f3-c46b65ef5f70","Rissa tridactyla",2020
"HumanObservation",2017,80.069452,15.658987,"2017-08-06T23:41:58","1","Balaenoptera musculus","080e5ed5-565f-435b-9b33-54e9f016fe05","Balaenoptera musculus",2010
"HumanObservation",2023,58.4300796132,-3.0663895234,"2023-07-29T10:59:53+01:00",NA,"Rissa tridactyla","080f7b5f-8db3-45e9-9276-0618032774b6","Rissa tridactyla",2020
"HumanObservation",2023,68.9711786992,14.8565202762,"2023-07-14T08:33:00+02:00",NA,"Fratercula arctica","082f39b9-6a94-4f11-9c81-199b7439e5cc","Fratercula arctica",2020
"HumanObservation",2022,62.3264636104,-6.9462568177,"2022-06-11T12:26:00+01:00",NA,"Fratercula arctica","08540c7b-a653-4ace-9dc5-2964468d8e2d","Fratercula arctica",2020
"HumanObservation",2023,70.3353399124,31.1565592383,"2023-06-23T16:15:00+02:00",NA,"Fratercula arctica","085e7efe-d5c3-4d03-a1fe-dbef1f111104","Fratercula arctica",2020
"HumanObservation",2022,70.2442933031,21.8670858885,"2022-02-14T09:53:30+01:00",NA,"Rissa tridactyla","08876233-86da-4563-8a6e-2650e5a5dc54","Rissa tridactyla",2020
"HumanObservation",2024,62.0814537499,-7.4053734637,"2024-08-08T12:11:00+01:00",NA,"Fratercula arctica","08892852-4aee-4f2b-8fec-857053f18eea","Fratercula arctica",2020
"HumanObservation",2023,70.3652013409,31.1131681271,"2023-06-23T16:19:00+02:00",NA,"Fratercula arctica","089ae25f-d562-4b55-95f2-db7a194317cf","Fratercula arctica",2020
"HumanObservation",2024,64.0372550936,-22.1535327933,"2024-08-09T19:46:00+00:00",NA,"Fratercula arctica","08d642b0-d06d-44af-b641-bb0025863c69","Fratercula arctica",2020
"HumanObservation",2022,70.2791624001,31.0721717111,"2022-08-05T12:14:05+02:00",NA,"Fratercula arctica","08de1469-6b47-4d1c-b020-85ed58c8ad0d","Fratercula arctica",2020
"HumanObservation",2018,65.2940635,-13.7055322,"2018-06-19T19:47:00+02:00",NA,"Rissa tridactyla","08f93d43-7d9c-4558-b802-4cc36f2a21d9","Rissa tridactyla",2010
"HumanObservation",2018,78.6486374115,16.3469050641,"2018-06-08T06:15:00Z",NA,"Rissa tridactyla","08fbb291-d2b1-4341-b110-f38039df6998","Rissa tridactyla",2010
"HumanObservation",2022,64.0467689888,-16.1817802709,"2022-05-28T18:12:00+00:00",NA,"Rissa tridactyla","09083fcc-d8cd-4de3-92a5-ce43bb680b84","Rissa tridactyla",2020
"HumanObservation",2019,63.8119758022,-22.7152001429,"2019-08-11T06:40:00-06:00",NA,"Rissa tridactyla","090852ed-a804-474c-b26c-7efed0bc0eb0","Rissa tridactyla",2010
"HumanObservation",2024,62.1022580273,-7.6609338236,"2024-07-01T11:47:25+01:00",NA,"Fratercula arctica","09170950-5f62-48cf-a575-0dc7ef62e58c","Fratercula arctica",2020
"HumanObservation",2019,59.8545722222,-1.2742805556,"2019-06-05T15:31:00+01:00",NA,"Fratercula arctica","093dd9ba-73c1-4786-9a92-dbf10b428f75","Fratercula arctica",2010
"HumanObservation",2017,66.3365971457,-22.2222857101,"2017-06-26T00:15:00-05:00",NA,"Fratercula arctica","09402b08-26e8-4a85-8fe5-d8170e802346","Fratercula arctica",2010
"HumanObservation",2019,79.3957166667,10.3742016667,"2019-06-29T07:38:00-07:00",NA,"Rissa tridactyla","094fa296-f209-472c-bbce-f0f32a406e12","Rissa tridactyla",2010
"HumanObservation",2017,78.6555179167,16.3261974167,"2017-08-07T12:22:18+02:00",NA,"Rissa tridactyla","0963a568-0540-44a2-9ea2-0ec19913a133","Rissa tridactyla",2010
"HumanObservation",2019,65.3768908809,-22.9149065568,"2019-08-13",NA,"Rissa tridactyla","0972abc5-402e-408e-aa6a-1a08e98fcfc4","Rissa tridactyla",2010
"HumanObservation",2024,64.735368,-23.774842,"2024-06-04T06:16:00+00:00",NA,"Rissa tridactyla","09889b23-ad7e-4fcc-8cdd-77db42386382","Rissa tridactyla",2020
"HumanObservation",2018,64.9837635208,-23.2793143542,"2018-06-17T12:52:26+00:00",NA,"Physeter macrocephalus","09a619fb-3bcc-403d-91b7-aecd4fd16359","Physeter macrocephalus",2010
"HumanObservation",2020,64.1464875873,-21.9426356256,"2020-09-07",NA,"Rissa tridactyla","09b07132-1398-4a36-853a-71921028de94","Rissa tridactyla",2020
"HumanObservation",2019,63.4022831835,-19.1271968709,"2019-08-03T13:48:00+02:00",NA,"Fratercula arctica","09b746b2-8562-4ce1-b5d0-e7883327aa33","Fratercula arctica",2010
"HumanObservation",2023,58.6440185822,-3.0273412541,"2023-07-25",NA,"Fratercula arctica","09b8779d-0bcf-44fa-8deb-b2ccdaeb4701","Fratercula arctica",2020
"HumanObservation",2023,69.2815391972,15.8576822283,"2023-09-11T14:24:00+02:00",NA,"Fratercula arctica","09b99b6f-20b9-4f3f-a764-dd56317719d7","Fratercula arctica",2020
"HumanObservation",2024,79.0600980556,23.5302830556,"2024-06-09T14:33:00+02:00",NA,"Rissa tridactyla","09e40776-cb59-4b2f-9d1b-787cb3bec26b","Rissa tridactyla",2020
"HumanObservation",2024,69.7318139869,18.9726007741,"2024-02-20T15:39:26+01:00",NA,"Rissa tridactyla","0a03d499-f7d6-44f8-85d3-59f6d79d7799","Rissa tridactyla",2020
"HumanObservation",2024,79.6106284215,12.6827923819,"2024-07-03T14:39:10+02:00",NA,"Rissa tridactyla","0a255970-4954-40f7-8605-218d16380578","Rissa tridactyla",2020
"HumanObservation",2024,63.4965404375,-20.2176220417,"2024-07-23T16:27:00+00:00",NA,"Rissa tridactyla","0a4c3caf-92c7-445b-99e3-254d20efe76b","Rissa tridactyla",2020
"HumanObservation",2023,65.8896420479,-18.0090112416,"2023-05-30T11:42:38+00:00",NA,"Fratercula arctica","0a4e029c-284b-476e-b0db-3161271935a8","Fratercula arctica",2020
"HumanObservation",2024,63.404209137,-19.1032104492,"2024-07-11T09:17:10+00:00",NA,"Fratercula arctica","0a5b3e7f-3c5a-4075-b3e6-8720a99b5f50","Fratercula arctica",2020
"HumanObservation",2024,63.534795,-20.1119028333,"2024-08-26T10:56:50+00:00",NA,"Fratercula arctica","0a5f17da-e406-42e6-9f93-6cf8f508be58","Fratercula arctica",2020
"HumanObservation",2017,64.71495,-19.028362,"2017-07-15T22:00:00+00:00",NA,"Fratercula arctica","0a6fcdce-5381-46ed-acc6-ec82f1a7c11f","Fratercula arctica",2010
"HumanObservation",2021,65.8640326114,-19.7650814248,"2021-07-24T09:21:08-04:00",NA,"Fratercula arctica","0a83ad67-31a9-4144-9168-2309912a1cd1","Fratercula arctica",2020
"HumanObservation",2017,77.5555516693,17.691701966,"2017-07-25T06:16:00+01:00",NA,"Rissa tridactyla","0aa19601-09b1-4f40-9b9d-2bba8e21306c","Rissa tridactyla",2010
"HumanObservation",2024,78.1975,21.2913,"2024-07-30T08:40:00+02:00",NA,"Rissa tridactyla","0aa24e96-3fa0-4ca2-875b-2d7f24073bdf","Rissa tridactyla",2020
"HumanObservation",2024,64.1697766633,-21.9055802375,"2024-05-27T06:50:02+00:00",NA,"Fratercula arctica","0aaa380d-f132-4c66-a7b6-511f553dc78e","Fratercula arctica",2020
"HumanObservation",2022,65.5012448567,-24.5290811083,"2022-07-03T20:03:00+00:00",NA,"Rissa tridactyla","0adebc45-fa5b-4bbc-a10f-3e63aa9d6a7d","Rissa tridactyla",2020
"HumanObservation",2024,62.1026027778,-7.6602916667,"2024-07-16T15:30:00+01:00",NA,"Fratercula arctica","0aec1021-0e21-4eee-95b6-f71d1d136405","Fratercula arctica",2020
"HumanObservation",2017,64.1757659912,-21.9665222168,"2017-07-02T14:32:30+01:00",NA,"Fratercula arctica","0afd2b18-048f-47b5-9f61-ed7dedba3a25","Fratercula arctica",2010
"HumanObservation",2022,67.4641401766,11.8237756604,"2022-07-04T16:32:00+02:00",NA,"Fratercula arctica","0afd6291-964a-4a0d-afdf-092b84b465b6","Fratercula arctica",2020
"HumanObservation",2024,79.5580086668,11.0201636388,"2024-08-25T08:56:00+02:00",NA,"Rissa tridactyla","0b00ddfb-53a9-46e9-a437-79b6afa1c5d0","Rissa tridactyla",2020
"HumanObservation",2019,65.4990559311,-24.5227192424,"2019-07-05T16:23:00+02:00",NA,"Fratercula arctica","0b159d3f-b299-4dcf-a6b3-e506dd7284cd","Fratercula arctica",2010
"HumanObservation",2022,76.987244,15.941162,"2022-08-13T22:51:02","1","Balaenoptera physalus","0b15d5f3-0375-4f3e-8dd1-d4825459457d","Balaenoptera physalus",2020
"HumanObservation",2017,77.8737,20.4501,"2017-08-17T15:59:23","1","Balaenoptera physalus","0b208804-2e43-495d-bee8-9050a287a800","Balaenoptera physalus",2010
"HumanObservation",2024,80.641860517,12.9424168453,"2024-07-21T04:27:00+01:00",NA,"Physeter macrocephalus","0b245d12-b4ca-47fb-bff4-8ef4bab58487","Physeter macrocephalus",2020
"HumanObservation",2023,70.2315697594,31.1817396161,"2023-06-29T11:24:00+02:00",NA,"Fratercula arctica","0b29a4f1-b776-42ae-a39f-927716bfcf38","Fratercula arctica",2020
"HumanObservation",2022,70.9833294,-8.5333312,"2022-05-23T02:49:00+02:00",NA,"Fratercula arctica","0b45a281-6fa9-47b9-b30c-e283fd32d0f1","Fratercula arctica",2020
"HumanObservation",2022,69.7999105166,18.9602513448,"2022-03-22T09:58:54+01:00",NA,"Rissa tridactyla","0b567dbe-caee-4f3f-8275-eddf19c5d616","Rissa tridactyla",2020
"HumanObservation",2020,60.7344,-8.9072,"2020-08-24",NA,"Fratercula arctica","0b63394f-b4a7-4670-911f-6c4cd02ae0a0","Fratercula arctica",2020
"HumanObservation",2022,64.764369,-23.62492,"2022-07-11T15:22:00+00:00",NA,"Rissa tridactyla","0b696586-9e7c-4878-a1da-b496fa3990ae","Rissa tridactyla",2020
"HumanObservation",2023,70.3510968944,31.057041209,"2023-06-23T16:34:00+02:00",NA,"Fratercula arctica","0b6fd893-96f9-4244-971e-2c8b12bd6431","Fratercula arctica",2020
"HumanObservation",2022,70.2358355389,31.1990717807,"2022-07-19T12:34:00+02:00",NA,"Fratercula arctica","0b75aec2-3847-44bc-ba07-8927b5a52837","Fratercula arctica",2020
"HumanObservation",2023,64.7351503367,-23.7750942582,"2023-07-19T12:27:00+00:00",NA,"Rissa tridactyla","0b7d956f-2dc8-4d43-931c-847597dca051","Rissa tridactyla",2020
"HumanObservation",2022,70.2836899223,31.1452138415,"2022-04-11T12:00:00+02:00",NA,"Rissa tridactyla","0b8fa456-f808-45a6-b623-e691462cebfd","Rissa tridactyla",2020
"HumanObservation",2022,64.7338948678,-23.7833402637,"2022-06-14T13:01:00+00:00",NA,"Rissa tridactyla","0b9f9897-f4de-4ad5-a849-86aa6ca9c31b","Rissa tridactyla",2020
"HumanObservation",2022,64.4050816667,-14.5360116667,"2022-05-23T11:04:00+00:00",NA,"Rissa tridactyla","0ba10b60-25d2-4d6d-a023-88aef13656a5","Rissa tridactyla",2020
"HumanObservation",2024,64.77025,-23.618425,"2024-07-05T07:16:00+00:00",NA,"Rissa tridactyla","0ba76a6f-b04f-4af8-a64d-6c827c341dbb","Rissa tridactyla",2020
"HumanObservation",2020,64.7350698007,-23.7744891982,"2020-08-06T15:28:00+02:00",NA,"Fratercula arctica","0bc8f782-77aa-4993-b3d3-4c5c5fb3bfb4","Fratercula arctica",2020
"HumanObservation",2019,70.577733,-9.774617,"2019-07-08T10:15:58","1","Balaenoptera musculus","0bcaaaf3-2b12-4533-916c-159465a27ab4","Balaenoptera musculus",2010
"HumanObservation",2022,65.5049530457,-24.5222388086,"2022-06-16T12:37:00+00:00",NA,"Fratercula arctica","0be06d25-bebe-4438-bc55-d89b438bca6a","Fratercula arctica",2020
"HumanObservation",2019,79.1234609361,11.8453279883,"2019-06-01T16:28:00-07:00",NA,"Fratercula arctica","0be48932-82a0-4e3c-828b-0bfd18857028","Fratercula arctica",2010
"HumanObservation",2022,58.9538949972,-3.2871120056,"2022-06-22T20:28:00+01:00",NA,"Rissa tridactyla","0bfa7127-a310-4c22-a4b1-642a039dd247","Rissa tridactyla",2020
"HumanObservation",2023,69.7611610333,18.8010818964,"2023-07-13T15:38:00+02:00",NA,"Rissa tridactyla","0c1da13d-22cb-4b95-8a03-e545acf92126","Rissa tridactyla",2020
"HumanObservation",2017,63.4025,-19.0419444,"2017-05-15T20:04:00+03:00",NA,"Fratercula arctica","0c4a469b-346f-4cbd-9254-7c1a29fdd3a1","Fratercula arctica",2010
"HumanObservation",2019,66.1,-17.5,"2019-06-01T14:19:42","1","Balaenoptera musculus","0c4af813-2439-431c-9117-6c14a8915862","Balaenoptera musculus",2010
"HumanObservation",2024,70.9602391007,29.1666109871,"2024-05-20T11:52:00+02:00",NA,"Rissa tridactyla","0c51218c-e1d5-4761-abd0-055747336798","Rissa tridactyla",2020
"HumanObservation",2017,64.963051,-19.020835,"2017-05-25T16:53:00+00:00",NA,"Fratercula arctica","0c5e710d-c9f9-4afa-bc79-0d22aa32a3b5","Fratercula arctica",2010
"HumanObservation",2022,64.0464,-16.179725,"2022-05-27T20:32:00+00:00",NA,"Rissa tridactyla","0c62101a-2028-4e94-943d-e34113dceac4","Rissa tridactyla",2020
"HumanObservation",2023,63.4019938883,-19.1310977783,"2023-07-23T18:41:00+00:00",NA,"Fratercula arctica","0c7da887-dee0-4ded-a2bd-e1fc9f31c088","Fratercula arctica",2020
"MaterialSample",2019,58.42733,-5.120757,"2019-06-27",NA,"Rissa tridactyla","0cb37df3-6728-4b11-b223-002ca15bbd88","Rissa tridactyla",2010
"HumanObservation",2018,79.5890444938,12.71346335,"2018-05-15T02:08:00-05:00",NA,"Fratercula arctica","0cc238d9-7b6d-4eed-b1bf-1ab7dd5ad077","Fratercula arctica",2010
"HumanObservation",2023,65.500652897,-24.5300877022,"2023-08-02T14:07:00+00:00",NA,"Fratercula arctica","0cc34277-b38b-46ba-815b-80f27e967338","Fratercula arctica",2020
"HumanObservation",2023,70.2884431976,31.0424851156,"2023-06-23T15:45:00+02:00",NA,"Rissa tridactyla","0ccd0747-b031-41d6-a85c-05ecb1c3e132","Rissa tridactyla",2020
"HumanObservation",2019,58.3795897761,-5.1970700482,"2019-07-30T01:08:00+01:00",NA,"Rissa tridactyla","0cd464d2-eda6-46ea-8470-a884a6faa6f8","Rissa tridactyla",2010
"HumanObservation",2024,77.0529752882,15.9256865306,"2024-07-22T16:06:00+02:00",NA,"Rissa tridactyla","0ce750e7-9af7-47fe-903a-ab16d196f1a2","Rissa tridactyla",2020
"HumanObservation",2024,70.2559112893,30.9756313631,"2024-07-27T16:16:00+02:00",NA,"Rissa tridactyla","0cf28c88-563f-457e-917a-87c5f89683f4","Rissa tridactyla",2020
"HumanObservation",2024,63.4193666667,-18.9965333333,"2024-08-02T14:03:26+00:00",NA,"Fratercula arctica","0d1a7e69-6eba-40fa-871f-4dd775a029f1","Fratercula arctica",2020
"HumanObservation",2019,65.541842534,-13.754712157,"2019-07-17T13:15:00-05:00",NA,"Rissa tridactyla","0d3dc720-a952-427c-a30b-2f51b4ddf8e1","Rissa tridactyla",2010
"HumanObservation",2022,63.4042804997,-19.1031390997,"2022-07-28",NA,"Fratercula arctica","0d601112-fecc-44f3-87c2-9ba4c5b1ac1c","Fratercula arctica",2020
"HumanObservation",2018,69.7635628776,18.9078430823,"2018-01-05T14:06:00+03:00",NA,"Rissa tridactyla","0d6b671b-f052-47c1-8f4f-1460551994fe","Rissa tridactyla",2010
"HumanObservation",2023,70.2037058946,31.0056392495,"2023-03-24T13:41:00+01:00",NA,"Rissa tridactyla","0d7cd9e1-63c7-4cf1-a119-7dcf8865e0fc","Rissa tridactyla",2020
"HumanObservation",2024,76.920533,-5.686417,"2024-06-02T18:10:00+00:00",NA,"Rissa tridactyla","0d8ac6ed-bdd9-408d-b376-17893a036303","Rissa tridactyla",2020
"HumanObservation",2023,70.2769164126,31.039671848,"2023-06-23T17:29:43+02:00",NA,"Rissa tridactyla","0d9b3e62-ce4c-4f6c-a6d7-24f17056d96f","Rissa tridactyla",2020
"HumanObservation",2023,71.1227063026,25.2107410264,"2023-07-28T11:52:02+02:00",NA,"Fratercula arctica","0d9b6fab-051e-4f7a-8744-bc9eca332773","Fratercula arctica",2020
"HumanObservation",2023,70.3646521389,31.0530852542,"2023-06-23T15:06:00+02:00",NA,"Fratercula arctica","0daed8ab-baa8-4044-958f-78edb18d1f05","Fratercula arctica",2020
"HumanObservation",2022,65.0227566667,-23.544895,"2022-06-03T14:33:00+00:00",NA,"Rissa tridactyla","0dbc5fcc-be27-45e1-afac-61e73707d956","Rissa tridactyla",2020
"HumanObservation",2024,80.1463821949,17.1912703741,"2024-07-20T15:27:00+02:00",NA,"Balaenoptera physalus","0dda5fc3-dbd9-47a3-916c-6f16ba8b4bea","Balaenoptera physalus",2020
"HumanObservation",2023,63.6159383333,-19.9888783333,"2023-09-03T13:57:58+00:00",NA,"Fratercula arctica","0ddf8698-672f-44ae-a378-599234f75ee4","Fratercula arctica",2020
"HumanObservation",2024,70.350221835,31.0815048987,"2024-05-16T09:53:00+02:00",NA,"Rissa tridactyla","0de34029-ace7-45b6-8489-e72dec083fa6","Rissa tridactyla",2020
"HumanObservation",2022,69.2908792719,15.9667777597,"2022-07-29T13:41:00+02:00",NA,"Fratercula arctica","0e0fba06-d4ce-4596-a946-4744748980d3","Fratercula arctica",2020
"HumanObservation",2020,71.098846324,26.2466360351,"2020-08-01T13:16:00+02:00",NA,"Fratercula arctica","0e1b7dab-5e3a-4a8d-bea8-c7e72317732e","Fratercula arctica",2020
"HumanObservation",2023,78.184883,12.193451,"2023-06-06T23:20","1","Balaenoptera musculus","0e1ba53d-a811-437e-8916-ea082bf3afc0","Balaenoptera musculus",2020
"HumanObservation",2024,66.1531521788,-17.5617148065,"2024-07-16T12:31:00+00:00",NA,"Fratercula arctica","0e1d702a-29c0-4b78-aa28-3f6197d796d5","Fratercula arctica",2020
"HumanObservation",2022,66.163152,-17.840755,"2022-07-13T17:42:00+00:00",NA,"Fratercula arctica","0e234570-eb43-4ade-8327-b523bbbccb68","Fratercula arctica",2020
"HumanObservation",2023,70.573985,30.519972,"2023-05-31T12:18:00+02:00",NA,"Balaenoptera physalus","0e2e3f4a-0cdf-45e1-a0d2-2c5a1cf32f80","Balaenoptera physalus",2020
"HumanObservation",2024,66.542343447,-17.9961160943,"2024-06-27",NA,"Rissa tridactyla","0e3a0fac-1622-42f7-a225-65f523f77fc9","Rissa tridactyla",2020
"HumanObservation",2023,63.4449731843,-20.2583875189,"2023-07-24T14:09:00+00:00",NA,"Rissa tridactyla","0e5ae964-c78f-4ae3-a87f-749005727f14","Rissa tridactyla",2020
"HumanObservation",2019,65.542388916,-13.7537546158,"2019-07-17T05:34:00-06:00",NA,"Fratercula arctica","0e67013b-13de-43d3-a867-cacd55ac6b93","Fratercula arctica",2010
"HumanObservation",2019,79.706302,19.189453,"2019-08-16T06:39:02","1","Balaenoptera musculus","0e706e7d-e00f-4c1b-a48a-1d20330ba7ef","Balaenoptera musculus",2010
"HumanObservation",2019,66.043547,-17.564877,"2019-06-09T20:27:30","1","Balaenoptera musculus","0e7ea823-ef85-4867-8475-a09761c39a24","Balaenoptera musculus",2010
"HumanObservation",2024,60.3816098113,-18.2408504409,"2024-08-27T19:44:00-01:00",NA,"Physeter macrocephalus","0e8123a0-dc68-4801-999c-c60177a651c8","Physeter macrocephalus",2020
"HumanObservation",2022,66.159245,-17.848585,"2022-07-13T17:19:00+00:00",NA,"Fratercula arctica","0eba94a9-f415-4a64-a325-fae430d95582","Fratercula arctica",2020
"HumanObservation",2024,79.6796089359,14.2149833562,"2024-09-05T16:16:00+02:00",NA,"Rissa tridactyla","0ec8192c-8d8e-4103-809c-532928c12d1e","Rissa tridactyla",2020
"HumanObservation",2022,64.0479178053,-16.1839298612,"2022-08-15T03:34:00+00:00",NA,"Rissa tridactyla","0ec9445c-42a3-4f9d-b600-335f83187835","Rissa tridactyla",2020
"HumanObservation",2022,59.0639413767,-2.9483192083,"2022-05-03T07:28:00+01:00",NA,"Rissa tridactyla","0ec94f51-1f52-4bb5-aff8-7b355b68e7b8","Rissa tridactyla",2020
"HumanObservation",2018,66.0529682771,-22.8300562524,"2018-08-08T18:07:00-07:00",NA,"Fratercula arctica","0ed8cd4a-e302-42b6-810e-f91301cd3079","Fratercula arctica",2010
"HumanObservation",2024,64.73516,-23.77425,"2024-03-29T13:44:46+00:00",NA,"Rissa tridactyla","0ede2dd3-eee7-49d6-be70-2104b6cc148e","Rissa tridactyla",2020
"HumanObservation",2023,78.085,11.811667,"2023-06-06T21:52:13","1","Balaenoptera musculus","0eea200b-785e-47a7-92e6-3ee44677bf91","Balaenoptera musculus",2020
"HumanObservation",2023,70.1712409427,21.0159698645,"2023-11-30T12:21:54+01:00",NA,"Physeter macrocephalus","0ef184c9-30ed-4b13-8c41-6381a4dd63cc","Physeter macrocephalus",2020
"HumanObservation",2021,64.043951,-16.174108,"2021-09-18T07:23:48-04:00",NA,"Rissa tridactyla","0f037443-3471-4f41-9e46-d2d34205f016","Rissa tridactyla",2020
"HumanObservation",2022,59.8557052612,-1.2725614309,"2022-05-18T15:09:56+01:00",NA,"Fratercula arctica","0f0b6c6e-6573-4272-a444-f57b5c9246e4","Fratercula arctica",2020
"HumanObservation",2024,78.3736183333,15.80217,"2024-09-03T15:24:00+02:00",NA,"Fratercula arctica","0f1c1b58-81b3-4c01-b65b-a440b4eb5dd5","Fratercula arctica",2020
"HumanObservation",2024,80.0733597656,17.0011677995,"2024-07-20T15:27:00+02:00",NA,"Balaenoptera physalus","0f27687e-d928-4516-af0a-3cafd0fc26c7","Balaenoptera physalus",2020
"HumanObservation",2023,78.4716566667,15.9395783333,"2023-05-25T16:32:00+02:00",NA,"Fratercula arctica","0f325020-c25f-4594-b074-c5c50225b0fb","Fratercula arctica",2020
"HumanObservation",2023,77.08015889,15.9680662,"2023-06-23T13:03:00+02:00",NA,"Rissa tridactyla","0f4c7e57-1a3a-491a-91f3-b4119b87c8d0","Rissa tridactyla",2020
"HumanObservation",2024,63.4046799,-19.1185522,"2024-08-11T19:42:00+00:00",NA,"Fratercula arctica","0f4da379-2cfb-42bf-8e58-76c1431ee30d","Fratercula arctica",2020
"HumanObservation",2018,66.075891,-17.501221,"2018-08-19T19:56:03","1","Balaenoptera musculus","0f577a4a-e12f-403b-9cb1-064b24042456","Balaenoptera musculus",2010
"HumanObservation",2022,58.6309667,-3.0346459,"2022-11-04T11:45:00+00:00",NA,"Fratercula arctica","0f604e4f-9ef4-4552-8717-58fa67cd17ca","Fratercula arctica",2020
"HumanObservation",2022,64.9149400976,-23.909216489,"2022-07-28T19:48:00+00:00",NA,"Rissa tridactyla","0f657cb3-7fbb-4ac7-b8f9-e65bb3749c24","Rissa tridactyla",2020
"HumanObservation",2023,70.3104683378,31.0691104834,"2023-06-23T17:22:00+02:00",NA,"Rissa tridactyla","0f6a6071-bbd2-4407-9e75-499e64766cf4","Rissa tridactyla",2020
"HumanObservation",2023,69.3621732506,16.1925466811,"2023-07-12T13:51:42+02:00",NA,"Physeter macrocephalus","0f925bfb-fb60-4b1d-a656-118f3989be98","Physeter macrocephalus",2020
"HumanObservation",2023,78.151247,13.540649,"2023-06-17","1","Balaenoptera musculus","0f9f490e-1107-4da9-8f89-d3138697c5a1","Balaenoptera musculus",2020
"HumanObservation",2024,66.1796875649,-16.9888015255,"2024-06-10T13:27:00+00:00",NA,"Fratercula arctica","0fa97165-fb67-4438-87dc-8681ae189b99","Fratercula arctica",2020
"HumanObservation",2020,62.5871103091,5.6822823287,"2020-07-07T13:16:00Z",NA,"Fratercula arctica","0fb0a8ad-2d0b-4fd0-a527-14465e0aee81","Fratercula arctica",2020
"HumanObservation",2024,63.4122367171,-19.0226275675,"2024-05-14T16:40:00+00:00",NA,"Fratercula arctica","0fcbcb61-db5e-47f3-a97e-ba622f0a7cf4","Fratercula arctica",2020
"HumanObservation",2022,65.5417613,-13.7545303,"2022-07-16T17:42:59+00:00",NA,"Fratercula arctica","0fd2e6e6-8537-422c-a7c2-1daa8fcdb76e","Fratercula arctica",2020
"HumanObservation",2020,77.4330268322,23.7382728891,"2020-07-16T04:44:00+02:00",NA,"Balaenoptera physalus physalus","0fdc4338-174c-4ca6-9d12-461177ffa656","Balaenoptera physalus",2020
"HumanObservation",2024,66.3008322,-16.44477405,"2024-07-25T16:36:00+00:00",NA,"Fratercula arctica","0fe101ae-9793-4be8-b8d9-254f1ccc8d65","Fratercula arctica",2020
"HumanObservation",2019,60.8311016382,-0.891470111,"2019-05-30T15:05:00+10:00",NA,"Fratercula arctica","0feb5a27-5786-42c8-b039-90a4203429b9","Fratercula arctica",2010
"HumanObservation",2024,62.547528986,5.4165302268,"2024-05-10T22:18:29+02:00",NA,"Fratercula arctica","0fed8871-9834-4e0a-8324-24d704f34013","Fratercula arctica",2020
"HumanObservation",2024,63.4132398,-19.0686951,"2024-08-12T15:17:51+00:00",NA,"Fratercula arctica","0ff1c2d2-0714-4dc9-b794-27a665c6edf9","Fratercula arctica",2020
"HumanObservation",2024,63.4038949114,-19.1022596686,"2024-07-21T14:13:00+00:00",NA,"Fratercula arctica","10039402-cee5-4de7-b3cc-daa2ebd9d5ff","Fratercula arctica",2020
"HumanObservation",2018,65.5422791637,-13.7552864832,"2018-05-18T11:51:00+00:00",NA,"Rissa tridactyla","100aa5e4-d3fb-4abb-98c7-d5adb40cce34","Rissa tridactyla",2010
"HumanObservation",2024,79.1152308698,24.5866615309,"2024-09-07T12:54:00+02:00",NA,"Rissa tridactyla","100b160c-e7df-43e2-ab65-9a6e19f71e25","Rissa tridactyla",2020
"HumanObservation",2022,65.5422319367,-13.7545401984,"2022-07-07T18:05:00+00:00",NA,"Fratercula arctica","102320fd-e86b-474a-a056-bae20e4bbb63","Fratercula arctica",2020
"HumanObservation",2017,78.9989307573,12.0128767785,"2017-08-06T17:50:00+09:00",NA,"Fratercula arctica","10273330-82fb-461e-9891-731902f111a4","Fratercula arctica",2010
"HumanObservation",2023,79.7394781629,10.9973341279,"2023-06-26T15:38:00+02:00",NA,"Rissa tridactyla","102b2b7c-8b5e-4fb8-b887-19cf5b398f3c","Rissa tridactyla",2020
"HumanObservation",2022,63.4378308596,-20.248809971,"2022-05-28T17:17:15+00:00",NA,"Fratercula arctica","105e8c0a-43b4-4f43-977a-41b723e84119","Fratercula arctica",2020
"HumanObservation",2023,67.8469771432,13.089602103,"2023-06-13",NA,"Rissa tridactyla","1077dc2d-dbab-4ff9-ab3a-4ac62df8fb6b","Rissa tridactyla",2020
"HumanObservation",2024,63.8120579434,-22.7140787387,"2024-07-02T15:39:00+00:00",NA,"Rissa tridactyla","10809466-5f61-402e-807d-65d34313362b","Rissa tridactyla",2020
"HumanObservation",2022,66.0885644347,-17.4258252657,"2022-06-01T12:53:00+00:00",NA,"Rissa tridactyla","1088648a-d1c0-4021-8d28-990608dd0a40","Rissa tridactyla",2020
"HumanObservation",2018,65.2598494,-14.0101156,"2018-06-19T19:24:00+02:00",NA,"Rissa tridactyla","108fbc2b-cfa2-4f4f-990d-2af4428d3777","Rissa tridactyla",2010
"HumanObservation",2017,64.3713238141,-22.4302480769,"2017-06-28",NA,"Fratercula arctica","10a007a8-9517-4de3-a42d-d29136fdf026","Fratercula arctica",2010
"HumanObservation",2023,65.3761218868,-22.9136349963,"2023-06-29T02:42:00+00:00",NA,"Rissa tridactyla","10a5257d-8565-41c2-a433-8ea93d6579f3","Rissa tridactyla",2020
"HumanObservation",2023,62.3936535761,5.6080935994,"2023-06-17",NA,"Fratercula arctica","10c77bfa-0ba8-4d3c-a87c-46be29fcab82","Fratercula arctica",2020
"HumanObservation",2023,62.1029846108,-7.6603031158,"2023-08-13T13:12:07+01:00",NA,"Fratercula arctica","10ec72da-41df-4753-8046-9bb4e1539f41","Fratercula arctica",2020
"HumanObservation",2024,62.1015275715,-7.6591358108,"2024-05-07T13:09:00+01:00",NA,"Fratercula arctica","10febae9-accc-4a38-867d-13ab891c96b4","Fratercula arctica",2020
"HumanObservation",2022,66.0620305615,-22.8249883871,"2022-07-01T10:34:00+00:00",NA,"Fratercula arctica","10ff4067-a0a0-4b19-a7af-828114bee4e2","Fratercula arctica",2020
"HumanObservation",2024,70.3006552204,31.1107710986,"2024-05-07T13:58:00+02:00",NA,"Fratercula arctica","110a4145-ad24-4632-a3bd-a8e2b6ea814e","Fratercula arctica",2020
"HumanObservation",2023,64.0705324,-22.6512494,"2023-06-15T19:41:00+00:00",NA,"Rissa tridactyla","1110991d-bddc-4dcf-885a-6a12887cf459","Rissa tridactyla",2020
"HumanObservation",2022,70.1823086335,20.0351588831,"2022-07-25T19:35:33+02:00",NA,"Fratercula arctica","111353d3-d0a9-4a36-a9aa-c75277fe5372","Fratercula arctica",2020
"HumanObservation",2023,67.9342033333,-22.7250016667,"2023-08-16T09:44:00-02:00",NA,"Rissa tridactyla","112261c4-a925-416f-a466-b2142122e860","Rissa tridactyla",2020
"HumanObservation",2024,63.1651240831,7.2116776167,"2024-06-27T17:39:46+02:00",NA,"Rissa tridactyla","1127eabc-a923-4e2f-9840-40c3ece52966","Rissa tridactyla",2020
"HumanObservation",2022,70.2128423332,31.0924411664,"2022-04-14T14:57:00+02:00",NA,"Fratercula arctica","11287d12-f939-4794-8edf-2e8720d36970","Fratercula arctica",2020
"HumanObservation",2022,63.4036358997,-19.1298746997,"2022-07-05T13:15:47+00:00",NA,"Fratercula arctica","113d6869-5f76-4877-96fd-a110fe42e525","Fratercula arctica",2020
"HumanObservation",2017,65.502542,-24.531585,"2017-07-07T13:16:53+00:00",NA,"Fratercula arctica","11439534-2c13-47b8-895d-6315c285f0c2","Fratercula arctica",2010
"HumanObservation",2017,65.502542,-24.531585,"2017-07-07T13:15:22+00:00",NA,"Fratercula arctica","1148316f-8a30-456e-bc1a-eee7e8341f25","Fratercula arctica",2010
"HumanObservation",2023,70.3157800252,31.1359955915,"2023-06-23T17:04:00+02:00",NA,"Fratercula arctica","11540cb1-86d1-44ac-87c6-6d5d0a3a777f","Fratercula arctica",2020
"HumanObservation",2017,78.145788,12.281645,"2017-07-12T18:14:53","1","Balaenoptera musculus","115ce9e5-11b1-4863-bc37-607ef626e69a","Balaenoptera musculus",2010
"HumanObservation",2024,69.5692134454,16.122169261,"2024-08-12T17:47:49+02:00",NA,"Physeter macrocephalus","116400f1-16ad-42ab-9073-3b4f303501a9","Physeter macrocephalus",2020
"HumanObservation",2019,63.4048821709,-19.1126097366,"2019-08-15T16:09:17+00:00",NA,"Fratercula arctica","116d0c3a-b829-4d56-bef5-5ba9b1afc6c2","Fratercula arctica",2010
"HumanObservation",2018,69.3644805532,16.1988715096,"2018-07-18T16:05:00+02:00",NA,"Physeter macrocephalus","117c2fb1-28bf-471d-9bc4-638792f99dff","Physeter macrocephalus",2010
"HumanObservation",2017,66.112013,-17.390674,"2017-06-26T01:11:44-10:00",NA,"Fratercula arctica","119c7740-59e8-4c91-a7fb-80df2854f40a","Fratercula arctica",2010
"HumanObservation",2022,70.0189766866,30.0691764083,"2022-07-20T13:04:00+02:00",NA,"Rissa tridactyla","11c1240c-0477-45e3-a695-04ca2fd8ef0a","Rissa tridactyla",2020
"HumanObservation",2022,67.9503267885,12.8483078281,"2022-08-14T16:20:21+02:00",NA,"Rissa tridactyla","11cff7ff-10c5-4977-97ed-989d68c8b777","Rissa tridactyla",2020
"HumanObservation",2017,64.7552434333,-23.6436080933,"2017-08-27T06:42:00-07:00",NA,"Rissa tridactyla tridactyla","11e043de-c3f6-4726-bb81-b3d865f9ae58","Rissa tridactyla",2010
"HumanObservation",2024,64.0562871916,-16.1805411121,"2024-06-22T14:46:00+00:00",NA,"Rissa tridactyla","11e7913e-b947-4568-ac26-2e86f8127814","Rissa tridactyla",2020
"HumanObservation",2022,65.5422826631,-13.7549750431,"2022-06-04T08:13:52+00:00",NA,"Fratercula arctica","11f6cff4-3254-4014-b1f6-9d6fb0e43121","Fratercula arctica",2020
"HumanObservation",2024,64.3406213732,-22.4121464924,"2024-08-11T21:33:24+00:00",NA,"Balaenoptera physalus","11fc9e7d-b1ab-4682-8843-528e25204b60","Balaenoptera physalus",2020
"HumanObservation",2024,66.5034283091,-21.7481649,"2024-05-24T21:36:00+00:00",NA,"Rissa tridactyla","12100dfd-2f7a-4ca3-98dd-a49df007e102","Rissa tridactyla",2020
"HumanObservation",2023,79.6093297424,12.6904152703,"2023-09-19T16:15:00+02:00",NA,"Rissa tridactyla","1210aaaf-f1c3-4772-9098-df26faa48a94","Rissa tridactyla",2020
"HumanObservation",2019,64.172945,-21.971175,"2019-07-16T14:36:30-04:00",NA,"Fratercula arctica","121a438e-be55-448c-8872-6618860e869c","Fratercula arctica",2010
"HumanObservation",2024,71.9018102817,17.1552452541,"2024-05-30T03:24:00+01:00",NA,"Rissa tridactyla","1247e563-3660-4841-8be1-e3aa68aa5fc1","Rissa tridactyla",2020
"HumanObservation",2023,66.5376408333,-18.0106761117,"2023-07-20T13:34:00+00:00",NA,"Fratercula arctica","12513e76-f2aa-4d25-8dc9-2abd118a8507","Fratercula arctica",2020
"HumanObservation",2017,64.71495,-19.028362,"2017-07-15T22:00:00+00:00",NA,"Fratercula arctica","125ac399-9f50-444d-98b5-1a232d7d16e1","Fratercula arctica",2010
"HumanObservation",2024,66.4525295183,-17.4719633298,"2024-05-25T18:44:00-01:00",NA,"Fratercula arctica","125eedcc-62fa-4c03-b21a-8007074fb209","Fratercula arctica",2020
"HumanObservation",2017,78.5245759545,16.0740577202,"2017-06-20T15:28:00+01:00",NA,"Fratercula arctica","12691817-2b3a-471f-8b79-fa40541f5d9a","Fratercula arctica",2010
"HumanObservation",2024,77.697702982,13.4545043871,"2024-08-30T20:35:00+02:00",NA,"Balaenoptera physalus","127ce66b-9617-4aed-b1ae-5920e3b0b9ee","Balaenoptera physalus",2020
"HumanObservation",2023,70.3974795963,31.1915853692,"2023-06-23T15:36:00+02:00",NA,"Fratercula arctica","129ff8df-9dc3-4d95-9288-40319becfa04","Fratercula arctica",2020
"HumanObservation",2023,59.8543369,-1.2745718,"2023-06-27T08:56:00+01:00",NA,"Fratercula arctica","12a8339e-2b93-4cb5-be7e-e6196997b6c6","Fratercula arctica",2020
"HumanObservation",2022,64.0829911,-22.6938278,"2022-03-26T13:25:00+00:00",NA,"Rissa tridactyla","12ba16f9-11a5-4699-b69e-41ec2acb8916","Rissa tridactyla",2020
"HumanObservation",2023,69.7271435401,18.8931847402,"2023-07-13T15:08:00+02:00",NA,"Rissa tridactyla","12c6aba6-37fd-4dfe-a1d4-93eba7c989f7","Rissa tridactyla",2020
"HumanObservation",2022,59.5337466667,-1.602045,"2022-07-22T08:56:00+01:00",NA,"Fratercula arctica","12ceb576-a48f-418c-a8d4-6a4e3aa60d70","Fratercula arctica",2020
"HumanObservation",2021,62.1020377272,-7.6477879295,"2021-07-20T12:18:00+01:00",NA,"Rissa tridactyla","12d25984-4326-4234-a0fb-cfa8091df81d","Rissa tridactyla",2020
"HumanObservation",2024,71.1921783591,25.6499283966,"2024-03-23T15:38:00+01:00",NA,"Balaenoptera physalus","12d98bbb-18c1-4793-99af-9ca59a180131","Balaenoptera physalus",2020
"HumanObservation",2017,79.0254838562,21.1652768339,"2017-07-23T15:12:00+01:00",NA,"Rissa tridactyla","12decb1f-13ed-4e31-97eb-0b63e130c8d0","Rissa tridactyla",2010
"HumanObservation",2023,66.076667,-17.55,"2023-05-13","1","Balaenoptera musculus","12faea75-7662-4e23-b4e6-45120d056b4e","Balaenoptera musculus",2020
"HumanObservation",2020,69.9814965317,18.4485640937,"2020-07-29T17:02:00+02:00",NA,"Fratercula arctica","13002229-78cc-4688-a6da-d78b40dd2a25","Fratercula arctica",2020
"HumanObservation",2018,65.5423291205,-13.7562450285,"2018-08-04T17:42:00+00:00",NA,"Fratercula arctica","130b0e85-b128-417d-914a-c8a8e6cbcf06","Fratercula arctica",2010
"HumanObservation",2024,69.0608951583,15.1233987621,"2024-07-26T19:27:53+02:00",NA,"Fratercula arctica","1324abd9-bbdb-4e1d-8925-6a94405bb444","Fratercula arctica",2020
"HumanObservation",2024,70.5269798215,30.3476630781,"2024-05-19T12:22:00+02:00",NA,"Fratercula arctica","132f2cdf-7e4c-44fd-b878-59791bc3811f","Fratercula arctica",2020
"HumanObservation",2024,66.049555,-22.8324966667,"2024-07-06T09:22:00+00:00",NA,"Fratercula arctica","133e0a1e-0108-4810-9e51-04711b7c76d5","Fratercula arctica",2020
"HumanObservation",2024,65.4995483798,-24.52610892,"2024-06-13T09:40:00+00:00",NA,"Rissa tridactyla","135af362-c35f-46ad-b3b3-b213899d0f33","Rissa tridactyla",2020
"HumanObservation",2021,63.4042133333,-19.1032278333,"2021-08-19T11:31:32-04:00",NA,"Fratercula arctica","137c4d52-f8fc-46d3-abd9-3ba09cb7e067","Fratercula arctica",2020
"HumanObservation",2022,64.0829717404,-22.6937126106,"2022-06-24T01:52:00+00:00",NA,"Rissa tridactyla","13865088-7f66-4b1c-9dd8-e6683259c095","Rissa tridactyla",2020
"HumanObservation",2019,65.048564183,-17.9322262208,"2019-08-20T19:12:37+08:00",NA,"Fratercula arctica","1389f4cf-2082-41c6-8e3b-e15f748c140e","Fratercula arctica",2010
"HumanObservation",2024,62.2776101708,-6.3380652666,"2024-05-30T13:46:51+01:00",NA,"Fratercula arctica","139d9944-9eb7-451c-9376-bbd711b72fb5","Fratercula arctica",2020
"HumanObservation",2017,63.4017394825,-19.1280795143,"2017-07-09T23:44:00-07:00",NA,"Fratercula arctica","13a02232-1f9b-4a4e-8d62-1369f191e1f8","Fratercula arctica",2010
"HumanObservation",2022,78.9997463779,11.6648359104,"2022-08-17T06:58:00+02:00",NA,"Fratercula arctica","13b436eb-9f20-41e1-b437-f1cdd5b6ea3f","Fratercula arctica",2020
"HumanObservation",2023,70.2492171023,31.1653037865,"2023-06-23T15:22:00+02:00",NA,"Rissa tridactyla","13bb2192-10fc-4c10-9ae6-ddbcb78dd089","Rissa tridactyla",2020
"HumanObservation",2024,65.1182547186,-23.8891317698,"2024-04-24T12:28:00+00:00",NA,"Physeter macrocephalus","13c32f7d-34ef-4091-ad9d-19a5784e26f0","Physeter macrocephalus",2020
"HumanObservation",2023,78.8818524944,9.8260425219,"2023-07-03T15:13:00+02:00",NA,"Fratercula arctica","13effe23-aca2-4e25-a6f1-e43981de9079","Fratercula arctica",2020
"HumanObservation",2024,66.0493516667,-22.8325233333,"2024-07-06T09:21:00+00:00",NA,"Fratercula arctica","13f16e12-cdaf-42f9-8d32-9b8af8c6519e","Fratercula arctica",2020
"HumanObservation",2023,70.3362204043,31.0740185385,"2023-06-23T17:26:00+02:00",NA,"Rissa tridactyla","13f459a9-824a-4fae-b388-66fdeb927131","Rissa tridactyla",2020
"HumanObservation",2018,79.804967,12.033633,"2018-08-30T21:06:11","1","Balaenoptera musculus","13f5d36b-4476-4c8d-984c-84b3ad96f184","Balaenoptera musculus",2010
"HumanObservation",2024,78.26596346,15.514570765,"2024-08-28T16:16:00+02:00",NA,"Fratercula arctica","13ff618b-3eaa-4f2e-97fb-ddb56521e053","Fratercula arctica",2020
"HumanObservation",2018,63.4651890839,-19.1675029518,"2018-07-24T16:59:00+00:00",NA,"Fratercula arctica","1402f887-292f-470f-ba5c-015749fc328b","Fratercula arctica",2010
"HumanObservation",2023,77.0312910672,16.4897820291,"2023-06-14T14:27:00+02:00",NA,"Rissa tridactyla","1475ef00-7dcb-481f-9748-fb16f0639bf0","Rissa tridactyla",2020
"HumanObservation",2022,78.4172849797,15.4298043251,"2022-09-26T13:23:00+02:00",NA,"Rissa tridactyla","147f5ff7-8a83-47a2-973d-566a8cd2aa7e","Rissa tridactyla",2020
"HumanObservation",2024,63.4034959,-20.2866908,"2024-05-04T21:45:00+00:00",NA,"Fratercula arctica","14a0584f-e627-4bee-9dc5-57662f58f2df","Fratercula arctica",2020
"HumanObservation",2024,66.3792977372,-14.8751627281,"2024-06-15T19:41:44+00:00",NA,"Fratercula arctica","14a3283d-f901-4b85-8b6c-2439707ee6b0","Fratercula arctica",2020
"HumanObservation",2019,65.984208016,-17.5530567393,"2019-06-16T09:49:59+01:00",NA,"Fratercula arctica","14ae9928-c9b7-4435-aa83-d4347dcbf0fe","Fratercula arctica",2010
"HumanObservation",2023,63.8259179694,-21.6646661343,"2023-06-12T18:01:00+00:00",NA,"Fratercula arctica","14b54828-a989-4c57-88e8-e5407b30de0c","Fratercula arctica",2020
"HumanObservation",2023,69.2014476138,16.2588904484,"2023-05-21T17:27:00+02:00",NA,"Fratercula arctica","14c6fbb2-e48d-4a74-b7a6-a191f415578a","Fratercula arctica",2020
"HumanObservation",2024,70.3894612584,31.091106147,"2024-04-04T16:12:08+02:00",NA,"Rissa tridactyla","14dcd0bc-5925-4411-a069-10fad3115fe5","Rissa tridactyla",2020
"HumanObservation",2019,57.1582269136,9.0244267737,"2019-07-31T11:28:00+02:00",NA,"Rissa tridactyla","14f6ab0b-3960-4f7d-8bb9-7d6bec07c44a","Rissa tridactyla",2010
"MachineObservation",2020,74.532441,13.767918,"2020-09-12T10:18",NA,"Physeter macrocephalus","150b9c79-53a3-4e97-8cb3-d61685e32f51","Physeter macrocephalus",2020
"HumanObservation",2023,64.7677733333,-23.6167163883,"2023-07-13T17:09:00+00:00",NA,"Rissa tridactyla","1537bdd2-7404-48ab-9b87-9e5585c83201","Rissa tridactyla",2020
"HumanObservation",2024,70.3749945684,19.6272577803,"2024-10-10T16:13:00+02:00",NA,"Physeter macrocephalus","1543ee13-dcef-4cd8-9302-48ceb9433054","Physeter macrocephalus",2020
"HumanObservation",2017,64.9520722921,-23.8388002435,"2017-05-23T15:30:00+00:00",NA,"Physeter macrocephalus","1555a04e-9541-4910-84ce-7c348b61f0ce","Physeter macrocephalus",2010
"HumanObservation",2023,74.7199358,19.3124018,"2023-07-19T02:37:00+01:00",NA,"Rissa tridactyla","1596076c-6287-490d-abc4-6fd6ceb1f592","Rissa tridactyla",2020
"HumanObservation",2017,63.401419065,-19.0330410004,"2017-09-06T06:49:00-07:00",NA,"Fratercula arctica","15a1b132-4000-482a-89aa-d3277c0a010b","Fratercula arctica",2010
"HumanObservation",2018,65.5001816667,-24.5267666667,"2018-07-03T21:38:00-07:00",NA,"Fratercula arctica","15a91dfc-2873-408b-aefc-16ebb01c36e7","Fratercula arctica",2010
"HumanObservation",2021,65.3763352,-22.9159583,"2021-06-30T09:17:00-04:00",NA,"Fratercula arctica","15a9760a-7200-484d-ae7d-cbe49888114f","Fratercula arctica",2020
"HumanObservation",2023,65.3740423987,-22.9263474834,"2023-06-22T11:49:00+00:00",NA,"Fratercula arctica","15aeb059-ce40-4874-865b-68b00503beb0","Fratercula arctica",2020
"HumanObservation",2024,79.6539,11.0025,"2024-08-25T12:54:00+02:00",NA,"Rissa tridactyla","15c965e2-f3ba-4a78-b395-c91a88a915e1","Rissa tridactyla",2020
"HumanObservation",2024,59.5335967598,-1.6012531964,"2024-06-30T14:34:39+01:00",NA,"Fratercula arctica","15e97433-43de-44f8-8231-2996c2e853f1","Fratercula arctica",2020
"HumanObservation",2022,57.5942562209,9.9795098653,"2022-05-21T11:12:00+02:00",NA,"Rissa tridactyla","15f53c28-5df1-4b73-8471-599c11fe8cec","Rissa tridactyla",2020
"HumanObservation",2017,63.4421111111,-20.2984777778,"2017-08-10T13:59:00-04:00",NA,"Rissa tridactyla","15fed0eb-b3c7-442e-a51f-cea511f0450c","Rissa tridactyla",2010
"HumanObservation",2022,69.435518,16.197863,"2022-08-03T12:58:03","1","Physeter macrocephalus","16144458-4405-47fb-8a0e-e35c174a12c7","Physeter macrocephalus",2020
"HumanObservation",2022,70.2940001158,31.0504205936,"2022-07-19T13:50:00+02:00",NA,"Fratercula arctica","1627c1f8-7c1a-4ee6-92aa-228891f5bf50","Fratercula arctica",2020
"HumanObservation",2023,64.7506844123,-23.6466828326,"2023-07-24T15:55:00+00:00",NA,"Rissa tridactyla","16298838-2fe7-481f-ad50-9c05d27c2915","Rissa tridactyla",2020
"HumanObservation",2017,58.643317,-3.034767,"2017-06-04T05:28:17+01:00",NA,"Fratercula arctica","163438ea-131d-4fc8-b9fe-f54896eb0b35","Fratercula arctica",2010
"HumanObservation",2017,60.1346083333,-1.0089888889,"2017-06-28T14:36:00+02:00",NA,"Fratercula arctica","16390964-3ed1-43c0-a040-811a71edc2f6","Fratercula arctica",2010
"HumanObservation",2024,65.9011729638,-17.7334246614,"2024-07-16T14:12:58+00:00",NA,"Rissa tridactyla","16410df4-bb83-49a2-957c-52d67ea002e0","Rissa tridactyla",2020
"HumanObservation",2024,63.6197593787,-13.9976107069,"2024-09-03T16:53:00-01:00",NA,"Balaenoptera physalus","16440531-64cc-4dcc-ab77-c568ba3de241","Balaenoptera physalus",2020
"HumanObservation",2023,70.3523021704,31.1411222045,"2023-06-23T15:17:00+02:00",NA,"Rissa tridactyla","1666af1d-da59-4e56-a88d-8859b25b9ac0","Rissa tridactyla",2020
"HumanObservation",2021,63.5318966667,-19.5105583333,"2021-11-07T10:33:01+00:00",NA,"Rissa tridactyla","166b31df-16ff-4179-90de-bde9268753f1","Rissa tridactyla",2020
"HumanObservation",2024,63.4022183333,-19.0373233333,"2024-08-12T15:50:26+00:00",NA,"Fratercula arctica","167f98f7-c450-41b5-bf2a-c9ac770a5e8b","Fratercula arctica",2020
"HumanObservation",2024,69.5852,15.7155,"2024-06-09","1","Physeter macrocephalus","168a22a7-2cb4-40a8-a579-e8ef1901984c","Physeter macrocephalus",2020
"HumanObservation",2022,70.0246056774,30.082447572,"2022-07-20T13:03:00+02:00",NA,"Rissa tridactyla","1696105c-2770-4ef8-9aff-22784ed457cf","Rissa tridactyla",2020
"HumanObservation",2023,79,11.72,"2023-07-17","1","Balaenoptera physalus","16a628be-df3a-4399-be9a-d81eff041f84","Balaenoptera physalus",2020
"HumanObservation",2018,58.6404867834,-3.0266572713,"2018-08-04T20:09:00+02:00",NA,"Fratercula arctica","16b187a5-ec2d-4a8c-8989-9c55ae33cde3","Fratercula arctica",2010
"HumanObservation",2022,70.2357389776,31.1749858392,"2022-07-02T14:07:00+02:00",NA,"Fratercula arctica","16b1c4bb-aa6b-404a-81ae-c542f540c49c","Fratercula arctica",2020
"HumanObservation",2018,64.0499159656,-16.190041615,"2018-08-01T01:58:00-07:00",NA,"Rissa tridactyla","16b98559-5615-4919-a353-22eada365754","Rissa tridactyla",2010
"HumanObservation",2022,67.940774323,12.9573046554,"2022-08-08T17:24:00+02:00",NA,"Rissa tridactyla","16cdc366-aeb9-4240-b2b2-2929c4e9f5db","Rissa tridactyla",2020
"HumanObservation",2023,64.1859479235,-21.8957948245,"2023-06-12T11:55:00+00:00",NA,"Fratercula arctica","16d2078c-c75d-4bf2-ad8e-d546cff1a839","Fratercula arctica",2020
"HumanObservation",2022,69.6133330933,18.8495137802,"2022-04-16T20:25:24+02:00",NA,"Rissa tridactyla","16f03382-7e11-43a7-b704-59789f15ffa9","Rissa tridactyla",2020
"HumanObservation",2024,78.9926437731,20.7066485564,"2024-07-25T15:18:29+02:00",NA,"Fratercula arctica","16f8e048-6a0f-4a03-a787-f935b2161557","Fratercula arctica",2020
"HumanObservation",2022,64.7677025108,-23.616565206,"2022-06-04T14:37:00+00:00",NA,"Rissa tridactyla","16fa65b2-932e-4c32-b0ad-25a400b97a39","Rissa tridactyla",2020
"HumanObservation",2020,57.1584719529,9.0247165675,"2020-08-05T13:23:00+02:00",NA,"Rissa tridactyla","16fcd1fe-bd76-47a8-be06-308855d355fb","Rissa tridactyla",2020
"HumanObservation",2018,78.3491366667,15.764705,"2018-07-16T18:29:00+02:00",NA,"Fratercula arctica","17280579-0123-4f6e-abcb-331241d5cd2e","Fratercula arctica",2010
"HumanObservation",2019,60.8265861111,-0.9015694444,"2019-06-16T06:10:00-07:00",NA,"Fratercula arctica","1753eace-4804-433f-ada4-c325a662b3d8","Fratercula arctica",2010
"HumanObservation",2019,58.8164298566,-3.0320880503,"2019-06-26T04:39:00-07:00",NA,"Fratercula arctica","175613e7-d5eb-43fe-aef0-1661a91c329f","Fratercula arctica",2010
"HumanObservation",2018,66.5291066667,-17.982085,"2018-07-07T10:15:00-07:00",NA,"Fratercula arctica","17604fea-96fe-4e15-a861-dc1796a61ccf","Fratercula arctica",2010
"HumanObservation",2023,58.3080054576,-5.0430804587,"2023-05-26T13:27:46+01:00",NA,"Fratercula arctica","1767300f-3932-4a84-8325-80ed06ced79e","Fratercula arctica",2020
"HumanObservation",2021,65.3789579898,-22.908433713,"2021-08-14T06:10:05Z",NA,"Fratercula arctica","1773f443-de9d-479c-89d0-f0823315f143","Fratercula arctica",2020
"HumanObservation",2019,58.6458490272,-3.0686474598,"2019-05-12T14:42:00-03:00",NA,"Rissa tridactyla","1779712e-a01c-4196-8150-2235d8412fbf","Rissa tridactyla",2010
"HumanObservation",2021,65.5421366667,-13.7545833333,"2021-07-19T17:23:19Z",NA,"Fratercula arctica","178afc3d-8acc-4002-810a-f1b37d378920","Fratercula arctica",2020
"HumanObservation",2022,79.1277641979,11.8798331271,"2022-07-02T17:46:07+02:00",NA,"Fratercula arctica","179e0af5-e714-4350-97b3-440fd9ad6f40","Fratercula arctica",2020
"HumanObservation",2022,70.389393132,31.1205577353,"2022-04-14T12:03:00+02:00",NA,"Fratercula arctica","17a836b9-87a7-4fff-a829-6b55b9e8d37e","Fratercula arctica",2020
"HumanObservation",2022,78.3621516667,16.04973,"2022-05-14T10:16:00+02:00",NA,"Fratercula arctica","17cdee78-0cf3-44a5-b088-555e5e9543e8","Fratercula arctica",2020
"HumanObservation",2022,70.233106875,31.0399070693,"2022-07-19T12:24:00+02:00",NA,"Fratercula arctica","17ce7c4c-3e5d-4df7-bb53-a7f0b1ad7180","Fratercula arctica",2020
"HumanObservation",2024,70.2050162016,31.1732850761,"2024-07-06T10:29:00+02:00",NA,"Fratercula arctica","17e7d771-9136-408a-97ce-91154b033904","Fratercula arctica",2020
"HumanObservation",2018,71.1127255357,24.6436743043,"2018-08-02",NA,"Rissa tridactyla","17eeaa01-8e86-4b5d-8e88-f637e2a4f332","Rissa tridactyla",2010
"HumanObservation",2022,66.3340444459,-14.8896256298,"2022-05-03T15:54:41+00:00",NA,"Fratercula arctica","17f94403-3178-4685-802b-14d3d899efa2","Fratercula arctica",2020
"HumanObservation",2023,70.3646852107,31.0892225098,"2023-06-23T15:25:00+02:00",NA,"Fratercula arctica","180336d1-a518-4977-a16a-585e402d759b","Fratercula arctica",2020
"HumanObservation",2024,65.5008472222,-24.5281666667,"2024-08-12T17:44:00+00:00",NA,"Fratercula arctica","1804ef63-ca6c-46ad-a643-f6386f31754c","Fratercula arctica",2020
"HumanObservation",2023,66.076667,-17.55,"2023-05-13","1","Balaenoptera musculus","1809bb0c-d11d-412b-8bb1-a74f09a97e31","Balaenoptera musculus",2020
"HumanObservation",2021,59.8563716667,-1.2723716667,"2021-07-11T15:17:16+02:00",NA,"Fratercula arctica","1812dab2-9071-45cd-8170-0026f209e685","Fratercula arctica",2020
"HumanObservation",2017,63.444349,-20.284594,"2017-08-10T11:32:00-04:00",NA,"Rissa tridactyla","1837dc67-8f3d-456c-b295-c4dfcb21ab1f","Rissa tridactyla",2010
"HumanObservation",2018,65.4998779043,-24.524960491,"2018-06-05T00:13:00+02:00",NA,"Fratercula arctica","188be2f1-3fd2-48fc-b88e-3a6bfe2e0bd5","Fratercula arctica",2010
"HumanObservation",2023,66.058082,-17.561646,"2023-05-11T15:00","1","Balaenoptera musculus","18a1c9fc-ba16-4ff9-864d-f18ce464f510","Balaenoptera musculus",2020
"HumanObservation",2024,63.4039316044,-20.2878814976,"2024-06-29T07:34:24+00:00",NA,"Fratercula arctica","18a812c5-3f92-497a-9141-0510cf2cfb19","Fratercula arctica",2020
"HumanObservation",2022,65.542272661,-13.7549670907,"2022-06-04T08:14:16+00:00",NA,"Fratercula arctica","18b3ed29-549e-44a1-a936-73c69ddabc55","Fratercula arctica",2020
"HumanObservation",2022,65.13704,-22.771658,"2022-07-08T15:34:00+00:00",NA,"Fratercula arctica","18b80c43-c92c-40d6-9190-edb44de8acff","Fratercula arctica",2020
"HumanObservation",2024,70.3200367293,31.1367727313,"2024-07-23T15:43:07+02:00",NA,"Fratercula arctica","18bf6793-161a-4757-8d9f-ffa98d88ca1d","Fratercula arctica",2020
"HumanObservation",2024,70.3426636317,31.0457710826,"2024-06-24T13:14:00+02:00",NA,"Fratercula arctica","18c754c6-c01d-44c5-8130-24256491cd18","Fratercula arctica",2020
"HumanObservation",2023,63.4042053223,-19.1032333374,"2023-07-19T14:15:20+00:00",NA,"Fratercula arctica","18ebd5a6-da60-4e5b-8913-1c3565210ff9","Fratercula arctica",2020
"HumanObservation",2024,70.3647599058,31.1635560777,"2024-04-07T10:25:00+02:00",NA,"Rissa tridactyla","19059ff6-94ae-4897-a2fc-b356af2a561b","Rissa tridactyla",2020
"HumanObservation",2023,70.473612843,-9.7070521374,"2023-09-28T16:56:00-01:00",NA,"Rissa tridactyla","19087ad8-7f4f-44c9-9c5b-2f5488e55b44","Rissa tridactyla",2020
"HumanObservation",2024,63.4035361111,-20.2874555556,"2024-08-30T12:27:51+00:00",NA,"Fratercula arctica","191e7272-1a4e-4fe3-b9b4-d08093fbe2db","Fratercula arctica",2020
"HumanObservation",2024,58.3831082497,-5.2054049447,"2024-08-03T12:06:00+01:00",NA,"Rissa tridactyla","1932b28d-25bc-4e7b-9029-915b866423c1","Rissa tridactyla",2020
"HumanObservation",2024,64.1563903326,-21.8599477251,"2024-05-23T17:00:00+00:00",NA,"Rissa tridactyla","19346d46-84be-47d8-a4a7-f9d375aeaa2f","Rissa tridactyla",2020
"HumanObservation",2022,78.5200437832,16.2910978511,"2022-08-25T18:29:00+02:00",NA,"Rissa tridactyla","19354e7b-f616-49fb-895d-a38151aedf83","Rissa tridactyla",2020
"HumanObservation",2022,65.5423998367,-13.7558090364,"2022-05-21T17:58:00+00:00",NA,"Fratercula arctica","195ab44c-fd8f-4763-a46c-1e57aa861bee","Fratercula arctica",2020
"HumanObservation",2017,69.475551,14.865727,"2017-07-23T13:36:12","1","Physeter macrocephalus","19647197-9b29-4dbf-bce0-0f0288e23ee1","Physeter macrocephalus",2010
"HumanObservation",2023,79.9007,29.6519,"2023-09-11T15:10:00+02:00",NA,"Rissa tridactyla","1975fe68-7907-46c6-90b2-3b6214528a8c","Rissa tridactyla",2020
"HumanObservation",2022,79.5996489,20.4690838,"2022-08-21T16:05:00+02:00",NA,"Rissa tridactyla","197800e0-17e8-4d75-859f-c86ca2a3973f","Rissa tridactyla",2020
"HumanObservation",2017,79.558401,10.260876,"2017-07-08T21:31:19","1","Balaenoptera musculus","19879a35-7ecc-471c-8144-98f6d948f448","Balaenoptera musculus",2010
"HumanObservation",2018,64.078425235,-16.2305536866,"2018-08-17T23:49:55+00:00",NA,"Rissa tridactyla","1996a729-45ba-4c4f-80be-917edf9f67e4","Rissa tridactyla",2010
"HumanObservation",2024,63.4027363889,-19.1310263889,"2024-07-07T14:12:00+00:00",NA,"Fratercula arctica","199e05a9-d800-4b3e-b9d5-2e836e2e6342","Fratercula arctica",2020
"HumanObservation",2023,63.4042683333,-19.1032416667,"2023-06-19T05:02:00+00:00",NA,"Fratercula arctica","19bb3655-684c-4a4f-b3f0-8c5c08edc26c","Fratercula arctica",2020
"HumanObservation",2024,62.5993579138,6.1397904214,"2024-05-23T13:43:00+02:00",NA,"Rissa tridactyla","19bc8100-af21-4c50-8d9f-9999286be4f9","Rissa tridactyla",2020
"HumanObservation",2024,65.5421916667,-13.75498,"2024-06-23T11:10:00+00:00",NA,"Fratercula arctica","19f84c3b-a018-4d20-adae-a420ea6169b5","Fratercula arctica",2020
"HumanObservation",2022,70.2246827545,31.0631666568,"2022-07-19T13:41:00+02:00",NA,"Fratercula arctica","1a09a5bc-0a90-4192-afdd-b34f58ccec74","Fratercula arctica",2020
"HumanObservation",2023,70.3187943768,31.1351571654,"2023-06-23T15:10:51+02:00",NA,"Fratercula arctica","1a0d6034-a071-499f-9578-543f3fb90843","Fratercula arctica",2020
"HumanObservation",2022,65.377351,-22.913718,"2022-07-08T17:38:00+00:00",NA,"Rissa tridactyla","1a117ce9-1556-4726-a5a6-f8313817f0c9","Rissa tridactyla",2020
"HumanObservation",2023,65.4992978239,-24.510755512,"2023-06-30T07:41:00+00:00",NA,"Rissa tridactyla","1a2dfee4-3071-4163-9bad-4aa85c6ec04e","Rissa tridactyla",2020
"HumanObservation",2023,63.3969343641,-20.2975642711,"2023-07-03T15:24:00+00:00",NA,"Fratercula arctica","1a2e9e24-1c9b-49cf-a36e-a2cac6e07545","Fratercula arctica",2020
"HumanObservation",2023,61.7715682603,-6.804072758,"2023-07-10T16:38:00+01:00",NA,"Fratercula arctica","1a49df6a-9e83-4929-932c-a9fa108af7c9","Fratercula arctica",2020
"HumanObservation",2022,70.0390866307,30.1185193633,"2022-04-13T16:42:00+02:00",NA,"Rissa tridactyla","1a6236a7-d5e2-4a4c-baad-2cf51e491cc8","Rissa tridactyla",2020
"HumanObservation",2022,64.886138547,-24.0451489313,"2022-06-03T13:05:00+00:00",NA,"Rissa tridactyla","1a66be8c-5d03-454d-96fa-bc6070a91b42","Rissa tridactyla",2020
"HumanObservation",2024,67.9050149072,13.1446237656,"2024-08-03T08:05:00+02:00",NA,"Rissa tridactyla","1a8ba349-e47d-438d-b520-97fc895d966f","Rissa tridactyla",2020
"HumanObservation",2023,63.4042579173,-19.1033470759,"2023-06-22T11:09:09+00:00",NA,"Fratercula arctica","1a91fc6c-5f6c-4b54-b135-262b22de3adc","Fratercula arctica",2020
"HumanObservation",2019,79.685985,13.797973,"2019-07-16T21:10:46","1","Balaenoptera physalus","1ab3df67-abb5-4134-80ac-62f26858e188","Balaenoptera physalus",2010
"HumanObservation",2018,66.3189927154,-17.5440640291,"2018-07-27T19:42:00+00:00",NA,"Fratercula arctica","1ade6929-0a6c-489f-8903-95a42040a020","Fratercula arctica",2010
"HumanObservation",2022,70.2987855575,31.1355818697,"2022-07-19T12:28:00+02:00",NA,"Fratercula arctica","1ae968ef-d595-4da5-b733-488d1255219a","Fratercula arctica",2020
"HumanObservation",2024,78.3637181706,15.7635522634,"2024-08-03T09:28:55+02:00",NA,"Fratercula arctica","1af08c4e-5147-4d37-a7ed-08777dd2f757","Fratercula arctica",2020
"HumanObservation",2024,70.3909850343,31.1668290557,"2024-06-12T10:36:00+02:00",NA,"Balaenoptera physalus","1afc0024-13ee-4445-adb7-1422fc650edd","Balaenoptera physalus",2020
"HumanObservation",2023,65.5542926258,-13.756671276,"2023-06-05T16:57:00+00:00",NA,"Rissa tridactyla","1b18cb04-0899-416d-a1da-ba2d86b8f9d2","Rissa tridactyla",2020
"HumanObservation",2018,66.2648393823,-22.7676164779,"2018-08-07T22:32:00-07:00",NA,"Rissa tridactyla","1b1cced3-f97a-4fb8-955f-f4ed7ae3f3f7","Rissa tridactyla",2010
"HumanObservation",2023,59.0935917416,-2.534343861,"2023-07-21",NA,"Fratercula arctica","1b21ae53-10ad-4eea-aedb-384cc2d00c38","Fratercula arctica",2020
"HumanObservation",2023,67.9933155693,12.8636814983,"2023-07-18T11:25:00+02:00",NA,"Rissa tridactyla","1b26a864-d0ba-441e-b969-3c690dcec3cc","Rissa tridactyla",2020
"HumanObservation",2021,70.2170284508,31.1984047517,"2021-06-25T10:11:51+02:00",NA,"Rissa tridactyla","1b4fc459-a4cd-4c45-a7bc-cdd98bf5c720","Rissa tridactyla",2020
"HumanObservation",2022,64.9050057458,-23.6965466525,"2022-09-08T15:17:00+00:00",NA,"Rissa tridactyla","1b74421a-b791-4b7a-aed0-b4beaea447f2","Rissa tridactyla",2020
"HumanObservation",2022,63.4114009734,-19.0260203603,"2022-06-30T12:47:00+00:00",NA,"Fratercula arctica","1b76460a-d0e2-439d-b0cd-1df78c6f447e","Fratercula arctica",2020
"HumanObservation",2019,65.4966493694,-24.5021169128,"2019-06-06T11:32:00+00:00",NA,"Rissa tridactyla","1b7d0c59-5f71-4e5b-8a66-ebff4c3874ca","Rissa tridactyla",2010
"HumanObservation",2019,77.5539245605,15.0771684647,"2019-09-14T10:39:32+02:00",NA,"Rissa tridactyla","1bb1b24b-714d-4afc-9aa5-b3ca91c03b0f","Rissa tridactyla",2010
"HumanObservation",2017,64.1719559,-21.9163726,"2017-05-21",NA,"Rissa tridactyla","1bbdd0c0-2d22-4f20-8b5c-51a8f5859e48","Rissa tridactyla",2010
"HumanObservation",2017,60.1867690928,25.141825679,"2017-04-20T08:32:00Z",NA,"Rissa tridactyla","1bc263e8-f85d-4c76-a1d3-bca0b44f470c","Rissa tridactyla",2010
"HumanObservation",2024,70.1522336169,30.1479056562,"2024-07-27T11:01:00+02:00",NA,"Rissa tridactyla","1bfe9b8f-8d7f-4d79-b86e-63def4428d8c","Rissa tridactyla",2020
"HumanObservation",2020,64.963051,-19.020835,"2020-06-22T18:48:00+02:00",NA,"Fratercula arctica","1bffb674-a954-4ab9-8dd8-c09d3c2d7b3e","Fratercula arctica",2020
"HumanObservation",2023,70.0601386771,30.0312080034,"2023-03-23T10:19:00+01:00",NA,"Rissa tridactyla","1c054dea-21ba-4fd2-ae9a-eb42a9de84ec","Rissa tridactyla",2020
"HumanObservation",2024,67.6353187125,13.0735913233,"2024-03-08T16:03:07+01:00",NA,"Rissa tridactyla","1c13d09d-efca-47ea-b3ca-a5cd28e4ca52","Rissa tridactyla",2020
"HumanObservation",2019,58.6405505558,-3.0326239803,"2019-05-15T12:21:00-03:00",NA,"Rissa tridactyla","1c15fcdc-cd4e-4f1f-beee-f8f1d20f7cd8","Rissa tridactyla",2010
"HumanObservation",2024,65.4996703329,-24.5235644746,"2024-06-23T20:30:00+00:00",NA,"Fratercula arctica","1c162d3e-ec35-433e-afc5-b8b4aea9dbd0","Fratercula arctica",2020
"HumanObservation",2022,65.377966,-22.909842,"2022-07-08T17:54:00+00:00",NA,"Fratercula arctica","1c25c4de-4485-474c-92b6-9ceb4f28ba5f","Fratercula arctica",2020
"HumanObservation",2024,70.5148423518,31.1210119143,"2024-06-14T12:35:22+02:00",NA,"Fratercula arctica","1c35a820-71d8-4772-81c6-94e5f38ed468","Fratercula arctica",2020
"HumanObservation",2019,65.1370695,-22.5936416667,"2019-07-07T16:11:55Z",NA,"Rissa tridactyla","1c3c3205-4e08-40ac-b891-4ee36b4d3782","Rissa tridactyla",2010
"HumanObservation",2019,65.499414137,-24.524950218,"2019-07-06T06:32:00+02:00",NA,"Fratercula arctica","1c4b0e52-f5d0-4598-9957-9c2cb968d6a5","Fratercula arctica",2010
"HumanObservation",2024,76.076694,15.380859,"2024-07-02T23:16:08","1","Balaenoptera physalus","1c5abe4c-862a-4cb1-9a24-88fbde7eb274","Balaenoptera physalus",2020
"HumanObservation",2017,64.71495,-19.028362,"2017-07-14T22:00:00+00:00",NA,"Rissa tridactyla","1c5bbfe1-29b3-4317-a944-1274d193758f","Rissa tridactyla",2010
"HumanObservation",2024,58.502771,-6.266061,"2024-08-08T11:39:00+01:00",NA,"Rissa tridactyla","1c67371a-bc6c-40e1-a133-275e2199f9a9","Rissa tridactyla",2020
"HumanObservation",2017,79.8903,14.4406,"2017-07-08T20:45:47","1","Balaenoptera musculus","1c6b72a3-5286-4434-bfff-7f5bc4edcae8","Balaenoptera musculus",2010
"HumanObservation",2022,58.5096731113,-6.2812865632,"2022-07-27T09:56:24+01:00",NA,"Rissa tridactyla","1c980d00-591c-4d6c-a62c-2acaec77223d","Rissa tridactyla",2020
"HumanObservation",2024,62.101441101,-7.6404477393,"2024-08-06T14:33:00+01:00",NA,"Rissa tridactyla","1c9a59ae-d543-4155-aa11-a98af5f276a7","Rissa tridactyla",2020
"HumanObservation",2024,66.53851095,-18.0112637,"2024-05-10T17:47:24+00:00",NA,"Fratercula arctica","1ca7d36d-c559-44f1-bebf-335c8904d958","Fratercula arctica",2020
"MachineObservation",2020,73.370249,19.792814,"2020-09-29T06:38",NA,"Physeter macrocephalus","1cb52954-27ca-44c6-a33a-0321c22234fb","Physeter macrocephalus",2020
"HumanObservation",2024,78.2688180412,22.0212213649,"2024-07-13T09:21:00+02:00",NA,"Rissa tridactyla","1ce4b212-12dd-4890-916a-0acdb8dcf905","Rissa tridactyla",2020
"HumanObservation",2024,78.4533416642,16.2962405668,"2024-06-07T17:38:00+02:00",NA,"Fratercula arctica","1ce54e61-70d6-4217-b720-b2e7e5c3142c","Fratercula arctica",2020
"HumanObservation",2024,66.5478666667,-18.0241883333,"2024-07-07T09:50:00+00:00",NA,"Fratercula arctica","1ce5e82a-b919-48e5-8cd5-edb5e11f3178","Fratercula arctica",2020
"HumanObservation",2024,62.1026027778,-7.6602916667,"2024-07-16T15:30:55+01:00",NA,"Fratercula arctica","1ce9b3a5-3535-40f1-986a-0e3defd06156","Fratercula arctica",2020
"HumanObservation",2023,70.3488665612,31.1830818122,"2023-06-23T15:27:03+02:00",NA,"Fratercula arctica","1cf749d5-b135-4e36-be62-0b8a3c8a21e6","Fratercula arctica",2020
"HumanObservation",2023,63.4040405549,-19.1302256622,"2023-07-28T11:18:00+00:00",NA,"Fratercula arctica","1cfb9b63-8749-456e-9bed-e5d5d3ea2793","Fratercula arctica",2020
"HumanObservation",2019,64.752420928,-23.6437620496,"2019-04-07T18:38:00+00:00",NA,"Rissa tridactyla","1d0c7844-93a4-4fa5-962d-d7d043d54051","Rissa tridactyla",2010
"HumanObservation",2019,63.443527,-20.284187,"2019-06-22T05:14:00-07:00",NA,"Rissa tridactyla","1d113001-94a7-45db-9e79-7ceea58d6788","Rissa tridactyla",2010
"HumanObservation",2023,71.0833078124,26.0920212332,"2023-05-19T12:49:43+02:00",NA,"Rissa tridactyla","1d1a98f9-294f-42ff-a3c8-f63b99d1ebec","Rissa tridactyla",2020
"HumanObservation",2017,69.2612930203,16.0679806842,"2017-06-07T11:32:00+02:00",NA,"Physeter macrocephalus","1d2eb427-5816-4833-9e30-5a4b13a731a0","Physeter macrocephalus",2010
"HumanObservation",2024,58.502771,-6.266061,"2024-08-08T11:06:00+01:00",NA,"Rissa tridactyla","1d63f2cc-984f-42dc-b5de-c206252c6886","Rissa tridactyla",2020
"HumanObservation",2024,62.3255290198,-6.9412069023,"2024-08-11T13:01:03+01:00",NA,"Fratercula arctica","1d6bc19c-055f-4377-80c9-d5e082a299ef","Fratercula arctica",2020
"HumanObservation",2019,76.930555,15.062256,"2019-08-19T00:02:18","1","Balaenoptera musculus","1d6bfaf1-224d-4bf3-82f6-076a824901d4","Balaenoptera musculus",2010
"HumanObservation",2022,71.0828626236,25.6023447489,"2022-04-12T18:52:00+02:00",NA,"Fratercula arctica","1d6d725d-41ee-49cd-b643-3e2cbed1fdbb","Fratercula arctica",2020
"HumanObservation",2023,70.243108447,31.0485265031,"2023-06-23T15:25:00+02:00",NA,"Fratercula arctica","1d774255-e7dc-4817-b966-9a2d3cd09037","Fratercula arctica",2020
"HumanObservation",2022,69.7388853701,18.9315770003,"2022-06-15T07:06:44+02:00",NA,"Rissa tridactyla","1d81acc8-4b22-4977-93ce-11d33da5a497","Rissa tridactyla",2020
"HumanObservation",2023,69.2556441096,16.1670382002,"2023-09-11T10:49:00+02:00",NA,"Rissa tridactyla","1d98d379-46b0-4aeb-bc32-11d524a91c9c","Rissa tridactyla",2020
"HumanObservation",2023,65.5421225531,-13.7548249234,"2023-07-23T11:51:00+00:00",NA,"Fratercula arctica","1d9ad29b-4159-4c93-b5cc-76e3284fe55c","Fratercula arctica",2020
"HumanObservation",2024,70.8495187743,-8.9093442551,"2024-06-10T07:59:00+02:00",NA,"Rissa tridactyla","1da8712d-8342-4017-8695-da06fc5fc8c0","Rissa tridactyla",2020
"HumanObservation",2024,61.7735375765,-6.8055191987,"2024-07-25T10:54:00+01:00",NA,"Fratercula arctica","1dbdcdb1-b00b-4822-8ee6-977436e66843","Fratercula arctica",2020
"HumanObservation",2024,57.1587013329,9.0244997665,"2024-07-31T10:30:40+02:00",NA,"Rissa tridactyla","1dc7cd16-007b-4583-9677-3ba217b1eb4f","Rissa tridactyla",2020
"HumanObservation",2018,65.4715309544,-13.6409115754,"2018-08-05T10:23:00-04:00",NA,"Fratercula arctica","1dcf032e-f8f7-41fc-a152-6afc9bc66f39","Fratercula arctica",2010
"HumanObservation",2021,62.3273730033,-6.94157761,"2021-07-20T14:54:00+01:00",NA,"Fratercula arctica","1dd9bcc8-1d3b-4870-a766-c4940554a65e","Fratercula arctica",2020
"HumanObservation",2018,64.732527,-23.7846095,"2018-08-17T16:25:00+00:00",NA,"Rissa tridactyla","1e07bd16-4877-4150-9776-3733662e65d7","Rissa tridactyla",2010
"HumanObservation",2023,69.7705611873,18.8942252318,"2023-07-29T15:34:04+02:00",NA,"Rissa tridactyla","1e0ab3bc-fe2c-4b0e-b6a7-8893c64d5784","Rissa tridactyla",2020
"HumanObservation",2024,61.7766050087,-6.8064697102,"2024-07-25T10:47:00+01:00",NA,"Fratercula arctica","1e1b1cf0-7e72-454d-b628-430741ed0063","Fratercula arctica",2020
"HumanObservation",2024,70.3428634127,31.1052174841,"2024-05-22T10:25:00+02:00",NA,"Rissa tridactyla","1e205895-d268-4979-bcbf-ee43945bd4f7","Rissa tridactyla",2020
"HumanObservation",2023,65.0952138333,-22.7046716667,"2023-08-02T20:55:52+00:00",NA,"Fratercula arctica","1e30f835-d1d9-4476-9ac1-661ec650ff7f","Fratercula arctica",2020
"HumanObservation",2024,64.277531751,-23.0329839368,"2024-05-23T18:53:00+00:00",NA,"Fratercula arctica","1e317066-f8fa-4966-8646-5d20c366aafc","Fratercula arctica",2020
"HumanObservation",2019,64.769268,-23.622644,"2019-08-19T15:07:00+00:00",NA,"Rissa tridactyla","1e48f5b8-413a-4755-8a65-5dbb8911faeb","Rissa tridactyla",2010
"HumanObservation",2017,64.7783195885,-23.8098593063,"2017-08-13T13:44:00+02:00",NA,"Rissa tridactyla","1e4bf923-bb07-467e-80ef-10d69192c04b","Rissa tridactyla",2010
"HumanObservation",2019,58.6458490272,-3.0686474598,"2019-05-12T14:34:00-03:00",NA,"Fratercula arctica","1e5ac97c-b7c4-47f8-bac6-389b92d53e01","Fratercula arctica",2010
"HumanObservation",2024,63.4274259951,-20.3011524785,"2024-07-13T14:25:00+00:00",NA,"Fratercula arctica","1e8f970d-a844-4c9a-b316-287bb742f6a4","Fratercula arctica",2020
"HumanObservation",2024,60.124582,-2.050538,"2024-05-29T13:39:20+01:00",NA,"Fratercula arctica","1e91ac57-4e3c-459b-a0fd-78a8c1f88e17","Fratercula arctica",2020
"HumanObservation",2023,63.4047166667,-19.1018471667,"2023-06-15T14:59:50+00:00",NA,"Fratercula arctica","1e96e3a6-381a-495e-8c6d-8da437220ac8","Fratercula arctica",2020
"HumanObservation",2023,65.542569,-13.755936,"2023-08-11T08:30:00+00:00",NA,"Rissa tridactyla","1eb64e8a-06d5-4b33-9d5a-d700d976cc44","Rissa tridactyla",2020
"HumanObservation",2021,65.5006713207,-24.5283564019,"2021-08-02T11:39:00-04:00",NA,"Rissa tridactyla","1ebc77d1-3d62-4783-9ec0-69542341bc24","Rissa tridactyla",2020
"HumanObservation",2023,70.8830896142,29.1565539054,"2023-07-08T18:13:00+02:00",NA,"Rissa tridactyla","1ebfdec3-65ce-45e9-96e5-b758cc84ae7f","Rissa tridactyla",2020
"HumanObservation",2023,78.2668483179,21.9215812044,"2023-09-21T08:47:00+02:00",NA,"Rissa tridactyla","1ed62aae-c872-4312-a8a6-f743e4121923","Rissa tridactyla",2020
"HumanObservation",2019,64.7677193034,-23.6164511697,"2019-07-29T12:00:00+00:00",NA,"Rissa tridactyla","1ed77123-4c42-4336-8a66-4956983e4221","Rissa tridactyla",2010
"HumanObservation",2017,65.502542,-24.531585,"2017-07-07T12:45:26+00:00",NA,"Fratercula arctica","1ef5e348-ea36-4ee5-8db7-3759e5991e39","Fratercula arctica",2010
"HumanObservation",2022,70.3053950774,31.1027340272,"2022-04-14T18:28:00+02:00",NA,"Fratercula arctica","1efa36f0-f5ee-4d44-8174-c43f8837bc97","Fratercula arctica",2020
"HumanObservation",2024,78.9976555556,11.9734944444,"2024-08-25T07:01:00+02:00",NA,"Fratercula arctica","1f1ae87c-eb27-407a-875d-ab813c561c89","Fratercula arctica",2020
"HumanObservation",2023,58.3828499191,-5.2053256902,"2023-06-26T10:59:17+01:00",NA,"Fratercula arctica","1f520817-e1cc-4f32-a0a0-51e13b112b9d","Fratercula arctica",2020
"HumanObservation",2024,64.7719415092,-23.7489109924,"2024-08-05T22:52:00+00:00",NA,"Fratercula arctica","1f6663af-f5f3-477c-b08a-823cfca842b0","Fratercula arctica",2020
"HumanObservation",2017,62.1011695,-7.6610116667,"2017-08-24T14:13:21+01:00",NA,"Fratercula arctica","1f66d419-b603-4a98-859f-464688e3cf8c","Fratercula arctica",2010
"HumanObservation",2024,66.1378031066,-16.9500736891,"2024-06-23T14:03:00+00:00",NA,"Fratercula arctica","1f674eb6-9421-44b5-a9a9-2b467e1092bf","Fratercula arctica",2020
"HumanObservation",2024,78.2688180412,22.0212213649,"2024-09-08T09:21:00+02:00",NA,"Rissa tridactyla","1f798613-1440-4ae7-82f2-a87e97452959","Rissa tridactyla",2020
"HumanObservation",2023,79.0106727009,11.5966738165,"2023-06-25T09:37:00+02:00",NA,"Fratercula arctica","1f7cee38-3c25-40de-93d5-5e0216e9e246","Fratercula arctica",2020
"HumanObservation",2023,70.3557527266,31.0316751057,"2023-06-23T15:03:00+02:00",NA,"Fratercula arctica","1fa8de21-d358-48c4-b920-55a1e4d5db57","Fratercula arctica",2020
"HumanObservation",2018,63.4040896818,-19.1036101048,"2018-08-29T16:36:00+00:00",NA,"Fratercula arctica","1fb8a147-f00b-49ec-bd60-628c9430f17a","Fratercula arctica",2010
"HumanObservation",2022,64.2424777937,-15.2046213262,"2022-05-28T23:26:00+00:00",NA,"Rissa tridactyla","1fb9da77-85e6-4262-80a0-bfe3501f71d8","Rissa tridactyla",2020
"HumanObservation",2023,62.4106244907,5.6310079521,"2023-06-17T07:48:00+02:00",NA,"Fratercula arctica","1fbddaf4-8b0d-4b93-8adb-5cd973738459","Fratercula arctica",2020
"HumanObservation",2022,62.4036700308,5.481795242,"2022-07-19T20:16:00+02:00",NA,"Fratercula arctica","1fc93c54-06c7-41b2-bd44-cba49fb28444","Fratercula arctica",2020
"HumanObservation",2023,64.1720045312,-21.9246430323,"2023-06-01T13:14:24+00:00",NA,"Fratercula arctica","1fc96007-c0dc-4887-beeb-fe777e013e0b","Fratercula arctica",2020
"HumanObservation",2021,59.8546192968,-1.2723316346,"2021-07-21T09:46:00+01:00",NA,"Fratercula arctica","1fe22a50-eb6e-4550-8353-9233c195ef0c","Fratercula arctica",2020
"HumanObservation",2019,79.03,10.08,"2019-06-28T12:00","1","Balaenoptera musculus","1fed540c-51ee-4c7d-ad10-1cab42e76763","Balaenoptera musculus",2010
"HumanObservation",2024,77.067,9.856,"2024-08-10","1","Physeter macrocephalus","1ff26206-b0c3-48d0-a81d-17d74c7f3486","Physeter macrocephalus",2020
"HumanObservation",2024,79.1246618188,11.5942541597,"2024-08-14T22:02:00+02:00",NA,"Fratercula arctica","1ffb462b-f553-47ab-80fa-3aad232b3622","Fratercula arctica",2020
"HumanObservation",2019,66.134967,-17.808883,"2019-06-12T08:09:18","1","Balaenoptera musculus","1ffb87fd-47ea-4436-b8e8-d54cc3d013ad","Balaenoptera musculus",2010
"HumanObservation",2022,64.767213,-23.616496,"2022-07-11T15:48:00+00:00",NA,"Rissa tridactyla","20058389-5780-43b0-bcee-cffe78dfd468","Rissa tridactyla",2020
"HumanObservation",2021,66.1144292856,-17.3647040028,"2021-07-23T17:16:00Z",NA,"Fratercula arctica","2006de39-198c-4775-b08a-70a93226a4f8","Fratercula arctica",2020
"HumanObservation",2019,66.5593643188,-18.0099201202,"2019-07-03T14:25:39Z",NA,"Fratercula arctica","20091c8d-466c-4c56-9d55-8636f2391d30","Fratercula arctica",2010
"HumanObservation",2018,71.178013,-8.141446,"2018-05-30T14:06:11","1","Balaenoptera musculus","20323f57-a3cb-4b79-ad87-ffc8bba27f41","Balaenoptera musculus",2010
"HumanObservation",2022,58.6697705138,-3.3682815358,"2022-07-31T19:49:00+01:00",NA,"Fratercula arctica","2034256e-7f49-496f-9ed0-8f04942d1b8d","Fratercula arctica",2020
"HumanObservation",2019,65.6063783333,-20.63547,"2019-07-25T13:41:31Z",NA,"Rissa tridactyla","2035d3a4-b0e7-490c-9186-81cf6a3bdae5","Rissa tridactyla",2010
"HumanObservation",2022,57.1584666667,9.0251971667,"2022-04-16T13:38:41+03:00",NA,"Rissa tridactyla","2038d747-2106-4745-aa97-f08ed756221a","Rissa tridactyla",2020
"HumanObservation",2018,64.7691204,-23.6258982,"2018-07-28T13:48:00-07:00",NA,"Rissa tridactyla","20423d3f-16c6-437e-896d-2193226f5f61","Rissa tridactyla",2010
"HumanObservation",2021,63.4041966667,-19.1032388333,"2021-08-19T11:31:05-04:00",NA,"Fratercula arctica","20469c4b-0a6b-4d1b-93e8-9fb49e4e8401","Fratercula arctica",2020
"HumanObservation",2024,65.501149,-24.52966,"2024-07-12T07:29:00+00:00",NA,"Rissa tridactyla","205487fb-b026-4286-872f-5e7509d28aad","Rissa tridactyla",2020
"HumanObservation",2019,65.4966493694,-24.5021169128,"2019-06-06T08:56:00+00:00",NA,"Fratercula arctica","2057a9ca-891b-4c47-860f-e2a72acac3e8","Fratercula arctica",2010
"HumanObservation",2024,63.4046799,-19.1185522,"2024-07-27T12:10:00+00:00",NA,"Fratercula arctica","20663211-1246-4126-b124-2baeea09ef05","Fratercula arctica",2020
"HumanObservation",2017,79.007141,9.581548,"2017-07-07T18:27:24","1","Balaenoptera musculus","2076b95d-e8d9-4f64-ab73-7513d4c560a1","Balaenoptera musculus",2010
"HumanObservation",2024,64.1687756927,-16.1402359977,"2024-06-24T11:08:57+00:00",NA,"Fratercula arctica","20901631-447c-4eba-bc06-35990a5027a0","Fratercula arctica",2020
"HumanObservation",2024,72.0593224766,-7.7546514597,"2024-06-01T17:24:00-01:00",NA,"Rissa tridactyla","20921a82-ac10-4e29-b1fb-a7682e333486","Rissa tridactyla",2020
"HumanObservation",2023,70.2599161364,31.0366236389,"2023-06-23T16:39:00+02:00",NA,"Fratercula arctica","20afce89-7f6e-4706-bf9e-14334eb1269d","Fratercula arctica",2020
"HumanObservation",2022,65.5424646895,-13.755633799,"2022-05-21T18:06:00+00:00",NA,"Fratercula arctica","20b54778-7b6e-4a56-a834-770dd96ca94e","Fratercula arctica",2020
"HumanObservation",2022,65.4994610682,-24.5261158512,"2022-06-02T14:34:00+00:00",NA,"Fratercula arctica","20b628ab-fbed-43a8-87b1-1f608797f6aa","Fratercula arctica",2020
"HumanObservation",2022,64.0307894224,-22.5578939414,"2022-10-25T19:12:00+00:00",NA,"Rissa tridactyla","20c93dbf-19d7-4bf0-af3d-8c70393ee590","Rissa tridactyla",2020
"HumanObservation",2023,64.7679027776,-23.6167672277,"2023-06-02T13:17:43+00:00",NA,"Rissa tridactyla","20e38511-aa39-4a6a-abea-4e98fdb2b9a1","Rissa tridactyla",2020
"HumanObservation",2024,66.2686292621,13.1990320811,"2024-06-22T15:37:48+02:00",NA,"Fratercula arctica","210937fb-8359-4ebb-8084-5aaf673fb78f","Fratercula arctica",2020
"HumanObservation",2024,63.4036867,-19.1298913,"2024-08-16T13:48:22+00:00",NA,"Fratercula arctica","21175878-a6b6-4c32-8ffc-91f9c79d177f","Fratercula arctica",2020
"HumanObservation",2023,77.0767930017,16.0332984674,"2023-07-08T11:57:00+02:00",NA,"Rissa tridactyla","21186291-4054-4eb0-bb24-13b14218ba64","Rissa tridactyla",2020
"HumanObservation",2024,64.3166955531,-22.0350508568,"2024-04-03T15:13:28+00:00",NA,"Fratercula arctica","2119f018-d5eb-4ad3-abae-d3e02c448cfe","Fratercula arctica",2020
"HumanObservation",2022,69.378941,16.172569,"2022-08-03T12:23:21","1","Physeter macrocephalus","211d30b9-cd62-43ea-9a13-afed86f7e045","Physeter macrocephalus",2020
"HumanObservation",2017,60.1867637667,25.1421883454,"2017-04-17T22:54:00+03:00",NA,"Rissa tridactyla","21316363-2eec-4049-90f4-c66bddae3101","Rissa tridactyla",2010
"HumanObservation",2022,64.1698963379,-21.8498739326,"2022-06-26T08:07:00+00:00",NA,"Fratercula arctica","213cdc08-3d4d-4365-add5-d2d0007d21bb","Fratercula arctica",2020
"HumanObservation",2023,59.8537802026,-1.2755630538,"2023-06-17T14:32:07+01:00",NA,"Fratercula arctica","21431c04-d4af-4326-a67c-31a40d958cb1","Fratercula arctica",2020
"HumanObservation",2022,63.413490013,-19.02033279,"2022-07-16T00:24:21+00:00",NA,"Fratercula arctica","214c7932-5fb9-42e1-953e-2db030a1470e","Fratercula arctica",2020
"HumanObservation",2023,63.393694,-19.697113,"2023-08-25T12:23:32","1","Balaenoptera musculus","2155de41-a9c0-482a-a947-90fcff299c62","Balaenoptera musculus",2020
"HumanObservation",2023,70.2825924842,31.152493211,"2023-06-23T15:09:00+02:00",NA,"Fratercula arctica","21631346-d6f4-4ccd-b5ed-f370c9f5987e","Fratercula arctica",2020
"HumanObservation",2023,65.5023261117,-24.5311747217,"2023-07-16T15:28:00+00:00",NA,"Fratercula arctica","2187cde3-e9d5-4f8d-8cc6-9af3686808ab","Fratercula arctica",2020
"HumanObservation",2024,65.0724312,-22.7333553,"2024-06-13T12:18:00+00:00",NA,"Rissa tridactyla","2191891a-5c01-4169-aa9f-6e40a2b2133a","Rissa tridactyla",2020
"HumanObservation",2023,66.351065044,12.3141218247,"2023-04-30T20:16:00+02:00",NA,"Fratercula arctica","21b30476-d2c7-493c-9881-cd7747156375","Fratercula arctica",2020
"HumanObservation",2021,65.9486932,-19.6854261,"2021-07-23T14:25:00Z",NA,"Rissa tridactyla","21bac186-92d5-4c49-8b99-57b9006465ca","Rissa tridactyla",2020
"HumanObservation",2023,63.4027408997,-19.1310311997,"2023-06-26T09:32:02+00:00",NA,"Fratercula arctica","21d58982-14ab-48fb-984b-7660ee98def9","Fratercula arctica",2020
"HumanObservation",2023,70.3346528598,31.0793328742,"2023-06-23T17:26:00+02:00",NA,"Rissa tridactyla","21de1bb8-deee-49a9-9cfd-2e3f15a1c747","Rissa tridactyla",2020
"HumanObservation",2022,69.2005321523,16.4650312402,"2022-08-14T09:14:00+02:00",NA,"Fratercula arctica","21e1d393-fde3-40d0-b1d7-662929c7a134","Fratercula arctica",2020
"HumanObservation",2024,63.812066972,-22.7142429272,"2024-07-02T16:41:00+00:00",NA,"Rissa tridactyla","21e4ea99-41ea-420e-b3a8-c391428aea2f","Rissa tridactyla",2020
"HumanObservation",2023,70.96891561,-8.68291064,"2023-06-26T14:28:00+02:00",NA,"Rissa tridactyla","21f69b92-b815-4bb5-bd65-8cb1ea1ff882","Rissa tridactyla",2020
"HumanObservation",2018,63.4284861111,-20.3016055556,"2018-07-23T22:13:00+02:00",NA,"Fratercula arctica","220975f5-857e-4242-be5b-cbe88b482b4c","Fratercula arctica",2010
"HumanObservation",2022,79.13231,11.8304683333,"2022-06-22T08:34:00+02:00",NA,"Fratercula arctica","220e9cf4-1652-4980-84eb-0cb97d0efca5","Fratercula arctica",2020
"HumanObservation",2017,64.7847592789,-23.681217499,"2017-06-10T19:47:00+02:00",NA,"Rissa tridactyla","221ab1cb-a768-4d38-9f37-55a322446969","Rissa tridactyla",2010
"HumanObservation",2024,59.1,-3.35,"2024-06-20T05:52:00+01:00",NA,"Fratercula arctica","224b92dd-8902-46b5-af2a-756f8be6beaf","Fratercula arctica",2020
"HumanObservation",2024,79.6439772267,10.9506325759,"2024-08-25T12:44:00+02:00",NA,"Fratercula arctica","224ee060-a993-482e-aa0f-37433f7b0a32","Fratercula arctica",2020
"HumanObservation",2021,66.1380210122,-16.9498443604,"2021-07-28T16:37:00-04:00",NA,"Fratercula arctica","2255926a-2e4f-4d8c-830f-6c526eecb490","Fratercula arctica",2020
"HumanObservation",2021,65.525907567,-13.8094209393,"2021-06-06T09:55:00+00:00",NA,"Rissa tridactyla","2256cb98-3c71-4ca8-b6af-e494d671bc2b","Rissa tridactyla",2020
"HumanObservation",2024,64.0477992135,-16.1811463907,"2024-06-18T10:45:32+00:00",NA,"Rissa tridactyla","226b5906-6628-4673-b6ce-5cab276762b8","Rissa tridactyla",2020
"HumanObservation",2017,79.3451133333,11.6625766667,"2017-07-19T10:02:00+01:00",NA,"Rissa tridactyla","2274dc3f-6c55-4a25-9f17-7e9482a6c386","Rissa tridactyla",2010
"HumanObservation",2023,59.1378109227,-3.3306199685,"2023-07-13T14:30:25+01:00",NA,"Fratercula arctica","228de70d-f5bd-4700-9816-2ce2adb5cbec","Fratercula arctica",2020
"HumanObservation",2023,63.4111783333,-19.0221416667,"2023-08-09T13:55:50+00:00",NA,"Fratercula arctica","228f1ac2-0127-42d4-a03e-8c682e5a1ee9","Fratercula arctica",2020
"HumanObservation",2019,66.1,-17.5,"2019-06-01T14:39:57","1","Balaenoptera musculus","2290aff6-ced6-4fe7-bed5-25c091810a94","Balaenoptera musculus",2010
"HumanObservation",2023,58.3874951457,-5.19733376,"2023-07-14T14:56:00+01:00",NA,"Fratercula arctica","229932c6-855d-4cb2-a1c4-b84459ee9f61","Fratercula arctica",2020
"HumanObservation",2019,66.127741,-17.7027,"2019-05-24T11:07:41","1","Balaenoptera musculus","22b13c6f-6ab3-4f0e-92ba-5a5b5ede972e","Balaenoptera musculus",2010
"HumanObservation",2021,76.9960784911,15.5438079833,"2021-08-26T18:54:00+02:00",NA,"Rissa tridactyla","22b9d79b-66f0-4704-80b2-f0ff474d4864","Rissa tridactyla",2020
"HumanObservation",2023,70.3570460039,31.0863986588,"2023-06-04T01:37:00+02:00",NA,"Fratercula arctica","22bebb84-5db8-472b-b8c2-952c312f2a43","Fratercula arctica",2020
"HumanObservation",2024,79.6333144154,11.573196651,"2024-08-05T11:19:00+02:00",NA,"Rissa tridactyla","22c7cbc0-fa67-47c5-84f5-b037e0276edc","Rissa tridactyla",2020
"HumanObservation",2024,78.2879866667,15.50993,"2024-08-28T01:21:00+02:00",NA,"Rissa tridactyla","22d750f1-b958-40f0-b747-ece6fbd59af1","Rissa tridactyla",2020
"HumanObservation",2023,64.175302852,-21.9647931867,"2023-06-01T13:36:10+00:00",NA,"Fratercula arctica","22e47d4c-2605-4ed6-8add-bea365ae58eb","Fratercula arctica",2020
"HumanObservation",2023,63.8807454623,-22.739565238,"2023-05-14T15:51:00+00:00",NA,"Rissa tridactyla","22fda782-b14a-4d02-b6bf-c80db8f46e9c","Rissa tridactyla",2020
"HumanObservation",2023,77.5129196453,23.7161182905,"2023-06-17T22:20:00+02:00",NA,"Balaenoptera physalus","2300f90a-c749-4fc5-9540-acbf55d4fc2a","Balaenoptera physalus",2020
"HumanObservation",2023,69.2439243303,15.9551630176,"2023-08-11T16:39:09+02:00",NA,"Fratercula arctica","23212901-5ee6-4559-ae1b-2f6ae773573a","Fratercula arctica",2020
"HumanObservation",2017,77.487586,19.316934,"2017-07-22","1","Balaenoptera physalus","232bd45a-c82a-42f7-be1c-7d3b900ae7a6","Balaenoptera physalus",2010
"HumanObservation",2024,63.4042133333,-19.1032195,"2024-08-01T18:40:20+00:00",NA,"Fratercula arctica","233bf302-7b3e-4c87-bbb2-f4df28b9be6e","Fratercula arctica",2020
"HumanObservation",2018,70.2981339819,31.1285690961,"2018-03-01T17:41:00+07:00",NA,"Rissa tridactyla","233ef546-9101-42ed-a16d-2cd3c17d08bf","Rissa tridactyla",2010
"HumanObservation",2023,79.7215383333,10.8926933333,"2023-08-02T09:00:00+02:00",NA,"Rissa tridactyla","23459f49-b238-4065-b41e-44624bd7517a","Rissa tridactyla",2020
"HumanObservation",2022,70.324614946,31.1958146723,"2022-07-19T13:05:00+02:00",NA,"Fratercula arctica","2346b9d0-dba6-4475-8aed-3d5c84aa7390","Fratercula arctica",2020
"HumanObservation",2018,78.9288943899,21.4051581421,"2018-05-31T16:23:00+02:00",NA,"Fratercula arctica","23474552-7ef1-40b4-acf6-79c4adf42bf8","Fratercula arctica",2010
"HumanObservation",2022,63.3994366667,-20.2922383333,"2022-09-04T11:49:14+00:00",NA,"Fratercula arctica","2360fe64-7b1a-41fd-a9e6-71a41fa22cc2","Fratercula arctica",2020
"HumanObservation",2021,65.5005992333,-24.5273216265,"2021-08-03T09:27:36Z",NA,"Rissa tridactyla","23652368-de11-48a9-9a42-cb8b6e574cf7","Rissa tridactyla",2020
"HumanObservation",2019,65.4897264014,-24.4827291369,"2019-06-20T08:24:54+01:00",NA,"Fratercula arctica","23733211-c806-451e-a673-86046191de9f","Fratercula arctica",2010
"HumanObservation",2024,63.4041842184,-19.1032912312,"2024-07-13T13:24:00+00:00",NA,"Fratercula arctica","237fdc6a-0463-4f45-b0de-9bcf923a211f","Fratercula arctica",2020
"HumanObservation",2018,65.5421139137,-13.7546917051,"2018-08-02T17:14:27+08:00",NA,"Fratercula arctica","23911eb7-2b29-4c7e-b0d8-0b95eace25d2","Fratercula arctica",2010
"HumanObservation",2024,63.437139683,-20.2775351493,"2024-05-15T13:45:44+00:00",NA,"Fratercula arctica","239370b8-acb1-4f81-9b1a-3b64f950dfb7","Fratercula arctica",2020
"HumanObservation",2023,63.4030236048,-19.0368483961,"2023-08-10T19:59:30+00:00",NA,"Fratercula arctica","2395154e-67bd-4ab8-ba13-0f4796902d26","Fratercula arctica",2020
"HumanObservation",2024,66.3078114911,-18.1591526462,"2024-05-25T18:03:00+00:00",NA,"Fratercula arctica","23a582c4-88f7-46e7-b08e-fae043897142","Fratercula arctica",2020
"HumanObservation",2022,63.8000191233,-16.6399999335,"2022-06-03",NA,"Fratercula arctica","23aa9938-79a6-45ab-b852-9f4701d56093","Fratercula arctica",2020
"HumanObservation",2021,65.3727270009,-22.9511052639,"2021-08-03T15:48:00Z",NA,"Rissa tridactyla","23dc5640-b558-42a8-8091-68e549c01b26","Rissa tridactyla",2020
"HumanObservation",2019,62.0996612371,-7.6735208251,"2019-08-06T15:53:00+02:00",NA,"Fratercula arctica","23e1a8a2-9739-489a-ba70-d0a249f64f66","Fratercula arctica",2010
"HumanObservation",2018,65.5022361111,-24.5311527778,"2018-08-10T11:20:00+02:00",NA,"Fratercula arctica","23e4b65d-2811-4ff2-92af-8d33c1d82759","Fratercula arctica",2010
"HumanObservation",2022,70.269634733,31.1490508072,"2022-07-19T12:35:00+02:00",NA,"Fratercula arctica","23f4d0a7-e131-4cfb-a838-d677b547749b","Fratercula arctica",2020
"HumanObservation",2024,78.439,26.033,"2024-06-05T07:46:00+02:00",NA,"Rissa tridactyla","23fe4a5b-1878-40b3-92ae-32eee1f1e3c6","Rissa tridactyla",2020
"HumanObservation",2024,67.0157337716,-23.8036148073,"2024-08-12T10:57:17-02:00",NA,"Physeter macrocephalus","241df68b-3c9f-46d9-86a9-653267441a6f","Physeter macrocephalus",2020
"HumanObservation",2022,66.5458793271,-17.9836116768,"2022-07-11T16:57:00+00:00",NA,"Fratercula arctica","24317f05-1512-42bc-a17e-adc5e7659ae4","Fratercula arctica",2020
"HumanObservation",2024,62.4432233962,5.6405064422,"2024-07-25T17:39:58+02:00",NA,"Fratercula arctica","24472f6f-168a-41e5-beae-63fa4090a444","Fratercula arctica",2020
"HumanObservation",2023,65.496584445,-24.5150441667,"2023-07-16T14:32:00+00:00",NA,"Fratercula arctica","24519d86-b2e4-4251-b3dc-e8b1d3c99126","Fratercula arctica",2020
"HumanObservation",2023,71.0929339041,25.3841562452,"2023-07-14T12:38:00+02:00",NA,"Fratercula arctica","246903a6-e6e9-4fee-ad07-de38fcd18183","Fratercula arctica",2020
"HumanObservation",2022,65.5423124194,-13.7548710514,"2022-05-29T22:56:00+00:00",NA,"Fratercula arctica","24758140-6856-404c-9f6a-43c0b3ef8ff4","Fratercula arctica",2020
"HumanObservation",2024,71.893295,17.178465,"2024-05-30T03:27:00+01:00",NA,"Rissa tridactyla","2484e884-862f-4f05-9dd7-967e3de5f5f2","Rissa tridactyla",2020
"HumanObservation",2022,65.54203,-13.754675,"2022-07-05T14:29:25+00:00",NA,"Fratercula arctica","24907d07-3251-442b-a278-0327e9cdea54","Fratercula arctica",2020
"HumanObservation",2022,79.8193283333,11.5816716667,"2022-07-10T15:40:50+02:00",NA,"Fratercula arctica","2493e95e-1f8a-42fe-8ace-69381de99db7","Fratercula arctica",2020
"HumanObservation",2022,67.8819349903,12.9591741218,"2022-08-29T19:30:00+02:00",NA,"Rissa tridactyla","24a8fccd-1e25-472a-a37a-eba59fd187c8","Rissa tridactyla",2020
"HumanObservation",2022,64.0428216667,-16.1746433333,"2022-05-27T20:53:00+00:00",NA,"Rissa tridactyla","24aa88eb-5d7c-42ff-b0f9-d36db12fa4de","Rissa tridactyla",2020
"HumanObservation",2022,71.9158829018,-12.2218892455,"2022-08-11T06:27:21-01:00",NA,"Balaenoptera physalus","24b6e429-c31e-41df-a515-742d3f3c8107","Balaenoptera physalus",2020
"HumanObservation",2022,65.5071673707,-24.518364205,"2022-06-16T13:21:00+00:00",NA,"Rissa tridactyla","24bae646-1283-4d01-b6da-882cb0eb238d","Rissa tridactyla",2020
"HumanObservation",2023,64.1500638542,-21.9528357322,"2023-05-30T19:51:00+00:00",NA,"Fratercula arctica","24baea47-ceab-4205-94f6-8bbcba2a441e","Fratercula arctica",2020
"HumanObservation",2024,71.51505,-7.9869,"2024-06-01T14:57:00-01:00",NA,"Rissa tridactyla","24bc1392-1042-4232-9154-df3c5d53e7af","Rissa tridactyla",2020
"HumanObservation",2019,65.5426855372,-13.7573625147,"2019-04-23T17:09:00-07:00",NA,"Fratercula arctica","24d383c0-8155-4517-8150-d8f6c11d2788","Fratercula arctica",2010
"HumanObservation",2019,66.1099896978,-17.3871777777,"2019-07-11T11:05:00+00:00",NA,"Fratercula arctica","24da97bd-6cfa-4b56-a1ac-a37199f49b63","Fratercula arctica",2010
"HumanObservation",2023,70.3451560292,31.095847841,"2023-06-23T17:28:00+02:00",NA,"Rissa tridactyla","24dc0450-0602-4326-b962-a43e7489f55d","Rissa tridactyla",2020
"HumanObservation",2023,80.7528782082,20.5287572833,"2023-07-30T11:32:00+02:00",NA,"Fratercula arctica","24df6f80-d6b9-4ddb-ad91-a277d5c4afcf","Fratercula arctica",2020
"HumanObservation",2022,65.5049530457,-24.5222388086,"2022-06-16T12:54:00+00:00",NA,"Fratercula arctica","24f1880a-40f6-4caf-b038-91939faf5651","Fratercula arctica",2020
"HumanObservation",2018,78.2460841,15.4655628,"2018-05-25T21:39:00+02:00",NA,"Fratercula arctica","24f20466-faa6-4373-b542-bafb1dfec7d5","Fratercula arctica",2010
"HumanObservation",2024,65.5279194444,-13.8158611111,"2024-07-03T18:10:13+00:00",NA,"Fratercula arctica","24f8925b-9021-442f-882b-466ad64d6146","Fratercula arctica",2020
"HumanObservation",2024,65.502463,-24.5315696,"2024-08-08T11:11:18+00:00",NA,"Fratercula arctica","24fb0cb8-247e-42b9-ba77-ef4869d74d55","Fratercula arctica",2020
"HumanObservation",2023,71.0879515136,25.3421638641,"2023-07-14T12:26:00+02:00",NA,"Fratercula arctica","250dc46a-db0a-47d6-a034-413376a623f7","Fratercula arctica",2020
"HumanObservation",2024,78.3270094686,9.743388252,"2024-06-04T15:12:00+01:00",NA,"Rissa tridactyla","250fc3d2-331b-4464-817f-84281ba4668c","Rissa tridactyla",2020
"HumanObservation",2020,60.7645,-9.1625,"2020-08-24",NA,"Fratercula arctica","2519660a-7e06-4aaf-9951-967e8b503992","Fratercula arctica",2020
"HumanObservation",2021,66.5436739722,-18.019876,"2021-08-04T12:32:27-04:00",NA,"Fratercula arctica","25286cfd-394b-4b54-8bc6-0b4a2849f5ac","Fratercula arctica",2020
"HumanObservation",2023,57.1580245,9.0234381997,"2023-07-21T21:28:45+02:00",NA,"Rissa tridactyla","254fe331-e6d9-4b60-869c-32bb15290ec4","Rissa tridactyla",2020
"HumanObservation",2023,79.1862058022,11.1062781753,"2023-07-31T18:55:00+02:00",NA,"Fratercula arctica","2554343e-1a4f-482a-8c03-ae7e5d01c358","Fratercula arctica",2020
"HumanObservation",2019,66.1147416168,-17.3709976265,"2019-07-26T11:05:00+00:00",NA,"Fratercula arctica","25628ba2-a1a4-4a08-bf68-0bf477cc127e","Fratercula arctica",2010
"HumanObservation",2022,65.4993270236,-24.5257486124,"2022-07-06T12:16:00+00:00",NA,"Fratercula arctica","256a433c-77bf-4ff0-b901-89a8a53ca4b8","Fratercula arctica",2020
"HumanObservation",2019,69.2892670217,16.0331789385,"2019-06-15T19:40:20+02:00",NA,"Rissa tridactyla","256db1fb-f701-4e7c-a6d0-37d7e0c99604","Rissa tridactyla",2010
"HumanObservation",2022,65.5049530457,-24.5222388086,"2022-06-16T12:31:00+00:00",NA,"Fratercula arctica","2582c3a2-4e9f-4134-9b5f-64d3f3b10d60","Fratercula arctica",2020
"HumanObservation",2023,64.1724289489,-21.9245684333,"2023-06-01T13:18:19+00:00",NA,"Fratercula arctica","25a0ed3e-ab6e-4432-a9ac-46d7f0095fde","Fratercula arctica",2020
"HumanObservation",2024,70.081376,29.218619,"2024-05-23T10:53:00+02:00",NA,"Balaenoptera physalus","25c4d659-6089-4a8e-afdf-a96b26a1eaf6","Balaenoptera physalus",2020
"HumanObservation",2024,62.3484305942,5.7732930875,"2024-04-20T21:15:00+02:00",NA,"Fratercula arctica","25c71ac4-a3f4-4ad9-9751-4148a074aab3","Fratercula arctica",2020
"HumanObservation",2024,71.1109833167,25.2898654952,"2024-07-12T10:20:41+02:00",NA,"Fratercula arctica","25c89e64-9734-4967-a2dd-fdca3e3a84e1","Fratercula arctica",2020
"HumanObservation",2024,61.774264573,-6.8059551695,"2024-07-25T10:42:00+01:00",NA,"Fratercula arctica","25ddd84c-2dd8-459c-b0d8-60e6a4938beb","Fratercula arctica",2020
"HumanObservation",2022,65.50028833,-24.52662833,"2022-07-31T20:36:14+00:00",NA,"Rissa tridactyla","25e80d28-118e-4b00-9f9d-3fce6e03b668","Rissa tridactyla",2020
"HumanObservation",2017,64.71495,-19.028362,"2017-07-15T22:00:00+00:00",NA,"Fratercula arctica","260531aa-dc82-4f99-91d5-bf9e891cae54","Fratercula arctica",2010
"HumanObservation",2022,65.5421366667,-13.7547383333,"2022-06-26T18:34:45+00:00",NA,"Fratercula arctica","260d0336-47e4-48a0-80e2-a54331651461","Fratercula arctica",2020
"HumanObservation",2023,77.0049116667,15.810695,"2023-08-09T07:15:00+02:00",NA,"Fratercula arctica","260fb8a6-4fdb-4763-88d5-6d4ff619bb7c","Fratercula arctica",2020
"HumanObservation",2023,64.1742119892,-21.9642174337,"2023-06-01T13:32:56+00:00",NA,"Fratercula arctica","2623c1dd-5396-4f1d-b6de-babcce496681","Fratercula arctica",2020
"HumanObservation",2019,77.060403,13.499383,"2019-06-19T22:24:16","1","Balaenoptera musculus","2624dafb-6b38-41b8-a9c3-9ac27df7ab82","Balaenoptera musculus",2010
"HumanObservation",2024,65.6616259517,0.7372812097,"2024-06-15T14:23:49+00:00",NA,"Physeter macrocephalus","2631cc99-42ea-4249-b902-95b112e47f18","Physeter macrocephalus",2020
"HumanObservation",2022,65.151117,-22.786709,"2022-07-08T20:40:00+00:00",NA,"Fratercula arctica","2643d111-37d4-4d79-a797-8db1ee02f6d0","Fratercula arctica",2020
"HumanObservation",2022,70.2015459076,31.1410155356,"2022-04-15T12:43:00+02:00",NA,"Fratercula arctica","26667d4b-4ca9-45cf-8f54-b7551aa4bf91","Fratercula arctica",2020
"HumanObservation",2023,70.3963812786,31.083972839,"2023-06-23T16:12:00+02:00",NA,"Fratercula arctica","266911bc-56e9-4668-81e7-e40227da7848","Fratercula arctica",2020
"HumanObservation",2020,61.102,-13.3542,"2020-08-24",NA,"Balaenoptera physalus","2669702f-710f-4d8b-8764-12982a4865a8","Balaenoptera physalus",2020
"HumanObservation",2022,64.8916225634,-23.6819691074,"2022-06-09T12:36:00+00:00",NA,"Rissa tridactyla","26720c0c-68c4-4785-b5f1-16cb92bc96a4","Rissa tridactyla",2020
"HumanObservation",2024,80.0792,31.4281,"2024-06-03T11:51:00+02:00",NA,"Rissa tridactyla","268e3301-b0cc-4d11-977b-af92aa0c3542","Rissa tridactyla",2020
"HumanObservation",2022,67.8764742789,12.8210253467,"2022-08-30T15:52:00+02:00",NA,"Rissa tridactyla","268ed1d2-081f-4bfb-aaa4-2e0cbc7fa892","Rissa tridactyla",2020
"HumanObservation",2024,69.0471420196,12.5003648035,"2024-03-10T10:39:33+01:00",NA,"Physeter macrocephalus","26a1466a-0ffe-4d61-8fdd-db14f83c1885","Physeter macrocephalus",2020
"HumanObservation",2024,66.1792962464,-16.990024394,"2024-07-17T11:49:00+00:00",NA,"Fratercula arctica","26a26062-24a0-482f-9a1f-94da9c9edb37","Fratercula arctica",2020
"HumanObservation",2024,68.615,-23.665,"2024-07-27T14:17:03","1","Balaenoptera musculus","26a36305-0153-4707-85f7-1b013df708d5","Balaenoptera musculus",2020
"HumanObservation",2024,66.542343447,-17.9961160943,"2024-06-30",NA,"Rissa tridactyla","26ac3ce6-5216-4d92-bfdd-188a6f058252","Rissa tridactyla",2020
"HumanObservation",2024,79.1269233633,11.7713411799,"2024-08-24T20:49:00+02:00",NA,"Fratercula arctica","26bb87e3-acb9-40af-8ac4-ccd6162373c4","Fratercula arctica",2020
"HumanObservation",2018,63.401551902,-19.0354844802,"2018-07-30T21:40:00+00:00",NA,"Fratercula arctica","26bc8df8-7744-4ecb-b0c8-02c4cb569228","Fratercula arctica",2010
"HumanObservation",2024,63.4028001,-19.0429531997,"2024-06-08T16:16:45+00:00",NA,"Fratercula arctica","26c995fd-0b36-4603-87d0-6b01ad9cba6a","Fratercula arctica",2020
"HumanObservation",2017,58.383425,-5.2069888889,"2017-07-22T13:45:00+01:00",NA,"Fratercula arctica","26dd097f-8a5f-4fd3-890d-30bb44213afb","Fratercula arctica",2010
"HumanObservation",2023,78.275969,10.019531,"2023-06-20T22:01:13","1","Balaenoptera musculus","26de3430-e168-4b49-9d15-0af2dc078de5","Balaenoptera musculus",2020
"HumanObservation",2022,62.5697040126,5.629709363,"2022-06-01T19:04:00+02:00",NA,"Fratercula arctica","26ea6e34-df20-4bcb-9f8e-b298a584f674","Fratercula arctica",2020
"HumanObservation",2023,66.1796,-17.0109,"2023-06-18T13:08:03+00:00",NA,"Fratercula arctica","26fab7b3-85ba-4f69-80d8-95b88a9f6627","Fratercula arctica",2020
"HumanObservation",2017,64.71495,-19.028362,"2017-07-21T22:00:00+00:00",NA,"Rissa tridactyla","26fc1f43-f41f-430c-8988-d3a39c63bae1","Rissa tridactyla",2010
"HumanObservation",2017,80.4374658949,19.799592456,"2017-07-21T19:10:00+01:00",NA,"Fratercula arctica","270268f7-76de-4c4c-b818-d9d7e002bb36","Fratercula arctica",2010
"HumanObservation",2023,65.541336,-13.754581,"2023-07-01T05:25:00+00:00",NA,"Rissa tridactyla tridactyla","27046f37-142c-4abb-a288-2fb44d66c6e8","Rissa tridactyla",2020
"HumanObservation",2021,57.5926227185,9.9691954253,"2021-07-31T09:34:00+02:00",NA,"Rissa tridactyla","270dcdd8-82e0-4e34-8c50-a37bda932599","Rissa tridactyla",2020
"HumanObservation",2022,64.9621083333,-23.5826533333,"2022-06-03T15:01:00+00:00",NA,"Rissa tridactyla","2720d5dc-a39a-407e-b420-c2d6c434a0f0","Rissa tridactyla",2020
"HumanObservation",2022,64.8860744583,-24.0415038883,"2022-06-25T16:18:00+00:00",NA,"Rissa tridactyla","272a03c8-ea9c-4f3b-98f1-e5784949d12d","Rissa tridactyla",2020
"HumanObservation",2023,78.3640632194,16.1251438786,"2023-06-02T15:19:00+02:00",NA,"Fratercula arctica","272b36cc-b0cd-4dad-b959-fe92b8570da4","Fratercula arctica",2020
"HumanObservation",2022,70.2825780179,31.1849999238,"2022-04-14T14:13:00+02:00",NA,"Fratercula arctica","27380942-1836-47d0-82ce-b9413b3835af","Fratercula arctica",2020
"HumanObservation",2024,78.2455516667,15.58303,"2024-09-01T10:04:00+02:00",NA,"Rissa tridactyla","2741abfb-bcf3-4ef0-9bc4-04059e8c2ff1","Rissa tridactyla",2020
"HumanObservation",2024,62.2010398643,-6.617281626,"2024-06-05T10:19:00+01:00",NA,"Fratercula arctica","2753c87c-1355-418a-be34-91caad81e45c","Fratercula arctica",2020
"HumanObservation",2018,66.2033796086,-17.1417485959,"2018-07-06T12:02:00+01:00",NA,"Fratercula arctica","275732da-b296-4727-8e7d-7c7a4180914c","Fratercula arctica",2010
"HumanObservation",2023,70.3211935641,31.0107305165,"2023-06-23T16:34:00+02:00",NA,"Fratercula arctica","276923b9-8341-40b0-bebc-79501bfd9fad","Fratercula arctica",2020
"HumanObservation",2020,63.8119609609,-22.7141837129,"2020-03-05T16:45:00+01:00",NA,"Rissa tridactyla","27760be2-80cb-4c8e-b369-afe92d4db2e7","Rissa tridactyla",2020
"HumanObservation",2018,63.4013827329,-19.1271980074,"2018-08-06T21:21:00+02:00",NA,"Fratercula arctica","277832e1-3d41-46f0-8a18-00002670f5f9","Fratercula arctica",2010
"HumanObservation",2024,63.4151766667,-19.0053683333,"2024-08-29T17:26:00+00:00",NA,"Rissa tridactyla","27a1df5e-c408-4d18-985d-83de3a5aa23a","Rissa tridactyla",2020
"HumanObservation",2024,77.4897456899,14.6804674831,"2024-08-11T16:25:00+02:00",NA,"Rissa tridactyla","27ba2689-44fd-4a5f-8202-1a42eb5c9b98","Rissa tridactyla",2020
"HumanObservation",2020,61.4208,-22.4265,"2020-08-25",NA,"Balaenoptera physalus","27e602a8-e248-4ed5-8225-9dde9b499f49","Balaenoptera physalus",2020
"HumanObservation",2019,78.126443,13.480173,"2019-07-18T20:27:54","1","Balaenoptera musculus","27eca69a-fcb0-47e6-a7d8-ac486b98ab8c","Balaenoptera musculus",2010
"HumanObservation",2023,65.5002455556,-24.5264616667,"2023-08-16T14:27:00+00:00",NA,"Rissa tridactyla","27ed0cf5-42c8-47d1-ab28-34a82f9de19b","Rissa tridactyla",2020
"HumanObservation",2022,77.162867,13.6771,"2022-08-23T13:39:12","1","Balaenoptera physalus","27ffeb9b-e505-4bec-8536-26c174b3c8eb","Balaenoptera physalus",2020
"HumanObservation",2023,70.2147339068,31.118619278,"2023-06-23T15:16:00+02:00",NA,"Fratercula arctica","2801a9d1-f858-4a88-80fb-d74f91d2f4d0","Fratercula arctica",2020
"HumanObservation",2022,70.0587739819,30.1961756654,"2022-07-28T18:30:00+02:00",NA,"Rissa tridactyla","280a728b-1e9d-41bc-a1cd-2937f2280445","Rissa tridactyla",2020
"HumanObservation",2023,70.3102349237,31.1723880959,"2023-06-29T12:28:00+02:00",NA,"Fratercula arctica","280db6c4-81e9-4c91-bf0a-a790949b13bc","Fratercula arctica",2020
"HumanObservation",2024,63.4037264598,-20.2889223979,"2024-05-04T21:40:00+00:00",NA,"Fratercula arctica","2810f290-0b3f-424c-af9b-67dd2ecb1f2d","Fratercula arctica",2020
"HumanObservation",2024,65.8594471183,-18.1616818942,"2024-06-08T17:50:00+00:00",NA,"Rissa tridactyla","281398a7-882d-43a9-b794-4fd32c7beaa5","Rissa tridactyla",2020
"HumanObservation",2023,69.9225739722,31.9849269722,"2023-08-14T12:56:46+03:00",NA,"Rissa tridactyla","281bad65-d5cc-425c-9c63-b7db9aac75a4","Rissa tridactyla",2020
"HumanObservation",2023,70.2077755794,31.0933793543,"2023-06-23T17:26:00+02:00",NA,"Rissa tridactyla","2826d797-8d03-4dc7-a666-6869919f86e1","Rissa tridactyla",2020
"HumanObservation",2024,64.2707169623,-23.287420094,"2024-05-23T19:03:00+00:00",NA,"Fratercula arctica","282fff5c-1110-4bc4-b5c8-967fab0f4f03","Fratercula arctica",2020
"HumanObservation",2022,70.332468429,31.1982855863,"2022-06-17T10:03:00+02:00",NA,"Rissa tridactyla","284169d6-26d5-4657-9a37-b37dd1cb2fd1","Rissa tridactyla",2020
"HumanObservation",2024,65.8732600908,-19.7253819808,"2024-07-16T15:17:01+00:00",NA,"Fratercula arctica","28721655-9b28-4eb0-8ed1-27d574be460f","Fratercula arctica",2020
"HumanObservation",2021,58.8671681766,-3.3787213209,"2021-12-17T13:13:20+00:00",NA,"Fratercula arctica","2877a6ec-63d8-4d12-ab69-b1aaad2123ac","Fratercula arctica",2020
"HumanObservation",2020,67.4405366634,13.0581443089,"2020-09-05T23:23:00+03:00",NA,"Rissa tridactyla","28833035-f2bd-42b3-bbf4-805837867158","Rissa tridactyla",2020
"HumanObservation",2022,64.92952405,-18.9127397,"2022-07-02T18:03:27+00:00",NA,"Fratercula arctica","288b4b83-a150-4bbf-b922-014b2d26e906","Fratercula arctica",2020
"HumanObservation",2023,71.0376606562,25.2946843948,"2023-07-28T18:19:45+02:00",NA,"Fratercula arctica","28939b3c-941e-4d9c-8c57-63f097dea67f","Fratercula arctica",2020
"HumanObservation",2024,70.186288,23.030348,"2024-11-26T13:27:14","1","Physeter macrocephalus","28aa2646-9840-4b9d-923a-cdf01dfc0a26","Physeter macrocephalus",2020
"HumanObservation",2024,69.7611359132,19.0163364547,"2024-08-15T20:29:00+02:00",NA,"Fratercula arctica","28abd747-332d-4a0d-91fb-873bf6580536","Fratercula arctica",2020
"HumanObservation",2022,59.5339001,-1.6332962,"2022-05-19T01:30:00+01:00",NA,"Fratercula arctica","28bf8db4-d225-4222-b2f3-f4321148a39e","Fratercula arctica",2020
"HumanObservation",2023,70.2755963365,31.1590400235,"2023-06-23T16:45:00+02:00",NA,"Fratercula arctica","28c031cb-1f80-46f7-9074-6c74d079ea69","Fratercula arctica",2020
"HumanObservation",2019,65.4993913242,-24.5252796356,"2019-07-06T06:31:00+02:00",NA,"Fratercula arctica","28daadd7-8c7c-4d80-bcb2-896df41e4468","Fratercula arctica",2010
"HumanObservation",2024,65.5025723,-24.5316982,"2024-05-21T00:23:00+00:00",NA,"Fratercula arctica","28dfa526-504e-41ed-9a99-5c2c1153de6f","Fratercula arctica",2020
"HumanObservation",2018,78.1565,13.697667,"2018-07-07T21:43:35","1","Balaenoptera musculus","28ffff75-1ae6-4b4b-8b04-cca7ee5d563f","Balaenoptera musculus",2010
"HumanObservation",2023,71.1318911806,25.3861006309,"2023-07-14T12:50:00+02:00",NA,"Fratercula arctica","2916b8ee-66f9-4a7c-a4fe-2c59d3cbedbc","Fratercula arctica",2020
"HumanObservation",2017,65.502542,-24.531585,"2017-07-07T13:49:39+00:00",NA,"Fratercula arctica","291701b3-c344-45d5-8f66-73f0d49c768a","Fratercula arctica",2010
"HumanObservation",2023,66.5446575986,-18.0151560692,"2023-05-26T11:10:00+00:00",NA,"Rissa tridactyla","29211e4f-b1cb-488e-8fe1-e03bf6d3dc53","Rissa tridactyla",2020
"HumanObservation",2024,78.1348253,20.8541075997,"2024-09-08T14:14:53+02:00",NA,"Rissa tridactyla","2921fdad-cf7d-4f54-8332-04126b2bd3dc","Rissa tridactyla",2020
"HumanObservation",2019,65.5000798614,-24.5292305296,"2019-08-13T12:13:00Z",NA,"Fratercula arctica","29346379-4f88-42fb-bf6f-c4bff3657c8a","Fratercula arctica",2010
"HumanObservation",2024,70.152503,21.111961,"2024-01-25T10:58:21","1","Physeter macrocephalus","297d03ea-dc08-47ae-be65-41097cb99893","Physeter macrocephalus",2020
"HumanObservation",2024,76.6489575323,-5.7444215511,"2024-06-02T16:20:00+00:00",NA,"Rissa tridactyla","297fdf78-7084-4471-a23f-fb856fb6c57a","Rissa tridactyla",2020
"HumanObservation",2022,66.0476022015,-22.8268552043,"2022-07-01T12:51:00+00:00",NA,"Fratercula arctica","29bdccfb-2891-4c2f-a079-374fa115fbce","Fratercula arctica",2020
"HumanObservation",2022,65.5423124194,-13.7548710514,"2022-05-29T22:18:00+00:00",NA,"Fratercula arctica","29ccb80d-1e5c-44ca-abed-1f530e8ab791","Fratercula arctica",2020
"HumanObservation",2021,62.1035744373,-7.6443114504,"2021-07-29T12:41:45+02:00",NA,"Fratercula arctica","29d6b5bb-7296-4dfc-8975-8fa6ac85fca3","Fratercula arctica",2020
"HumanObservation",2023,66.115159493,-17.3680421495,"2023-06-04T11:01:40+00:00",NA,"Fratercula arctica","29e329de-1642-4906-a0bc-24df01eddadf","Fratercula arctica",2020
"HumanObservation",2022,68.060317,-22.269967,"2022-06-04T21:59:50","1","Balaenoptera musculus","29f05fa4-98e2-431e-be54-ab26354a3aa3","Balaenoptera musculus",2020
"HumanObservation",2024,63.4035216667,-20.2872383333,"2024-06-19T21:21:06+00:00",NA,"Fratercula arctica","29f2ac95-7d29-4ce0-9e82-a6b87f2ebe55","Fratercula arctica",2020
"HumanObservation",2024,64.764296,-23.624672,"2024-07-09T16:22:02+00:00",NA,"Rissa tridactyla","2a213bf2-8ea7-488d-979c-f3446fa0c775","Rissa tridactyla",2020
"HumanObservation",2023,66.058082,-17.561646,"2023-05-11T15:00","1","Balaenoptera musculus","2a229f68-b230-4249-a537-6d17df8f1ef8","Balaenoptera musculus",2020
"HumanObservation",2018,60.8290085221,-0.897578551,"2018-04-18T19:58:00-10:00",NA,"Fratercula arctica","2a2ae3c8-62d5-4ef3-a86b-917c148c1ca2","Fratercula arctica",2010
"HumanObservation",2022,79.590417,18.496083,"2022-06-17T14:58:16","1","Balaenoptera musculus","2a3533e4-15ec-42db-881a-665967f1e241","Balaenoptera musculus",2020
"HumanObservation",2021,59.1021156779,-3.3522315688,"2021-05-06T11:05:00+01:00",NA,"Rissa tridactyla","2a483afd-680b-4a93-b174-6ac8acbbdbd4","Rissa tridactyla",2020
"HumanObservation",2024,69.513167,16.094889,"2024-05-25T14:07","1","Physeter macrocephalus","2a6bfb95-7af1-4996-9749-ca0384dff172","Physeter macrocephalus",2020
"HumanObservation",2024,78.439,26.033,"2024-06-05T07:16:00+02:00",NA,"Rissa tridactyla","2a6cda1d-ef94-48e1-93b7-d23dd32994d6","Rissa tridactyla",2020
"HumanObservation",2022,70.2947097505,31.1263470675,"2022-07-19T11:57:00+02:00",NA,"Fratercula arctica","2a7ab839-5ec9-4547-a2d1-d6992ba8f6f7","Fratercula arctica",2020
"HumanObservation",2023,71.161981143,25.2935508559,"2023-07-14T12:38:00+02:00",NA,"Fratercula arctica","2a81997b-d0d6-471b-a962-1eb29fbc0383","Fratercula arctica",2020
"HumanObservation",2022,63.400982077,-20.2852348832,"2022-08-22T06:23:00+00:00",NA,"Fratercula arctica","2a909688-8b42-4ea0-8081-da74894b4142","Fratercula arctica",2020
"HumanObservation",2023,59.8562584979,-1.2729751086,"2023-07-05T10:54:58+01:00",NA,"Fratercula arctica","2a949b03-f939-4f7e-9774-fdf3ea1fe1a5","Fratercula arctica",2020
"HumanObservation",2021,78.210889,14.912109,"2021-08-18T18:21:34","1","Balaenoptera physalus","2aa1c444-54d5-473f-bb14-348282ca9722","Balaenoptera physalus",2020
"HumanObservation",2020,70.0303803374,22.0396459391,"2020-07-31T15:31:00+02:00",NA,"Fratercula arctica","2aac7e50-dcde-4b3f-8086-cd941e209037","Fratercula arctica",2020
"HumanObservation",2018,58.6706528,-3.3724614,"2018-05-25T13:53:00+01:00",NA,"Rissa tridactyla","2aadf971-278c-4332-ab0e-c7431bce7479","Rissa tridactyla",2010
"HumanObservation",2022,65.5423124194,-13.7548710514,"2022-05-29T22:28:00+00:00",NA,"Fratercula arctica","2ab639f9-c248-468f-8303-c1d187d1af6a","Fratercula arctica",2020
"HumanObservation",2022,65.990695,-19.4075216667,"2022-05-26T16:15:00+00:00",NA,"Rissa tridactyla","2aed05a3-2f83-46fc-818d-67a80605eecb","Rissa tridactyla",2020
"HumanObservation",2024,63.8036883333,-16.638425,"2024-07-05T14:23:22+00:00",NA,"Fratercula arctica","2af19632-7455-47a9-a0e2-cdbb16b78216","Fratercula arctica",2020
"HumanObservation",2024,78.330623372,15.5510609597,"2024-06-15T10:19:37+02:00",NA,"Fratercula arctica","2b008337-cf09-4349-a21b-02a0e3e76a57","Fratercula arctica",2020
"HumanObservation",2024,70.033,21.033,"2024-01-07T12:30","1","Physeter macrocephalus","2b09d93e-f10b-40a5-9cd0-0166dc97882d","Physeter macrocephalus",2020
"HumanObservation",2023,70.9685615752,25.2902856982,"2023-07-17T09:52:00+02:00",NA,"Fratercula arctica","2b3f6b37-2447-483c-b9fd-99d67f377dae","Fratercula arctica",2020
"HumanObservation",2022,70.1048560149,30.0786607297,"2022-07-20T12:11:00+02:00",NA,"Rissa tridactyla tridactyla","2b4a613e-02d4-48f1-bcef-27482a1c7943","Rissa tridactyla",2020
"MaterialSample",2019,58.54382,-5.120767,"2019-06-23",NA,"Fratercula arctica","2b6482da-bde1-457c-96f0-833af780b675","Fratercula arctica",2010
"HumanObservation",2024,64.764983767,-23.6217755824,"2024-06-08T15:23:10+00:00",NA,"Rissa tridactyla","2b7be1d8-1beb-4735-9aba-ac1449e30009","Rissa tridactyla",2020
"HumanObservation",2024,75.0919454003,-6.4344690347,"2024-06-02T08:41:00+00:00",NA,"Rissa tridactyla","2b89a476-bdca-4fdb-8d9e-0697efea2073","Rissa tridactyla",2020
"HumanObservation",2022,66.163181,-17.8407330001,"2022-07-13T17:45:00+00:00",NA,"Fratercula arctica","2ba8e2b3-7a6b-4f1b-8a25-d8c2fa30005a","Fratercula arctica",2020
"HumanObservation",2024,70.0247205578,30.1515027648,"2024-06-13T18:52:46+02:00",NA,"Rissa tridactyla","2ba9ed28-0eed-4087-b9bc-26d66d058403","Rissa tridactyla",2020
"HumanObservation",2021,63.5026438038,-20.1554678506,"2021-08-22T11:13:00-07:00",NA,"Fratercula arctica","2badc173-69a4-42a1-8ffe-6728c4e2b86e","Fratercula arctica",2020
"HumanObservation",2024,66.54235,-17.996116,"2024-06-26T08:49:08+00:00",NA,"Fratercula arctica","2bb6c757-2d43-48b6-b814-74cf11734fd4","Fratercula arctica",2020
"HumanObservation",2022,70.0943430761,30.1167813323,"2022-07-20T13:15:00+02:00",NA,"Rissa tridactyla","2bbccb84-c76d-41e2-8ff9-b5511eb30cb1","Rissa tridactyla",2020
"HumanObservation",2022,67.9455995953,13.3187660202,"2022-02-13T13:59:36+01:00",NA,"Rissa tridactyla","2be4a73d-e78f-4461-b8a7-f83260894b66","Rissa tridactyla",2020
"HumanObservation",2024,59.1355171678,-3.3407324358,"2024-05-31T08:43:00+01:00",NA,"Fratercula arctica","2bed441b-d5bb-4382-9f9b-2db7ef584593","Fratercula arctica",2020
"HumanObservation",2022,78.2227078094,15.2765784413,"2022-07-06T15:26:12+02:00",NA,"Fratercula arctica","2c1763e3-40a6-4d98-afa5-6474e5c49524","Fratercula arctica",2020
"HumanObservation",2017,66.5619214547,-18.0166056365,"2017-06-27T13:57:00+00:00",NA,"Fratercula arctica","2c2c51f0-2803-421c-b7d3-195ec33bf672","Fratercula arctica",2010
"HumanObservation",2023,78.15,21.53,"2023-07-07T09:56:00+02:00",NA,"Rissa tridactyla","2c3063b0-e29e-41f8-a857-eb94de8518cc","Rissa tridactyla",2020
"HumanObservation",2024,65.692655,-18.0595555,"2024-05-20T09:55:06+00:00",NA,"Rissa tridactyla","2c41a8d1-b5dc-426a-b164-654045e2ce67","Rissa tridactyla",2020
"HumanObservation",2024,66.1286760241,-17.4646488135,"2024-07-01T11:46:48+00:00",NA,"Fratercula arctica","2c5183cf-1769-43c6-abea-0bb79d14ffe5","Fratercula arctica",2020
"HumanObservation",2024,63.4432527778,-20.2683694444,"2024-05-31T14:10:00+00:00",NA,"Rissa tridactyla","2c6e43bf-910e-4274-bc13-cb56e0808597","Rissa tridactyla",2020
"HumanObservation",2023,79.3631126181,20.75753254,"2023-07-06T09:35:00+02:00",NA,"Rissa tridactyla","2c6f603a-4715-40c0-be70-ec233cc96136","Rissa tridactyla",2020
"HumanObservation",2024,70.3250021772,31.0548983691,"2024-06-11T18:25:00+02:00",NA,"Rissa tridactyla","2c82d833-9e16-415d-ac5e-5092ff76ad60","Rissa tridactyla",2020
"HumanObservation",2023,70.3452464958,31.0789438809,"2023-06-23T17:28:00+02:00",NA,"Rissa tridactyla","2c9427af-496a-496c-ac12-6ff59d87c9eb","Rissa tridactyla",2020
"HumanObservation",2019,78.2253231,15.6256365,"2019-06-25T18:00:00+02:00",NA,"Fratercula arctica","2c9bbf7f-fbdb-4cdf-b75a-3a5bd754205b","Fratercula arctica",2010
"HumanObservation",2024,70.394836641,31.1031834854,"2024-07-28T10:41:00+02:00",NA,"Fratercula arctica","2ca3a2ec-cce8-4e54-8a3a-be5fe08b7ffe","Fratercula arctica",2020
"HumanObservation",2023,70.3843665415,31.1292773728,"2023-06-23T17:01:00+02:00",NA,"Fratercula arctica","2cb88a13-5c58-4066-bf9b-edff492a0878","Fratercula arctica",2020
"HumanObservation",2022,59.856805,-1.272202,"2022-05-08T14:08:47+01:00",NA,"Fratercula arctica","2cc90909-cb1b-45d8-b75b-37aa4dab95fc","Fratercula arctica",2020
"HumanObservation",2023,65.5010329914,-24.5283722608,"2023-06-30",NA,"Fratercula arctica","2cca35fd-52b9-48fb-bb76-7bf411f84d7c","Fratercula arctica",2020
"HumanObservation",2024,64.735368,-23.774842,"2024-06-04T06:08:00+00:00",NA,"Rissa tridactyla","2cce5be0-c737-4e63-8779-8ee05c701036","Rissa tridactyla",2020
"HumanObservation",2024,64.7662503237,-23.6199188292,"2024-07-04T06:50:00+00:00",NA,"Rissa tridactyla","2cce91ef-5045-48cc-90dc-14361ead7c2d","Rissa tridactyla",2020
"HumanObservation",2024,59.1073555,-3.3513116667,"2024-07-25T11:51:00+01:00",NA,"Fratercula arctica","2cd4d96c-f3c6-46f0-9e44-b9c4ab9b5c2e","Fratercula arctica",2020
"HumanObservation",2018,81.7033100075,13.8156460235,"2018-08-14T14:38:00Z",NA,"Rissa tridactyla","2ce05da5-4d20-4e0c-b176-9b16a4c5f9f8","Rissa tridactyla",2010
"HumanObservation",2023,70.2706386545,31.0296303213,"2023-06-23T15:35:00+02:00",NA,"Fratercula arctica","2cedf0fb-47a7-454a-b3d4-0c764bdac900","Fratercula arctica",2020
"HumanObservation",2023,68.9347300925,15.0732431809,"2023-08-11T12:30:26+02:00",NA,"Rissa tridactyla","2cf08118-eac0-4c01-a585-d1207e0f93f3","Rissa tridactyla",2020
"HumanObservation",2018,64.0452997816,-16.1802744293,"2018-08-13T16:49:00-07:00",NA,"Rissa tridactyla","2cf4e6de-303e-45be-8316-2e9c9a7684f8","Rissa tridactyla",2010
"HumanObservation",2023,70.2679325749,31.0064500954,"2023-06-23T15:29:00+02:00",NA,"Fratercula arctica","2d04979e-ceb4-4c68-95d1-886ce91decb1","Fratercula arctica",2020
"HumanObservation",2018,64.7658775419,-23.6217439161,"2018-05-14T16:46:00+00:00",NA,"Rissa tridactyla","2d2de08a-811e-492c-ab8e-081f332212cd","Rissa tridactyla",2010
"HumanObservation",2022,64.7642663433,-23.6247371783,"2022-06-27T11:08:00+00:00",NA,"Rissa tridactyla","2d33de0b-b02b-4dde-b717-4d753c9776d9","Rissa tridactyla",2020
"HumanObservation",2021,65.1368472222,-22.5939972222,"2021-06-24T11:07:00-04:00",NA,"Rissa tridactyla","2d495a19-c8de-4151-a15a-555b915d99e3","Rissa tridactyla",2020
"HumanObservation",2023,79.6535168135,12.902500145,"2023-09-09T15:52:00+02:00",NA,"Rissa tridactyla","2d4c8d91-a487-4a70-ba71-8ced9c34ee09","Rissa tridactyla",2020
"HumanObservation",2017,80.75,16.4,"2017-07-28T09:50:38","1","Balaenoptera musculus","2d60e534-e574-4faf-b5e1-a2fa896396d1","Balaenoptera musculus",2010
"HumanObservation",2019,65.144239,-23.757935,"2019-07-07T19:05:43","1","Balaenoptera musculus","2d638412-f1c3-42a2-bacc-297462f10269","Balaenoptera musculus",2010
"HumanObservation",2022,60.195733,-1.334583,"2022-03-21T00:00:00",NA,"Physeter macrocephalus","2d658d42-89d8-430a-983f-721e8cf786b8","Physeter macrocephalus",2020
"HumanObservation",2018,71.1500657122,-8.0569530006,"2018-05-30",NA,"Balaenoptera physalus physalus","2d842094-a133-415a-b70a-751f03008b8d","Balaenoptera physalus",2010
"HumanObservation",2018,65.5556505043,-13.6052087846,"2018-08-05T09:59:00-04:00",NA,"Fratercula arctica","2d88651d-1080-4d93-9826-478702e3cf15","Fratercula arctica",2010
"HumanObservation",2022,65.151581,-22.787244,"2022-07-08T20:40:00+00:00",NA,"Fratercula arctica","2dae4ed9-1a55-4d39-b957-ebd6a141d10f","Fratercula arctica",2020
"HumanObservation",2017,64.927778,-24.144388,"2017-05-22T19:47","1","Physeter macrocephalus","2daffed5-6623-42fa-8f70-66a3491988da","Physeter macrocephalus",2010
"HumanObservation",2024,78.4591093164,15.7589226071,"2024-07-30T09:49:00+02:00",NA,"Fratercula arctica","2dba4766-8731-422b-91f0-4354932863a7","Fratercula arctica",2020
"HumanObservation",2024,65.009526,-23.916653,"2024-04-24T11:57:24","1","Physeter macrocephalus","2dc00e0e-d3d6-464e-9e48-9a3055f735a2","Physeter macrocephalus",2020
"HumanObservation",2019,62.097808,-7.664025,"2019-06-18T06:24:00-07:00",NA,"Rissa tridactyla","2dc7dfcf-e35a-4670-b5d7-aab8f71c524c","Rissa tridactyla",2010
"HumanObservation",2018,63.4438416524,-20.2843701568,"2018-07-28T14:25:00-07:00",NA,"Rissa tridactyla","2dcae3cd-a846-4b90-aab7-1c951ad39857","Rissa tridactyla",2010
"HumanObservation",2022,70.2304918265,31.1922867728,"2022-07-19T12:48:00+02:00",NA,"Fratercula arctica","2dcf7390-8e27-40d8-8850-3fc2b5217d34","Fratercula arctica",2020
"HumanObservation",2021,63.3988,-20.2918033333,"2021-07-31T08:39:13+00:00",NA,"Fratercula arctica","2dd60122-8714-4121-abf2-509f450ed60c","Fratercula arctica",2020
"HumanObservation",2024,66.5284583333,-17.9823533333,"2024-05-29T12:45:31+00:00",NA,"Rissa tridactyla","2dd89cc5-7f29-4ae8-9c49-a0e01dabbe84","Rissa tridactyla",2020
"HumanObservation",2017,79.1064033627,11.8993078893,"2017-06-19T10:37:00+01:00",NA,"Rissa tridactyla","2ddf8e69-9fb7-4b7c-a50c-31eaed2ea104","Rissa tridactyla",2010
"HumanObservation",2024,70.7025456683,29.3569900389,"2024-05-18T18:00:00+02:00",NA,"Rissa tridactyla","2e0df988-885a-4e94-a6bb-f37bc6813b5f","Rissa tridactyla",2020
"HumanObservation",2024,70.069436,21.383434,"2024-11-18T12:03:45","1","Balaenoptera physalus","2e0eac6d-4ac6-40ad-a1dd-ed068ef57a91","Balaenoptera physalus",2020
"HumanObservation",2023,70.3591229635,31.0792866043,"2023-07-10T09:56:00+02:00",NA,"Fratercula arctica","2e292c66-8069-4f5d-947e-4bccb3fd7a3c","Fratercula arctica",2020
"HumanObservation",2023,63.4046966667,-19.1019278333,"2023-08-17T16:43:04+00:00",NA,"Fratercula arctica","2e2bf9fa-82c7-4ac6-a699-374ebadd6f8d","Fratercula arctica",2020
"HumanObservation",2023,66.0535244806,-22.8295140713,"2023-07-24T13:17:57+00:00",NA,"Fratercula arctica","2e395ca2-2cd6-4d64-a85c-58cbe1e1e6cb","Fratercula arctica",2020
"HumanObservation",2023,57.1573971667,9.0234,"2023-05-20T19:37:52+02:00",NA,"Rissa tridactyla","2e420ec2-d2ba-43a1-bff8-cc32545efc58","Rissa tridactyla",2020
"HumanObservation",2023,69.8140832315,23.1222797443,"2023-06-09",NA,"Rissa tridactyla","2e56d90c-1e66-45c5-9756-8b1fa6d18411","Rissa tridactyla",2020
"HumanObservation",2021,66.316105619,12.3033386705,"2021-04-14T18:26:44+02:00",NA,"Fratercula arctica","2e866e65-3fb6-459d-a2d6-24dcf66ea9f2","Fratercula arctica",2020
"HumanObservation",2024,61.7835439269,-6.8513305506,"2024-07-25T13:12:00+01:00",NA,"Fratercula arctica","2eb87146-936e-4489-b7f3-89e57e875e0c","Fratercula arctica",2020
"HumanObservation",2022,67.5215034479,12.1445822827,"2022-05-19T16:05:00+02:00",NA,"Rissa tridactyla","2eccb410-9c4d-4456-aa2f-d142d5ba7995","Rissa tridactyla",2020
"HumanObservation",2023,62.1635762058,-7.2231053128,"2023-05-29T09:32:54+01:00",NA,"Fratercula arctica","2ecf777a-7c76-489d-9d1f-30e09da5f105","Fratercula arctica",2020
"HumanObservation",2022,65.5421138889,-13.7547416667,"2022-06-29T12:47:00+00:00",NA,"Fratercula arctica","2efe206e-3d4d-4f31-894e-92bd112b6463","Fratercula arctica",2020
"HumanObservation",2023,70.2574993781,31.1431199036,"2023-03-24T12:25:00+01:00",NA,"Fratercula arctica","2f127baa-6bff-4f3c-96ce-8db97103307c","Fratercula arctica",2020
"MachineObservation",2020,76.61843,9.694692,"2020-09-12T22:21",NA,"Physeter macrocephalus","2f5365d5-7b2a-4169-bc08-6eacad4a3156","Physeter macrocephalus",2020
"HumanObservation",2019,65.5002564683,-24.5277279823,"2019-07-05T16:12:00+02:00",NA,"Fratercula arctica","2f560f48-06e3-4932-a823-0d5906722c14","Fratercula arctica",2010
"HumanObservation",2024,59.8543616997,-1.2744397997,"2024-07-06T14:59:05+01:00",NA,"Fratercula arctica","2f6a8a49-053c-49a0-ac16-94466e5bb5cb","Fratercula arctica",2020
"HumanObservation",2017,64.0431374046,-16.182346344,"2017-09-05T10:13:00-07:00",NA,"Rissa tridactyla","2f74daa6-36e4-432b-95f9-76f7df27c57d","Rissa tridactyla",2010
"HumanObservation",2024,62.5961727163,5.4074171969,"2024-07-19T14:35:54+02:00",NA,"Fratercula arctica","2f83b79e-6126-4a35-aef0-1c81ecbc8a95","Fratercula arctica",2020
"HumanObservation",2023,69.2988008484,15.972276316,"2023-08-09T18:41:47+02:00",NA,"Fratercula arctica","2f85b5c5-d27c-4e41-9683-f47265498fed","Fratercula arctica",2020
"HumanObservation",2022,66.5642057689,-18.0163392925,"2022-07-17T13:43:42+00:00",NA,"Fratercula arctica","2f9a7fb9-4afc-4dc8-a6e1-e6e25115f4d9","Fratercula arctica",2020
"HumanObservation",2024,79.397031518,11.7158103737,"2024-06-23T15:51:00+02:00",NA,"Rissa tridactyla","2fa1c7dc-569a-44d4-b95f-29274e926c6b","Rissa tridactyla",2020
"HumanObservation",2021,63.4036002185,-20.2867767398,"2021-07-18T16:24:00Z",NA,"Fratercula arctica","2fa2f179-269c-49cc-8a41-da42b746e5b7","Fratercula arctica",2020
"HumanObservation",2024,66.2223309682,-17.9709673452,"2024-05-25T18:06:00+00:00",NA,"Fratercula arctica","2fad9b8b-1d54-4cd3-89e3-98efdde9f92a","Fratercula arctica",2020
"HumanObservation",2024,64.8717696148,-23.9310624812,"2024-05-03T12:01:49+00:00",NA,"Physeter macrocephalus","2fb5aafc-458d-4cb0-8d38-82a74ef4ca3d","Physeter macrocephalus",2020
"HumanObservation",2017,65.497125,-24.5166383333,"2017-05-29T12:30:43Z",NA,"Fratercula arctica","2fc32daa-738e-4ce7-9b5b-0428fd2fe933","Fratercula arctica",2010
"HumanObservation",2021,63.4038731985,-19.1178202629,"2021-07-26",NA,"Fratercula arctica","2fc4f201-8c7d-41aa-83de-06b13c589c63","Fratercula arctica",2020
"HumanObservation",2024,70.2014232928,31.0324296985,"2024-06-12T11:14:00+02:00",NA,"Fratercula arctica","2fd52494-8cc3-4f7d-b748-f168066efe09","Fratercula arctica",2020
"HumanObservation",2024,66.1052366968,-22.5878741566,"2024-06-16T16:04:00+00:00",NA,"Rissa tridactyla","2fe57bad-786f-4f91-b1e7-a7976d27451f","Rissa tridactyla",2020
"HumanObservation",2022,65.5423234327,-13.7555765784,"2022-05-21T17:58:00+00:00",NA,"Fratercula arctica","2fe7ccce-d5b7-4387-b8b2-685bbd3527f1","Fratercula arctica",2020
"HumanObservation",2022,59.8546194983,-1.2744441367,"2022-05-14T13:13:00+01:00",NA,"Fratercula arctica","2fe85789-0e47-45e3-8f13-e10ebd811986","Fratercula arctica",2020
"HumanObservation",2020,61.4576,-22.7484,"2020-08-25",NA,"Rissa tridactyla","2ff6ab95-cdd6-463c-a189-151530aa8a72","Rissa tridactyla",2020
"HumanObservation",2017,79.720243786,11.2209723945,"2017-06-18T17:24:00+01:00",NA,"Rissa tridactyla tridactyla","2ff92f33-7c1b-4eec-9c3e-a4ace50f250b","Rissa tridactyla",2010
"HumanObservation",2017,79.6895232057,12.0432175836,"2017-06-16T09:42:00+01:00",NA,"Rissa tridactyla","2ffb1556-9a92-40e5-8788-d72799788fe2","Rissa tridactyla",2010
"HumanObservation",2024,63.4045854308,-19.1299670551,"2024-08-20T11:39:50+00:00",NA,"Fratercula arctica","300ebf0e-f855-46ec-b5fb-f7ad47233acb","Fratercula arctica",2020
"HumanObservation",2019,65.5028795495,-24.5316386904,"2019-08-04T15:32:04+00:00",NA,"Fratercula arctica","303023a3-2104-4cb7-91df-ffa854643f74","Fratercula arctica",2010
"HumanObservation",2023,70.287912632,31.0853595697,"2023-06-23T14:52:00+02:00",NA,"Rissa tridactyla","303b54a0-1d50-4348-b326-8ea8ff35ff24","Rissa tridactyla",2020
"HumanObservation",2023,63.3969343641,-20.2975642711,"2023-07-03T15:18:00+00:00",NA,"Fratercula arctica","305c345b-9b4e-43e5-b85e-0bc7553bdb58","Fratercula arctica",2020
"HumanObservation",2024,65.5415749088,-13.754785367,"2024-07-20T17:02:19+00:00",NA,"Fratercula arctica","306e868a-e7bf-4aff-a1de-cf82a2702e47","Fratercula arctica",2020
"HumanObservation",2023,63.404745,-20.28516,"2023-06-13T11:01:00+00:00",NA,"Rissa tridactyla","308bc5de-47db-4835-8497-d89c1548b37c","Rissa tridactyla",2020
"HumanObservation",2022,70.0951361369,30.0190971697,"2022-06-23T06:45:00+02:00",NA,"Rissa tridactyla","308dbabc-aede-4fd9-91f5-56da60da80ae","Rissa tridactyla",2020
"HumanObservation",2024,78.2620381336,21.880218612,"2024-09-08T09:07:00+02:00",NA,"Rissa tridactyla","30a79411-8dfd-403d-9a2b-7c2cba81eb08","Rissa tridactyla",2020
"HumanObservation",2022,66.1386466667,-16.95033,"2022-05-29T17:08:00+00:00",NA,"Fratercula arctica","30ca3226-13b5-4ffa-8ddc-342a58ac08d9","Fratercula arctica",2020
"HumanObservation",2018,66.0526808622,-22.8307643556,"2018-08-08T18:10:00-07:00",NA,"Fratercula arctica","30dbe4e9-354e-4e62-ba5e-c596ab710827","Fratercula arctica",2010
"HumanObservation",2017,60.1249733333,-1.0116283333,"2017-08-25T12:50:00-03:00",NA,"Fratercula arctica","30eba18c-52ff-4565-bea4-eb46b72cd8e8","Fratercula arctica",2010
"HumanObservation",2020,78.3277060457,15.5654890726,"2020-08-29T08:14:00+02:00",NA,"Fratercula arctica","30fe8709-a5c4-4b76-9a60-e3aab43d72f3","Fratercula arctica",2020
"HumanObservation",2023,79.5151636325,19.2432256043,"2023-09-20T14:52:56+02:00",NA,"Rissa tridactyla","3112e63c-b73a-42b3-9166-d44813796dac","Rissa tridactyla",2020
"HumanObservation",2021,66.5423498,-17.9961161,"2021-06-09T14:49:00+00:00",NA,"Fratercula arctica","3113b494-a42f-44ca-8ca2-ebe31bb68d5e","Fratercula arctica",2020
"HumanObservation",2024,65.5422558744,-13.7556563348,"2024-07-03T02:29:12+00:00",NA,"Fratercula arctica","3118c234-f52b-46c9-a291-d4199c4cabc8","Fratercula arctica",2020
"HumanObservation",2022,63.4035350726,-19.0447468406,"2022-08-14T10:40:00+00:00",NA,"Fratercula arctica","311a334a-4c30-42c1-8007-304171e6ebdd","Fratercula arctica",2020
"HumanObservation",2022,64.1702801552,-21.8497881019,"2022-06-26T08:12:00+00:00",NA,"Fratercula arctica","314fd32d-3a6c-464f-aa54-f137ff80bfb3","Fratercula arctica",2020
"HumanObservation",2022,65.5424398355,-13.7551545774,"2022-05-21T17:54:00+00:00",NA,"Fratercula arctica","3158fde9-5b6d-4225-8f70-4e4fa1e41322","Fratercula arctica",2020
"HumanObservation",2024,65.500205,-24.526775,"2024-05-19T20:09:46+00:00",NA,"Rissa tridactyla","3170eb31-736f-46f2-87a8-a9137f536196","Rissa tridactyla",2020
"HumanObservation",2023,70.216644168,31.1116259763,"2023-06-23T17:40:00+02:00",NA,"Rissa tridactyla","318825fa-d422-412c-b858-728a3dd2cbfa","Rissa tridactyla",2020
"HumanObservation",2022,70.2879769699,31.0775662773,"2022-07-02T15:00:00+02:00",NA,"Fratercula arctica","31957cdc-15ae-4f3f-a073-0083be86d920","Fratercula arctica",2020
"HumanObservation",2024,65.5010059573,-24.52804857,"2024-05-11T18:04:00+00:00",NA,"Rissa tridactyla","3196368f-2c7c-4d81-9070-9a786cc9c910","Rissa tridactyla",2020
"HumanObservation",2024,61.77538572,-6.8065824998,"2024-07-25T10:46:00+01:00",NA,"Fratercula arctica","31a784e5-539f-451d-ad07-f58acbeec97c","Fratercula arctica",2020
"HumanObservation",2017,64.71495,-19.028362,"2017-07-22T22:00:00+00:00",NA,"Fratercula arctica","31a7918e-c807-4598-9aef-008c05cdbd54","Fratercula arctica",2010
"MachineObservation",2020,74.389011,14.074108,"2020-09-12T09:19",NA,"Physeter macrocephalus","31bd48e1-6a21-473f-89a0-de81d7fa0651","Physeter macrocephalus",2020
"HumanObservation",2024,69.690131889,18.8970259887,"2024-05-18T17:39:00+02:00",NA,"Rissa tridactyla","31bda8bc-5ec4-41e9-8358-a8e75576a918","Rissa tridactyla",2020
"HumanObservation",2023,64.0821642708,-22.6886244739,"2023-07-17T08:13:00+00:00",NA,"Rissa tridactyla","31d54647-9fa7-4b2a-a08a-6a73c9169612","Rissa tridactyla",2020
"HumanObservation",2020,63.3998241935,-19.1271972656,"2020-08-12T12:44:00+02:00",NA,"Fratercula arctica","31da7890-7383-4489-9e15-d578e182f732","Fratercula arctica",2020
"HumanObservation",2023,63.4069552783,-20.2694397217,"2023-07-24T20:46:00+00:00",NA,"Rissa tridactyla","320676d0-21d3-472c-8ed6-6fd65dc5da1e","Rissa tridactyla",2020
"HumanObservation",2023,65.502340613,-24.5316578477,"2023-06-01T11:28:00+00:00",NA,"Fratercula arctica","320912f0-2eb6-4be4-af47-27010d3183d5","Fratercula arctica",2020
"HumanObservation",2024,66.148403,-17.427288,"2024-08-26T15:10:49+00:00",NA,"Rissa tridactyla","3209b756-6fff-4972-bf8c-2042cf00a528","Rissa tridactyla",2020
"HumanObservation",2021,70.263375,-22.3705833333,"2021-08-17T19:58:00-02:00",NA,"Rissa tridactyla","3216f3d2-e80e-4229-90b8-16d07cc786db","Rissa tridactyla",2020
"HumanObservation",2024,65.69293,-18.059575,"2024-05-11T10:25:31+00:00",NA,"Rissa tridactyla","32273686-1a7f-4f89-a8ee-511275991776","Rissa tridactyla",2020
"HumanObservation",2023,65.5000216688,-24.5269292599,"2023-06-21T11:54:00+00:00",NA,"Rissa tridactyla","323f5620-9928-4b5f-9f93-9bf3c2b30c47","Rissa tridactyla",2020
"HumanObservation",2017,66.0441078152,-17.3541539357,"2017-06-25T14:39:00+00:00",NA,"Rissa tridactyla","3250ddcd-72d4-4e5e-af93-9a4c8b86ef37","Rissa tridactyla",2010
"HumanObservation",2023,62.1026057668,-7.6613796875,"2023-06-11T14:10:00+01:00",NA,"Fratercula arctica","32517cda-5b71-4f7d-a08b-aa37b74fcdd4","Fratercula arctica",2020
"HumanObservation",2023,79.633826917,27.7693501836,"2023-09-11T18:35:00+02:00",NA,"Balaenoptera physalus","32571eb2-24ce-466f-8359-c7d892aac79c","Balaenoptera physalus",2020
"HumanObservation",2023,77.7742052606,13.6560512502,"2023-06-21T20:14:00+02:00",NA,"Fratercula arctica","325b02bc-a675-4a3f-9227-dd09eb287acd","Fratercula arctica",2020
"HumanObservation",2022,59.8546194983,-1.2744441367,"2022-05-14T13:12:00+01:00",NA,"Fratercula arctica","326e7d5a-8b76-4a47-b3f5-cb6f2764975a","Fratercula arctica",2020
"HumanObservation",2024,65.5420574,-13.7547177997,"2024-07-06T11:33:26+00:00",NA,"Fratercula arctica","32807066-5eef-44a3-b9c5-4d7759086341","Fratercula arctica",2020
"HumanObservation",2020,61.393,-19.835,"2020-08-25",NA,"Balaenoptera physalus","32933018-9b93-44b2-8d3c-27590913f444","Balaenoptera physalus",2020
"HumanObservation",2018,77.0167161979,15.8746268613,"2018-08-08T11:41:00Z",NA,"Rissa tridactyla","329d00b7-3efd-4069-a1e7-29d36172ac9e","Rissa tridactyla",2010
"HumanObservation",2023,70.2180938465,31.1954202663,"2023-06-23T15:25:00+02:00",NA,"Fratercula arctica","32a99603-0af5-4167-a9b3-9805f7153509","Fratercula arctica",2020
"HumanObservation",2024,60.1616621139,-1.1484530102,"2024-05-25T14:17:00+01:00",NA,"Fratercula arctica","32b69cd9-a935-4c12-b1e5-8e0902084d70","Fratercula arctica",2020
"HumanObservation",2022,63.399157786,-20.2918945625,"2022-09-07T10:20:02+00:00",NA,"Fratercula arctica","32c2404a-6a46-4688-a352-5ecb188912eb","Fratercula arctica",2020
"HumanObservation",2023,64.0825402664,-22.6946661348,"2023-07-17T07:15:00+00:00",NA,"Fratercula arctica","32c2f028-b2df-46ed-bbb8-3ac48a8917ac","Fratercula arctica",2020
"HumanObservation",2024,70.3208944201,20.3252971671,"2024-05-21T20:14:00+02:00",NA,"Fratercula arctica","32d093e1-8a1a-4f08-9724-0b5d00c905bd","Fratercula arctica",2020
"HumanObservation",2022,64.8851298552,-24.0431426168,"2022-06-03T13:27:00+00:00",NA,"Rissa tridactyla","32f0aa3b-abe5-44d3-ac09-ab5fdc7ab547","Rissa tridactyla",2020
"HumanObservation",2022,63.4142795795,-19.0156019479,"2022-08-13T14:51:09+00:00",NA,"Fratercula arctica","32f3cbbd-a541-4352-926a-48b4edced47c","Fratercula arctica",2020
"HumanObservation",2022,64.1469868,-21.9407552,"2022-07-14T16:27:00+00:00",NA,"Fratercula arctica","32f40209-0a65-412c-b524-0b28d4c75933","Fratercula arctica",2020
"HumanObservation",2023,70.3829891257,31.0421009191,"2023-06-23T17:26:00+02:00",NA,"Rissa tridactyla","3306b570-3218-4f39-98a5-79523a543cac","Rissa tridactyla",2020
"HumanObservation",2023,70.1447516154,28.9443473684,"2023-07-15T16:02:29+02:00",NA,"Rissa tridactyla","3317e8de-a7e6-475e-966f-214ad2d5e04d","Rissa tridactyla",2020
"HumanObservation",2019,60.8211410909,-0.8988348276,"2019-08-03T12:48:05+01:00",NA,"Fratercula arctica","33335e81-0818-4646-bc9a-935305f74939","Fratercula arctica",2010
"HumanObservation",2018,66.3357105674,-17.4820344017,"2018-07-27T19:36:00+00:00",NA,"Fratercula arctica","33382361-57fa-4b22-bfaa-ad22c7d31240","Fratercula arctica",2010
"HumanObservation",2019,78.8968605556,12.1935929424,"2019-06-04T20:53:00-04:00",NA,"Rissa tridactyla","33397331-1682-4df1-9ee3-0f475e05aaa3","Rissa tridactyla",2010
"HumanObservation",2018,64.3818082601,-22.4552662309,"2018-05-02",NA,"Fratercula arctica","334069bd-6e8c-4611-8359-0b136838c2a4","Fratercula arctica",2010
"HumanObservation",2024,70.2169521696,31.0331718071,"2024-06-12T12:24:00+02:00",NA,"Rissa tridactyla","3353ea14-01cf-45d9-a9e5-82ee14883e2e","Rissa tridactyla",2020
"HumanObservation",2019,79.652206,13.767615,"2019-08-22T19:10","1","Balaenoptera musculus","3357bec8-4245-48c6-ad74-1c63d4a12140","Balaenoptera musculus",2010
"HumanObservation",2023,58.9684,-2.7247,"2023-06-07T13:26:03",NA,"Balaenoptera physalus","336dc2d4-6494-4419-88a8-7bfb1d2f684f","Balaenoptera physalus",2020
"HumanObservation",2023,64.7353973,-23.775135,"2023-07-07T09:31:00+00:00",NA,"Rissa tridactyla","33756572-3abf-429d-810f-8064a8a22580","Rissa tridactyla",2020
"HumanObservation",2024,58.5635185642,-5.3057726867,"2024-05-28T21:27:00+01:00",NA,"Rissa tridactyla","33b3ba8c-0e57-43a5-9b81-cdece26e4713","Rissa tridactyla",2020
"HumanObservation",2022,65.53955,-13.7541883333,"2022-08-08T09:47:39+00:00",NA,"Fratercula arctica","33b4b514-f855-4bd3-981c-79d7a361bd82","Fratercula arctica",2020
"HumanObservation",2022,64.1979992035,-21.8920929713,"2022-07-22T14:14:00+00:00",NA,"Fratercula arctica","33eb0747-a9be-4b73-9dd6-661f2e4b1be9","Fratercula arctica",2020
"HumanObservation",2022,64.0674,-16.16913,"2022-03-08T15:29:36+01:00",NA,"Rissa tridactyla","33edfde7-550f-4e85-8132-fff370bb4750","Rissa tridactyla",2020
"HumanObservation",2019,63.4044287871,-19.105424881,"2019-08-09",NA,"Fratercula arctica","33f9b6b4-65a0-4677-961c-15fabe5cc43c","Fratercula arctica",2010
"HumanObservation",2024,79.2115188448,24.6754307831,"2024-07-19T05:41:00+02:00",NA,"Rissa tridactyla","3409c3e2-c529-4b15-a622-183508191aab","Rissa tridactyla",2020
"HumanObservation",2021,65.5007588694,-24.5276533105,"2021-07-16T21:16:00+00:00",NA,"Fratercula arctica","3421b2aa-d517-4f77-991b-2ebc392fed5a","Fratercula arctica",2020
"HumanObservation",2017,79.0254838562,21.1652768339,"2017-07-23T15:11:00+01:00",NA,"Rissa tridactyla","34303e62-155f-429a-bfdb-63fbc3ab31bf","Rissa tridactyla",2010
"HumanObservation",2023,64.9336987189,-23.5104824562,"2023-05-28T12:02:00+00:00",NA,"Rissa tridactyla","344ea27e-8d9c-48f3-861d-cf157c5344cc","Rissa tridactyla",2020
"HumanObservation",2019,69.3694067783,15.7692153215,"2019-08-28T12:06:00+02:00",NA,"Physeter macrocephalus","3459df50-1248-4a1c-a53f-b5bce0cc42d0","Physeter macrocephalus",2010
"HumanObservation",2019,66.1,-17.5,"2019-06-08T00:35:29","1","Balaenoptera musculus","345f7312-471e-4ca7-a574-7adeda6edac4","Balaenoptera musculus",2010
"HumanObservation",2022,70.0605640628,29.9976011327,"2022-07-01T10:50:00+02:00",NA,"Rissa tridactyla","34708f94-ae21-4685-b6d4-a3fb69b3e5a2","Rissa tridactyla",2020
"HumanObservation",2024,65.013908,-23.84413,"2024-04-24T11:42:24","1","Physeter macrocephalus","3475ecc2-ef75-40bd-b28d-028e42bfaca8","Physeter macrocephalus",2020
"HumanObservation",2023,64.1720867996,-21.9673045725,"2023-06-01T13:43:49+00:00",NA,"Fratercula arctica","3497cbdd-cb98-4053-9680-237085267c32","Fratercula arctica",2020
"HumanObservation",2022,64.7352616667,-23.7744033333,"2022-07-10T18:14:47+00:00",NA,"Rissa tridactyla","3497d7b6-dc0d-474b-b17c-f7f50073b786","Rissa tridactyla",2020
"HumanObservation",2022,66.0234,-22.9899116667,"2022-06-01T00:50:00+00:00",NA,"Fratercula arctica","34a85209-d7a9-4f88-9ca0-35e8aed09905","Fratercula arctica",2020
"MachineObservation",2020,78.816113,4.919512,"2020-09-13T12:47",NA,"Physeter macrocephalus","34b354b2-4562-4a66-89f2-7d8a3ef29488","Physeter macrocephalus",2020
"HumanObservation",2019,64.1714466667,-21.9680333333,"2019-07-30T09:46:13Z",NA,"Fratercula arctica","34cfbca2-6133-4504-8e6e-fd6d0d2f5ca8","Fratercula arctica",2010
"HumanObservation",2017,70.3856808054,31.0677009611,"2017-05-22",NA,"Rissa tridactyla","34e11d99-8888-47b6-b20f-31a56710543f","Rissa tridactyla",2010
"HumanObservation",2023,63.4018466667,-19.1226945,"2023-07-06T03:17:13+00:00",NA,"Fratercula arctica","34e6fb1a-cf4d-496e-a64a-c34c14bdfee1","Fratercula arctica",2020
"HumanObservation",2023,63.40353,-20.287345,"2023-06-26T15:11:56+00:00",NA,"Fratercula arctica","34e78be7-1529-4362-a33c-e330accc186f","Fratercula arctica",2020
"HumanObservation",2017,78.1180753062,13.5108655353,"2017-05-31T21:30:00+02:00",NA,"Balaenoptera physalus","34ff4d29-79af-42a3-a404-39418428d626","Balaenoptera physalus",2010
"HumanObservation",2024,61.8344238041,-6.8282513956,"2024-04-28T14:00:00+01:00",NA,"Fratercula arctica","3510c779-748c-4ab6-869f-445a371ee7c8","Fratercula arctica",2020
"HumanObservation",2017,66.1074788999,-17.3952288553,"2017-07-25T13:15:00+00:00",NA,"Fratercula arctica","353d341b-9e5f-4a01-8146-8d49c17bbee6","Fratercula arctica",2010
"HumanObservation",2024,58.6406786929,-3.0265540257,"2024-05-14T19:04:47+01:00",NA,"Fratercula arctica","353d3f64-6b80-4c82-9e73-b946294d4185","Fratercula arctica",2020
"HumanObservation",2024,70.172902,21.030029,"2024-01-19T13:03:07","1","Physeter macrocephalus","35568fba-e430-4f6a-bb16-1555e29ed4bc","Physeter macrocephalus",2020
"HumanObservation",2024,63.4469799865,-20.2888856062,"2024-07-13T11:08:00+00:00",NA,"Fratercula arctica","356192f8-2359-4760-aa98-7608686c5f0c","Fratercula arctica",2020
"HumanObservation",2018,58.3862863896,-5.1948501587,"2018-06-26T10:02:00-10:00",NA,"Fratercula arctica","3566ac92-c93c-479e-bb0a-bd2559c2d8a8","Fratercula arctica",2010
"HumanObservation",2024,64.5409731121,-12.5563699041,"2024-06-06T09:57:00-01:00",NA,"Fratercula arctica","35836d25-f318-4215-b9f3-9de2b7ca981e","Fratercula arctica",2020
"HumanObservation",2022,70.2089172576,31.0391126715,"2022-04-14T19:22:00+02:00",NA,"Fratercula arctica","358810ba-8fa1-43b7-bc2a-20de73a68a8a","Fratercula arctica",2020
"HumanObservation",2017,66.5424864643,-17.9974893762,"2017-06-05T18:09:00+00:00",NA,"Rissa tridactyla","358aecae-04b3-4a53-a18f-a0baac26326d","Rissa tridactyla",2010
"HumanObservation",2024,64.4203643117,-18.5359663219,"2024-07-07T09:24:36+00:00",NA,"Fratercula arctica","358ed501-2ff5-487c-aeb8-4ee6a339434b","Fratercula arctica",2020
"HumanObservation",2021,65.5002366667,-24.5265783333,"2021-08-03T09:35:30Z",NA,"Rissa tridactyla tridactyla","35932975-642c-4f0d-a3fd-a41c5bc24344","Rissa tridactyla",2020
"HumanObservation",2017,65.5011487,-24.5296597,"2017-04-16",NA,"Fratercula arctica","35939530-dfa6-40d3-b752-e9d470a6cacb","Fratercula arctica",2010
"HumanObservation",2024,63.4990484269,-20.1527710631,"2024-08-18",NA,"Rissa tridactyla","359ddae1-7b7b-43c3-b47e-cf6e2a33c090","Rissa tridactyla",2020
"HumanObservation",2024,63.402708478,-19.0404546497,"2024-08-23T08:11:00+00:00",NA,"Fratercula arctica","35aa7ae2-9089-455d-a060-71fb7b6fea4e","Fratercula arctica",2020
"HumanObservation",2023,67.9548748493,12.9470719721,"2023-07-03T15:47:43+02:00",NA,"Rissa tridactyla","35aa8f2f-1a10-421e-8090-99d0b80e71a4","Rissa tridactyla",2020
"HumanObservation",2024,78.6000422153,16.5214768052,"2024-08-25T05:30:47+02:00",NA,"Fratercula arctica","35ad4731-2a18-4f5f-b5f5-84dd1faf75dc","Fratercula arctica",2020
"HumanObservation",2024,66.1795861111,-16.9888833333,"2024-07-01T11:25:09+00:00",NA,"Fratercula arctica","35b75fe1-613b-4190-b5f0-add7a3f2d6f4","Fratercula arctica",2020
"HumanObservation",2024,62.1168166667,-7.0446166667,"2024-07-23T12:44:23+01:00",NA,"Fratercula arctica","35cb8e38-fdfa-4470-9f21-821ac9997fd4","Fratercula arctica",2020
"HumanObservation",2024,70.5237384837,-8.4735670002,"2024-06-01T04:46:00-01:00",NA,"Rissa tridactyla","35d9184d-b11e-4d03-9291-06f40a85d56b","Rissa tridactyla",2020
"MaterialSample",2019,58.41777,-5.128508,"2019-06-27",NA,"Rissa tridactyla","35e1d8fa-b4d5-4016-9d7c-4624f8eff8dc","Rissa tridactyla",2010
"HumanObservation",2024,70.069436,21.383434,"2024-11-18T12:03:45","1","Balaenoptera physalus","35eed228-a825-47dc-9f68-b08f335fe6af","Balaenoptera physalus",2020
"HumanObservation",2024,70.2029959316,30.8330046553,"2024-06-11T17:15:00+02:00",NA,"Rissa tridactyla","35f667c0-3421-435e-94fe-7bf2dbfe53cd","Rissa tridactyla",2020
"HumanObservation",2022,59.8565966681,-1.2722966667,"2022-07-08T14:05:18+01:00",NA,"Fratercula arctica","3609bbda-441b-485b-b416-036fe0f0bc1e","Fratercula arctica",2020
"HumanObservation",2023,70.2334917621,31.1287260462,"2023-06-23T16:47:00+02:00",NA,"Rissa tridactyla","360a9712-79cf-48c8-9833-2ca2ce6ac2a2","Rissa tridactyla",2020
"HumanObservation",2021,65.50103,-24.5288716667,"2021-07-02T03:52:25Z",NA,"Fratercula arctica","361221d4-ec14-4366-91cb-8c62711960ba","Fratercula arctica",2020
"HumanObservation",2024,63.4121145669,-19.0239979304,"2024-07-13T15:55:00+00:00",NA,"Fratercula arctica","361ee860-990d-42d4-99e8-880e6c4ab0e3","Fratercula arctica",2020
"HumanObservation",2023,64.895504814,-23.702979196,"2023-05-30T19:51:00+00:00",NA,"Rissa tridactyla","36260fe6-0773-4c69-9fc3-3244edfdd851","Rissa tridactyla",2020
"HumanObservation",2022,70.2612037293,31.1440043359,"2022-07-19T13:29:00+02:00",NA,"Fratercula arctica","36359738-7b62-47cf-8305-155d5e594d08","Fratercula arctica",2020
"HumanObservation",2024,69.7777352221,19.0154710755,"2024-08-07T17:52:00+02:00",NA,"Fratercula arctica","363a66fe-d50e-4d44-93fe-1b910b7c2813","Fratercula arctica",2020
"HumanObservation",2023,66.534895555,-18.0016413883,"2023-07-20T14:41:00+00:00",NA,"Fratercula arctica","3649be45-6da7-474e-92b6-29fec9dd71bd","Fratercula arctica",2020
"HumanObservation",2024,66.085521091,-17.3339527544,"2024-07-13T11:45:13+00:00",NA,"Fratercula arctica","36796e29-164f-4e80-bc8c-d6b68e182373","Fratercula arctica",2020
"HumanObservation",2019,66.1,-17.5,"2019-06-09T22:27:02","1","Balaenoptera musculus","3680ee37-da53-4645-84ab-32d0627a5bea","Balaenoptera musculus",2010
"HumanObservation",2022,64.227286865,-14.8837659474,"2022-07-05T20:10:00+00:00",NA,"Physeter macrocephalus","3682293d-a617-4aca-8853-921959754106","Physeter macrocephalus",2020
"HumanObservation",2019,60.8265972222,-0.9016055556,"2019-06-16T06:00:00-07:00",NA,"Fratercula arctica","3699ed86-d15c-43d2-a36c-db1f192749da","Fratercula arctica",2010
"HumanObservation",2020,63.4014584,-19.1284425,"2020-08-12T12:16:00+02:00",NA,"Fratercula arctica","36af37f6-a2a6-43f2-b4d6-3e54c41fab77","Fratercula arctica",2020
"HumanObservation",2023,63.4290268943,-20.2800484858,"2023-07-24T21:56:00+00:00",NA,"Fratercula arctica","36b2ba41-8e36-4baa-9af3-491c2c01ec1a","Fratercula arctica",2020
"HumanObservation",2017,66.5367289521,-18.011769084,"2017-06-26T22:40:00+00:00",NA,"Fratercula arctica","36bd12ad-1113-4848-88a5-bd846b04ba21","Fratercula arctica",2010
"HumanObservation",2022,70.374695646,31.0026554144,"2022-04-14T15:59:00+02:00",NA,"Fratercula arctica","36c0e6ce-caca-477b-990b-305065acfd34","Fratercula arctica",2020
"HumanObservation",2018,70.3329811195,31.0462831954,"2018-05-01T15:52:00+02:00",NA,"Fratercula arctica","36c5b64b-04fd-45b9-8691-8c090399fc89","Fratercula arctica",2010
"HumanObservation",2017,62.09981628,-7.6679901866,"2017-08-24T15:14:00+01:00",NA,"Fratercula arctica","36c7b388-abf6-4db6-ae10-3440c280636c","Fratercula arctica",2010
"HumanObservation",2019,78.4555040324,16.199264127,"2019-06-21T09:28:00-10:00",NA,"Fratercula arctica","36d8989f-a107-49a8-9607-f6331f2ea83a","Fratercula arctica",2010
"HumanObservation",2019,60.1369511478,-1.0136896508,"2019-07-15T11:07:49+02:00",NA,"Rissa tridactyla","36dbf768-96e4-479f-b2e8-4604ec6b57a6","Rissa tridactyla",2010
"HumanObservation",2022,66.0476551817,-22.8268503441,"2022-07-01T12:45:00+00:00",NA,"Fratercula arctica","371eda08-2e3b-4379-afd9-4fa5064b12df","Fratercula arctica",2020
"HumanObservation",2024,78.3361666667,16.5541566667,"2024-09-01T16:27:00+02:00",NA,"Rissa tridactyla","374bab0e-f89f-49f1-9d6a-369861b0191d","Rissa tridactyla",2020
"HumanObservation",2023,77.0224114728,15.8917146557,"2023-06-22T14:36:00+02:00",NA,"Rissa tridactyla","3764a3fb-ceb4-4af0-8b2c-c27ef581776b","Rissa tridactyla",2020
"HumanObservation",2018,65.5421606245,-13.7559806516,"2018-08-05T10:34:00-04:00",NA,"Rissa tridactyla","378864c7-15db-47da-8ff5-9a0ac73296d3","Rissa tridactyla",2010
"HumanObservation",2022,78.2500874938,15.4953404968,"2022-06-22T21:16:00+02:00",NA,"Rissa tridactyla","37961c9f-5045-4e12-9aca-2e2ef87046de","Rissa tridactyla",2020
"HumanObservation",2024,78.1882814985,15.1191910225,"2024-08-11T20:41:00+02:00",NA,"Fratercula arctica","37a00057-d241-495a-a752-cab0d0ba7650","Fratercula arctica",2020
"HumanObservation",2024,57.096570854,9.180258343,"2024-08-21T14:26:00+02:00",NA,"Rissa tridactyla","37a94248-f531-4b84-ab14-44a752321736","Rissa tridactyla",2020
"HumanObservation",2024,70.3706506358,31.1282360887,"2024-06-06T11:13:00+02:00",NA,"Fratercula arctica","37b448da-eca0-4123-99b1-57e7c534a2d9","Fratercula arctica",2020
"MachineObservation",2020,76.64473,9.811074,"2020-09-12T22:26",NA,"Physeter macrocephalus","37bcfe89-56bc-4dbd-8edb-ab1789d1c8c4","Physeter macrocephalus",2020
"HumanObservation",2019,62.5440269861,6.1905269891,"2019-07-10T12:45:34+02:00",NA,"Rissa tridactyla","37d7ba3d-baed-4428-9c75-73dc5e552589","Rissa tridactyla",2010
"HumanObservation",2022,65.5049530457,-24.5222388086,"2022-06-16T12:36:00+00:00",NA,"Fratercula arctica","37e194bc-7482-4967-ad9a-279efeed9bfc","Fratercula arctica",2020
"HumanObservation",2024,65.5098315642,-24.4686167956,"2024-06-27T15:52:00+00:00",NA,"Rissa tridactyla","37f3638f-c47b-4cff-b02c-c82ff5315c93","Rissa tridactyla",2020
"HumanObservation",2024,66.1,-17.5,"2024-05-08T11:30:40","1","Balaenoptera musculus","38096b35-061a-48e2-8992-8c98870005ab","Balaenoptera musculus",2020
"HumanObservation",2023,78.252506,14.743652,"2023-08-17T18:21:47","1","Balaenoptera physalus","381e2f13-9780-41fe-9e6a-aee3e42293e2","Balaenoptera physalus",2020
"HumanObservation",2023,70.3411366506,31.0671207229,"2023-06-23T16:40:00+02:00",NA,"Fratercula arctica","382004b4-79c8-43f4-b748-2fa68285c662","Fratercula arctica",2020
"HumanObservation",2023,70.214252564,31.0469218471,"2023-06-23T16:54:00+02:00",NA,"Fratercula arctica","3829ff05-da26-479a-99b3-d871af0b6545","Fratercula arctica",2020
"HumanObservation",2024,70.4155333333,31.07691,"2024-06-16T16:56:33+02:00",NA,"Balaenoptera physalus","383ddde9-45dc-46b7-8197-653c98816bda","Balaenoptera physalus",2020
"HumanObservation",2022,70.2468422838,31.0937234294,"2022-04-13T13:05:00+02:00",NA,"Rissa tridactyla","383e7008-652c-4381-8fe0-87c277898b45","Rissa tridactyla",2020
"HumanObservation",2023,69.7202994004,30.7966769925,"2023-06-22T13:00:05+02:00",NA,"Rissa tridactyla","38418625-a850-4092-b382-62ba0d4abf92","Rissa tridactyla",2020
"HumanObservation",2017,66.029698,-17.525406,"2017-06-27T23:58:50","1","Balaenoptera musculus","38510d3b-3d1f-4fb4-be06-4e979cd078a8","Balaenoptera musculus",2010
"HumanObservation",2022,63.4086463395,-19.005796758,"2022-07-01T14:54:00+00:00",NA,"Fratercula arctica","38788199-e6d8-4de9-a312-697f3e33ada3","Fratercula arctica",2020
"HumanObservation",2022,65.36886,-22.9316866667,"2022-06-02T21:51:00+00:00",NA,"Rissa tridactyla","38c0a217-4bbf-4022-bb31-a73639e6c7e4","Rissa tridactyla",2020
"HumanObservation",2023,78.122438,13.291009,"2023-07-13T15:05:00+02:00",NA,"Rissa tridactyla","38d111de-593d-4cd4-a4ed-8189d2797465","Rissa tridactyla",2020
"HumanObservation",2024,79.6571637246,11.1192179565,"2024-08-05T09:36:00+02:00",NA,"Fratercula arctica","38e7905d-0f29-4582-875a-eb29d3c8fac7","Fratercula arctica",2020
"HumanObservation",2019,66.1,-17.5,"2019-06-11T17:08:43","1","Balaenoptera musculus","38e7e577-3e35-4213-80b1-ea172b48e74a","Balaenoptera musculus",2010
"HumanObservation",2023,61.773371,-6.804691,"2023-07-10T20:05:23+01:00",NA,"Fratercula arctica","38f5ceab-5b65-46c3-94f0-cf23b1335940","Fratercula arctica",2020
"HumanObservation",2024,62.4243229687,5.6613600777,"2024-06-13T23:08:00+02:00",NA,"Fratercula arctica","38f75c08-fd90-477c-8366-f26c1f664715","Fratercula arctica",2020
"HumanObservation",2023,79.529635029,12.435771214,"2023-09-09T11:59:00+02:00",NA,"Rissa tridactyla","3901dbf0-04fd-4b5e-a49d-ff29b5b13801","Rissa tridactyla",2020
"HumanObservation",2024,62.4906865517,5.6816880675,"2024-08-15T19:23:00+02:00",NA,"Fratercula arctica","39106e13-dd2b-44c9-ae74-5df33c9ac808","Fratercula arctica",2020
"HumanObservation",2020,69.4184192773,15.4930451365,"2020-07-04T13:36:00+02:00",NA,"Physeter macrocephalus","391ee634-bb26-43b3-9c91-8e499227c68a","Physeter macrocephalus",2020
"HumanObservation",2022,63.4051536126,-19.0556243475,"2022-07-30T16:02:00+00:00",NA,"Rissa tridactyla","39205df6-24fa-4ab9-8e24-544f75273f23","Rissa tridactyla",2020
"HumanObservation",2022,65.5020503117,-24.5351779929,"2022-06-02T16:01:00+00:00",NA,"Rissa tridactyla","392a647f-ed4b-4e47-9200-f26f48eab2cd","Rissa tridactyla",2020
"HumanObservation",2024,70.3296840361,31.0260056403,"2024-06-06T09:11:00+02:00",NA,"Fratercula arctica","392c9ba5-56a8-42b7-8c8f-51ba959d08d1","Fratercula arctica",2020
"HumanObservation",2024,64.0478416667,-16.1808733333,"2024-08-30T14:04:00+00:00",NA,"Rissa tridactyla","392e41c6-be73-4324-a904-c33643f97017","Rissa tridactyla",2020
"HumanObservation",2021,65.9881952449,-19.7204733504,"2021-07-24T07:35:17-04:00",NA,"Fratercula arctica","3940f782-0e54-43a2-95a1-4ff0fc42b99f","Fratercula arctica",2020
"HumanObservation",2017,68.135926408,13.2775270188,"2017-07-08T15:06:00+02:00",NA,"Rissa tridactyla","394d0519-5b50-492b-bed1-b7985ae1bacc","Rissa tridactyla",2010
"HumanObservation",2024,58.9604944747,-2.9704623688,"2024-06-21T12:23:00+01:00",NA,"Fratercula arctica","3950e501-0a99-401f-8a05-5b1b5a63aad4","Fratercula arctica",2020
"HumanObservation",2023,78.085,11.811667,"2023-06-06T22:00:24","1","Balaenoptera musculus","39581ae6-ec8e-4aff-ac1e-07d8b94d4ec8","Balaenoptera musculus",2020
"HumanObservation",2023,62.1024755,-7.66083331,"2023-05-17T12:36:32+01:00",NA,"Fratercula arctica","39640ebc-856a-47b2-bb86-964bbc761d32","Fratercula arctica",2020
"HumanObservation",2022,66.1904062,-17.5717221134,"2022-05-29T12:45:00+00:00",NA,"Fratercula arctica","3964368d-db2c-40f8-a4d4-fd6944ee87e1","Fratercula arctica",2020
"HumanObservation",2024,63.4042333333,-19.1032283333,"2024-08-15T11:44:17+00:00",NA,"Fratercula arctica","39760b91-ec01-41be-847d-7dbc63c51c9c","Fratercula arctica",2020
"HumanObservation",2022,65.822109,-19.374884,"2022-07-12T18:22:00+00:00",NA,"Rissa tridactyla","398bb67c-2418-42c9-94f4-ad95e4082b6f","Rissa tridactyla",2020
"HumanObservation",2022,59.294215,-2.9800762,"2022-07-25T12:25:00+01:00",NA,"Fratercula arctica","3993fcfb-e0ee-4be4-8c15-e753c6e43267","Fratercula arctica",2020
"HumanObservation",2021,65.5421627758,-13.7547326085,"2021-07-30T14:23:00+02:00",NA,"Fratercula arctica","399636cb-7f66-4bef-89e8-058e5564efda","Fratercula arctica",2020
"HumanObservation",2023,64.7677192139,-23.6164738611,"2023-06-02T13:24:15+00:00",NA,"Rissa tridactyla","3997ed48-469b-42d5-8573-7e0a2f779e21","Rissa tridactyla",2020
"HumanObservation",2019,65.5022166667,-24.5312694444,"2019-06-20",NA,"Fratercula arctica","39bf30de-b086-468e-94b6-394443048598","Fratercula arctica",2010
"HumanObservation",2024,70.9732555617,-8.6830513055,"2024-07-25T14:34:01+02:00",NA,"Fratercula arctica","39e0cb3f-39d4-4554-bd36-f37d2e4af5e8","Fratercula arctica",2020
"HumanObservation",2023,78.2667171042,21.9200848138,"2023-09-12T10:38:00+02:00",NA,"Rissa tridactyla","39e4086a-cf18-4c8f-b86d-29183d19f25a","Rissa tridactyla",2020
"HumanObservation",2024,70.5986519445,30.3212989309,"2024-05-19T12:22:00+02:00",NA,"Rissa tridactyla","39ea6b54-d3c3-4b0e-9045-4db51a19c56c","Rissa tridactyla",2020
"HumanObservation",2024,65.5418389722,-13.754823,"2024-07-14T17:08:00+00:00",NA,"Fratercula arctica","39eabc92-1c6d-4693-a65b-93420c7d44b7","Fratercula arctica",2020
"HumanObservation",2019,63.403215,-19.042496,"2019-08-13T13:05:00+04:30",NA,"Fratercula arctica","39eff99e-037e-456f-a637-4ca1fa03daa2","Fratercula arctica",2010
"HumanObservation",2021,65.2034199304,-13.8120653943,"2021-07-21T09:41:00+00:00",NA,"Fratercula arctica","39fef43b-6384-4f81-bfd1-e5e12b26a559","Fratercula arctica",2020
"HumanObservation",2022,78.3202776156,15.6494650079,"2022-07-11T18:30:30+02:00",NA,"Fratercula arctica","3a07b209-19ae-460b-8e9d-80ccfb7a4b68","Fratercula arctica",2020
"HumanObservation",2021,66.5463678825,-18.0221296785,"2021-06-21T12:35:49+00:00",NA,"Fratercula arctica","3a221e5d-541c-41f3-9748-c326de9d81a6","Fratercula arctica",2020
"HumanObservation",2017,60.104885,-1.0797516667,"2017-08-25T11:59:00-03:00",NA,"Rissa tridactyla","3a3a5b85-ad4e-43ef-b6d7-c28e6df20bfd","Rissa tridactyla",2010
"HumanObservation",2023,70.2179568958,31.0577961827,"2023-06-23T17:39:00+02:00",NA,"Rissa tridactyla","3a50502b-4160-433c-970a-02b582721ff6","Rissa tridactyla",2020
"HumanObservation",2023,77.55303846,15.0649732563,"2023-06-21T08:46:00+02:00",NA,"Rissa tridactyla","3a5d09d4-aa47-4796-842f-b1c6c3ab86aa","Rissa tridactyla",2020
"HumanObservation",2022,65.259451,-22.891521,"2022-07-08T16:12:00+00:00",NA,"Fratercula arctica","3a7d9db4-3f9c-4c8b-bffa-c9e796bf3dc5","Fratercula arctica",2020
"HumanObservation",2019,78.2012520665,15.6424400846,"2019-07-30T19:15:00+02:00",NA,"Balaenoptera physalus","3a934374-92e8-44fc-98fe-5bcf773a32c0","Balaenoptera physalus",2010
"HumanObservation",2018,79.5466216935,12.4261626827,"2018-05-29T22:22:27-07:00",NA,"Rissa tridactyla","3a9c4bb8-1dd3-4c9a-9867-596073e66dd4","Rissa tridactyla",2010
"HumanObservation",2017,65.5279078,-13.8178252,"2017-06-08T10:16:00+00:00",NA,"Fratercula arctica","3abe4403-a589-4bfa-8cb5-f02aee8b565b","Fratercula arctica",2010
"HumanObservation",2022,65.5043698934,-24.5306726008,"2022-07-05T18:15:00+00:00",NA,"Fratercula arctica","3ad606dc-fb96-43ec-9d9c-9172370a7f15","Fratercula arctica",2020
"HumanObservation",2023,65.5420700764,-13.7545316944,"2023-06-05T16:43:00+00:00",NA,"Fratercula arctica","3ad6eba9-29b8-402a-a14e-a6e9fd5f4e6d","Fratercula arctica",2020
"HumanObservation",2023,70.3713412926,31.0430980233,"2023-06-23T16:35:00+02:00",NA,"Fratercula arctica","3ae734e2-bfe9-48f5-99f5-3a35b3a44646","Fratercula arctica",2020
"HumanObservation",2019,64.1514252529,-21.9746850372,"2019-05-30T02:06:00+02:00",NA,"Rissa tridactyla","3b075ddf-67cc-4380-af39-23d8099435d4","Rissa tridactyla",2010
"HumanObservation",2020,69.5515441548,17.4883668863,"2020-08-02T12:25:27+02:00",NA,"Physeter macrocephalus","3b0cd6ca-4de4-4dc7-a580-7035d497457c","Physeter macrocephalus",2020
"HumanObservation",2017,64.71495,-19.028362,"2017-07-21T22:00:00+00:00",NA,"Fratercula arctica","3b1a4fc1-a7a9-4058-99b3-8a6242c60900","Fratercula arctica",2010
"HumanObservation",2023,64.0902424974,-21.9300654174,"2023-07-03T16:41:00+00:00",NA,"Fratercula arctica","3b1d160b-ef38-40dc-9ada-1f8b90da9452","Fratercula arctica",2020
"HumanObservation",2024,58.502771,-6.266061,"2024-08-08T11:39:00+01:00",NA,"Rissa tridactyla","3b203363-aab9-4ce9-9b4e-b3abce6a35b2","Rissa tridactyla",2020
"HumanObservation",2024,63.4036138889,-20.2872861111,"2024-08-30T12:04:58+00:00",NA,"Fratercula arctica","3b4417ff-a16c-4e7c-b200-4d020561f500","Fratercula arctica",2020
"HumanObservation",2022,65.5424080493,-13.7557281313,"2022-05-29T21:52:00+00:00",NA,"Rissa tridactyla","3b4d9280-0b50-468b-ac20-a95954786c7e","Rissa tridactyla",2020
"HumanObservation",2022,79.8468472222,11.6170388889,"2022-06-11T10:27:00+02:00",NA,"Fratercula arctica","3b6122d7-6119-4e69-984e-1d04641fd205","Fratercula arctica",2020
"HumanObservation",2024,69.378452445,16.1304859706,"2024-07-13T06:43:00+02:00",NA,"Fratercula arctica","3b7fb573-2b49-496e-89d5-ee3e52243e1c","Fratercula arctica",2020
"HumanObservation",2019,62.1005167307,-7.6609134436,"2019-08-07T16:11:37+02:00",NA,"Rissa tridactyla","3b9dd666-a182-4701-8e76-e90c80db3d13","Rissa tridactyla",2010
"HumanObservation",2023,65.5428486472,-13.7588341813,"2023-06-04T09:28:00+00:00",NA,"Fratercula arctica","3ba4b7e1-e057-4afb-babe-89afd6a36b81","Fratercula arctica",2020
"HumanObservation",2021,62.4102708623,-21.8820787497,"2021-08-19T10:30:38-05:00",NA,"Balaenoptera physalus","3ba5f142-62dc-4ff3-8882-9d16eba7b121","Balaenoptera physalus",2020
"HumanObservation",2024,58.987011681,-3.3593736325,"2024-06-30T16:08:54+01:00",NA,"Fratercula arctica","3bc7ba60-caa5-425d-81d8-3983666224d6","Fratercula arctica",2020
"HumanObservation",2022,64.7642916667,-23.6247016667,"2022-06-03T20:30:00+00:00",NA,"Rissa tridactyla","3bd83781-a1d0-4ca0-bec4-58c7a8a9d4a6","Rissa tridactyla",2020
"HumanObservation",2019,79.144563,8.574503,"2019-07-06T22:17:34","1","Balaenoptera musculus","3bf5a377-5ca8-4dd5-b6c1-9345aa14ea10","Balaenoptera musculus",2010
"HumanObservation",2023,66.0527361402,-22.8321939334,"2023-08-19",NA,"Fratercula arctica","3bf5a93f-745a-4b95-97f9-0b3e2ae44abe","Fratercula arctica",2020
"HumanObservation",2022,65.5421016667,-13.7548466667,"2022-05-28T16:34:00+00:00",NA,"Fratercula arctica","3c055b94-5cf3-417b-a014-f1a40651874a","Fratercula arctica",2020
"HumanObservation",2021,65.5421627758,-13.7547326085,"2021-07-30T14:50:00+02:00",NA,"Fratercula arctica","3c092903-3808-4474-9ada-69776f41c0fa","Fratercula arctica",2020
"HumanObservation",2024,65.6064004053,-20.6356923282,"2024-08-16T13:49:00+00:00",NA,"Rissa tridactyla","3c48deba-2567-45b3-9e48-6e9d01866314","Rissa tridactyla",2020
"HumanObservation",2019,63.4047291434,-19.1139221191,"2019-08-09",NA,"Fratercula arctica","3c519bbd-16f3-485e-820f-e8f585d1753e","Fratercula arctica",2010
"HumanObservation",2024,80.0839240935,31.4124686467,"2024-07-18T11:33:00+02:00",NA,"Rissa tridactyla","3c58de84-8edb-404c-ad0e-0760da29542a","Rissa tridactyla",2020
"HumanObservation",2018,66.258756495,-17.4706448096,"2018-07-27T19:36:00+00:00",NA,"Fratercula arctica","3c8b0f4d-532e-4d81-9793-ec432fcb6a98","Fratercula arctica",2010
"HumanObservation",2023,70.361942315,31.1046040806,"2023-06-23T15:25:00+02:00",NA,"Fratercula arctica","3c8e88b1-1d44-40e5-8dae-3d6d6414c6b7","Fratercula arctica",2020
"HumanObservation",2023,70.3356875128,31.1519177947,"2023-06-23T15:07:00+02:00",NA,"Fratercula arctica","3c9af811-6b9c-4c48-8a59-82f9dd74b68f","Fratercula arctica",2020
"HumanObservation",2017,69.0832081454,15.1422155073,"2017-08-01T13:11:08+02:00",NA,"Rissa tridactyla","3ca5056c-f728-45f3-923a-14626bb4d331","Rissa tridactyla",2010
"HumanObservation",2024,63.3967658268,-18.7234525693,"2024-07-04T11:12:24+00:00",NA,"Fratercula arctica","3cb4d21a-0c48-49f0-b158-5861d9731699","Fratercula arctica",2020
"HumanObservation",2022,63.4036216667,-19.1300083333,"2022-07-29T14:37:36+00:00",NA,"Fratercula arctica","3cb53594-db75-46de-9dc3-69bc8e574026","Fratercula arctica",2020
"HumanObservation",2023,63.4995591303,-20.1493648591,"2023-07-24T12:01:00+00:00",NA,"Fratercula arctica","3cc196b3-c467-4405-9e03-5438465ca4b7","Fratercula arctica",2020
"HumanObservation",2022,70.2917910342,31.0612047662,"2022-07-19T12:41:00+02:00",NA,"Fratercula arctica","3cd14930-fb57-4267-84db-fab8a3975d72","Fratercula arctica",2020
"HumanObservation",2023,64.5778595686,-14.8087170373,"2023-09-13T17:30:00+00:00",NA,"Fratercula arctica","3cf67f3b-7569-4f2e-9c19-d3d8f723a476","Fratercula arctica",2020
"HumanObservation",2022,63.404455885,-19.1028473181,"2022-07-04T18:42:00+00:00",NA,"Fratercula arctica","3cf8efeb-ae2d-4472-a9b1-263737216e5f","Fratercula arctica",2020
"HumanObservation",2023,66.076667,-17.55,"2023-03-04","1","Balaenoptera musculus","3cfd6a36-84ce-407f-827e-7d41afaa3b89","Balaenoptera musculus",2020
"HumanObservation",2022,63.8848827,-22.7407706,"2022-07-03T17:04:00+00:00",NA,"Rissa tridactyla","3d2c1ead-fe2c-4ab6-8690-632824098901","Rissa tridactyla",2020
"HumanObservation",2022,64.8976266667,-23.702335,"2022-06-03T12:05:00+00:00",NA,"Rissa tridactyla","3d536014-aa8f-46a0-85e7-cdad2a65763b","Rissa tridactyla",2020
"HumanObservation",2023,66.1145076382,-17.3678318201,"2023-05-13T11:45:44+00:00",NA,"Fratercula arctica","3d54c8f8-2bb6-4515-b01c-f0b87f7f09bd","Fratercula arctica",2020
"HumanObservation",2022,69.2572793477,16.0244905845,"2022-08-19T17:49:00+02:00",NA,"Physeter macrocephalus","3d5996a3-6788-4f48-9177-98384226f38b","Physeter macrocephalus",2020
"HumanObservation",2024,62.2709812671,6.1963262696,"2024-05-23T13:26:00+02:00",NA,"Rissa tridactyla","3d5e2612-ed2b-4990-a546-c8e5fad24cfa","Rissa tridactyla",2020
"HumanObservation",2017,64.71495,-19.028362,"2017-07-22T22:00:00+00:00",NA,"Rissa tridactyla","3d70cc61-98ac-4cbc-b93c-fbca0446d1b3","Rissa tridactyla",2010
"HumanObservation",2022,70.0053270223,29.6144125254,"2022-04-11T06:48:00+02:00",NA,"Rissa tridactyla","3db8dd81-8d6e-4e10-866a-1d2811f82885","Rissa tridactyla",2020
"HumanObservation",2020,65.5409646403,-13.7534753025,"2020-08-20T14:16:17Z",NA,"Rissa tridactyla","3dbd5e33-93f9-4655-a04f-f1c67ccfef0b","Rissa tridactyla",2020
"HumanObservation",2023,70.3309420455,31.0229517753,"2023-06-23T16:20:00+02:00",NA,"Fratercula arctica","3dc4df01-8167-427b-b617-ddd50bc65472","Fratercula arctica",2020
"MachineObservation",2020,74.231335,14.43289,"2020-09-12T08:22",NA,"Physeter macrocephalus","3dc8e6e4-7b3b-4348-bbb0-08a453908d0a","Physeter macrocephalus",2020
"HumanObservation",2022,64.764508,-23.625658,"2022-07-11T15:20:00+00:00",NA,"Rissa tridactyla","3dcdc520-d2d6-4190-a958-7ad51d637303","Rissa tridactyla",2020
"HumanObservation",2018,66.2571739974,-17.5416567651,"2018-07-27T19:38:00+00:00",NA,"Fratercula arctica","3dee166d-1db2-4817-95cc-abcb1013aabf","Fratercula arctica",2010
"HumanObservation",2024,80.1028446405,17.1213153562,"2024-07-20T15:36:00+02:00",NA,"Balaenoptera physalus","3df35472-afee-4dcf-a18c-fcc5ffe63414","Balaenoptera physalus",2020
"HumanObservation",2022,63.4027144491,-19.1240895849,"2022-08-21T07:11:00+00:00",NA,"Fratercula arctica","3e03a677-abac-4bae-9df3-9338776499c4","Fratercula arctica",2020
"HumanObservation",2017,59.8559305556,-1.2735555556,"2017-06-30T10:48:00+02:00",NA,"Fratercula arctica","3e05f5e6-dd20-4a65-b3bd-a77851fac063","Fratercula arctica",2010
"HumanObservation",2023,79.5467645068,10.9635141142,"2023-06-18T09:58:00+02:00",NA,"Rissa tridactyla","3e06d9d3-6cb7-480a-969b-6d91cde2414c","Rissa tridactyla",2020
"HumanObservation",2024,64.732527,-23.7846095,"2024-05-03T17:56:00+00:00",NA,"Rissa tridactyla","3e0f21d2-5035-46e1-9f08-b833bd5eb320","Rissa tridactyla",2020
"HumanObservation",2017,64.1744398234,-21.8895657533,"2017-06-15",NA,"Fratercula arctica","3e158d62-3785-4993-88e9-c1a558da98f4","Fratercula arctica",2010
"HumanObservation",2019,65.4994511873,-24.5262754943,"2019-07-05T16:24:00+02:00",NA,"Fratercula arctica","3e1cc3ce-ac30-44ef-8343-e981d334153a","Fratercula arctica",2010
"HumanObservation",2018,66.1703284288,-17.7577554088,"2018-07-27T19:37:00+00:00",NA,"Fratercula arctica","3e25dfee-8fed-4524-b9df-a25847aa5c66","Fratercula arctica",2010
"HumanObservation",2019,79.865966,18.054016,"2019-08-29T16:17","1","Balaenoptera musculus","3e422325-7c4a-4fdb-969e-2306ebd1247d","Balaenoptera musculus",2010
"HumanObservation",2020,65.5426990017,-13.7564468756,"2020-07-08T17:29:11+00:00",NA,"Fratercula arctica","3e42d79d-525c-48d7-9020-62f4c34d7b11","Fratercula arctica",2020
"HumanObservation",2021,61.942324,-6.824837,"2021-08-14","1","Balaenoptera physalus","3e50b30e-b924-4a74-9176-0e651c139ad7","Balaenoptera physalus",2020
"HumanObservation",2021,65.660952016,-20.300068259,"2021-07-16T13:33:00Z",NA,"Rissa tridactyla","3e5e3564-c179-490b-b760-63f03dc64bdf","Rissa tridactyla",2020
"HumanObservation",2023,70.2572162858,31.0214638382,"2023-06-23T16:51:00+02:00",NA,"Fratercula arctica","3e69cb7e-c159-4189-a68b-db647531daa2","Fratercula arctica",2020
"HumanObservation",2021,81.678684,26.609362,"2021-09-02T17:42:58","1","Balaenoptera musculus","3e6a8eca-4c21-4dfe-a411-b2b365ba71e6","Balaenoptera musculus",2020
"HumanObservation",2023,66.5389469398,-18.0132410095,"2023-07-20T13:17:00+00:00",NA,"Fratercula arctica","3e7062c0-23c1-4440-97d5-4fb8c6b04f0b","Fratercula arctica",2020
"HumanObservation",2023,66.0475611667,-22.8270916667,"2023-07-23T11:08:52+00:00",NA,"Fratercula arctica","3e9c1626-afab-4752-8105-bd155af666d6","Fratercula arctica",2020
"HumanObservation",2022,63.835665,-22.0993266667,"2022-05-19T13:51:00+00:00",NA,"Rissa tridactyla","3ea7e199-d51b-47c2-8d84-a4d0b941f7ef","Rissa tridactyla",2020
"HumanObservation",2022,65.500793457,-24.5276298523,"2022-07-25T15:19:19+00:00",NA,"Fratercula arctica","3ecdc440-abdc-4b4a-901b-8a8506b06b14","Fratercula arctica",2020
"HumanObservation",2024,66.5305111111,-17.9817833333,"2024-05-29T11:39:00+00:00",NA,"Fratercula arctica","3ed2ccf8-c863-4f34-9ef0-97b71fc0e61a","Fratercula arctica",2020
"HumanObservation",2019,67.6164039591,13.5537487678,"2019-08-08T17:09:00+02:00",NA,"Fratercula arctica","3ed706ce-a80b-464e-aa0f-c5dbc3419122","Fratercula arctica",2010
"HumanObservation",2023,79.1212197222,11.8952380556,"2023-06-23T14:34:00+02:00",NA,"Rissa tridactyla","3ef2f891-23d9-4474-9a3e-b7cd856ed46d","Rissa tridactyla",2020
"HumanObservation",2022,79.665724,18.271625,"2022-06-17T06:09:18","1","Balaenoptera musculus","3f0d3a63-31a6-4b78-bb44-51b092a27cf2","Balaenoptera musculus",2020
"HumanObservation",2022,66.0747630756,-17.4780741957,"2022-06-01T13:29:07+00:00",NA,"Fratercula arctica","3f3167e0-b7ae-4dc0-94cd-11d0c22cb32e","Fratercula arctica",2020
"HumanObservation",2017,63.1811927714,7.6340433242,"2017-07-26T12:28:00-05:00",NA,"Rissa tridactyla","3f406c90-86b8-4cd7-8282-57d66682e40b","Rissa tridactyla",2010
"HumanObservation",2024,78.439,26.033,"2024-06-05T07:15:00+02:00",NA,"Rissa tridactyla","3f40ef45-ccb9-404c-81e8-1d5a174265ba","Rissa tridactyla",2020
"HumanObservation",2024,75.0348,3.9836,"2024-09-15T09:38:00+00:00",NA,"Rissa tridactyla","3f58b3ed-b088-4c05-b54f-d4d834bb0c85","Rissa tridactyla",2020
"HumanObservation",2023,65.5018133333,-24.5304866667,"2023-06-26T21:32:44+00:00",NA,"Fratercula arctica","3f7c6786-ea33-4805-8c21-1400609735b3","Fratercula arctica",2020
"HumanObservation",2022,66.2391836384,12.3969821866,"2022-04-20T15:34:20+02:00",NA,"Fratercula arctica","3f7c7aa2-fb6b-4f35-a92d-a09384afc14e","Fratercula arctica",2020
"HumanObservation",2021,63.4042219722,-19.103234,"2021-06-29T12:08:40-04:00",NA,"Fratercula arctica","3f824f0c-caa7-46a7-94d4-52ea80865245","Fratercula arctica",2020
"HumanObservation",2022,65.5415633333,-13.754925,"2022-07-06T09:29:11+00:00",NA,"Rissa tridactyla","3f883c86-d3b3-457c-9bca-9b0dad775886","Rissa tridactyla",2020
"HumanObservation",2023,79.3125916667,11.6363033333,"2023-07-13T14:14:10+02:00",NA,"Rissa tridactyla","3f8960ec-9878-45c0-89ee-b919cc4b234a","Rissa tridactyla",2020
"MachineObservation",2020,76.347858,10.19784,"2020-09-12T20:45",NA,"Physeter macrocephalus","3f91d453-1b09-42a5-a452-2cd4504308ce","Physeter macrocephalus",2020
"HumanObservation",2017,66.0475273073,-22.828540198,"2017-07-28T06:41:00-04:00",NA,"Fratercula arctica","3f94105b-96ba-4f85-95bf-04aeba23d068","Fratercula arctica",2010
"HumanObservation",2022,63.4035132116,-19.054008754,"2022-06-30T11:36:39+00:00",NA,"Fratercula arctica","3f97770b-a2e1-4f01-a61a-e3cdedbf903e","Fratercula arctica",2020
"HumanObservation",2023,69.7013794253,18.8168364236,"2023-07-29T11:29:10+02:00",NA,"Rissa tridactyla","3fa21837-ce48-4041-a828-811f667191d5","Rissa tridactyla",2020
"HumanObservation",2023,67.9682467355,13.0389285872,"2023-07-30T14:37:29+02:00",NA,"Rissa tridactyla","3fa44d79-cb00-4f02-9b8f-090c6834033a","Rissa tridactyla",2020
"HumanObservation",2024,70.2691106028,31.1332210712,"2024-07-27T19:41:00+02:00",NA,"Rissa tridactyla","3fdb5b70-741e-4205-9ec1-0ffdc86cdcc1","Rissa tridactyla",2020
"HumanObservation",2024,78.9625336046,12.2814935036,"2024-07-01T07:40:00+02:00",NA,"Rissa tridactyla","3fe928a6-4952-4dec-a5d6-65efb9b3c684","Rissa tridactyla",2020
"HumanObservation",2018,60.1321776489,-1.0207074418,"2018-06-13T23:47:00+01:00",NA,"Fratercula arctica","3feaceb9-9e49-45ee-97f8-b394fe098eae","Fratercula arctica",2010
"HumanObservation",2024,77.0157753153,15.8719868998,"2024-08-10T13:49:00+02:00",NA,"Fratercula arctica","3ff7d371-6cd4-476d-92c1-65b291e3c9a7","Fratercula arctica",2020
"HumanObservation",2022,65.3779190001,-22.909672,"2022-07-08T17:51:00+00:00",NA,"Fratercula arctica","3ffdad23-7178-41d9-b3d3-18b9ffa52217","Fratercula arctica",2020
"HumanObservation",2023,70.3484825273,31.0312280712,"2023-06-23T16:57:00+02:00",NA,"Rissa tridactyla","40196589-2661-4fe7-96a5-9af597e68cc8","Rissa tridactyla",2020
"HumanObservation",2018,65.5005013889,-24.5264863889,"2018-08-17T14:08:00-07:00",NA,"Fratercula arctica","401ed8a9-ac1e-4688-8e27-19f2194bb34f","Fratercula arctica",2010
"HumanObservation",2024,77.8289907546,25.2682577431,"2024-07-05T08:34:52+02:00",NA,"Rissa tridactyla","402cb7fb-ecfc-48b0-91b9-1b2d1e00f710","Rissa tridactyla",2020
"HumanObservation",2024,63.4048283333,-19.1017666667,"2024-06-04T22:15:27+00:00",NA,"Fratercula arctica","403902e3-1775-4e60-a223-f9d2440b207f","Fratercula arctica",2020
"HumanObservation",2017,64.71495,-19.028362,"2017-07-21T22:00:00+00:00",NA,"Rissa tridactyla","4047d5a1-f50a-4018-9365-d9a7fa8f3fd6","Rissa tridactyla",2010
"HumanObservation",2023,65.2355552266,-22.8991670675,"2023-06-28T07:47:00+00:00",NA,"Rissa tridactyla","4061a541-c274-4c3a-b09c-eb26d9943fa8","Rissa tridactyla",2020
"HumanObservation",2023,63.4256187971,-19.1828657478,"2023-06-01T06:23:00+00:00",NA,"Fratercula arctica","40697a99-715e-40f7-8e9a-22cbddbef6c5","Fratercula arctica",2020
"HumanObservation",2023,80.104321553,31.1441032821,"2023-09-11T07:37:00+02:00",NA,"Rissa tridactyla","407131d9-663f-4d07-9edf-0c8e77911460","Rissa tridactyla",2020
"HumanObservation",2017,64.71495,-19.028362,"2017-07-14T22:00:00+00:00",NA,"Rissa tridactyla","40758d59-51e5-40e4-a0ae-271de76e2f59","Rissa tridactyla",2010
"HumanObservation",2019,64.1084385364,-22.0302570499,"2019-07-02T14:01:00+00:00",NA,"Rissa tridactyla","408a8178-58c3-415e-a35f-c427bcb00963","Rissa tridactyla",2010
"HumanObservation",2022,64.9851750547,11.2060233664,"2022-04-13T12:36:57+03:00",NA,"Rissa tridactyla","40a2264e-3baf-426f-afa5-af267cf1ff3a","Rissa tridactyla",2020
"HumanObservation",2023,79.1182828666,11.8909650746,"2023-06-01T15:36:00+02:00",NA,"Fratercula arctica","40a959ec-9aa8-4f44-a1ba-48d55b65f7fa","Fratercula arctica",2020
"HumanObservation",2023,66.1361665992,-22.8383848071,"2023-08-11T13:33:00+00:00",NA,"Fratercula arctica","40b9229f-f454-4c28-b040-2991dfcdfcf1","Fratercula arctica",2020
"HumanObservation",2017,67.4886140394,12.1220309455,"2017-07-01T13:21:00+02:00",NA,"Rissa tridactyla","40bec65d-41e2-468a-8573-810f4592b227","Rissa tridactyla",2010
"HumanObservation",2024,67.16889,-23.95404,"2024-08-12T13:45:12","1","Physeter macrocephalus","40c04b4f-d61e-4301-94c9-1b7050d67cc9","Physeter macrocephalus",2020
"HumanObservation",2022,60.1093875001,-1.0932038788,"2022-08-01T22:39:00+01:00",NA,"Rissa tridactyla","40c0f2d2-9be1-4b49-ae49-6209675504ae","Rissa tridactyla",2020
"HumanObservation",2019,66.094801,-18.524889,"2019-04-05T11:50:16","1","Physeter macrocephalus","40c42be9-29b8-474f-b0e2-273a40c554de","Physeter macrocephalus",2010
"HumanObservation",2020,63.4129543321,-19.0264635309,"2020-08-21T13:29:00+00:00",NA,"Fratercula arctica","40c7669c-b065-4d93-a705-1a73c72eaeea","Fratercula arctica",2020
"HumanObservation",2018,66.3556896043,-17.5750214724,"2018-07-27T19:43:00+00:00",NA,"Fratercula arctica","40cd731a-a8bd-4dc2-b6a4-a2318d406a8e","Fratercula arctica",2010
"HumanObservation",2023,64.0845596244,-22.6901419462,"2023-07-17T07:54:00+00:00",NA,"Rissa tridactyla","40d21012-861b-4f3b-bc26-ac94a27679c8","Rissa tridactyla",2020
"HumanObservation",2024,63.1132705354,7.7423766084,"2024-05-10T13:19:24+02:00",NA,"Rissa tridactyla","40e4801c-decb-4ce9-a696-08937a80cbc4","Rissa tridactyla",2020
"HumanObservation",2024,62.0215126192,-7.2293522581,"2024-08-18T13:54:59+01:00",NA,"Fratercula arctica","40e69bc9-3a9e-4083-a6a4-79462bdde6e4","Fratercula arctica",2020
"HumanObservation",2017,78.1155197952,13.7228379574,"2017-06-06T23:19:00+02:00",NA,"Balaenoptera physalus","40e755a2-e585-4e63-aa06-cb74afd99806","Balaenoptera physalus",2010
"HumanObservation",2022,78.3622616667,16.0563233333,"2022-05-14T10:16:00+02:00",NA,"Fratercula arctica","40f1830f-350b-413c-a558-13cd4188cbd5","Fratercula arctica",2020
"HumanObservation",2023,76.7623498134,-6.5454234541,"2023-08-24T09:36:00+00:00",NA,"Balaenoptera physalus","40f91cab-7de4-456f-9068-5b4a42310917","Balaenoptera physalus",2020
"HumanObservation",2023,78.147691,13.331174,"2023-08-04T22:37:29","1","Balaenoptera musculus","41024e19-6d8b-44ff-b69c-d2cd12e6d718","Balaenoptera musculus",2020
"HumanObservation",2018,63.7890698207,-17.2941472987,"2018-08-15T12:23:00+00:00",NA,"Fratercula arctica","410cde39-b998-44b3-9c2e-d63b87d003a9","Fratercula arctica",2010
"HumanObservation",2022,66.561733,-23.793983,"2022-06-04T11:26:55","1","Balaenoptera physalus","41115c7e-9187-4ae8-a5a5-68228f86b742","Balaenoptera physalus",2020
"HumanObservation",2017,58.386887,-5.196847,"2017-05-03T14:12:00+02:00",NA,"Fratercula arctica","411520b1-04ca-44e2-83ba-dafabc6e7337","Fratercula arctica",2010
"HumanObservation",2024,63.397969804,-20.2872204759,"2024-06-23T16:59:00+00:00",NA,"Fratercula arctica","411b173b-70a9-4024-9b31-73d02654cab7","Fratercula arctica",2020
"HumanObservation",2024,63.403530065,-20.2872302849,"2024-07-01T10:02:44+00:00",NA,"Fratercula arctica","413e0475-e6a3-4885-afef-eddbd8801fbb","Fratercula arctica",2020
"HumanObservation",2024,66.2587769073,-15.7227672637,"2024-06-15T15:12:41+00:00",NA,"Fratercula arctica","414f3e11-241a-4785-8551-696704ade58a","Fratercula arctica",2020
"HumanObservation",2024,70.2407521693,31.1892441195,"2024-06-09T10:29:34+02:00",NA,"Rissa tridactyla","41578819-0d77-4306-a69b-567be6137dbc","Rissa tridactyla",2020
"HumanObservation",2018,66.075891,-17.501221,"2018-08-04T20:34:18","1","Balaenoptera musculus","415dde27-2de4-475e-a783-1730b13f0f38","Balaenoptera musculus",2010
"HumanObservation",2018,60.096167,-1.065667,"2018-06-07T18:00:00",NA,"Balaenoptera physalus","4167bc7a-d851-4854-a706-2491aeb5fff0","Balaenoptera physalus",2010
"HumanObservation",2023,63.8270490762,-22.2126965225,"2023-06-11T15:53:46+00:00",NA,"Fratercula arctica","4174d7c0-aed5-47ca-8203-1dcc4c8e3ddd","Fratercula arctica",2020
"HumanObservation",2023,66.5634155273,-18.0180644989,"2023-06-18T13:37:33+00:00",NA,"Fratercula arctica","417fb599-720a-495e-9721-b7127bc97c6e","Fratercula arctica",2020
"HumanObservation",2024,64.1891126114,-21.9557053596,"2024-08-11T09:41:09+00:00",NA,"Fratercula arctica","41836a27-9088-4c3e-9752-576b7b11863c","Fratercula arctica",2020
"HumanObservation",2023,70.389607,31.166621,"2023-05-10T10:29:09","1","Balaenoptera physalus","41aadab1-02a5-4598-9cfc-51c97a37a824","Balaenoptera physalus",2020
"HumanObservation",2022,62.8997779316,-14.0862452359,"2022-07-23T13:10:00-01:00",NA,"Physeter macrocephalus","41b33875-b45b-4b18-a748-19c7f36db70d","Physeter macrocephalus",2020
"HumanObservation",2023,66.548875,-18.0247666667,"2023-05-26T11:48:51+00:00",NA,"Fratercula arctica","41caae22-08a2-45e8-a236-a5a79cbe90b5","Fratercula arctica",2020
"HumanObservation",2024,63.4046799,-19.1185522,"2024-06-05T11:24:00+00:00",NA,"Fratercula arctica","41cd00ea-28e5-4ea3-b417-dd60939fb6af","Fratercula arctica",2020
"HumanObservation",2019,68.1659912333,13.2949539221,"2019-07-04T16:02:00+02:00",NA,"Rissa tridactyla","4202d466-c740-4619-a267-f334c4e94b41","Rissa tridactyla",2010
"HumanObservation",2018,63.39975,-20.2923722222,"2018-08-01T12:27:00-04:00",NA,"Fratercula arctica","42047422-ae89-4898-b832-8c7d6772fa2f","Fratercula arctica",2010
"HumanObservation",2018,59.0834726286,-4.4078162198,"2018-07-12T20:15:00+01:00",NA,"Rissa tridactyla","42135f8c-d0b3-42a5-8258-3187786cc88b","Rissa tridactyla",2010
"HumanObservation",2023,79.8557280208,11.6543993774,"2023-07-04T16:42:00+02:00",NA,"Rissa tridactyla","421877be-ccbe-43be-8bf2-f5fba1b25983","Rissa tridactyla",2020
"HumanObservation",2023,63.40258,-19.1309971667,"2023-08-09T13:04:10+00:00",NA,"Fratercula arctica","422315a0-170f-4083-82b7-b99753cd4f50","Fratercula arctica",2020
"HumanObservation",2021,62.162525805,-7.2284257967,"2021-07-19T15:53:00+01:00",NA,"Fratercula arctica","42269903-83a2-4497-8064-c4c7feee98cf","Fratercula arctica",2020
"HumanObservation",2019,63.402261,-19.130633,"2019-06-14T15:19:00+00:00",NA,"Rissa tridactyla","4227d9c0-5138-45a0-9117-fae167330e87","Rissa tridactyla",2010
"HumanObservation",2019,59.1375221741,-3.339279464,"2019-07-03T09:00:00-07:00",NA,"Fratercula arctica","422a774b-9c69-4f75-9bbe-1bbe73b9f885","Fratercula arctica",2010
"HumanObservation",2023,58.867175,-3.4681638889,"2023-09-10T09:27:00+01:00",NA,"Fratercula arctica","422b50ee-4ef2-4475-803f-7ce2c905c5ec","Fratercula arctica",2020
"HumanObservation",2020,77.5250368875,23.6742220576,"2020-07-20T02:17:00+02:00",NA,"Balaenoptera musculus musculus","422e7376-d4ce-4dae-87ef-edc49502486e","Balaenoptera musculus",2020
"HumanObservation",2024,63.2473024071,-4.1035276816,"2024-05-30T11:14:00+00:00",NA,"Rissa tridactyla","423a59d5-5402-4410-af14-b32ebe98d0b0","Rissa tridactyla",2020
"HumanObservation",2022,65.5049530457,-24.5222388086,"2022-06-16T12:58:00+00:00",NA,"Fratercula arctica","423c67e6-7c79-4f49-aba8-a40f9a552376","Fratercula arctica",2020
"HumanObservation",2023,66.0474861667,-22.8272633333,"2023-08-04T14:38:22+00:00",NA,"Fratercula arctica","42418e2a-a48e-4aae-8a0b-0a1ef7368103","Fratercula arctica",2020
"HumanObservation",2024,65.8656884121,-19.7082473182,"2024-07-29T14:20:10+00:00",NA,"Fratercula arctica","424e2c09-417f-45e9-9aad-27b7f0037293","Fratercula arctica",2020
"HumanObservation",2024,69.2288,-12.5502,"2024-06-09T15:54:00-01:00",NA,"Rissa tridactyla","42545b25-34c0-4b45-b73c-5e66f94df368","Rissa tridactyla",2020
"HumanObservation",2022,65.5423124194,-13.7548710514,"2022-05-29T22:06:00+00:00",NA,"Fratercula arctica","4254c76b-3772-43fc-acde-986ef640b644","Fratercula arctica",2020
"HumanObservation",2022,60.8146345698,-0.9247026151,"2022-05-31T15:11:25+01:00",NA,"Fratercula arctica","4258677d-efc1-46d4-8d12-0fae394e3633","Fratercula arctica",2020
"HumanObservation",2022,70.3007363018,31.0171709236,"2022-07-19T13:29:00+02:00",NA,"Fratercula arctica","42625d21-813a-463c-8a85-e19b4e5b3bfb","Fratercula arctica",2020
"HumanObservation",2023,65.5023182632,-24.5313370779,"2023-07-23T16:08:01+00:00",NA,"Fratercula arctica","42720c4a-78fa-4e3e-a114-0b2de7bc7caa","Fratercula arctica",2020
"HumanObservation",2018,64.868412,-24.040442,"2018-06-23T10:36:00+02:00",NA,"Rissa tridactyla","427cb612-94b9-4e0d-99c4-02856b1e0355","Rissa tridactyla",2010
"HumanObservation",2018,78.9370464403,21.5943868973,"2018-05-31",NA,"Rissa tridactyla","428274e2-d03b-4255-bb88-91e02c118dc1","Rissa tridactyla",2010
"HumanObservation",2022,58.3816631395,11.6303426351,"2022-02-09T14:05:39+01:00",NA,"Rissa tridactyla","428d6d70-5240-49be-80f7-009c759ee9ae","Rissa tridactyla",2020
"HumanObservation",2024,63.43484,-20.30357,"2024-07-13T13:37:00+00:00",NA,"Fratercula arctica","4296ede9-f1de-4939-ba78-cdf9e07d26e5","Fratercula arctica",2020
"HumanObservation",2024,79.6787920915,14.2070840253,"2024-07-27T18:00:00+02:00",NA,"Rissa tridactyla","4299f3a5-78df-4de4-9546-77dc5177829b","Rissa tridactyla",2020
"HumanObservation",2020,61.3978,-20.5291,"2020-08-25",NA,"Balaenoptera physalus","42b7b91f-4367-4480-8a81-2ba633f0952f","Balaenoptera physalus",2020
"HumanObservation",2018,65.493997045,-24.5061351741,"2018-06-15T16:09:00-07:00",NA,"Fratercula arctica","42f17ad1-8825-4550-9aee-9d5a942aa50a","Fratercula arctica",2010
"HumanObservation",2023,62.4067199648,5.4048103937,"2023-07-21T22:04:00+02:00",NA,"Fratercula arctica","4303b5e6-0094-41f3-92b0-6f91a510b9ec","Fratercula arctica",2020
"HumanObservation",2022,70.3884471066,31.1663933387,"2022-07-19T13:41:00+02:00",NA,"Fratercula arctica","4306c19b-8f94-49bf-a89e-6e5219ba9d57","Fratercula arctica",2020
"HumanObservation",2018,59.8474530877,-1.2881854882,"2018-07-01T06:01:14+10:00",NA,"Fratercula arctica","4329c2df-a9ae-4634-b079-fca3ab741c33","Fratercula arctica",2010
"HumanObservation",2024,64.1736422285,-21.9645956574,"2024-05-20T06:28:00+00:00",NA,"Fratercula arctica","43515cd9-5cb8-42c0-8e03-df4488f4a363","Fratercula arctica",2020
"HumanObservation",2024,69.3693148446,15.8015305074,"2024-08-07T15:41:00+02:00",NA,"Fratercula arctica","437a9d82-9e8e-4549-81d7-cba9f4c2ff39","Fratercula arctica",2020
"HumanObservation",2022,64.0829225683,-22.6936832017,"2022-06-23T16:10:00+00:00",NA,"Rissa tridactyla","439e80d5-7832-4365-8873-d36c90169a51","Rissa tridactyla",2020
"HumanObservation",2023,78.3200630805,11.1852633615,"2023-06-29T22:09:00+02:00",NA,"Balaenoptera physalus","43b68eed-2f67-4092-a201-38f2161a24d7","Balaenoptera physalus",2020
"HumanObservation",2018,69.43295,16.006367,"2018-05-10T20:54:04","1","Physeter macrocephalus","43cb2582-34ae-4419-ba16-4dd37db73cec","Physeter macrocephalus",2010
"HumanObservation",2022,65.5019616667,-24.5309033333,"2022-08-11T21:27:50+00:00",NA,"Fratercula arctica","43cf4410-189e-42c0-aebd-a7cb3ebe9d19","Fratercula arctica",2020
"HumanObservation",2019,64.172557,-21.964502,"2019-08-19T08:35:00+00:00",NA,"Rissa tridactyla","43d3a55c-6187-405c-9a0e-081cda20cd98","Rissa tridactyla",2010
"HumanObservation",2022,70.2837768471,31.168940959,"2022-04-13T11:42:00+02:00",NA,"Rissa tridactyla","43e8e3eb-05fc-4bcc-959e-66c583ed9404","Rissa tridactyla",2020
"HumanObservation",2023,77.5116423325,14.5942713495,"2023-06-13T13:35:00+02:00",NA,"Rissa tridactyla","43ea180a-ea40-4fbf-9c3c-7c0964f16f03","Rissa tridactyla",2020
"HumanObservation",2023,59.1369471667,-3.3394883333,"2023-06-16T13:29:05+01:00",NA,"Fratercula arctica","43ff13ff-48cf-4549-849a-79dce558a249","Fratercula arctica",2020
"HumanObservation",2023,70.3722428084,31.0679278961,"2023-03-24T11:30:00+01:00",NA,"Rissa tridactyla","44072069-5bab-4d83-aa0d-6ce8c14154a0","Rissa tridactyla",2020
"HumanObservation",2018,63.4017666537,-19.127674127,"2018-07-26T13:29:00+00:00",NA,"Fratercula arctica","440d3dbf-b8a5-40c0-8cee-440919ee4555","Fratercula arctica",2010
"HumanObservation",2017,77.5555516693,17.691701966,"2017-07-25T07:14:00+01:00",NA,"Rissa tridactyla","4417aa9c-d89b-426f-9839-e248d1708237","Rissa tridactyla",2010
"HumanObservation",2024,58.4802833333,-5.0875472222,"2024-05-10T09:46:35+01:00",NA,"Fratercula arctica","441ca955-9c6b-4ee4-a9df-512a5aae4dc0","Fratercula arctica",2020
"HumanObservation",2023,78.527019933,16.0211159033,"2023-06-15T16:11:00+02:00",NA,"Fratercula arctica","44229d24-b654-46c5-a7d8-cd84e4dbf1bb","Fratercula arctica",2020
"HumanObservation",2019,65.5425698602,-13.7561748878,"2019-06-10T21:19:00+02:00",NA,"Fratercula arctica","44337bb1-4f32-40fc-80a5-1a857c5cd18c","Fratercula arctica",2010
"HumanObservation",2023,66.5282372217,-17.992494445,"2023-07-20T14:09:00+00:00",NA,"Fratercula arctica","443c00dc-647e-4160-b94e-c3939cafe699","Fratercula arctica",2020
"HumanObservation",2019,66.0269947816,-22.9021830095,"2019-07-05T13:08:47+00:00",NA,"Fratercula arctica","4441c2b5-6c7c-4cf3-901a-01befa7d9f71","Fratercula arctica",2010
"HumanObservation",2024,63.4392317695,-19.0625268632,"2024-08-17T08:29:00+00:00",NA,"Fratercula arctica","44497142-f10e-42e6-a657-1f7fabacf4e0","Fratercula arctica",2020
"HumanObservation",2018,63.3996083333,-20.2921777778,"2018-08-01T12:29:00-04:00",NA,"Fratercula arctica","44536bbd-e025-4cd1-8114-dc87534f7637","Fratercula arctica",2010
"HumanObservation",2017,64.71495,-19.028362,"2017-07-14T22:00:00+00:00",NA,"Rissa tridactyla","445ba669-c843-4eaa-a144-daa9902840d1","Rissa tridactyla",2010
"HumanObservation",2023,67.8468784377,13.0083921423,"2023-07-18T19:51:00+02:00",NA,"Balaenoptera physalus","4471aa53-8f6a-44d8-8c83-a7e8c1ca05b0","Balaenoptera physalus",2020
"HumanObservation",2023,66.5446575986,-18.0151560692,"2023-05-26T11:28:00+00:00",NA,"Fratercula arctica","447ba3c0-6ef3-468c-bc0d-bd17a523a0c2","Fratercula arctica",2020
"HumanObservation",2024,68.8708040111,15.115259727,"2024-07-18T18:47:00+02:00",NA,"Rissa tridactyla","44801437-78f0-47be-8448-b498d9ad4ccd","Rissa tridactyla",2020
"HumanObservation",2022,66.137205,-17.477188,"2022-06-16T21:03:34","1","Balaenoptera musculus","448330f7-51aa-462f-92e9-d5846d672ac5","Balaenoptera musculus",2020
"HumanObservation",2024,65.5025578764,-24.5325994232,"2024-08-18T20:14:00+00:00",NA,"Rissa tridactyla","4486534f-37f1-44e7-b9ca-ed9595a803dd","Rissa tridactyla",2020
"HumanObservation",2023,70.2678107976,31.1599774227,"2023-06-23T16:20:00+02:00",NA,"Fratercula arctica","448d76de-4ac4-40d5-9c60-1ac0bd6e8bf9","Fratercula arctica",2020
"HumanObservation",2024,66.54235,-17.996116,"2024-05-29T09:29:00+00:00",NA,"Fratercula arctica","4499904a-aae6-48aa-af34-226fe7577d15","Fratercula arctica",2020
"HumanObservation",2023,70.3304568488,31.0011825422,"2023-06-23T16:58:00+02:00",NA,"Fratercula arctica","44c1e133-9f7a-4a51-bb8a-d5471c43328f","Fratercula arctica",2020
"HumanObservation",2022,64.7645306069,-23.6243451665,"2022-06-03T20:46:00+00:00",NA,"Rissa tridactyla","44fb3311-00cd-4556-a293-e25ec508cfe5","Rissa tridactyla",2020
"HumanObservation",2022,77.893812,13.086714,"2022-08-23T12:41:21","1","Balaenoptera physalus","450ae96d-d34a-4caa-ad63-243495dac4d8","Balaenoptera physalus",2020
"HumanObservation",2022,65.370947,-22.928638,"2022-07-08T16:48:00+00:00",NA,"Fratercula arctica","450d8c68-d772-432b-aa3e-2bf7a2277434","Fratercula arctica",2020
"HumanObservation",2024,65.542141664,-13.7579250589,"2024-08-25T07:15:00+00:00",NA,"Rissa tridactyla","45113c50-f182-4ba1-9fc4-7bfb0073b408","Rissa tridactyla",2020
"HumanObservation",2020,79.5794284,18.5081863,"2020-08-11",NA,"Rissa tridactyla","451ae49b-3926-4405-8d58-8c21bfbceb32","Rissa tridactyla",2020
"HumanObservation",2023,70.291821301,31.1614109251,"2023-06-23T16:20:00+02:00",NA,"Fratercula arctica","4529a9c5-4d33-48cf-9688-65b360f081af","Fratercula arctica",2020
"HumanObservation",2021,68.1946307355,13.6443254141,"2021-10-09T15:00:00+02:00",NA,"Rissa tridactyla","453ec471-c2a2-4c12-b5e0-0a5228573bb7","Rissa tridactyla",2020
"HumanObservation",2022,63.4017972544,-19.1289331384,"2022-05-30T11:10:00+00:00",NA,"Fratercula arctica","454e92dd-0a2f-46f4-9604-f11631bce5fa","Fratercula arctica",2020
"HumanObservation",2023,60.4909557962,-1.623900899,"2023-06-26T09:45:00+01:00",NA,"Fratercula arctica","45615ed4-d3b6-4753-b1a8-17a8757e177c","Fratercula arctica",2020
"HumanObservation",2024,78.2628949205,21.8824505728,"2024-09-08T11:06:00+02:00",NA,"Rissa tridactyla","45663a0e-104b-4881-bfdd-d7b8c623d0d6","Rissa tridactyla",2020
"HumanObservation",2024,70.2937618368,31.0603183313,"2024-05-16T15:36:00+02:00",NA,"Fratercula arctica","4567f485-cf2a-47f0-a6b0-1c16487298c7","Fratercula arctica",2020
"HumanObservation",2024,78.0503670382,9.5901277681,"2024-06-04T12:26:00+01:00",NA,"Rissa tridactyla","45782e28-9baa-4f09-908a-bebf1c546901","Rissa tridactyla",2020
"HumanObservation",2024,80.7129055029,12.9689055586,"2024-07-21T04:17:00+01:00",NA,"Physeter macrocephalus","45ade8ee-1e2a-4b64-a002-37afaea36a46","Physeter macrocephalus",2020
"HumanObservation",2024,66.1639538142,-17.8480284179,"2024-05-02T16:50:05+00:00",NA,"Fratercula arctica","45af79ca-cee5-46af-a79f-57c2cbe8fc9f","Fratercula arctica",2020
"HumanObservation",2024,65.832765459,-17.6687950879,"2024-07-16T13:28:51+00:00",NA,"Rissa tridactyla","45c09b39-984f-4ccf-b4bc-1e2308c88bb7","Rissa tridactyla",2020
"HumanObservation",2019,66.1043072056,-17.3542091964,"2019-07-09T11:38:28Z",NA,"Fratercula arctica","45c132df-b9d7-4ed4-ab01-a7f991f1bf70","Fratercula arctica",2010
"HumanObservation",2022,71.1554716161,25.222479786,"2022-07-05T15:50:00+02:00",NA,"Fratercula arctica","45d218f0-a8ee-4766-8f7b-d286eecf89b5","Fratercula arctica",2020
"HumanObservation",2021,65.4961805072,-24.5140408031,"2021-07-26T10:35:00+00:00",NA,"Fratercula arctica","45f41db2-39d1-4f4e-8da4-99c805b52827","Fratercula arctica",2020
"HumanObservation",2023,70.3417381003,31.059573974,"2023-06-23T16:54:00+02:00",NA,"Fratercula arctica","460b5f86-b73f-48a6-9fa2-aca63409f07a","Fratercula arctica",2020
"HumanObservation",2023,64.0804084743,-22.7296295298,"2023-06-15T17:24:00+00:00",NA,"Rissa tridactyla","460e68e3-94c7-417c-8757-3e9dc0ae699c","Rissa tridactyla",2020
"HumanObservation",2023,78.5246416667,16.0770695,"2023-07-14T17:56:05+02:00",NA,"Fratercula arctica","462fbf7f-c13c-4c0c-9440-29144ab68617","Fratercula arctica",2020
"HumanObservation",2018,63.4292222222,-20.3016444444,"2018-07-23T21:39:00+02:00",NA,"Fratercula arctica","4635bfd2-f737-47b7-80f7-bf417138de68","Fratercula arctica",2010
"HumanObservation",2023,78.115,11.435,"2023-06-29T22:25:09","1","Balaenoptera musculus","463795c1-5331-4661-98a7-af62c2277ee6","Balaenoptera musculus",2020
"HumanObservation",2024,57.1588266101,9.0254016593,"2024-08-15T17:12:07+02:00",NA,"Rissa tridactyla","46386d15-f2b6-4b9f-a33c-e9e11357cbbb","Rissa tridactyla",2020
"HumanObservation",2024,66.0452687225,-17.3436154652,"2024-08-05T21:07:00+00:00",NA,"Fratercula arctica","4661464a-c843-4be9-a7d5-e381ecd308ce","Fratercula arctica",2020
"HumanObservation",2018,66.286667,-17.724167,"2018-05-29T18:25","1","Balaenoptera musculus","467ba738-a340-4647-88a7-32e4dbebf0e8","Balaenoptera musculus",2010
"HumanObservation",2017,58.87935,-2.911283,"2017-04-28T15:45:00",NA,"Balaenoptera physalus","468cfc2f-0272-45eb-996d-7be1b2a9c837","Balaenoptera physalus",2010
"HumanObservation",2022,71.1420783245,25.387026725,"2022-07-05T15:35:00+02:00",NA,"Fratercula arctica","46b012a2-44c6-4085-a9a7-d8ca703916b1","Fratercula arctica",2020
"HumanObservation",2023,66.5520605133,-18.014713861,"2023-08-14T15:23:01+00:00",NA,"Rissa tridactyla","46c18359-da24-4911-9742-464cea94eb31","Rissa tridactyla",2020
"HumanObservation",2017,79.3456,11.6538833333,"2017-07-19T10:31:00+01:00",NA,"Rissa tridactyla","46d34408-09ce-4599-8646-a5b2b4707ad0","Rissa tridactyla",2010
"HumanObservation",2023,70.3560376252,31.0592492766,"2023-06-03T12:25:56+02:00",NA,"Rissa tridactyla","46e1eacd-e665-4773-92f6-1b502ae8cd15","Rissa tridactyla",2020
"HumanObservation",2023,70.2723651538,31.197345108,"2023-06-23T15:36:00+02:00",NA,"Fratercula arctica","46f8ede8-0b42-40f2-84e6-848fe2f2c630","Fratercula arctica",2020
"HumanObservation",2024,58.3836337806,-5.1783582196,"2024-06-26T12:12:45+01:00",NA,"Fratercula arctica","470aa068-29cc-415e-8b68-87c71b44cc4d","Fratercula arctica",2020
"HumanObservation",2022,65.5025723,-24.5316982,"2022-06-03T17:09:00+00:00",NA,"Rissa tridactyla","4713c43e-927e-4ba6-8af5-863c59b83414","Rissa tridactyla",2020
"HumanObservation",2021,65.5425971154,-13.7555272132,"2021-06-22T16:17:46Z",NA,"Fratercula arctica","472f0df9-8315-4746-82d2-f7d7beccfe47","Fratercula arctica",2020
"HumanObservation",2022,63.4443502021,-20.2844130099,"2022-08-24T04:55:00+00:00",NA,"Rissa tridactyla","4730bb04-7fe8-4f0c-b843-3b3d1edb973f","Rissa tridactyla",2020
"HumanObservation",2024,70.948589,27.340835,"2024-04-06T16:56:23+02:00",NA,"Balaenoptera physalus","4738988a-4a7e-4bf0-a046-c0775cf8844b","Balaenoptera physalus",2020
"HumanObservation",2021,63.9445845782,-21.854556136,"2021-07-31T08:12:00+00:00",NA,"Rissa tridactyla","47398353-4744-4319-8e02-4a9367d5cb3c","Rissa tridactyla",2020
"HumanObservation",2022,65.3832614596,-22.9531874827,"2022-06-02T21:28:00+00:00",NA,"Fratercula arctica","4748b510-9f6b-4c4f-9a2c-b3a9178d901a","Fratercula arctica",2020
"HumanObservation",2023,70.2352265872,31.1765956231,"2023-06-23T15:03:00+02:00",NA,"Fratercula arctica","476510e4-5648-44e0-acfc-3af7aa63b342","Fratercula arctica",2020
"HumanObservation",2017,64.71495,-19.028362,"2017-07-15T22:00:00+00:00",NA,"Fratercula arctica","476caaba-e779-45c6-9cc8-d7b8dd216a63","Fratercula arctica",2010
"HumanObservation",2024,59.085008883,-4.4081643218,"2024-07-08T13:17:00+01:00",NA,"Fratercula arctica","477b3b96-2331-4637-810a-142922b9909f","Fratercula arctica",2020
"HumanObservation",2022,58.6410181417,-3.0264133367,"2022-04-25T15:13:00+01:00",NA,"Fratercula arctica","47adab22-cbaf-467b-842a-4d60841ba528","Fratercula arctica",2020
"HumanObservation",2023,70.2755012539,31.1367907124,"2023-06-23T14:53:00+02:00",NA,"Rissa tridactyla","47cd6fbf-df62-4db9-80cf-426e12d1d76c","Rissa tridactyla",2020
"HumanObservation",2023,70.2783753757,31.1584118799,"2023-06-23T15:05:00+02:00",NA,"Fratercula arctica","47f41734-1a65-4f86-a5f9-2c1b09095984","Fratercula arctica",2020
"HumanObservation",2023,63.4026175,-19.131128055,"2023-07-23T18:40:00+00:00",NA,"Fratercula arctica","48289e8b-25d3-4918-b54e-a2eb4be4e187","Fratercula arctica",2020
"HumanObservation",2024,70.098141128,21.2762399106,"2024-11-20T14:38:00+01:00",NA,"Balaenoptera physalus","48298a0a-55c9-46c5-af2c-8534be9bbe26","Balaenoptera physalus",2020
"HumanObservation",2019,65.377118853,-22.9142199015,"2019-08-13",NA,"Fratercula arctica","485db2c4-a4bf-46d4-935a-82c62582a492","Fratercula arctica",2010
"HumanObservation",2021,64.0477282416,-16.1820427408,"2021-07-19T18:04:00+00:00",NA,"Rissa tridactyla","486776bc-2f00-4896-894b-5880460d06fd","Rissa tridactyla",2020
"HumanObservation",2024,67.9885140731,12.8639760394,"2024-07-29T22:01:36+02:00",NA,"Rissa tridactyla","488d1e68-12c3-4d96-9a40-c9348b644037","Rissa tridactyla",2020
"HumanObservation",2022,65.5253882519,-24.4487063565,"2022-07-13T18:00:00+00:00",NA,"Fratercula arctica","489f84ea-6e41-4307-9900-6770f26cdaca","Fratercula arctica",2020
"HumanObservation",2024,64.1547489724,-21.854337992,"2024-05-24T07:32:00+00:00",NA,"Rissa tridactyla","48bed5b4-f313-44c4-8ce4-330664a158ca","Rissa tridactyla",2020
"HumanObservation",2021,69.2871330338,15.9052937949,"2021-08-08T11:11:00+02:00",NA,"Fratercula arctica","48d108fe-3d5a-4752-a953-eda875bfadd8","Fratercula arctica",2020
"HumanObservation",2022,57.1582509895,9.024733878,"2022-03-15T19:03:00+01:00",NA,"Rissa tridactyla","48d96eb4-5359-448f-8892-2bb49315deba","Rissa tridactyla",2020
"HumanObservation",2023,64.7716916074,-23.554342631,"2023-07-13T17:02:00+00:00",NA,"Rissa tridactyla","48e4b756-5da0-4dc3-8a13-4d991aa5be83","Rissa tridactyla",2020
"HumanObservation",2022,63.073411159,7.6556157153,"2022-08-03T16:39:49+02:00",NA,"Rissa tridactyla","48ea4277-dc98-44bd-86a4-db6543535b2b","Rissa tridactyla",2020
"HumanObservation",2023,62.1025778333,-7.6600633333,"2023-07-20T11:38:02+01:00",NA,"Fratercula arctica","48ee6f46-f7f1-400e-b12d-69ce81a1eb29","Fratercula arctica",2020
"HumanObservation",2023,79.5601217502,11.0172959841,"2023-09-08T10:00:00+02:00",NA,"Rissa tridactyla","49175f24-23ab-48de-8430-edc368b4992e","Rissa tridactyla",2020
"HumanObservation",2019,63.8027877808,-16.6361503601,"2019-06-22T07:33:36-04:00",NA,"Fratercula arctica","49207ebc-f7a9-479f-afe3-7602b260ef12","Fratercula arctica",2010
"HumanObservation",2023,70.3008203007,31.0475827157,"2023-06-23T17:24:00+02:00",NA,"Rissa tridactyla","49252b15-0a9d-4adb-aeaa-043c3d509c33","Rissa tridactyla",2020
"HumanObservation",2019,78.607317,11.6506,"2019-07-01T17:40:03","1","Balaenoptera musculus","492d41d3-691d-462e-8306-032ce6b1d28f","Balaenoptera musculus",2010
"HumanObservation",2023,70.2968363778,31.1634280627,"2023-06-23T16:46:00+02:00",NA,"Fratercula arctica","49357b8b-4d7c-4f56-a9fb-05e7d0826271","Fratercula arctica",2020
"HumanObservation",2023,63.4435133333,-20.2820883333,"2023-06-13T03:57:00+00:00",NA,"Rissa tridactyla","493915b1-2896-408f-a822-6d932e652afe","Rissa tridactyla",2020
"HumanObservation",2022,66.1631975,-17.8414375,"2022-07-13T17:36:00+00:00",NA,"Fratercula arctica","49445def-da9f-432e-b24f-4e0de8e9ecfe","Fratercula arctica",2020
"HumanObservation",2018,65.859744839,-23.8446437389,"2018-08-06T15:03:00-07:00",NA,"Rissa tridactyla","4949e22e-3ea3-40c8-9d28-659829270309","Rissa tridactyla",2010
"HumanObservation",2024,60.4841741658,-17.7270801649,"2024-08-28T12:42:00-01:00",NA,"Physeter macrocephalus","494f0093-417c-4d16-908b-34a781835f8e","Physeter macrocephalus",2020
"HumanObservation",2017,63.4396833056,-20.3048416389,"2017-08-10T12:50:00-04:00",NA,"Fratercula arctica","49652b52-0b99-4fa8-a998-e5a104b1c892","Fratercula arctica",2010
"HumanObservation",2022,66.158535,-17.8458989999,"2022-07-13T18:17:00+00:00",NA,"Fratercula arctica","49681747-9181-458b-a113-dcc5a12fc652","Fratercula arctica",2020
"HumanObservation",2022,70.3844797126,31.1608414739,"2022-07-19T12:49:00+02:00",NA,"Fratercula arctica","497304ec-cba9-4525-9599-02f2aec19704","Fratercula arctica",2020
"HumanObservation",2024,76.5480998,25.1715925,"2024-07-05T19:49:00+02:00",NA,"Rissa tridactyla","4977fba8-d4ef-43a5-96ad-122da809c920","Rissa tridactyla",2020
"HumanObservation",2023,62.3620342656,-6.7863168584,"2023-07-17T11:59:00+01:00",NA,"Fratercula arctica","49b2151a-6682-431e-8dc7-4a572e8781c8","Fratercula arctica",2020
"HumanObservation",2022,63.3965777539,-19.0489277966,"2022-05-27T13:38:00+00:00",NA,"Fratercula arctica","49b3fab7-e594-4f98-88b3-7bc44163cb87","Fratercula arctica",2020
"HumanObservation",2017,77.9895,12.505833,"2017-06-30T21:30:50","1","Balaenoptera musculus","49c3f07a-95f9-4a14-a851-be4b34c0ecf9","Balaenoptera musculus",2010
"HumanObservation",2021,63.4490271,-20.2640753,"2021-07-01T10:01:00-05:00",NA,"Fratercula arctica","49e77000-3147-482a-beed-14747b8f4e16","Fratercula arctica",2020
"HumanObservation",2023,64.7677383333,-23.6168383333,"2023-06-29T13:49:45+00:00",NA,"Rissa tridactyla","49f9c494-c6df-471a-aafe-d57844b80c6d","Rissa tridactyla",2020
"HumanObservation",2021,69.3193053216,15.8213797612,"2021-08-05T12:44:00+02:00",NA,"Physeter macrocephalus","4a04ee42-5f60-4d04-8720-1b15bad238ae","Physeter macrocephalus",2020
"HumanObservation",2024,69.4107143244,18.6661811709,"2024-05-16T16:19:00+02:00",NA,"Rissa tridactyla","4a07271e-ee33-4896-8939-887c7fde5540","Rissa tridactyla",2020
"HumanObservation",2024,78.3457633333,15.73531,"2024-08-28T01:46:00+02:00",NA,"Fratercula arctica","4a14100a-7546-4fe4-aed1-774fa51a890c","Fratercula arctica",2020
"HumanObservation",2022,70.2363957543,31.1065726428,"2022-04-15T10:54:00+02:00",NA,"Fratercula arctica","4a1f0987-f80b-4c68-9ead-4fee3759a15e","Fratercula arctica",2020
"HumanObservation",2019,64.172557,-21.964502,"2019-08-19T08:21:00+00:00",NA,"Fratercula arctica","4a2e5c90-f9c3-48d3-aad3-0bfa3120cc09","Fratercula arctica",2010
"HumanObservation",2018,78.92876421,12.44352379,"2018-08-07T16:14:29+02:00",NA,"Rissa tridactyla","4a398a34-3319-421c-ab12-b5b8f7afcb9f","Rissa tridactyla",2010
"HumanObservation",2022,78.1752683624,14.0478059326,"2022-08-10T21:52:12+02:00",NA,"Balaenoptera physalus","4a56ef9e-957f-4238-ad16-0f2d83a8bab9","Balaenoptera physalus",2020
"HumanObservation",2024,64.7683172759,-23.6161950549,"2024-09-18T10:05:00+00:00",NA,"Rissa tridactyla","4a5983bb-719e-409b-b8ad-95e45e6fe0e7","Rissa tridactyla",2020
"MachineObservation",2020,75.674854,11.637997,"2020-09-12T16:51",NA,"Physeter macrocephalus","4a63f405-014c-4ae4-bbf0-2d0bde082225","Physeter macrocephalus",2020
"HumanObservation",2019,69.230106061,16.0274037826,"2019-07-19T16:49:00+02:00",NA,"Physeter macrocephalus","4a84eae8-8707-41ee-8d89-a66e0e09e139","Physeter macrocephalus",2010
"HumanObservation",2022,64.8636461645,-24.0397376828,"2022-06-03T13:58:00+00:00",NA,"Rissa tridactyla","4a9dc803-2f40-4ab7-91ee-69bdaa31cb04","Rissa tridactyla",2020
"HumanObservation",2022,65.7440755506,-18.1159850364,"2022-07-26T10:49:01+00:00",NA,"Fratercula arctica","4aa739e3-9caf-4db4-8bc3-35e2efbf30c2","Fratercula arctica",2020
"HumanObservation",2022,66.5454119648,-18.0215218674,"2022-07-10T08:12:00+00:00",NA,"Rissa tridactyla","4aa7c203-6c89-4b2d-b5ed-079ab2ae04c7","Rissa tridactyla",2020
"HumanObservation",2019,64.769268,-23.622644,"2019-08-19T15:06:00+00:00",NA,"Rissa tridactyla","4aa83e53-9ad5-44a4-a680-cd1721109104","Rissa tridactyla",2010
"HumanObservation",2017,70.3109027079,31.1794481917,"2017-07-21T15:42:00+02:00",NA,"Rissa tridactyla","4aa89abf-9ee0-45d6-a8ed-3ca8e97dfcb0","Rissa tridactyla",2010
"HumanObservation",2022,65.5049183333,-23.125875,"2022-06-02T20:42:00+00:00",NA,"Fratercula arctica","4aaf3bd4-57f7-4e48-ab9a-d05213d9b339","Fratercula arctica",2020
"HumanObservation",2023,58.3868215755,-5.1968871542,"2023-06-05T13:46:00+01:00",NA,"Fratercula arctica","4ab35ab3-b4a9-4c85-96f3-aa26e4a8b87c","Fratercula arctica",2020
"MachineObservation",2020,76.455106,10.25705,"2020-09-12T21:11",NA,"Physeter macrocephalus","4abd6f01-5830-4d86-a739-cc2082907115","Physeter macrocephalus",2020
"HumanObservation",2018,62.2345632792,5.6391953266,"2018-07-28T19:58:21+02:00",NA,"Rissa tridactyla","4ad625cd-6b94-422d-a72f-b0770b21e5fd","Rissa tridactyla",2010
"HumanObservation",2024,58.7969173486,-3.012761123,"2024-07-07T16:16:00+01:00",NA,"Rissa tridactyla","4aead9ab-7cd9-47ce-9d98-59b158c53bff","Rissa tridactyla",2020
"HumanObservation",2024,79.5272582512,12.4736531516,"2024-07-11T09:36:00+02:00",NA,"Rissa tridactyla","4b257aeb-b98f-45c2-a5d5-b1c97ad2ab1c","Rissa tridactyla",2020
"HumanObservation",2022,64.767202,-23.616537,"2022-07-11T15:48:00+00:00",NA,"Rissa tridactyla","4b319474-8c3c-41d1-890e-8a7011b12527","Rissa tridactyla",2020
"HumanObservation",2019,57.1581833333,9.0241221667,"2019-08-15T14:44:05+02:00",NA,"Rissa tridactyla","4b36ccac-acb1-495a-b280-3bcc04a31369","Rissa tridactyla",2010
"HumanObservation",2024,69.7173608635,19.1428571084,"2024-08-15T20:28:00+02:00",NA,"Fratercula arctica","4b6b5bf7-1bf5-4e00-8f31-bf7f4179b48e","Fratercula arctica",2020
"HumanObservation",2022,64.0829466667,-22.6934733333,"2022-05-19T09:13:00+00:00",NA,"Rissa tridactyla","4b8c3f01-c4e5-411c-a815-0f913c9b319c","Rissa tridactyla",2020
"HumanObservation",2022,78.96143,11.7686383333,"2022-05-12T15:59:00+02:00",NA,"Fratercula arctica","4ba8fe1d-270d-484f-8f95-cfa7d4febba4","Fratercula arctica",2020
"HumanObservation",2018,78.9370464403,21.5943868973,"2018-05-26",NA,"Rissa tridactyla","4badd07e-e353-4746-b7d3-7a8c300450c1","Rissa tridactyla",2010
"HumanObservation",2024,64.0651967043,-16.2012556388,"2024-08-10T20:12:25+00:00",NA,"Rissa tridactyla","4bb062db-7b2f-48cd-8825-397e0a6a7934","Rissa tridactyla",2020
"HumanObservation",2023,70.3023865941,31.1425903868,"2023-03-24T12:00:00+01:00",NA,"Rissa tridactyla","4bb6f9ba-28fa-4f9e-8fed-b6a3c14e993d","Rissa tridactyla",2020
"HumanObservation",2017,64.71495,-19.028362,"2017-07-21T22:00:00+00:00",NA,"Fratercula arctica","4bcd696b-9177-4e03-9cfd-2c8d4abd07f3","Fratercula arctica",2010
"HumanObservation",2024,67.885440971,12.9790543335,"2024-07-16T17:59:00+02:00",NA,"Rissa tridactyla","4bcfd1de-5492-415d-ac30-73a61c808e22","Rissa tridactyla",2020
"HumanObservation",2022,70.2823276214,31.1729509304,"2022-07-19T12:47:00+02:00",NA,"Fratercula arctica","4bd022a2-a763-4f7d-84de-05518dc5709c","Fratercula arctica",2020
"HumanObservation",2023,66.075622,-19.253943,"2023-06-10T02:01:00+00:00",NA,"Rissa tridactyla","4bdf8ae2-6a8a-4820-a480-4896540835a0","Rissa tridactyla",2020
"HumanObservation",2022,65.5421,-13.7544283333,"2022-06-13T10:27:25+00:00",NA,"Fratercula arctica","4bfcfe62-62f3-40cb-b7d9-f04c49231903","Fratercula arctica",2020
"MaterialSample",2019,58.52362,-5.11301,"2019-06-23",NA,"Rissa tridactyla","4c05c662-f37d-4478-927c-60169707ce0a","Rissa tridactyla",2010
"HumanObservation",2021,65.5421627758,-13.7547326085,"2021-07-30T14:21:00+02:00",NA,"Fratercula arctica","4c1d71d3-34c5-4482-80fe-4c0c65a4d0f3","Fratercula arctica",2020
"HumanObservation",2018,66.0386045218,-14.8056166649,"2018-06-10T03:22:28-07:00",NA,"Fratercula arctica","4c2045e9-6860-4d1a-8cd2-980354c396a4","Fratercula arctica",2010
"HumanObservation",2023,59.8536713889,-1.2763455556,"2023-06-17T16:42:17+01:00",NA,"Fratercula arctica","4c204dce-ae10-418d-8c7d-abef91847423","Fratercula arctica",2020
"HumanObservation",2023,70.2720919374,31.1910648316,"2023-06-23T15:31:00+02:00",NA,"Fratercula arctica","4c2ab0da-8ec5-466f-9e14-554138725f6e","Fratercula arctica",2020
"HumanObservation",2018,78.655595,16.3302383333,"2018-07-25T15:37:27+02:00",NA,"Rissa tridactyla","4c320851-a387-4557-af5f-e286a74f6959","Rissa tridactyla",2010
"HumanObservation",2022,63.4035666667,-20.2858944444,"2022-08-29T11:50:00+00:00",NA,"Fratercula arctica","4c35fad6-6d54-49f3-bd27-be73c90fdaaa","Fratercula arctica",2020
"HumanObservation",2019,78.8968741134,12.1936841376,"2019-06-04T20:53:00-04:00",NA,"Rissa tridactyla","4c475bd6-cb0e-4d86-ae9a-74537be81bd6","Rissa tridactyla",2010
"HumanObservation",2023,77.0825184292,15.9781602386,"2023-06-22T08:38:00+02:00",NA,"Rissa tridactyla","4c52ca8b-9996-42de-b874-668c61451d65","Rissa tridactyla",2020
"HumanObservation",2019,63.3995957,-19.1268976,"2019-07-28T13:00:00Z",NA,"Fratercula arctica","4c6415a5-e4e1-4003-9113-acc8bbd264b2","Fratercula arctica",2010
"HumanObservation",2022,77.0037205034,16.001603054,"2022-07-09T09:36:06+02:00",NA,"Fratercula arctica","4c6ad815-4885-43a3-8758-dade7f00aef0","Fratercula arctica",2020
"HumanObservation",2023,78.9573518903,11.8921822002,"2023-09-07T08:25:00+02:00",NA,"Rissa tridactyla","4c864ccd-b107-4fee-b1c4-397369b4b2a8","Rissa tridactyla",2020
"HumanObservation",2022,78.9309021802,12.0192544729,"2022-07-18T12:14:00+02:00",NA,"Rissa tridactyla","4c94b04b-e85e-47a2-8433-519da9520011","Rissa tridactyla",2020
"HumanObservation",2021,65.4097571675,-23.044111819,"2021-08-01T17:14:00Z",NA,"Rissa tridactyla","4ca2d3b1-dfc5-45de-946a-f355cf130e09","Rissa tridactyla",2020
"HumanObservation",2023,62.3284465395,-6.9419354921,"2023-07-15T15:49:00+01:00",NA,"Fratercula arctica","4ca4c44e-e299-44e4-ba37-4fcdc3e862b7","Fratercula arctica",2020
"HumanObservation",2024,66.3062294462,-16.4686034973,"2024-06-23T17:01:00+00:00",NA,"Rissa tridactyla","4cb51e4f-c34b-4627-a97a-e11d65a670fa","Rissa tridactyla",2020
"HumanObservation",2021,64.0465516667,-16.179905,"2021-07-16T21:20:00-10:00",NA,"Rissa tridactyla","4cc274c2-a5a9-4c47-83bd-f1857b1f9ebd","Rissa tridactyla",2020
"HumanObservation",2024,79.655,11.065,"2024-06-24T12:51:00+02:00",NA,"Rissa tridactyla","4cc69ebb-8245-47db-ae89-63251eb77006","Rissa tridactyla",2020
"HumanObservation",2024,66.03379397,-17.4577996165,"2024-06-07T20:18:00+00:00",NA,"Fratercula arctica","4cce0ce6-7e27-4418-9675-81dc79a509da","Fratercula arctica",2020
"HumanObservation",2022,62.1517180491,-7.1739020581,"2022-06-13T09:44:00+01:00",NA,"Rissa tridactyla","4cd2aeba-5549-47ef-8a68-075da527c69e","Rissa tridactyla",2020
"HumanObservation",2024,63.4044354,-19.0517292,"2024-08-18T03:11:00+00:00",NA,"Fratercula arctica","4ce4a232-d649-4ba5-89f7-66520635f097","Fratercula arctica",2020
"HumanObservation",2022,63.4199337659,-19.0128058906,"2022-07-23T09:53:35+00:00",NA,"Fratercula arctica","4d04a8f5-ba48-4710-8338-917dd6a6a2c1","Fratercula arctica",2020
"HumanObservation",2024,74.326383248,1.3887678291,"2024-09-15T14:37:00+00:00",NA,"Rissa tridactyla","4d34e0b0-8561-40be-a082-ea39ab1b3ef0","Rissa tridactyla",2020
"HumanObservation",2019,78.8967921918,12.1954007514,"2019-05-21T20:23:00-04:00",NA,"Rissa tridactyla","4d67019c-0d12-41ae-9ad2-413ab5ee84e9","Rissa tridactyla",2010
"HumanObservation",2022,80.0068267867,17.5547717644,"2022-08-20T09:02:00+02:00",NA,"Rissa tridactyla","4d6fee24-5829-4606-9859-c31fa5d4d93d","Rissa tridactyla",2020
"HumanObservation",2023,70.3950762591,31.0804117475,"2023-06-23T17:27:00+02:00",NA,"Rissa tridactyla","4d76cbf5-9162-4cd6-931f-33c21cbfdf9f","Rissa tridactyla",2020
"HumanObservation",2021,65.6063129,-20.6352358,"2021-08-28T09:38:00-07:00",NA,"Rissa tridactyla","4d85b02e-2aa6-4cbd-9e33-d8d9ceb0ea7e","Rissa tridactyla",2020
"HumanObservation",2022,68.060317,-22.269967,"2022-06-04T22:05:06","1","Balaenoptera musculus","4d8c542a-1741-47f6-b4d4-958ede5a3591","Balaenoptera musculus",2020
"HumanObservation",2024,63.4052873103,-19.0305322665,"2024-08-08T17:48:00+00:00",NA,"Fratercula arctica","4da6eb3a-acce-4579-abad-b7021014b976","Fratercula arctica",2020
"HumanObservation",2022,65.5049530457,-24.5222388086,"2022-06-16T12:46:00+00:00",NA,"Fratercula arctica","4db668f5-3b3e-4524-84dd-fd1de887a5a8","Fratercula arctica",2020
"HumanObservation",2017,79.7269984721,12.071833264,"2017-06-15T20:04:00+01:00",NA,"Rissa tridactyla","4db9790b-3ebf-4fc5-b8c6-b2d27336ce61","Rissa tridactyla",2010
"HumanObservation",2019,62.1019347745,-7.6535277326,"2019-07-05T23:26:00+08:00",NA,"Rissa tridactyla","4dbbf921-5232-4509-9250-7962b38409f1","Rissa tridactyla",2010
"HumanObservation",2024,65.5007333333,-24.5278083333,"2024-07-03T09:08:12+00:00",NA,"Fratercula arctica","4dd4b606-42e9-4b38-a0ef-56cd6e3b3ca6","Fratercula arctica",2020
"HumanObservation",2024,64.6372391469,-23.8512996124,"2024-05-23T19:45:00+00:00",NA,"Rissa tridactyla","4ddf924a-752d-405a-86b1-b58e81fa341a","Rissa tridactyla",2020
"HumanObservation",2022,64.767607,-23.616508,"2022-07-11T15:43:00+00:00",NA,"Rissa tridactyla","4de87f57-8a2e-4764-be9a-d0761fdde29e","Rissa tridactyla",2020
"HumanObservation",2024,65.5007861322,-24.5278707147,"2024-07-09T17:38:47+00:00",NA,"Fratercula arctica","4debae0a-4347-41e0-bd9d-9b7e9b82730a","Fratercula arctica",2020
"HumanObservation",2023,70.3029713925,31.0559155765,"2023-06-23T17:28:00+02:00",NA,"Rissa tridactyla","4df086aa-bce1-4f20-96c2-58c2a5cc99ff","Rissa tridactyla",2020
"HumanObservation",2022,65.4999481858,-24.5268336943,"2022-06-12T16:14:00+00:00",NA,"Rissa tridactyla","4df8db21-50e8-45ba-b585-74cf366af0f7","Rissa tridactyla",2020
"HumanObservation",2022,69.6314998319,18.9396162871,"2022-06-05T17:00:06+02:00",NA,"Rissa tridactyla","4df974b1-4c20-40e7-ab9c-6fb2ad0a9f93","Rissa tridactyla",2020
"HumanObservation",2022,71.1898666667,25.7790283333,"2022-04-22T11:00:00+02:00",NA,"Balaenoptera physalus","4e0475fa-0df0-4792-a723-4f3e5084e5c1","Balaenoptera physalus",2020
"HumanObservation",2019,63.5371013843,-19.6672426863,"2019-05-11T05:19:00+00:00",NA,"Rissa tridactyla","4e062d75-e831-4c46-80aa-428d2f2c23d6","Rissa tridactyla",2010
"HumanObservation",2024,65.5422966667,-13.754945,"2024-06-21T18:54:39+00:00",NA,"Fratercula arctica","4e128b10-f7db-4121-8166-fab78d1873eb","Fratercula arctica",2020
"HumanObservation",2023,70.0846261531,30.0740240203,"2023-07-09T13:52:00+02:00",NA,"Rissa tridactyla","4e1fb35c-e45f-4635-9c55-0af63b2a0e4e","Rissa tridactyla",2020
"HumanObservation",2024,64.7202113557,-23.7781449138,"2024-08-05T22:55:00+00:00",NA,"Rissa tridactyla","4e2288c6-bcf9-44c1-b579-d7bf3b59971b","Rissa tridactyla",2020
"HumanObservation",2017,64.906945,-24.1465,"2017-05-22T20:08","1","Physeter macrocephalus","4e3906ac-8136-4d13-ac1f-e33f487ff507","Physeter macrocephalus",2010
"HumanObservation",2018,64.2641152816,-22.5713089349,"2018-05-13",NA,"Fratercula arctica","4e5db0d5-298d-4f4d-ad6b-3b7aa45d6d0c","Fratercula arctica",2010
"MaterialSample",2019,58.636,-4.985136,"2019-06-28",NA,"Rissa tridactyla","4e6f327d-09b5-426c-a659-0f0d092d2028","Rissa tridactyla",2010
"HumanObservation",2018,64.1719559,-21.9163726,"2018-07-17",NA,"Fratercula arctica","4e7265b5-7d75-4c21-8334-f74e7cf4c4b7","Fratercula arctica",2010
"HumanObservation",2024,63.4035033333,-20.2872366667,"2024-05-21T13:03:06+00:00",NA,"Fratercula arctica","4e820e4e-b785-41b5-871f-ff57d5644ada","Fratercula arctica",2020
"HumanObservation",2018,66.040945,-18.424045,"2018-04-07T14:50","1","Physeter macrocephalus","4e96e21d-48f3-4c0c-b322-828b7606d358","Physeter macrocephalus",2010
"HumanObservation",2023,67.8875716692,12.9571246452,"2023-03-22T12:10:00+01:00",NA,"Rissa tridactyla","4ea43f1b-bb8c-4d93-881a-64324b2713bb","Rissa tridactyla",2020
"HumanObservation",2022,65.5003133333,-24.5266283333,"2022-07-10T12:48:59+00:00",NA,"Rissa tridactyla","4edb1194-9445-476e-9972-dcd23b3cb7b1","Rissa tridactyla",2020
"HumanObservation",2022,65.5421138889,-13.7547416667,"2022-06-29T05:35:00+00:00",NA,"Rissa tridactyla","4f0553fb-c246-4d3b-980d-01a7be471d75","Rissa tridactyla",2020
"HumanObservation",2022,63.3987583333,-20.2917893333,"2022-07-04T16:02:00+00:00",NA,"Fratercula arctica","4f12ce6a-22d5-4a10-a3fb-2b213c37ed29","Fratercula arctica",2020
"HumanObservation",2024,65.615183334,-24.8203530549,"2024-08-21T13:30:00+00:00",NA,"Rissa tridactyla","4f1553db-8404-4b96-86e2-021051eeb094","Rissa tridactyla",2020
"HumanObservation",2024,62.1655159821,-6.5886827215,"2024-06-05T10:15:00+01:00",NA,"Rissa tridactyla","4f1babe8-6a6f-41da-8dbd-eeba5feb4265","Rissa tridactyla",2020
"HumanObservation",2021,64.2756700389,9.6220332168,"2021-09-17T09:07:00Z",NA,"Balaenoptera physalus","4f1e0ff9-4c3e-406d-9d5d-b1045e9c47a8","Balaenoptera physalus",2020
"HumanObservation",2023,63.4353916667,-19.0554722222,"2023-07-11T09:53:40+00:00",NA,"Fratercula arctica","4f2dc9dd-88d5-4c0b-8cf6-6a5d9d8801e9","Fratercula arctica",2020
"HumanObservation",2023,74.35474746,19.12662455,"2023-06-24T08:57:00+02:00",NA,"Fratercula arctica","4f2f29c0-aa60-4aff-a069-c22f5bbc8c43","Fratercula arctica",2020
"HumanObservation",2021,65.4963416667,-24.5136833333,"2021-07-01T19:14:00+03:00",NA,"Fratercula arctica","4f5ea54e-f2ec-4fa7-bd22-f1e85e64ef08","Fratercula arctica",2020
"HumanObservation",2024,78.4591093164,15.7589226071,"2024-07-30T10:52:00+02:00",NA,"Fratercula arctica","4f62c93b-9c23-4b7a-b404-055b5c1a2163","Fratercula arctica",2020
"HumanObservation",2024,79.1499024702,11.8330609365,"2024-07-04T21:11:00+02:00",NA,"Rissa tridactyla","4f6ee33a-f0b3-4f85-8d46-b0addc13277a","Rissa tridactyla",2020
"HumanObservation",2019,63.5794396814,-19.1086159365,"2019-07-08T13:21:46-05:00",NA,"Fratercula arctica","4f70fb48-75bd-4ef7-b265-421b69414377","Fratercula arctica",2010
"HumanObservation",2017,79.964,10.783333,"2017-07-01T21:46:25","1","Balaenoptera musculus","4f976afd-754b-4a9c-aeba-0aba6f24643c","Balaenoptera musculus",2010
"HumanObservation",2022,64.766943,-23.619184,"2022-07-11T15:35:00+00:00",NA,"Rissa tridactyla","4fb47647-a113-4720-8482-d79d18404ea8","Rissa tridactyla",2020
"HumanObservation",2024,67.9824180134,12.9316702495,"2024-07-11T21:16:00+02:00",NA,"Rissa tridactyla","4fc122ff-87c8-45ca-be78-20a352b36afa","Rissa tridactyla",2020
"HumanObservation",2018,64.8207456278,-23.3772834894,"2018-06-16T14:33:00-07:00",NA,"Rissa tridactyla","4fc6bad3-0f20-43da-a481-2d4788b18fad","Rissa tridactyla",2010
"HumanObservation",2021,63.8360211467,-22.09875905,"2021-07-03T13:10:00+02:00",NA,"Fratercula arctica","4ff52584-b814-4417-80d1-42e0c2f89baf","Fratercula arctica",2020
"HumanObservation",2024,69.7845200497,18.9518603116,"2024-08-18T09:59:00+02:00",NA,"Rissa tridactyla","50023281-a75b-43b1-bbcc-403a52175d63","Rissa tridactyla",2020
"HumanObservation",2022,63.4041939722,-19.1032569722,"2022-07-22T10:29:32+00:00",NA,"Fratercula arctica","5006e75f-9dc7-44c4-b59a-55bdd77f188a","Fratercula arctica",2020
"HumanObservation",2024,78.2499894155,15.4882342368,"2024-08-24T14:49:08+02:00",NA,"Rissa tridactyla","5008bdf5-0715-4a58-995b-cae8be55dfa1","Rissa tridactyla",2020
"HumanObservation",2023,77.900152,13.480372,"2023-06-28T22:30:41","1","Balaenoptera musculus","501fc504-73f4-4971-a308-049b9b25405f","Balaenoptera musculus",2020
"HumanObservation",2024,65.542105,-13.7547466667,"2024-05-26T00:13:36+00:00",NA,"Fratercula arctica","502b29d5-a437-4a95-86e6-71f5d57c2792","Fratercula arctica",2020
"HumanObservation",2020,71.017648964,26.1911236413,"2020-08-01T13:00:00+02:00",NA,"Fratercula arctica","502cc24c-1b94-40d8-a1b8-71c0e9ceec6c","Fratercula arctica",2020
"HumanObservation",2024,66.0450767641,-17.3493006477,"2024-06-07T12:50:00+00:00",NA,"Rissa tridactyla","5031e8d2-efe0-4fad-a6ca-c30b010feab1","Rissa tridactyla",2020
"HumanObservation",2021,78.222481,14.917602,"2021-08-18T18:21:56","1","Balaenoptera physalus","5034f6c6-5bf5-4f84-a008-8bbb76a9416b","Balaenoptera physalus",2020
"HumanObservation",2024,63.4806142907,-20.1947125457,"2024-07-23T16:40:00+00:00",NA,"Fratercula arctica","503ef711-a2b2-48ab-b074-80e8861b34ea","Fratercula arctica",2020
"HumanObservation",2021,62.1052592251,-7.6014285541,"2021-06-29T13:05:21+01:00",NA,"Fratercula arctica","5048688c-7239-4448-a1c1-2af7681e8ef5","Fratercula arctica",2020
"HumanObservation",2024,66.3800517678,-14.873993285,"2024-06-15T17:24:30+00:00",NA,"Rissa tridactyla","50551ab7-f6d8-4998-ae1b-ef29d9f4c6cc","Rissa tridactyla",2020
"HumanObservation",2022,64.767282,-23.6168015,"2022-07-11T15:39:00+00:00",NA,"Rissa tridactyla","505757ec-28cb-48d8-aa89-c127ce4c70af","Rissa tridactyla",2020
"HumanObservation",2017,78.171322,11.576798,"2017-07-07T22:08:58","1","Balaenoptera musculus","5059d108-671f-4438-b7ee-81be7ff2ed2a","Balaenoptera musculus",2010
"HumanObservation",2023,70.3243044764,31.0395107822,"2023-06-23T15:09:00+02:00",NA,"Fratercula arctica","505edb87-0f33-446d-9c12-38cc01341a77","Fratercula arctica",2020
"HumanObservation",2022,70.2957482335,31.1808974435,"2022-07-19T13:27:00+02:00",NA,"Fratercula arctica","50696e7d-8331-4455-a3dd-8ea04d017bce","Fratercula arctica",2020
"HumanObservation",2017,64.71495,-19.028362,"2017-07-15T22:00:00+00:00",NA,"Fratercula arctica","506f8bc6-f674-4c68-b93b-f035e3c0c6c6","Fratercula arctica",2010
"HumanObservation",2021,62.1036224361,-7.6527226494,"2021-07-20T13:37:00+01:00",NA,"Fratercula arctica","50812408-80a0-4e75-8e46-6c4f5a6c49c8","Fratercula arctica",2020
"HumanObservation",2023,63.3996829125,-20.3030420776,"2023-07-03T15:06:00+00:00",NA,"Rissa tridactyla","5095262a-972e-48a8-9d92-598a58c4c614","Rissa tridactyla",2020
"HumanObservation",2017,65.5416947,-13.7540051,"2017-05-04T02:05:00+00:00",NA,"Fratercula arctica","50965c42-e949-461b-bb9b-8c0125cd8305","Fratercula arctica",2010
"HumanObservation",2023,63.4025897729,-19.1307350298,"2023-07-31T16:49:00+00:00",NA,"Fratercula arctica","509d7866-a4d0-482f-b67f-0ed1588e2071","Fratercula arctica",2020
"HumanObservation",2024,63.4574076252,-20.2268978486,"2024-06-07T09:56:00+00:00",NA,"Rissa tridactyla","50a197ca-9e78-45a0-831b-cb96a9b7c237","Rissa tridactyla",2020
"HumanObservation",2024,68.784513,-22.122727,"2024-08-21T17:29:42-01:00",NA,"Rissa tridactyla","50b352b0-083c-4982-8e9a-350199e774d8","Rissa tridactyla",2020
"HumanObservation",2022,70.2878878439,31.0777968098,"2022-04-14T17:23:00+02:00",NA,"Rissa tridactyla","50c43924-9b90-477b-8789-4a86a700b41b","Rissa tridactyla",2020
"HumanObservation",2018,65.5559652038,-13.6995297433,"2018-08-05T10:00:00-04:00",NA,"Fratercula arctica","50d25e32-c939-463d-90ba-7ab4220631d4","Fratercula arctica",2010
"HumanObservation",2023,66.17877,-17.352342,"2023-05-17T09:49:36","1","Balaenoptera musculus","50ee965e-a4cf-453c-833f-ec6be59b301b","Balaenoptera musculus",2020
"HumanObservation",2017,66.0408764463,-17.3662645315,"2017-06-25T14:17:00+00:00",NA,"Fratercula arctica","50f23d30-edc9-440b-b4f9-038e0b51c063","Fratercula arctica",2010
"HumanObservation",2024,79.0472693239,24.8841939729,"2024-09-07T11:28:00+02:00",NA,"Rissa tridactyla","5110dcc1-035c-4086-ba87-54ae975a0ca8","Rissa tridactyla",2020
"HumanObservation",2023,57.3702926633,9.7070827483,"2023-12-27T11:08:04+01:00",NA,"Fratercula arctica","5111749d-8487-46ef-851c-27b95226113f","Fratercula arctica",2020
"HumanObservation",2022,70.3110353229,31.0851508201,"2022-04-11T11:59:00+02:00",NA,"Rissa tridactyla","5127584e-e95f-48e6-b12d-ae832619b8c1","Rissa tridactyla",2020
"HumanObservation",2022,66.157058,-17.851466,"2022-07-13T16:48:00+00:00",NA,"Fratercula arctica","512b26c8-cf10-494c-9f14-cabf64bf0cb1","Fratercula arctica",2020
"HumanObservation",2018,79.0871376052,11.4425657725,"2018-05-19T08:55:00-06:00",NA,"Rissa tridactyla","51300468-bc4c-4689-9283-b8c7abc095d6","Rissa tridactyla",2010
"HumanObservation",2021,64.7644116667,-23.62443,"2021-07-28T13:38:00-10:00",NA,"Rissa tridactyla","51428a58-dd85-4c66-be4b-b91476b6ada0","Rissa tridactyla",2020
"HumanObservation",2023,71.1847835702,25.2724307939,"2023-07-28T12:03:46+02:00",NA,"Fratercula arctica","515fe568-52b0-48de-b808-5cc61b205111","Fratercula arctica",2020
"HumanObservation",2017,64.5896597753,-14.1692700609,"2017-06-03T10:34:58-04:00",NA,"Rissa tridactyla","51670b03-2152-43e0-a376-33ad7f5b5449","Rissa tridactyla",2010
"HumanObservation",2024,64.3971360269,-23.0685019945,"2024-05-23T18:49:00+00:00",NA,"Fratercula arctica","516d53b1-fc90-46c3-b4a9-2e2614490909","Fratercula arctica",2020
"HumanObservation",2023,66.5447616577,-18.0217018127,"2023-06-18T09:45:04+00:00",NA,"Fratercula arctica","516dba73-0a65-4072-b611-f6f058673330","Fratercula arctica",2020
"HumanObservation",2021,65.5004646682,-24.5282838921,"2021-07-16T21:02:00+00:00",NA,"Fratercula arctica","516f2517-7160-414e-b4a7-557aaeb75bfc","Fratercula arctica",2020
"HumanObservation",2024,66.5543597561,-18.014815785,"2024-06-26T13:11:34+00:00",NA,"Fratercula arctica","51a51fb2-eb07-4f32-9668-4d72d36f3819","Fratercula arctica",2020
"HumanObservation",2022,65.5428094997,-13.756297868,"2022-05-21T18:12:00+00:00",NA,"Fratercula arctica","51a9da5e-a708-4702-b81e-94bbdbcec1ad","Fratercula arctica",2020
"HumanObservation",2023,59.8570240249,-1.2725153938,"2023-06-17T17:23:00+01:00",NA,"Fratercula arctica","51e0f7bb-eb3f-4390-9ed4-ecc172dc9160","Fratercula arctica",2020
"HumanObservation",2024,59.854649105,-1.2748633321,"2024-06-25T10:50:00+01:00",NA,"Fratercula arctica","51e36ccc-2f3a-45fd-8bc2-c2a03308cd41","Fratercula arctica",2020
"HumanObservation",2018,66.373004549,-17.577119571,"2018-07-27T19:38:00+00:00",NA,"Fratercula arctica","51ef7e95-c446-4840-9468-87ba287f1217","Fratercula arctica",2010
"HumanObservation",2019,68.0437718918,13.2472752977,"2019-08-10T12:21:10+02:00",NA,"Rissa tridactyla","52011eb4-beb9-433d-8667-159270bd6ac9","Rissa tridactyla",2010
"HumanObservation",2022,57.7472033333,10.647405,"2022-07-02T11:51:38+02:00",NA,"Fratercula arctica","52161dfb-3542-4706-bb99-5c24624fa378","Fratercula arctica",2020
"HumanObservation",2022,64.7677042053,-23.6163378298,"2022-06-03T21:26:00+00:00",NA,"Rissa tridactyla","52292f0f-2e83-4a36-a885-bc5550939975","Rissa tridactyla",2020
"HumanObservation",2023,70.3031077478,31.0192423644,"2023-06-23T16:22:00+02:00",NA,"Fratercula arctica","5242628c-7c2a-4d92-a2f5-b61d898587d5","Fratercula arctica",2020
"HumanObservation",2022,65.5012448567,-24.5290811083,"2022-07-03T19:28:00+00:00",NA,"Fratercula arctica","52573358-fb2d-43c1-9b74-ddeb18a780ab","Fratercula arctica",2020
"HumanObservation",2023,66.5490447222,-18.02435,"2023-07-08T22:01:00+00:00",NA,"Fratercula arctica","526e5b11-0583-4e80-bf5a-022f2ff04941","Fratercula arctica",2020
"HumanObservation",2019,57.1585044555,9.0251544038,"2019-08-25",NA,"Rissa tridactyla","5291ca11-4c1a-442c-81dc-74e57ed6615f","Rissa tridactyla",2010
"HumanObservation",2024,63.4042366667,-19.1032916667,"2024-07-20T14:00:56+00:00",NA,"Fratercula arctica","5291d40b-6daa-4b96-8512-7f06be689fa2","Fratercula arctica",2020
"HumanObservation",2023,68.2644109942,-14.3668936667,"2023-09-29T08:48:00-01:00",NA,"Fratercula arctica","529890db-f3d5-4a0e-ad91-dce4e767730d","Fratercula arctica",2020
"HumanObservation",2024,64.979377,-23.81012,"2024-05-07T18:41:36","1","Physeter macrocephalus","529935c9-d4b9-40c2-8665-4c85f7ee228b","Physeter macrocephalus",2020
"HumanObservation",2022,66.5476146091,-18.0170586612,"2022-07-10T08:12:00+00:00",NA,"Fratercula arctica","52b4dc8b-a1ec-46d4-a4f6-566ba2ff6cd6","Fratercula arctica",2020
"HumanObservation",2024,79.1260983333,11.7894983333,"2024-08-24T21:18:50+02:00",NA,"Fratercula arctica","52b8043a-825e-4868-bf60-b740dd5f831e","Fratercula arctica",2020
"HumanObservation",2022,70.1074338824,30.1057354286,"2022-07-20T12:06:00+02:00",NA,"Rissa tridactyla tridactyla","52e90d91-f636-44f9-89ed-c1501641213b","Rissa tridactyla",2020
"HumanObservation",2022,63.0441805249,7.3495086239,"2022-07-30T14:02:57+02:00",NA,"Rissa tridactyla","53050072-3652-4f9f-8a0a-024a3ec7a406","Rissa tridactyla",2020
"HumanObservation",2022,64.92952405,-18.9127397,"2022-07-01T10:00:00+00:00",NA,"Rissa tridactyla","5310039f-ed42-40d3-bd3a-b814d46b7c81","Rissa tridactyla",2020
"HumanObservation",2021,64.9570366654,-23.1569791482,"2021-07-27T18:14:47+00:00",NA,"Physeter macrocephalus","5327e6e3-1aeb-40f3-a824-3848a6c9ea29","Physeter macrocephalus",2020
"HumanObservation",2024,79.9281217272,14.0005567183,"2024-07-30T22:46:00+02:00",NA,"Fratercula arctica","5328ffc7-d8af-4342-b55d-d1e81e0ad12e","Fratercula arctica",2020
"HumanObservation",2020,71.1688844873,25.2283897151,"2020-08-01T15:19:00+02:00",NA,"Fratercula arctica","532a15eb-d701-4bbd-8696-4bddb3459338","Fratercula arctica",2020
"HumanObservation",2024,78.9837599346,11.617971214,"2024-07-01T08:52:15+02:00",NA,"Fratercula arctica","533504d9-4d11-4e49-91cf-2790a80bda72","Fratercula arctica",2020
"HumanObservation",2018,71.126336244,25.3577629119,"2018-07-16T10:13:47+02:00",NA,"Fratercula arctica","535fd1a0-7c9c-4927-9bfe-2d609d46d426","Fratercula arctica",2010
"HumanObservation",2021,63.404224,-19.103216,"2021-08-08T14:37:54+00:00",NA,"Fratercula arctica","536092f9-c6a6-4d5e-9baa-d06b865a1889","Fratercula arctica",2020
"HumanObservation",2020,61.4124,-20.9745,"2020-08-25",NA,"Physeter macrocephalus","537b0910-ab19-407e-abb4-c1b3a4dbac7c","Physeter macrocephalus",2020
"HumanObservation",2023,70.3234390428,31.0108446187,"2023-06-23T17:38:58+02:00",NA,"Rissa tridactyla","537d46d6-a5af-4de4-8407-1e237de0f1f8","Rissa tridactyla",2020
"HumanObservation",2018,60.1585813205,-1.1481151943,"2018-08-26T10:43:00+01:00",NA,"Rissa tridactyla","537eb961-bab0-43ee-9848-dc5dce01a69e","Rissa tridactyla",2010
"HumanObservation",2023,63.4041633333,-19.1032361667,"2023-08-25T04:20:37+00:00",NA,"Fratercula arctica","5385e2e4-549b-43dc-8a45-ad102ec97a18","Fratercula arctica",2020
"HumanObservation",2024,64.7688796063,-23.6179302673,"2024-09-18T10:14:00+00:00",NA,"Rissa tridactyla","5386e400-5040-45bb-a7b6-3714aa630434","Rissa tridactyla",2020
"HumanObservation",2024,65.5301055556,-23.19125,"2024-06-14T12:25:00+00:00",NA,"Fratercula arctica","538e9eed-09c3-4f38-b085-ba09f7078adf","Fratercula arctica",2020
"HumanObservation",2017,79.1067926544,11.9096075719,"2017-06-19T10:36:00+01:00",NA,"Rissa tridactyla","53a047a0-87a9-4b95-9a0b-ec4d06a9122b","Rissa tridactyla",2010
"HumanObservation",2022,66.0781833906,-17.4459933735,"2022-05-29T12:23:00+00:00",NA,"Fratercula arctica","53a26949-786e-457a-b230-62c7dc386ba8","Fratercula arctica",2020
"HumanObservation",2018,64.2953664,-22.4876252,"2018-07-24",NA,"Rissa tridactyla","53c1e983-4497-44aa-9ef4-4fb5c709cd7c","Rissa tridactyla",2010
"HumanObservation",2020,73.4548432,-18.8000382,"2020-07-14",NA,"Rissa tridactyla","53cb8e08-4ffb-4d38-8f9b-42b480b562f1","Rissa tridactyla",2020
"HumanObservation",2017,65.5484484663,-13.7385762533,"2017-06-15T15:30:00+02:00",NA,"Fratercula arctica","53dcfa09-5e1a-4d2d-884f-6e3fbb6a9c65","Fratercula arctica",2010
"HumanObservation",2024,70.3028134383,31.0324495261,"2024-06-24T13:07:00+02:00",NA,"Rissa tridactyla","53e6909b-cac6-4987-b069-6d9a9618f811","Rissa tridactyla",2020
"HumanObservation",2023,66.551133003,-18.0117417261,"2023-06-21T19:39:00+00:00",NA,"Rissa tridactyla","53f21250-eb98-47b5-8433-adf44fa588b7","Rissa tridactyla",2020
"HumanObservation",2024,68.0600611519,13.3618952481,"2024-07-15T13:04:00+02:00",NA,"Rissa tridactyla","53f84f58-928e-4163-b2f0-1dc095faf77d","Rissa tridactyla",2020
"HumanObservation",2023,79.7034834732,18.1849283242,"2023-07-05T22:42:00+02:00",NA,"Rissa tridactyla","53fbfbd2-33c0-4192-a7d6-8193c8730cdc","Rissa tridactyla",2020
"HumanObservation",2023,78.952309556,11.9936408136,"2023-09-07T16:11:00+02:00",NA,"Fratercula arctica","53fe157e-0c23-457a-8f10-394f43cf7b07","Fratercula arctica",2020
"HumanObservation",2021,64.1691284907,-21.9602319226,"2021-06-09T14:40:00+03:00",NA,"Fratercula arctica","54207e5e-209f-4907-990e-264b6b4d89d4","Fratercula arctica",2020
"HumanObservation",2022,79.8103833333,11.857395,"2022-06-14T17:37:00+02:00",NA,"Fratercula arctica","54246a2b-0f25-437c-bb66-13c7c203ba1f","Fratercula arctica",2020
"HumanObservation",2024,65.5002025411,-24.5267686319,"2024-08-03T12:11:00+00:00",NA,"Rissa tridactyla","54264d73-f241-4a8b-8d27-faf337dc9099","Rissa tridactyla",2020
"HumanObservation",2017,63.1336865997,7.7585336876,"2017-07-31T15:58:00+02:00",NA,"Rissa tridactyla","542ef187-e062-4be6-81c4-91660ba4729e","Rissa tridactyla",2010
"HumanObservation",2018,70.278248017,31.1957206093,"2018-06-03T10:24:00+10:00",NA,"Rissa tridactyla","547c8c29-6afc-4e56-8510-b480bc8baf10","Rissa tridactyla",2010
"HumanObservation",2024,59.1050928791,-3.3550121172,"2024-06-20T12:57:33+01:00",NA,"Fratercula arctica","5494eaaa-fe40-4f0e-b8b4-f738943930ef","Fratercula arctica",2020
"HumanObservation",2024,70.3663998525,31.0830056046,"2024-05-22T12:51:00+02:00",NA,"Rissa tridactyla","549db578-d03a-419e-86b3-7d29e2336acb","Rissa tridactyla",2020
"HumanObservation",2024,79.1677,25.2265,"2024-08-28T13:39:00+02:00",NA,"Rissa tridactyla","54a52f0f-1d65-487e-9619-61ce2726d054","Rissa tridactyla",2020
"HumanObservation",2023,64.1708372101,-21.9000714615,"2023-06-22T13:03:00+00:00",NA,"Fratercula arctica","54a68f49-8454-4d64-9941-2ceeab310e31","Fratercula arctica",2020
"HumanObservation",2022,65.377963,-22.909829,"2022-07-08T17:55:00+00:00",NA,"Fratercula arctica","54aa6fb0-659b-40b9-9afe-4556cb31ed12","Fratercula arctica",2020
"HumanObservation",2023,70.3372895838,31.1865394383,"2023-06-23T17:27:00+02:00",NA,"Rissa tridactyla","54bb7d6b-116d-49f7-b80e-469a65f6e2cd","Rissa tridactyla",2020
"HumanObservation",2023,66.5376238883,-18.0106441667,"2023-07-20T13:31:00+00:00",NA,"Fratercula arctica","54d1925d-fe28-4f1e-b4fa-07b2730554f6","Fratercula arctica",2020
"HumanObservation",2022,63.4025121935,-19.1317201856,"2022-06-26T08:01:00+00:00",NA,"Fratercula arctica","54e8c261-957e-41ba-8ac2-f73bcc4f307c","Fratercula arctica",2020
"HumanObservation",2023,63.4034706203,-20.28196536,"2023-06-26T22:50:54+00:00",NA,"Fratercula arctica","54fd8f0f-8626-49d6-ae17-bf393a5246b5","Fratercula arctica",2020
"HumanObservation",2021,63.4049624807,-19.1017116519,"2021-06-12T13:27:31-04:00",NA,"Fratercula arctica","54ff49ca-de7d-4221-b523-83aaf59bccf4","Fratercula arctica",2020
"HumanObservation",2023,66.161326,-17.443542,"2023-06-16T11:04:53","1","Balaenoptera musculus","5511c00f-e250-41ff-9a1d-933adf28c495","Balaenoptera musculus",2020
"HumanObservation",2017,65.5416947,-13.7540051,"2017-05-04T01:51:00+00:00",NA,"Fratercula arctica","5513d019-c5d5-4a86-9c7b-05c51c3d2cbc","Fratercula arctica",2010
"HumanObservation",2023,70.2334302616,31.0739812231,"2023-06-29T12:33:00+02:00",NA,"Fratercula arctica","5519bfa3-2d6d-4b08-8a52-d256b728d670","Fratercula arctica",2020
"HumanObservation",2024,63.4047666667,-19.1019833333,"2024-08-15T11:48:22+00:00",NA,"Fratercula arctica","552d9802-79c6-401f-a8a8-a50b6a6b9839","Fratercula arctica",2020
"HumanObservation",2017,80.55,19.45,"2017-08-21T18:38:07","1","Balaenoptera musculus","5534a649-a282-47c2-83b5-c4d9fd1d9a7e","Balaenoptera musculus",2010
"HumanObservation",2021,65.5420945117,-13.7546271133,"2021-07-09T10:28:00+02:00",NA,"Rissa tridactyla","55411b43-f943-437d-b0fe-eeb6ddaadc4d","Rissa tridactyla",2020
"HumanObservation",2024,65.6063873775,-20.6352498155,"2024-06-19T14:39:00+00:00",NA,"Rissa tridactyla","555b0722-748d-4f0a-a057-6e6232e784e4","Rissa tridactyla",2020
"HumanObservation",2022,68.44764,-23.46554,"2022-06-04T22:01:35","1","Balaenoptera musculus","555e2d74-7bfb-40c6-a1d5-e6a55cf2d826","Balaenoptera musculus",2020
"HumanObservation",2022,65.4992988748,-24.5228156102,"2022-06-02T14:32:00+00:00",NA,"Fratercula arctica","5574b311-2191-4eee-9d8f-1f777fe10083","Fratercula arctica",2020
"HumanObservation",2024,65.5025723,-24.5316982,"2024-05-20T23:00:00+00:00",NA,"Rissa tridactyla","55a92021-5f8d-4bff-9283-b60a4cd820fd","Rissa tridactyla",2020
"HumanObservation",2024,67.1519700291,-23.9439924133,"2024-08-12T10:55:03-02:00",NA,"Physeter macrocephalus","55b2eb30-c6b6-4a84-b5fd-2930048835d7","Physeter macrocephalus",2020
"HumanObservation",2024,65.859117,-18.17276,"2024-08-11T11:33:46","1","Balaenoptera musculus","55b54339-2f95-48ab-b410-8f60218302d0","Balaenoptera musculus",2020
"HumanObservation",2021,62.1565933933,-7.23125821,"2021-07-19T15:36:00+01:00",NA,"Fratercula arctica","55b6d09a-b5d5-4109-8d4f-eb8646d8fb03","Fratercula arctica",2020
"HumanObservation",2023,70.2240884697,31.0263325461,"2023-06-23T16:35:00+02:00",NA,"Fratercula arctica","55bb2cb7-99b1-4edd-991c-bba1642a44f3","Fratercula arctica",2020
"HumanObservation",2024,70.2646234869,31.0987575229,"2024-07-28T09:37:00+02:00",NA,"Fratercula arctica","55cb49f8-9006-4dbd-92cc-eb3df62516aa","Fratercula arctica",2020
"HumanObservation",2024,61.7833158955,-6.8507814679,"2024-07-25T12:25:00+01:00",NA,"Fratercula arctica","55cc18a3-4a56-41e6-b4de-c55108839ad5","Fratercula arctica",2020
"HumanObservation",2023,71.0376315064,25.2047914771,"2023-06-30",NA,"Fratercula arctica","55d25ee8-eb9d-4ff1-96a3-6f5d6b4f3e6b","Fratercula arctica",2020
"HumanObservation",2020,65.5021774972,-24.5309104957,"2020-11-30T20:34:57+03:00",NA,"Fratercula arctica","55ec160b-2d33-4c58-832e-02668b07b064","Fratercula arctica",2020
"HumanObservation",2018,70.1047221301,30.134509411,"2018-06-02T16:42:00+10:00",NA,"Rissa tridactyla tridactyla","56096be7-0ffb-466d-a3b7-8bb431e39cc2","Rissa tridactyla",2010
"HumanObservation",2019,78.394167,15.409444,"2019-08-05T15:49:15","1","Balaenoptera musculus","560d831c-1bf5-4bea-882e-280c466b7648","Balaenoptera musculus",2010
"HumanObservation",2024,80.7606582704,12.9040771263,"2024-07-21T04:41:00+01:00",NA,"Physeter macrocephalus","5612fdd3-ae5f-4ea7-a9ac-142c6f086394","Physeter macrocephalus",2020
"HumanObservation",2024,63.4441010144,-20.2844674751,"2024-07-08T14:40:34+00:00",NA,"Rissa tridactyla","561c6e33-fca1-48a0-bbe9-136c41e8af13","Rissa tridactyla",2020
"HumanObservation",2024,76.5817664317,24.8101267392,"2024-07-05T15:42:40+02:00",NA,"Rissa tridactyla","562bb383-5749-45b7-8181-98590988ba5c","Rissa tridactyla",2020
"HumanObservation",2023,69.934301,21.768624,"2023-12-31T10:47:35","1","Physeter macrocephalus","5633eb19-05dc-4d83-b995-eb910934bb81","Physeter macrocephalus",2020
"HumanObservation",2023,81.1172317517,20.1093197069,"2023-08-12T16:35:55+01:00",NA,"Physeter macrocephalus","564003dc-45ca-4cb0-ab99-6979f3fe138a","Physeter macrocephalus",2020
"HumanObservation",2018,66.5437541,-18.001442,"2018-06-13",NA,"Rissa tridactyla","565b1d9d-8dae-4e57-a3ee-568113b87306","Rissa tridactyla",2010
"HumanObservation",2017,69.340346,16.157614,"2017-03-10T05:07:49","1","Physeter macrocephalus","567b75b7-03b6-414b-b058-dd85c8116546","Physeter macrocephalus",2010
"HumanObservation",2024,69.6909094782,18.9918721505,"2024-06-01T12:30:00+02:00",NA,"Rissa tridactyla","568296dd-812d-4eba-89d6-ba27b5f74c9a","Rissa tridactyla",2020
"HumanObservation",2023,64.886579445,-24.0427438883,"2023-07-14T13:14:00+00:00",NA,"Rissa tridactyla","56985cf4-4010-4995-86d6-274a2eb29ec1","Rissa tridactyla",2020
"HumanObservation",2022,62.0966650575,-7.6726471555,"2022-06-28T14:44:00+01:00",NA,"Fratercula arctica","5699b693-2e07-4cbb-a4bc-aa52b8ccafcc","Fratercula arctica",2020
"HumanObservation",2024,69.7537923007,19.1274979003,"2024-08-15T20:22:00+02:00",NA,"Rissa tridactyla","56a049cd-3563-42d4-87e8-9582c2c82baf","Rissa tridactyla",2020
"HumanObservation",2023,62.1062675778,-7.4348910505,"2023-06-29T16:26:00+01:00",NA,"Fratercula arctica","56a7732d-3298-4b53-a3b8-0affd006fe94","Fratercula arctica",2020
"HumanObservation",2023,78.213641,9.831828,"2023-07-30","1","Balaenoptera musculus","56a79385-6867-4457-8294-20316c522a82","Balaenoptera musculus",2020
"HumanObservation",2024,79.959,30.116,"2024-08-18T11:53:00+02:00",NA,"Rissa tridactyla","56bc59e7-5810-479e-a105-820affd12270","Rissa tridactyla",2020
"HumanObservation",2019,65.296363,-13.691702,"2019-06-19T09:05:00-07:00",NA,"Rissa tridactyla","56c374e8-47eb-49bc-80ee-f237c1da8504","Rissa tridactyla",2010
"HumanObservation",2023,70.2849581773,31.1227109585,"2023-06-23T20:16:00+02:00",NA,"Rissa tridactyla","56ca1e22-e25e-45eb-a358-ca7bda86cad3","Rissa tridactyla",2020
"HumanObservation",2018,63.4405138889,-20.3051888889,"2018-07-24T10:27:00+02:00",NA,"Fratercula arctica","56d94cee-148b-4013-8574-2328f746a0e4","Fratercula arctica",2010
"HumanObservation",2023,70.32747546,31.041356233,"2023-06-23T15:29:56+02:00",NA,"Fratercula arctica","56efc3bf-8f1b-43ae-9c79-d8fb367e2afc","Fratercula arctica",2020
"HumanObservation",2019,62.0966864571,-7.6821803134,"2019-08-07T15:12:57+02:00",NA,"Fratercula arctica","57041b17-289a-4e6f-9c15-a43bb11cfe3e","Fratercula arctica",2010
"HumanObservation",2024,70.030093,21.354162,"2024-11-12T11:19:08","1","Balaenoptera physalus","57258a6a-98e5-41a0-9248-18daac26c05c","Balaenoptera physalus",2020
"HumanObservation",2022,70.2247290911,31.1476383043,"2022-04-14T18:00:00+02:00",NA,"Fratercula arctica","573e424f-8248-4f80-a97b-8557e0ef44c0","Fratercula arctica",2020
"HumanObservation",2023,69.3569803956,16.0630532119,"2023-09-11T12:48:00+02:00",NA,"Rissa tridactyla","576b2782-2dcb-4336-a99c-77525c61c849","Rissa tridactyla",2020
"HumanObservation",2019,64.752521605,-23.6433717674,"2019-04-07T18:40:00+00:00",NA,"Rissa tridactyla","577413bf-1246-46f0-b29d-0833d2b6dfcf","Rissa tridactyla",2010
"HumanObservation",2019,79.706302,19.189453,"2019-08-16T06:33:14","1","Balaenoptera physalus","577b4949-839a-4126-abd0-e81b496266e9","Balaenoptera physalus",2010
"HumanObservation",2024,69.5675737702,18.9370348746,"2024-10-13T13:39:00+02:00",NA,"Rissa tridactyla","578fe6f6-23e7-45e7-b3a5-440a778c40b2","Rissa tridactyla",2020
"HumanObservation",2017,69.3223837667,15.8303888985,"2017-06-07T15:38:00+02:00",NA,"Fratercula arctica","579354c9-3b57-4e4b-82d5-4322bbef85dc","Fratercula arctica",2010
"HumanObservation",2022,63.812333,-22.715617,"2022-06-30T04:30:00+00:00",NA,"Rissa tridactyla","5799e062-4b30-46ba-acd5-99a2e1709162","Rissa tridactyla",2020
"HumanObservation",2021,63.904376029,-21.8235049255,"2021-07-31T06:53:00+00:00",NA,"Rissa tridactyla","57ad799e-8256-4c78-8d78-4ec030b6b636","Rissa tridactyla",2020
"HumanObservation",2024,65.5044732207,-24.5297546902,"2024-06-12T00:52:36+00:00",NA,"Fratercula arctica","57b36b7a-acc5-4b19-b91a-e82e5b556d86","Fratercula arctica",2020
"HumanObservation",2023,70.3720457912,31.0778720587,"2023-06-23T17:24:00+02:00",NA,"Rissa tridactyla","57dd0567-c4e4-471a-82a2-00423d6e72e3","Rissa tridactyla",2020
"HumanObservation",2023,64.0705324,-22.6512494,"2023-06-15T20:30:00+00:00",NA,"Rissa tridactyla","57e9a86e-0e93-485f-9329-9315cdc4d8b4","Rissa tridactyla",2020
"HumanObservation",2017,64.71495,-19.028362,"2017-07-21T22:00:00+00:00",NA,"Fratercula arctica","57ec4050-2645-41ba-8d40-d391449f03bf","Fratercula arctica",2010
"HumanObservation",2019,64.7707931296,-23.6196329897,"2019-07-04T05:58:00+02:00",NA,"Rissa tridactyla","58127373-1723-4b7d-8ce6-998dce16b839","Rissa tridactyla",2010
"HumanObservation",2022,65.3722991035,-22.9540680865,"2022-06-02T21:28:00+00:00",NA,"Rissa tridactyla","582003fd-61e1-4f16-93e2-e4ac7a95c2c7","Rissa tridactyla",2020
"HumanObservation",2019,59.0987962299,-3.3435880061,"2019-06-17T07:55:00+01:00",NA,"Fratercula arctica","583f9a21-8c80-4460-b3c7-5f22d310096b","Fratercula arctica",2010
"HumanObservation",2022,79.4804570437,13.360078893,"2022-07-03T17:33:32+02:00",NA,"Rissa tridactyla","584d01fa-0fe8-4fef-833f-0dc2317d30d0","Rissa tridactyla",2020
"MachineObservation",2020,75.679773,11.656394,"2020-09-12T16:50",NA,"Physeter macrocephalus","585ccbb4-a775-468f-b310-7a926335d1e7","Physeter macrocephalus",2020
"HumanObservation",2019,59.8547083333,-1.274225,"2019-06-05T15:00:00+01:00",NA,"Fratercula arctica","585f09b1-e457-4ffe-990d-15af4e2166cd","Fratercula arctica",2010
"HumanObservation",2023,78.244138,14.32251,"2023-07-04T21:36:12","1","Balaenoptera musculus","586b4581-6b85-471d-9c34-06c489dd731b","Balaenoptera musculus",2020
"HumanObservation",2022,70.2475128361,31.1130317158,"2022-04-14T13:37:00+02:00",NA,"Fratercula arctica","58962a81-3d0d-4f8d-9d7e-325401d40e09","Fratercula arctica",2020
"HumanObservation",2023,63.4113125226,-19.0219376609,"2023-06-09T12:11:51+00:00",NA,"Fratercula arctica","5899b8d2-29a3-4588-9c92-8e6c3fcf7083","Fratercula arctica",2020
"HumanObservation",2022,58.9742255963,-3.3593525757,"2022-06-30T19:59:00+01:00",NA,"Fratercula arctica","58c002e1-97c5-405d-9380-44375f75c890","Fratercula arctica",2020
"HumanObservation",2024,65.0814821634,-22.6851150419,"2024-09-10T12:41:00+00:00",NA,"Rissa tridactyla","58c58f84-45b2-493a-b2a0-4a0c9bb23539","Rissa tridactyla",2020
"HumanObservation",2024,64.963051,-19.020835,"2024-09-11T10:29:00+00:00",NA,"Rissa tridactyla","58c84190-7a00-4194-978b-0245a6bf5249","Rissa tridactyla",2020
"HumanObservation",2022,64.8922836327,-23.6963852174,"2022-07-26T11:20:00+00:00",NA,"Rissa tridactyla","58ca913d-cf90-41f3-8e8d-563d08b8a553","Rissa tridactyla",2020
"HumanObservation",2021,65.5007416667,-24.5274916667,"2021-07-01T19:38:00+03:00",NA,"Fratercula arctica","58daa687-8102-47f7-b52e-1ce092af722b","Fratercula arctica",2020
"HumanObservation",2023,67.8011523502,12.8957831213,"2023-07-18T11:27:00+02:00",NA,"Rissa tridactyla","58e80501-bc18-469a-bdc0-95529792eea6","Rissa tridactyla",2020
"HumanObservation",2019,59.854672457,-1.2742720043,"2019-07-19T15:29:50+02:00",NA,"Fratercula arctica","58f8cff6-6663-4855-adaa-7534b94f0ac3","Fratercula arctica",2010
"HumanObservation",2024,63.6596048925,-20.3746242821,"2024-07-21T12:12:35+00:00",NA,"Fratercula arctica","591274fe-dae7-44c4-9148-88c53b4f1158","Fratercula arctica",2020
"HumanObservation",2024,66.0496266667,-22.8324816667,"2024-07-06T09:24:00+00:00",NA,"Fratercula arctica","5912eead-8986-456a-8e18-6ed096bad217","Fratercula arctica",2020
"HumanObservation",2024,62.0780333333,-7.4202805556,"2024-07-23T10:46:38+01:00",NA,"Fratercula arctica","59272b3c-a6da-45e4-8abb-d3c58701caac","Fratercula arctica",2020
"HumanObservation",2024,77.5908348814,17.1212074098,"2024-06-09T10:07:52+02:00",NA,"Rissa tridactyla","594bae3f-833d-4b95-bde7-9b26acbe4366","Rissa tridactyla",2020
"HumanObservation",2024,58.6379195406,-3.1583594107,"2024-08-05T09:22:00+01:00",NA,"Rissa tridactyla tridactyla","595d175b-7ab3-4371-8f8a-988265cb1e9b","Rissa tridactyla",2020
"HumanObservation",2022,70.3160820078,31.0636709318,"2022-07-09T12:43:21+02:00",NA,"Fratercula arctica","59617e34-8c1e-41ad-8923-ee031825f559","Fratercula arctica",2020
"HumanObservation",2024,63.4046799,-19.1185522,"2024-08-18T04:21:00+00:00",NA,"Fratercula arctica","597c4686-0a67-436d-9b99-bf301328b465","Fratercula arctica",2020
"HumanObservation",2023,57.120552063,8.5980348587,"2023-02-10T13:55:00+01:00",NA,"Rissa tridactyla","598d61dc-1358-4430-8590-bf81f63d43c1","Rissa tridactyla",2020
"HumanObservation",2022,65.5049530457,-24.5222388086,"2022-06-16T12:37:00+00:00",NA,"Fratercula arctica","59a047af-5792-4167-a407-cd32ad5a3f70","Fratercula arctica",2020
"HumanObservation",2018,69.418667,15.955667,"2018-05-10","1","Physeter macrocephalus","59a8d828-a248-489a-a163-847544180829","Physeter macrocephalus",2010
"HumanObservation",2018,69.2355697958,16.1453007155,"2018-08-22T08:49:00+02:00",NA,"Rissa tridactyla","59c30a83-746f-45ea-b5df-d2e7aa7e5806","Rissa tridactyla",2010
"HumanObservation",2019,80.063575,11.0814833333,"2019-07-03T08:36:00-07:00",NA,"Rissa tridactyla","59e81a93-e7d0-430f-add9-285bc6410406","Rissa tridactyla",2010
"HumanObservation",2018,59.0852696094,-4.4062030057,"2018-07-12T20:38:00+01:00",NA,"Fratercula arctica","59f567f6-d3e4-47b2-a1c9-9c320eac2e8e","Fratercula arctica",2010
"HumanObservation",2024,65.990487,-18.313522,"2024-08-11T15:08:28","1","Balaenoptera musculus","59f8f412-801e-497c-9497-dd090811242b","Balaenoptera musculus",2020
"HumanObservation",2021,67.3696498584,15.3040451078,"2021-09-02",NA,"Rissa tridactyla","59fcb555-09b7-4fc2-bee8-53f97cf7118e","Rissa tridactyla",2020
"HumanObservation",2024,78.3627557505,15.3590404311,"2024-08-25T07:37:00+02:00",NA,"Balaenoptera physalus","5a181e9b-9fa3-4522-82bc-5ffe2ffb8a10","Balaenoptera physalus",2020
"HumanObservation",2021,70.0351434976,29.6837366131,"2021-03-16T18:06:00+01:00",NA,"Balaenoptera physalus","5a187844-dd3c-4c4f-9f51-ef87618b82e9","Balaenoptera physalus",2020
"HumanObservation",2019,62.100495762,-7.6614031568,"2019-06-26",NA,"Rissa tridactyla","5a1a1f39-55c3-4b16-b484-235968559742","Rissa tridactyla",2010
"HumanObservation",2024,77.5526406,15.0358489,"2024-09-13T16:54:00+02:00",NA,"Rissa tridactyla","5a31b474-a913-484a-bd62-75765b32bc32","Rissa tridactyla",2020
"HumanObservation",2024,64.331965621,-22.0851985908,"2024-08-11T10:57:33+00:00",NA,"Fratercula arctica","5a41ebc7-2c7d-464a-9201-b936bc4d532a","Fratercula arctica",2020
"HumanObservation",2020,65.5415631139,-13.7530391101,"2020-08-20T12:02:00+02:00",NA,"Rissa tridactyla","5a469a57-20e7-4a5f-a2fd-4a5f122ad0bf","Rissa tridactyla",2020
"HumanObservation",2023,66.0350738156,-17.4092362327,"2023-06-29T15:40:00+00:00",NA,"Rissa tridactyla","5a57c936-930b-46fc-a04a-8c8e7d92c537","Rissa tridactyla",2020
"MachineObservation",2020,76.64473,9.811074,"2020-09-12T22:26",NA,"Physeter macrocephalus","5a61fce1-2864-4071-91a2-c40a896ee76b","Physeter macrocephalus",2020
"HumanObservation",2024,63.4025657682,-19.0410669414,"2024-07-16T10:07:40+00:00",NA,"Fratercula arctica","5a76f39a-8a70-4261-a387-8ab33911302e","Fratercula arctica",2020
"HumanObservation",2023,70.202099131,31.031778987,"2023-06-23T17:08:00+02:00",NA,"Fratercula arctica","5a7dc0f6-73c0-430f-af4f-1bf10dd8c6ec","Fratercula arctica",2020
"HumanObservation",2023,64.0444622182,-16.1796517298,"2023-08-12T18:55:30+00:00",NA,"Rissa tridactyla","5a81fe6a-5f50-4165-949d-51c0451e554a","Rissa tridactyla",2020
"HumanObservation",2022,70.3725821974,31.1637998481,"2022-07-19T12:33:00+02:00",NA,"Fratercula arctica","5a82968c-26cb-424e-a8e0-d1adb4dc8cbe","Fratercula arctica",2020
"HumanObservation",2022,70.2655249717,31.1581803239,"2022-07-19T13:27:00+02:00",NA,"Fratercula arctica","5a9a07fa-b79b-4d70-8fca-c52d955f6461","Fratercula arctica",2020
"HumanObservation",2022,63.4182500452,-19.0092109394,"2022-05-24T22:26:10+00:00",NA,"Fratercula arctica","5a9d012a-88a3-4923-b7d5-44d0788c66ac","Fratercula arctica",2020
"HumanObservation",2022,59.3575042399,-2.4435752503,"2022-09-07T09:58:00+01:00",NA,"Rissa tridactyla","5aa974c4-1e0a-469c-bad6-355eedcc6f5d","Rissa tridactyla",2020
"HumanObservation",2019,64.963051,-19.020835,"2019-07-03T12:16:00+00:00",NA,"Rissa tridactyla","5ab22345-0ab9-46ee-b711-fbac6addf7b8","Rissa tridactyla",2010
"HumanObservation",2023,64.91505,-24.220017,"2023-05-14T22:24:48","1","Physeter macrocephalus","5ab39031-67fe-4ec5-b507-863a5aed575d","Physeter macrocephalus",2020
"HumanObservation",2023,70.0180890348,30.1144028916,"2023-03-23T09:57:00+01:00",NA,"Rissa tridactyla","5ac89e2d-e09a-4e31-95ae-7752bba5b58e","Rissa tridactyla",2020
"HumanObservation",2018,58.6261386339,-4.9986796685,"2018-07-10T10:56:00+01:00",NA,"Fratercula arctica","5b106a05-213c-450b-b62c-d40c9ed17ce0","Fratercula arctica",2010
"HumanObservation",2019,64.153106,-21.937294,"2019-08-18T07:43:00+00:00",NA,"Rissa tridactyla","5b13978e-4dc7-402a-89d2-c1d08410ad45","Rissa tridactyla",2010
"HumanObservation",2023,71.125388227,25.2938879433,"2023-07-14T13:11:00+02:00",NA,"Rissa tridactyla","5b13f7d7-7f85-40e5-9d68-f60c66f1e5c8","Rissa tridactyla",2020
"HumanObservation",2022,69.418726,16.239663,"2022-08-03T13:25:21","1","Physeter macrocephalus","5b389ff3-61d7-45f5-89bf-d864b05349ec","Physeter macrocephalus",2020
"HumanObservation",2024,77.0529752882,15.9256865306,"2024-07-22T15:45:00+02:00",NA,"Fratercula arctica","5b3c9c6e-2caa-42c6-ad05-f1728ea3b5e7","Fratercula arctica",2020
"HumanObservation",2021,65.5421627758,-13.7547326085,"2021-07-30T14:32:00+02:00",NA,"Rissa tridactyla","5b3e30e3-0c71-4f88-b2b8-fc169755e8e4","Rissa tridactyla",2020
"HumanObservation",2022,78.9274505483,11.9335531067,"2022-07-23T12:49:00+02:00",NA,"Rissa tridactyla","5b580517-b33c-4d1b-8e70-f97826b48de2","Rissa tridactyla",2020
"HumanObservation",2024,66.098915,-17.577031,"2024-06-25T10:00","1","Balaenoptera musculus","5b6874bf-34b9-4943-aa65-a10f47c28812","Balaenoptera musculus",2020
"HumanObservation",2024,61.899845443,-6.2796645394,"2024-08-07T07:58:00+00:00",NA,"Fratercula arctica","5b6d4866-bf2a-4a0a-8cd6-feb7bbe1bbba","Fratercula arctica",2020
"HumanObservation",2023,70.8205039362,27.2304625807,"2023-07-17T16:36:00+02:00",NA,"Rissa tridactyla","5b81ba03-e433-4692-befa-01b6c3028789","Rissa tridactyla",2020
"HumanObservation",2019,60.132912,-1.010685,"2019-08-13T18:01:00+08:00",NA,"Fratercula arctica","5b81bd5d-ca97-44d1-b092-64c12998a0a8","Fratercula arctica",2010
"HumanObservation",2017,64.71495,-19.028362,"2017-07-21T22:00:00+00:00",NA,"Fratercula arctica","5b81edd0-ef21-42e3-80b4-de8906aa185a","Fratercula arctica",2010
"HumanObservation",2024,63.4440296684,-20.2669667055,"2024-07-24T11:56:00+00:00",NA,"Rissa tridactyla","5b9d1565-5470-44e8-bb5f-0a9c3f83f164","Rissa tridactyla",2020
"HumanObservation",2023,64.009247801,-20.5383896828,"2023-09-30T21:25:00+00:00",NA,"Rissa tridactyla","5bbe2a94-e710-45ac-b8ee-9913b31847ca","Rissa tridactyla",2020
"HumanObservation",2024,73.551011901,-24.343548652,"2024-08-19T15:11:55-01:00",NA,"Rissa tridactyla","5bd2005e-bccf-412c-bab1-6621bf2aa42d","Rissa tridactyla",2020
"HumanObservation",2024,79.3634601,20.7351004,"2024-07-12T17:35:00+02:00",NA,"Rissa tridactyla","5bd38cf0-2864-4457-a605-fdd3df87f05a","Rissa tridactyla",2020
"HumanObservation",2024,78.3673403155,15.8900903346,"2024-06-07T09:38:00+02:00",NA,"Fratercula arctica","5bd3e5ee-4352-4645-ad03-5a66a4d9a250","Fratercula arctica",2020
"HumanObservation",2024,70.3360617402,22.3575742044,"2024-08-09T15:26:00+02:00",NA,"Rissa tridactyla","5bd993fe-15a0-4b24-b228-ab5c9dbd6474","Rissa tridactyla",2020
"HumanObservation",2023,70.2381155151,31.0458443508,"2023-06-23T15:17:10+02:00",NA,"Fratercula arctica","5bdb111f-fec2-41aa-9aea-bbc287186f47","Fratercula arctica",2020
"HumanObservation",2019,64.0493442032,-16.1692906164,"2019-08-09",NA,"Rissa tridactyla","5bdca95f-e9b7-47be-aa1e-c01370eeda8c","Rissa tridactyla",2010
"HumanObservation",2022,70.3110167885,31.0095509221,"2022-07-09T12:47:30+02:00",NA,"Fratercula arctica","5c0894e5-f80a-4b24-b069-fdc0722694aa","Fratercula arctica",2020
"HumanObservation",2022,59.3333333,-3.0666667,"2022-07-25T15:34:00+01:00",NA,"Fratercula arctica","5c568bfe-cf94-425f-bab2-4a9c6b025924","Fratercula arctica",2020
"HumanObservation",2023,78.2254316064,15.6578947386,"2023-07-11T15:52:00+02:00",NA,"Rissa tridactyla","5c5fdd6c-26ea-44a0-9d53-83530461ae38","Rissa tridactyla",2020
"HumanObservation",2023,79.1747269918,19.2871920492,"2023-09-04T10:28:00+02:00",NA,"Rissa tridactyla","5c5fe787-14ba-417f-80d8-d70d45f7fe20","Rissa tridactyla",2020
"HumanObservation",2024,66.0661686306,-23.1192890847,"2024-07-31T07:49:00+00:00",NA,"Fratercula arctica","5c64dbee-4859-4154-bfd4-e3c101006802","Fratercula arctica",2020
"HumanObservation",2024,70.3768827057,31.1188511838,"2024-06-20T11:55:00+02:00",NA,"Rissa tridactyla","5c89a3d9-d2e0-42a9-a6e3-f9653ca3994f","Rissa tridactyla",2020
"HumanObservation",2023,65.5427740925,-13.744238994,"2023-06-26T16:32:00+00:00",NA,"Fratercula arctica","5c967872-9ed1-49f7-b351-1dd5a2d85126","Fratercula arctica",2020
"HumanObservation",2024,79.7725,28.6361,"2024-08-18T13:47:00+02:00",NA,"Rissa tridactyla","5c9ad169-516a-40d3-b708-0e4fdfb9e7bd","Rissa tridactyla",2020
"HumanObservation",2024,65.500776,-24.527777,"2024-07-10T16:20:44+00:00",NA,"Fratercula arctica","5cbabbb7-8adb-40e7-875e-f26ea98522a4","Fratercula arctica",2020
"HumanObservation",2017,58.640772,-3.026404,"2017-06-04T05:33:44+01:00",NA,"Rissa tridactyla","5cd76abb-efe0-4f89-b71c-3bc5d4302333","Rissa tridactyla",2010
"HumanObservation",2017,79.9137846426,11.5889175268,"2017-06-17T08:00:00+01:00",NA,"Rissa tridactyla","5cdb6cec-2888-4dda-b009-2bd67f023008","Rissa tridactyla",2010
"HumanObservation",2022,63.8358466183,-22.1024709417,"2022-06-24T10:30:00+00:00",NA,"Fratercula arctica","5ceefd20-40d3-4bec-a148-add5719910ec","Fratercula arctica",2020
"HumanObservation",2024,65.5422916667,-13.7548633333,"2024-07-02T14:10:36+00:00",NA,"Fratercula arctica","5d027995-2bac-4249-9526-74a3760c4d99","Fratercula arctica",2020
"HumanObservation",2022,64.863706,-24.039321,"2022-07-11T17:27:00+00:00",NA,"Rissa tridactyla","5d1f351a-13df-4aea-8724-d16e5577de58","Rissa tridactyla",2020
"HumanObservation",2023,70.2337166904,31.0397912615,"2023-06-23T17:27:00+02:00",NA,"Rissa tridactyla","5d253618-ff55-48b3-a9a4-48baf31627f4","Rissa tridactyla",2020
"HumanObservation",2017,64.1514499079,-21.9299340248,"2017-06-18T09:13:00Z",NA,"Rissa tridactyla","5d27046d-3c0b-4b34-b1b4-eca1dcb888b4","Rissa tridactyla",2010
"HumanObservation",2023,70.3048579243,31.1998520912,"2023-06-29T11:01:00+02:00",NA,"Rissa tridactyla","5d27ada8-b36c-4494-929d-4335a4d2cd58","Rissa tridactyla",2020
"HumanObservation",2023,76.906,14.9598,"2023-09-26T15:04:00+02:00",NA,"Rissa tridactyla","5d64a767-b871-49ed-ad8e-dac7d888aabe","Rissa tridactyla",2020
"HumanObservation",2024,65.54228,-13.75505,"2024-06-21T19:15:29+00:00",NA,"Rissa tridactyla","5d75138d-4692-4c7a-bb82-3e306ab50882","Rissa tridactyla",2020
"HumanObservation",2018,78.105237,13.172287,"2018-07-02T01:10:04","1","Balaenoptera musculus","5da2d27a-7aaf-4ba1-ab8f-1b2fba0000a6","Balaenoptera musculus",2010
"HumanObservation",2024,67.6098678075,11.3547776453,"2024-03-06T10:58:51+01:00",NA,"Rissa tridactyla","5da6f288-fb0f-4221-ad6c-4ae53551c40c","Rissa tridactyla",2020
"HumanObservation",2023,70.2244258855,31.1414142437,"2023-06-23T15:34:00+02:00",NA,"Fratercula arctica","5db6e38c-a854-4083-a7cf-6b1ba9f2c45a","Fratercula arctica",2020
"HumanObservation",2017,64.71495,-19.028362,"2017-07-14T22:00:00+00:00",NA,"Rissa tridactyla","5db71a79-e2c1-4031-b7cf-3b50392bd7aa","Rissa tridactyla",2010
"HumanObservation",2024,78.723166,11.43804,"2024-06-20T05:15:00+02:00",NA,"Rissa tridactyla","5dc24467-3a5c-4311-95ec-c6eac51bf028","Rissa tridactyla",2020
"HumanObservation",2020,61.4406,-23.2642,"2020-08-25",NA,"Balaenoptera physalus","5dccd21c-3c6c-4308-bc2b-ecb5860fb778","Balaenoptera physalus",2020
"HumanObservation",2023,70.2217433538,31.1835898344,"2023-07-01T10:02:00+02:00",NA,"Fratercula arctica","5df95bf4-22f0-4309-aa33-ffe72941dab3","Fratercula arctica",2020
"HumanObservation",2024,63.4133371907,-18.903673133,"2024-08-18T05:12:00+00:00",NA,"Fratercula arctica","5dfbadcf-6720-40fc-b1a2-40b4a4f14409","Fratercula arctica",2020
"HumanObservation",2019,64.1525291706,-21.9707797409,"2019-06-01T13:53:00+02:00",NA,"Rissa tridactyla","5dfed6b3-a484-4c62-8736-dd00233a1998","Rissa tridactyla",2010
"HumanObservation",2023,66.5469642263,-18.0196956302,"2023-06-03T10:36:00+00:00",NA,"Fratercula arctica","5e3bac3b-f5ab-4b89-95a7-91ffa802d36c","Fratercula arctica",2020
"HumanObservation",2024,62.3865262696,5.7391746789,"2024-04-20T19:01:00+02:00",NA,"Fratercula arctica","5e3c5908-11fe-4594-9a20-c32d7d75b0e0","Fratercula arctica",2020
"HumanObservation",2023,68.9587083169,17.1522314411,"2023-07-16T09:01:00+02:00",NA,"Fratercula arctica","5e3c606f-147e-4b26-a9e8-423f2c9f304e","Fratercula arctica",2020
"HumanObservation",2023,76.9943889717,15.7655697186,"2023-06-29T21:33:00+02:00",NA,"Rissa tridactyla","5e4ec8fd-377b-497b-9b63-6a666ee980e9","Rissa tridactyla",2020
"HumanObservation",2023,60.1328666667,-1.0138222167,"2023-05-30T12:20:55+01:00",NA,"Fratercula arctica","5e63168c-d0f2-49bf-807e-6ec3ce274adf","Fratercula arctica",2020
"HumanObservation",2017,66.1538,-17.5902,"2017-06-24T22:11","1","Balaenoptera musculus","5e7bb35b-c9b4-421a-8fad-95b70e926dda","Balaenoptera musculus",2010
"HumanObservation",2022,57.1586195,9.0256221667,"2022-04-16T16:23:02+02:00",NA,"Rissa tridactyla","5ee27ec1-9a32-4e6a-b8f2-c228da86322d","Rissa tridactyla",2020
"HumanObservation",2022,64.0643116667,-16.1915566667,"2022-05-27T19:53:00+00:00",NA,"Rissa tridactyla","5ee2ed1d-5e70-4ece-aeff-fa17f1d3fd34","Rissa tridactyla",2020
"HumanObservation",2022,70.2090485055,31.0002629626,"2022-08-17T02:51:14+02:00",NA,"Rissa tridactyla","5f1faaaf-a89e-49fa-bad3-5c9f4a6611f6","Rissa tridactyla",2020
"HumanObservation",2023,63.7983716464,-10.1087036225,"2023-10-03T13:12:00-01:00",NA,"Rissa tridactyla","5f265b02-5294-48b4-ac16-9968bdf17aca","Rissa tridactyla",2020
"HumanObservation",2020,61.4238,-23.7672,"2020-08-25",NA,"Rissa tridactyla","5f3eedab-d392-4fee-bcad-5eb99c5f161e","Rissa tridactyla",2020
"HumanObservation",2024,70.3426050997,22.3632978595,"2024-08-09T15:23:00+02:00",NA,"Rissa tridactyla","5f4f3585-0db4-4a38-9805-d9499d2b37c6","Rissa tridactyla",2020
"HumanObservation",2024,65.0381222222,-14.0012305556,"2024-09-03T13:40:00+00:00",NA,"Rissa tridactyla","5f6a217c-73e2-4c10-8d4e-d3b28fa13d8c","Rissa tridactyla",2020
"HumanObservation",2017,65.542145,-13.7543883333,"2017-05-20T14:44:46-05:00",NA,"Fratercula arctica","5f7f0f7d-1579-4ae0-8803-7623eda4fd28","Fratercula arctica",2010
"HumanObservation",2022,64.0430441658,-16.1802841918,"2022-05-28T17:11:00+00:00",NA,"Rissa tridactyla","5f8595d9-704e-4f1e-94c5-795e7927ea67","Rissa tridactyla",2020
"HumanObservation",2023,70.3657253575,31.1190365601,"2023-06-23T16:21:57+02:00",NA,"Fratercula arctica","5f8e01c2-470f-4fa3-baf5-930dd9cab1bc","Fratercula arctica",2020
"HumanObservation",2023,79.891183,9.986572,"2023-06-28T03:58:30","1","Balaenoptera musculus","5fa933ef-3856-4a31-94d1-66ef9a092ba2","Balaenoptera musculus",2020
"HumanObservation",2018,63.3993718331,-19.1260600517,"2018-07-29T10:06:00-07:00",NA,"Fratercula arctica","5faa9753-d283-4106-a8b8-8f4dc9ed7e76","Fratercula arctica",2010
"HumanObservation",2022,64.1620025635,-21.9010848999,"2022-07-29T10:49:00+00:00",NA,"Fratercula arctica","5fb06ddf-8dab-4a38-b772-65ab8ea91af5","Fratercula arctica",2020
"HumanObservation",2022,70.3356451319,31.1369194308,"2022-08-05T15:30:05+02:00",NA,"Rissa tridactyla","5fba5590-57a4-457e-a6d3-dcb88e19fde8","Rissa tridactyla",2020
"HumanObservation",2022,59.2700009,-2.8716135,"2022-07-25T17:36:00+01:00",NA,"Fratercula arctica","5fcdb6b4-c313-4efd-9736-263f6bbbc6bf","Fratercula arctica",2020
"HumanObservation",2022,70.3019505482,31.0023471675,"2022-04-14T16:46:00+02:00",NA,"Fratercula arctica","5fe16854-b961-445f-94bc-8d3f5ce15229","Fratercula arctica",2020
"HumanObservation",2024,63.4008585662,-20.2877569233,"2024-05-23T10:59:00+00:00",NA,"Rissa tridactyla","5ffb3796-89c1-4474-ab97-8549066a5c78","Rissa tridactyla",2020
"HumanObservation",2023,71.0580341522,25.3648300013,"2023-06-30",NA,"Fratercula arctica","5ffe4499-9884-41d0-aa00-331c3bdfcb38","Fratercula arctica",2020
"HumanObservation",2023,64.9661023784,-23.947780505,"2023-06-06T15:54:00+00:00",NA,"Physeter macrocephalus","6007f80d-43fb-4e23-be32-a2da97da4278","Physeter macrocephalus",2020
"HumanObservation",2017,65.496576,-24.514497,"2017-07-07T13:20:00+00:00",NA,"Fratercula arctica","60087b3a-f08d-4e31-a592-17f2db628b60","Fratercula arctica",2010
"HumanObservation",2023,65.5224459753,-24.5091699065,"2023-06-13T14:31:01+00:00",NA,"Fratercula arctica","601ae179-3a3e-4fce-b816-fd9080102b0d","Fratercula arctica",2020
"HumanObservation",2020,61.4441,-23.1773,"2020-08-25",NA,"Fratercula arctica","602ffe8b-09ec-4d00-a750-234c91d9f993","Fratercula arctica",2020
"HumanObservation",2022,66.157746,-17.85314,"2022-07-13T16:53:00+00:00",NA,"Fratercula arctica","6040de76-2ec7-40ba-85c9-71f59de43683","Fratercula arctica",2020
"HumanObservation",2023,79.7387768632,10.9891160321,"2023-06-18T15:24:00+02:00",NA,"Rissa tridactyla","6047220c-007b-4e2b-8d1c-da56921140a0","Rissa tridactyla",2020
"HumanObservation",2018,63.4068474506,-19.1061262188,"2018-08-30T20:12:00-05:00",NA,"Fratercula arctica","605b5a96-b488-4d93-91c8-4c12f1a24d0e","Fratercula arctica",2010
"HumanObservation",2020,62.5085613562,7.7003944382,"2020-03-13T13:15:00+01:00",NA,"Rissa tridactyla","605b6f0b-4d26-42a7-8373-08ac2023651a","Rissa tridactyla",2020
"HumanObservation",2019,68.0122945683,13.255288062,"2019-07-14T21:46:00-04:00",NA,"Rissa tridactyla","605d8b86-fb9e-4252-8bb2-ec9d5e246229","Rissa tridactyla",2010
"HumanObservation",2024,80.1354268104,17.0309490242,"2024-07-20T15:44:00+02:00",NA,"Balaenoptera physalus","606bc458-742b-4212-9d59-239d93042647","Balaenoptera physalus",2020
"HumanObservation",2023,70.306843117,31.052413209,"2023-06-23T15:05:00+02:00",NA,"Rissa tridactyla","606e6440-d274-49ec-bcfb-c5be6b34303b","Rissa tridactyla",2020
"HumanObservation",2022,64.0529594425,-16.1790699811,"2022-06-06T08:14:00+00:00",NA,"Rissa tridactyla","6085dec7-d7da-4666-b0b3-d78921198ced","Rissa tridactyla",2020
"HumanObservation",2017,64.71495,-19.028362,"2017-07-21T22:00:00+00:00",NA,"Fratercula arctica","608a3f2b-36c6-4b6a-a59c-a83da1fc8921","Fratercula arctica",2010
"HumanObservation",2022,78.2884177738,22.0503262549,"2022-07-08T10:30:39+02:00",NA,"Rissa tridactyla","6092e689-fcb1-45a7-8c51-13e1ea7d592a","Rissa tridactyla",2020
"HumanObservation",2017,76.958635,15.717217,"2017-07-09","1","Balaenoptera musculus","6093cf86-fc60-465d-a905-6fce06057aba","Balaenoptera musculus",2010
"HumanObservation",2023,64.7692215443,-23.6179434601,"2023-06-02T13:11:41+00:00",NA,"Rissa tridactyla","60af2bdc-700f-4175-ba69-bc446cf0f952","Rissa tridactyla",2020
"HumanObservation",2022,79.1166866667,11.909095,"2022-06-12T11:08:00+02:00",NA,"Rissa tridactyla","60afe997-6536-40c9-a61e-8939f31796d4","Rissa tridactyla",2020
"HumanObservation",2024,78.362015,16.076935,"2024-09-01T16:58:00+02:00",NA,"Fratercula arctica","60b09507-bc23-488c-9dde-b597ad14e0f2","Fratercula arctica",2020
"HumanObservation",2023,68.0835846969,13.3880075663,"2023-07-23T11:10:32+02:00",NA,"Rissa tridactyla","60cac8eb-b37c-4750-830d-1b4f236c2d32","Rissa tridactyla",2020
"HumanObservation",2017,76.249122,16.627808,"2017-07-09T23:44","1","Balaenoptera physalus","60ceb486-15f3-43b0-b55e-6c6c3019b35f","Balaenoptera physalus",2010
"HumanObservation",2019,64.8678883333,-24.0398611667,"2019-04-25T20:13:01-07:00",NA,"Fratercula arctica","60dd8ed3-8e6d-459e-b94c-4e5ccce567e8","Fratercula arctica",2010
"HumanObservation",2024,79.920542,11.936836,"2024-07-22T06:52:00+02:00",NA,"Rissa tridactyla","60eb945d-5fa0-40f1-9f48-a7461b7ecb78","Rissa tridactyla",2020
"HumanObservation",2021,58.3856107094,-5.1981907366,"2021-07-03T13:13:00+01:00",NA,"Fratercula arctica","612a1fcb-714b-4092-8705-e782cb4d2509","Fratercula arctica",2020
"HumanObservation",2017,64.71495,-19.028362,"2017-07-15T22:00:00+00:00",NA,"Fratercula arctica","613a066c-37f3-40dd-8696-e8f56da4582e","Fratercula arctica",2010
"HumanObservation",2019,58.6405505558,-3.0326239803,"2019-05-15T12:15:00-03:00",NA,"Fratercula arctica","614d0064-2e3a-4d13-b2bc-6392de153c3a","Fratercula arctica",2010
"HumanObservation",2023,64.0902424974,-21.9300654174,"2023-07-03T16:40:00+00:00",NA,"Rissa tridactyla","614e43dd-3063-464d-b762-4285842cd510","Rissa tridactyla",2020
"HumanObservation",2024,64.4943366724,-23.533400402,"2024-05-23T19:28:00+00:00",NA,"Rissa tridactyla","6152793a-78b2-4dfa-8048-2669bb8c73a6","Rissa tridactyla",2020
"HumanObservation",2021,65.5006713207,-24.5283564019,"2021-08-02T11:31:00-04:00",NA,"Fratercula arctica","6157d66a-f489-4d98-81e8-f878d47d2083","Fratercula arctica",2020
"HumanObservation",2023,69.419250259,16.2276970352,"2023-03-24T12:05:00+01:00",NA,"Physeter macrocephalus","6159409d-b5cd-4f61-976c-87026e9c0a35","Physeter macrocephalus",2020
"HumanObservation",2023,70.2263707572,31.0736344573,"2023-06-23T17:39:00+02:00",NA,"Rissa tridactyla","6163e738-013d-4e86-bff7-9549812fcf33","Rissa tridactyla",2020
"HumanObservation",2020,71.1385424608,25.2487846838,"2020-08-01T15:10:00+02:00",NA,"Fratercula arctica","616cdb52-3906-41cc-b787-9b13153478ea","Fratercula arctica",2020
"HumanObservation",2024,66.1132476004,-17.3706524447,"2024-06-14T10:23:09+00:00",NA,"Fratercula arctica","616cfac4-7f34-41a4-b4dc-762113c60479","Fratercula arctica",2020
"HumanObservation",2022,58.6711309857,-3.3743664622,"2022-05-31T14:11:56+01:00",NA,"Fratercula arctica","618d8f47-7151-4703-9953-d8f97d9e1005","Fratercula arctica",2020
"HumanObservation",2020,77.5572416678,23.7369513476,"2020-07-16T05:33:00+02:00",NA,"Balaenoptera musculus musculus","619272a8-22fb-4778-866c-a8a6c3627dc4","Balaenoptera musculus",2020
"HumanObservation",2020,71.0458611625,25.2775364952,"2020-08-01T15:14:00+02:00",NA,"Fratercula arctica","61c9cda2-7cab-4c0a-93aa-ef8bd696feb7","Fratercula arctica",2020
"HumanObservation",2022,63.0876906507,7.7479678048,"2022-08-03T16:38:06+02:00",NA,"Rissa tridactyla","61cff86a-08ff-4b3f-a153-2a9f74c1214e","Rissa tridactyla",2020
"HumanObservation",2019,63.5117832253,-18.14192875,"2019-08-23T16:29:00-03:00",NA,"Fratercula arctica","61db45d3-2216-4fc6-9b0d-e42dbddf062a","Fratercula arctica",2010
"HumanObservation",2018,65.5022166667,-24.531125,"2018-08-10T11:30:00+02:00",NA,"Fratercula arctica","61e0d082-aa96-4212-a5f3-f9affbfcab25","Fratercula arctica",2010
"HumanObservation",2019,78.8968508152,12.1936672739,"2019-07-03T20:53:00-04:00",NA,"Rissa tridactyla","61f3b0a3-e35e-4d1e-a4ee-00ae3c2faed3","Rissa tridactyla",2010
"HumanObservation",2024,65.5025723,-24.5316982,"2024-06-10T22:53:00+00:00",NA,"Fratercula arctica","61f58764-0de7-4a9d-9be4-35ef9d0e43ae","Fratercula arctica",2020
"HumanObservation",2023,66.3965695376,-22.2979545597,"2023-08-09T22:30:22+00:00",NA,"Physeter macrocephalus","620c72dd-6ab3-46fa-9196-3762aecb9a45","Physeter macrocephalus",2020
"HumanObservation",2019,79.685985,13.797973,"2019-07-16T21:10:46","1","Balaenoptera physalus","6216fb67-13fe-4b89-9450-95393c5c57e5","Balaenoptera physalus",2010
"HumanObservation",2023,66.551133003,-18.0117417261,"2023-06-21T19:35:00+00:00",NA,"Rissa tridactyla","622812e3-4680-4a70-8a43-d683d04c06f7","Rissa tridactyla",2020
"HumanObservation",2018,65.500325,-24.5267166667,"2018-08-10T14:40:00+02:00",NA,"Rissa tridactyla","623556cc-0c13-4ed3-a257-a803189af2ee","Rissa tridactyla",2010
"HumanObservation",2020,60.7739,-9.2455,"2020-08-24",NA,"Fratercula arctica","623cab0a-5586-4e16-8049-1c3d720ad014","Fratercula arctica",2020
"HumanObservation",2022,71.414471,-8.466963,"2022-06-03T15:54:25","1","Balaenoptera musculus","625cb057-bffe-4673-9c43-34353a6b3856","Balaenoptera musculus",2020
"HumanObservation",2024,62.5746075542,6.0627366401,"2024-05-28T11:39:00+02:00",NA,"Rissa tridactyla","6261b05b-899d-4615-b95c-1ff40acfd28f","Rissa tridactyla",2020
"HumanObservation",2022,63.88065333,-22.7391,"2022-08-08T13:50:51+00:00",NA,"Rissa tridactyla","6264e2a7-d155-4394-841f-5cd2781a92b8","Rissa tridactyla",2020
"HumanObservation",2022,70.250318,21.036072,"2022-11-09T09:59:51","1","Balaenoptera physalus","6281a5f1-0b48-4292-a214-17be89e9a330","Balaenoptera physalus",2020
"HumanObservation",2023,78.1732287891,13.9200821069,"2023-06-24T22:46:00+02:00",NA,"Rissa tridactyla","62aa9fd8-1415-4510-be57-d2b51b3ceb9f","Rissa tridactyla",2020
"HumanObservation",2024,62.1048420279,-7.6519306075,"2024-05-23T12:47:28+01:00",NA,"Fratercula arctica","62b1264e-314e-45be-9b25-a1b7e0710c9f","Fratercula arctica",2020
"HumanObservation",2024,70.3692627701,31.0694878651,"2024-06-18T11:41:00+02:00",NA,"Balaenoptera physalus","62bd91d2-3244-45f6-b6a6-829e1cc58a7e","Balaenoptera physalus",2020
"HumanObservation",2024,66.107715,-17.5593,"2024-06-16T05:11:39","1","Balaenoptera musculus","62c01614-00de-420e-8ba4-29985b9becf4","Balaenoptera musculus",2020
"HumanObservation",2023,66.1041237621,-17.7225336175,"2023-09-22T16:15:00+00:00",NA,"Rissa tridactyla","62dabb79-6427-438f-aec0-948867331d2b","Rissa tridactyla",2020
"HumanObservation",2017,64.71495,-19.028362,"2017-07-15T22:00:00+00:00",NA,"Fratercula arctica","62e62347-6fcb-47ad-9119-d81fe9d5e4b3","Fratercula arctica",2010
"HumanObservation",2022,66.4751552864,-22.9200696934,"2022-06-04T18:43:00+00:00",NA,"Rissa tridactyla","62e69712-4449-41f6-9735-a8af5f453b30","Rissa tridactyla",2020
"HumanObservation",2023,70.275099889,31.0129243774,"2023-06-23T16:59:00+02:00",NA,"Fratercula arctica","62f164bd-6fac-49bd-9ed1-7a8836b16c59","Fratercula arctica",2020
"HumanObservation",2023,78.3640632194,16.1251438786,"2023-06-02T15:28:00+02:00",NA,"Fratercula arctica","62fb63ac-b714-44da-86e1-83614d80d070","Fratercula arctica",2020
"HumanObservation",2024,63.4030177514,-19.1167712315,"2024-06-27T09:49:00+00:00",NA,"Fratercula arctica","63047778-5da8-412a-9360-51ff14c0b43e","Fratercula arctica",2020
"HumanObservation",2023,66.3626933448,-18.1382881274,"2023-07-09T11:09:00+00:00",NA,"Fratercula arctica","630ebfd9-3e57-4c46-92d0-fcda16a3f94b","Fratercula arctica",2020
"HumanObservation",2020,77.4943977489,23.6478770285,"2020-08-03T05:57:00+02:00",NA,"Balaenoptera physalus physalus","631e8c69-266d-461a-82bb-e788b3d86bce","Balaenoptera physalus",2020
"HumanObservation",2023,77.8749725,20.9751822,"2023-07-18T20:27:00+02:00",NA,"Rissa tridactyla","631eff87-fd0c-4282-b82f-3a6e799d447d","Rissa tridactyla",2020
"HumanObservation",2023,65.5423034346,-13.754408385,"2023-06-05T03:31:00+00:00",NA,"Rissa tridactyla","6323cc75-f816-4bc9-8e75-cbf80e189735","Rissa tridactyla",2020
"HumanObservation",2023,65.6372799726,-24.2688019531,"2023-07-02T16:22:00+00:00",NA,"Rissa tridactyla","63337b4f-7dab-49db-8835-a1c39de03b7c","Rissa tridactyla",2020
"HumanObservation",2022,67.3066557429,14.26306393,"2022-10-22T14:33:00+02:00",NA,"Rissa tridactyla","633816ae-9764-4bf7-8af1-fb34acc9b61a","Rissa tridactyla",2020
"HumanObservation",2021,62.1025847778,-7.66043225,"2021-06-03T13:32:53Z",NA,"Fratercula arctica","63476152-37c9-4ca0-b456-db6291c60afc","Fratercula arctica",2020
"HumanObservation",2024,70.2385984581,31.0871582926,"2024-06-06T09:05:00+02:00",NA,"Fratercula arctica","6355e962-85b1-4148-8314-d0f8c1876dd1","Fratercula arctica",2020
"HumanObservation",2024,63.4449083333,-20.2734366667,"2024-05-13T11:26:27+00:00",NA,"Rissa tridactyla","635f994a-6b19-4027-9e28-4ef38253ed4c","Rissa tridactyla",2020
"HumanObservation",2024,63.4036316667,-19.1028916667,"2024-03-30T16:17:26+00:00",NA,"Rissa tridactyla","6370655d-9275-4895-8c4e-ba3f21beca3c","Rissa tridactyla",2020
"HumanObservation",2024,62.1076972222,-7.6412388889,"2024-07-16T16:28:32+01:00",NA,"Fratercula arctica","637170a7-fc78-43b4-bb03-fccf811e08e9","Fratercula arctica",2020
"HumanObservation",2022,70.3209298026,31.0254046636,"2022-04-11T11:56:00+02:00",NA,"Rissa tridactyla","637580e2-64d1-471d-bc9f-2762a2e71f9f","Rissa tridactyla",2020
"HumanObservation",2019,79.479411,18.911247,"2019-08-22T18:56:12","1","Balaenoptera musculus","637af755-27a0-4719-9ed4-37bb28b8db14","Balaenoptera musculus",2010
"HumanObservation",2017,79.665593,13.871418,"2017-08-18","1","Balaenoptera musculus","6380cf43-b474-4aed-b0d1-fe13d4c03e90","Balaenoptera musculus",2010
"HumanObservation",2024,63.4316085579,-19.1491729528,"2024-07-16T11:24:49+00:00",NA,"Fratercula arctica","63819c9d-15a3-41d0-90df-1ef1433875de","Fratercula arctica",2020
"HumanObservation",2023,70.3228482865,31.1440955735,"2023-06-23T16:38:39+02:00",NA,"Fratercula arctica","638867fb-a4c3-4e15-9474-e9970fc11916","Fratercula arctica",2020
"HumanObservation",2022,78.4532401248,16.2713312619,"2022-05-14T11:26:00+02:00",NA,"Fratercula arctica","6391f39a-a10f-4605-96be-dbfafa51b916","Fratercula arctica",2020
"HumanObservation",2024,79.0217847222,12.1308030556,"2024-06-20T14:50:00+02:00",NA,"Rissa tridactyla","639ed2ae-2e8a-4017-bad6-a4effdb2a79c","Rissa tridactyla",2020
"HumanObservation",2024,79.1298504597,11.8562017865,"2024-07-20T19:27:55+02:00",NA,"Rissa tridactyla","63a8cc9b-d5e2-4592-aa29-28ba32850ab8","Rissa tridactyla",2020
"HumanObservation",2022,65.500855,-24.52815,"2022-07-31T20:29:49+00:00",NA,"Fratercula arctica","63ae68b8-159d-44e6-ad4c-386a79cdfe6c","Fratercula arctica",2020
"HumanObservation",2024,65.5001639722,-24.5265909722,"2024-07-10T16:13:25+00:00",NA,"Rissa tridactyla","63ddbf79-dea8-42a0-b013-cfd45e4a32d9","Rissa tridactyla",2020
"HumanObservation",2023,65.5015666602,-24.5275081588,"2023-06-01T19:26:00+00:00",NA,"Rissa tridactyla","63f6b87d-9863-4c21-a291-dae14351b4eb","Rissa tridactyla",2020
"HumanObservation",2017,79.1069224152,11.8938147253,"2017-06-19T10:39:00+01:00",NA,"Rissa tridactyla","64106979-7a1d-4ddc-b212-77292b8a2988","Rissa tridactyla",2010
"HumanObservation",2022,70.3284615968,31.0076653866,"2022-04-15T10:59:00+02:00",NA,"Fratercula arctica","6427a3e4-d5d4-483d-96c8-7c2c1665745d","Fratercula arctica",2020
"HumanObservation",2023,63.42766523,-20.30104182,"2023-08-21T15:38:05+00:00",NA,"Fratercula arctica","6433f986-e2a2-4622-b117-83de12c81076","Fratercula arctica",2020
"HumanObservation",2024,68.1195099932,13.3041755076,"2024-05-05",NA,"Rissa tridactyla","643d4c60-80d1-4d97-b68a-03d8843b66b7","Rissa tridactyla",2020
"HumanObservation",2024,78.822,27.382,"2024-06-05T02:16:00+02:00",NA,"Rissa tridactyla","6442f785-9f97-4617-a90e-acab94fca86a","Rissa tridactyla",2020
"HumanObservation",2023,70.3600496216,31.1198089574,"2023-06-23T17:05:00+02:00",NA,"Fratercula arctica","64606780-7a67-4f7c-889c-9d8868f62f54","Fratercula arctica",2020
"HumanObservation",2021,57.5724123544,4.5836354504,"2021-10-06T10:25:00Z",NA,"Rissa tridactyla","646adced-0398-437f-be54-ac5f62922042","Rissa tridactyla",2020
"HumanObservation",2023,63.5159720398,-20.1306940551,"2023-07-03T17:29:00+00:00",NA,"Rissa tridactyla","646d63d3-ac7e-412d-b963-95620d61d4dc","Rissa tridactyla",2020
"HumanObservation",2024,63.8620425,-16.6688243,"2024-08-17T06:43:00+00:00",NA,"Fratercula arctica","648ef6dc-bdbb-4d54-aa22-c3d643dc9227","Fratercula arctica",2020
"HumanObservation",2018,66.2691792627,-17.5157305812,"2018-07-27T19:37:00+00:00",NA,"Fratercula arctica","64a1b1c1-6fe7-436f-9078-3e263d5b22bc","Fratercula arctica",2010
"HumanObservation",2022,78.9733666667,11.665905,"2022-05-12T16:03:00+02:00",NA,"Fratercula arctica","64ae364f-3d72-4721-a9f7-398932d05e68","Fratercula arctica",2020
"HumanObservation",2022,64.9129743136,-23.7196023391,"2022-07-26T12:21:00+00:00",NA,"Fratercula arctica","64b70cbe-72bd-4355-a180-9ae1ee2c86f9","Fratercula arctica",2020
"HumanObservation",2024,77.0178465438,15.8592921297,"2024-07-22T10:50:00+02:00",NA,"Rissa tridactyla","64c0f0a3-d131-4729-a2ec-d2c271589872","Rissa tridactyla",2020
"HumanObservation",2022,70.3512935086,31.0825908601,"2022-07-19T12:41:00+02:00",NA,"Fratercula arctica","64d1421a-73e8-4c83-beb9-9f6c9d47b51e","Fratercula arctica",2020
"HumanObservation",2021,57.1586818776,9.0256655216,"2021-08-12T13:52:00+02:00",NA,"Rissa tridactyla","64d4b494-c4e6-40a5-a41f-4ee2d44cf011","Rissa tridactyla",2020
"HumanObservation",2019,59.8546666667,-1.2743277778,"2019-06-05T15:00:00+01:00",NA,"Fratercula arctica","65002a0f-db6c-47c7-90b1-df8897c9ec2a","Fratercula arctica",2010
"HumanObservation",2024,70.2013887708,31.1091403897,"2024-06-08T20:24:39+02:00",NA,"Fratercula arctica","650953ae-5718-48ed-910a-d92f5f9ac690","Fratercula arctica",2020
"HumanObservation",2024,63.4022119,-19.1310471,"2024-08-05T20:04:44+00:00",NA,"Fratercula arctica","65144ffd-2626-4b1a-95a3-d05ead6099ef","Fratercula arctica",2020
"HumanObservation",2023,58.87997,11.0990888333,"2023-10-17T09:19:19+02:00",NA,"Fratercula arctica","654deb5d-f9d3-4093-a23f-956579ace97d","Fratercula arctica",2020
"HumanObservation",2022,70.3227537761,31.0041023029,"2022-04-14T15:24:00+02:00",NA,"Rissa tridactyla","6550f9c1-4283-4f4e-a877-e33527b336dc","Rissa tridactyla",2020
"HumanObservation",2023,70.3507280224,31.1852753369,"2023-06-23T16:54:00+02:00",NA,"Fratercula arctica","65646da9-eb60-4750-9734-2cd0fb93c74e","Fratercula arctica",2020
"HumanObservation",2024,63.4025825867,-19.0409746394,"2024-07-27T14:40:24+00:00",NA,"Fratercula arctica","656a4b2b-5eae-452d-8ece-ef83bb61f6e4","Fratercula arctica",2020
"HumanObservation",2017,79.7203050534,11.2335151291,"2017-06-18T16:08:00+01:00",NA,"Rissa tridactyla tridactyla","65722853-55b1-43ae-97d0-248bb7b5acc9","Rissa tridactyla",2010
"HumanObservation",2022,59.8555910826,-1.2725656976,"2022-05-31T15:00:41+01:00",NA,"Fratercula arctica","659b058a-be2d-4204-8bdb-0f5493f143b0","Fratercula arctica",2020
"HumanObservation",2022,63.4042166667,-19.1032416667,"2022-08-13T20:39:23+00:00",NA,"Fratercula arctica","65cdde08-5694-4999-aa7a-3e2c654fd5e8","Fratercula arctica",2020
"HumanObservation",2024,77.4880207894,14.6891061172,"2024-08-20T11:24:00+02:00",NA,"Rissa tridactyla","65d9fed6-4781-4af9-ae53-932fbee8cd4c","Rissa tridactyla",2020
"HumanObservation",2024,79.1269306507,11.7699678994,"2024-08-24T20:46:00+02:00",NA,"Rissa tridactyla","65e39512-3fb5-4e59-a90f-3e5e8113b352","Rissa tridactyla",2020
"HumanObservation",2020,66.1384211087,-16.9498379334,"2020-07-22T22:06:41Z",NA,"Fratercula arctica","65e989eb-b267-4fbe-827a-03ad1458f74d","Fratercula arctica",2020
"HumanObservation",2018,65.499885867,-24.5269596705,"2018-06-01T20:47:00+02:00",NA,"Rissa tridactyla","65f36f89-fb01-4648-986a-82d912f0df5e","Rissa tridactyla",2010
"HumanObservation",2024,70.2993151282,31.1808976478,"2024-05-16T15:03:00+02:00",NA,"Rissa tridactyla","65f8c53c-6114-40fc-b805-45fbaf8564f5","Rissa tridactyla",2020
"HumanObservation",2023,63.405012305,-19.1309456527,"2023-08-11T17:54:07+00:00",NA,"Fratercula arctica","65fed974-51e4-430e-bf36-1d61e37329d0","Fratercula arctica",2020
"HumanObservation",2024,70.7561648189,29.7900251403,"2024-05-05T14:02:00+02:00",NA,"Rissa tridactyla","6609b424-5635-496c-9c61-299b5cdcc77c","Rissa tridactyla",2020
"HumanObservation",2023,63.4072016667,-20.274321945,"2023-07-24T15:40:00+00:00",NA,"Rissa tridactyla","6621ad30-429f-4f86-9332-980c97a04c3b","Rissa tridactyla",2020
"HumanObservation",2023,66.1431373442,-16.9502737804,"2023-06-18T13:42:00+00:00",NA,"Fratercula arctica","664d32ab-a32a-442b-b91a-698094a4d6e4","Fratercula arctica",2020
"HumanObservation",2022,59.1363237241,-3.3311684606,"2022-07-29T16:38:00+01:00",NA,"Fratercula arctica","66571e07-73fd-4c7c-970e-c64fb673be70","Fratercula arctica",2020
"HumanObservation",2023,70.2839463729,31.1499874694,"2023-06-23T16:37:00+02:00",NA,"Fratercula arctica","666151a8-df4c-48d9-a92a-52c47febc959","Fratercula arctica",2020
"HumanObservation",2024,58.5886222222,-4.7582583333,"2024-06-08T13:03:00+01:00",NA,"Fratercula arctica","6663941d-02fd-43d1-bf63-e60e2e14f464","Fratercula arctica",2020
"HumanObservation",2023,79.7789217953,18.3195234981,"2023-07-05T22:39:00+02:00",NA,"Balaenoptera physalus","6665b749-5a46-4e6b-bc99-6517185b4511","Balaenoptera physalus",2020
"HumanObservation",2024,64.769517,-23.622432,"2024-06-20T10:34:00+00:00",NA,"Rissa tridactyla","666f067b-cfa1-4b88-ba3d-a2e083b38fbc","Rissa tridactyla",2020
"HumanObservation",2024,65.6064079039,-20.6352454796,"2024-06-11T13:41:54+00:00",NA,"Rissa tridactyla","6683ed32-26c7-4578-8eb0-db4dad453a35","Rissa tridactyla",2020
"HumanObservation",2018,79.754383,12.019133,"2018-08-30T21:30:54","1","Balaenoptera musculus","66c586cf-081c-4d1b-b78c-3b22d067feb9","Balaenoptera musculus",2010
"HumanObservation",2019,78.2297355481,15.5956640277,"2019-09-13T14:46:00+02:00",NA,"Rissa tridactyla","66c78c3c-d6f7-463f-aa3e-38b589448ce5","Rissa tridactyla",2010
"HumanObservation",2018,59.1665,-5.70665,"2018-08-03T00:00:00",NA,"Balaenoptera physalus","66cbe2f4-5e25-46e8-9723-fb7bb6976459","Balaenoptera physalus",2010
"HumanObservation",2024,79.6144736233,14.1854147115,"2024-07-19T17:14:00+02:00",NA,"Rissa tridactyla","66da1fd0-01fc-4203-98f0-f0649a13d7c7","Rissa tridactyla",2020
"HumanObservation",2024,79.8053972292,14.4071356147,"2024-08-06T20:46:00+02:00",NA,"Rissa tridactyla","66de944d-98cb-4310-ac65-53dd7b492ccf","Rissa tridactyla",2020
"HumanObservation",2021,65.5417616667,-13.75449,"2021-07-19T16:57:00-10:00",NA,"Fratercula arctica","66ef7388-af23-407d-806b-0c17a0b73924","Fratercula arctica",2020
"HumanObservation",2023,63.1459950542,7.6315454679,"2023-07-06T14:47:36+02:00",NA,"Rissa tridactyla","672cf500-8db9-48ff-abbe-ea8d27692b14","Rissa tridactyla",2020
"HumanObservation",2023,64.4676317202,-18.0774521828,"2023-10-03T21:22:00+00:00",NA,"Rissa tridactyla","6747d15a-a417-4dc5-a29e-235322ece6c9","Rissa tridactyla",2020
"HumanObservation",2018,63.4049236,-19.1067756,"2018-08-02T19:09:00+02:00",NA,"Fratercula arctica","675f1d15-90b8-47e3-8d04-c368dd5af9be","Fratercula arctica",2010
"HumanObservation",2022,69.364331795,16.1963656733,"2022-07-28T17:53:00+02:00",NA,"Rissa tridactyla","6764c97d-8ead-44c5-a231-f895f3be55f7","Rissa tridactyla",2020
"HumanObservation",2019,68.1991491783,13.3174585519,"2019-10-01T13:46:46+02:00",NA,"Rissa tridactyla","6771a8b5-6591-44ba-8c52-1b688ff25fde","Rissa tridactyla",2010
"HumanObservation",2024,62.4559030587,6.0354346455,"2024-05-28T11:38:00+02:00",NA,"Rissa tridactyla","678517fe-3281-45e1-96d3-935a46e887ff","Rissa tridactyla",2020
"HumanObservation",2023,65.5433461323,-13.7572892289,"2023-06-04T09:31:00+00:00",NA,"Rissa tridactyla","67b294ed-ee60-4df8-9bea-843f3c42ead6","Rissa tridactyla",2020
"HumanObservation",2021,65.541605,-13.75502,"2021-07-29T13:34:16+00:00",NA,"Rissa tridactyla","67cda8be-b1fd-42c7-a7ae-0a684077948c","Rissa tridactyla",2020
"HumanObservation",2019,78.8968657209,12.1935983068,"2019-06-04T20:53:00-04:00",NA,"Rissa tridactyla","68021437-743c-4eac-a9c4-e870eadff59c","Rissa tridactyla",2010
"HumanObservation",2017,78.2473215598,15.5815089974,"2017-04-12T08:25:00+02:00",NA,"Rissa tridactyla","6802932a-1e9f-42be-b898-2576dc060d98","Rissa tridactyla",2010
"HumanObservation",2021,63.799930867,-22.7026849313,"2021-07-01T11:40:47Z",NA,"Rissa tridactyla","680d59cf-e90b-4d55-adc6-1747da0f4e65","Rissa tridactyla",2020
"HumanObservation",2023,71.177308,25.745885,"2023-06-30","1","Balaenoptera physalus","68150381-b4c0-4367-84f5-4b5bbfacb1c9","Balaenoptera physalus",2020
"HumanObservation",2022,65.5421366751,-13.754605,"2022-07-07T18:17:00+00:00",NA,"Fratercula arctica","68271763-fb10-4dbd-8bd6-825033afe5f6","Fratercula arctica",2020
"HumanObservation",2018,63.4181551029,-19.1075912476,"2018-07-24T16:59:00+00:00",NA,"Fratercula arctica","682f3860-a705-4f45-bea8-ca290c2faa1c","Fratercula arctica",2010
"HumanObservation",2022,79.12385,11.843883,"2022-06-15T06:10:00+02:00",NA,"Fratercula arctica","68328001-1a37-44fd-820c-650f84ecf2a4","Fratercula arctica",2020
"HumanObservation",2024,77.0156203482,15.8722229383,"2024-08-10T13:41:00+02:00",NA,"Rissa tridactyla","683ccda8-4bc8-4ff3-9bed-6719748348c9","Rissa tridactyla",2020
"HumanObservation",2023,70.3595700223,31.0278893119,"2023-06-23T15:34:00+02:00",NA,"Fratercula arctica","68494555-7513-4c31-a5f0-eb4e22f9171b","Fratercula arctica",2020
"HumanObservation",2024,66.0483966667,-22.8314,"2024-07-06T09:12:00+00:00",NA,"Fratercula arctica","6853a785-7166-4d4b-8213-e5cf6334c27d","Fratercula arctica",2020
"HumanObservation",2024,63.4449421686,-20.285021183,"2024-06-24T09:56:00+00:00",NA,"Rissa tridactyla","6878d0af-0aab-426c-81dd-83f18c704832","Rissa tridactyla",2020
"HumanObservation",2024,78.439,26.033,"2024-06-05T15:42:00+02:00",NA,"Rissa tridactyla","68938b37-01ca-4122-92b4-8519d3d46354","Rissa tridactyla",2020
"HumanObservation",2022,70.3925597673,31.1880921514,"2022-07-19T13:35:00+02:00",NA,"Fratercula arctica","68993713-f954-46cb-9cee-c932b8827b0a","Fratercula arctica",2020
"HumanObservation",2023,77.5532457478,15.0595511236,"2023-07-09T10:08:00+02:00",NA,"Rissa tridactyla","68a04988-9327-4cc2-ad1e-99722b882f3a","Rissa tridactyla",2020
"HumanObservation",2024,62.9717957256,6.8232421878,"2024-07-18T15:30:18+02:00",NA,"Rissa tridactyla","68cdfe6f-7ee4-4345-aefc-6120d7feb935","Rissa tridactyla",2020
"HumanObservation",2024,78.2214564521,13.8403465545,"2024-07-23T06:03:00+02:00",NA,"Rissa tridactyla","68ece240-9f2b-48b9-badb-9749436bc3bc","Rissa tridactyla",2020
"HumanObservation",2022,60.2270652508,5.3009427203,"2022-06-01T01:25:00+02:00",NA,"Fratercula arctica","690c938f-fcdc-42c4-9732-064ac39d2ad3","Fratercula arctica",2020
"HumanObservation",2023,78.3653996784,16.1352627952,"2023-07-13T13:48:00+02:00",NA,"Fratercula arctica","692134de-2c32-4c92-9b5b-e6609b90704d","Fratercula arctica",2020
"HumanObservation",2019,63.4043052006,-19.1032534126,"2019-07-21T13:56:00+00:00",NA,"Fratercula arctica","6924b996-9b53-4cda-a4ff-189ee61b375a","Fratercula arctica",2010
"HumanObservation",2019,69.343344,16.063814,"2019-08-08T09:08:31","1","Physeter macrocephalus","692bd8f5-c5ed-45bc-91de-28dd561ca6bc","Physeter macrocephalus",2010
"HumanObservation",2020,66.3990419794,12.3287532637,"2020-07-18T11:57:00Z",NA,"Fratercula arctica","694f3c3b-52b2-4110-adc1-89f64cf6c0b7","Fratercula arctica",2020
"HumanObservation",2021,63.4490271,-20.2640753,"2021-07-01T10:09:00-05:00",NA,"Fratercula arctica","6959c809-c66d-4c38-8429-d85d3379a3a8","Fratercula arctica",2020
"HumanObservation",2018,58.5103213469,-6.27790864,"2018-07-30T11:38:00+01:00",NA,"Rissa tridactyla","699d13c2-eda2-43c8-9ce8-fbd1fe36b78f","Rissa tridactyla",2010
"HumanObservation",2022,63.8125663787,-22.7169638663,"2022-05-17T13:25:00+00:00",NA,"Rissa tridactyla","699fd70c-292a-43d6-a809-3906f539b304","Rissa tridactyla",2020
"HumanObservation",2024,79.211411,24.675469,"2024-07-19T05:47:00+02:00",NA,"Rissa tridactyla","69bd80b1-c935-4b52-935b-f81a304719af","Rissa tridactyla",2020
"HumanObservation",2024,66.3939707627,-23.1781673234,"2024-07-14T05:18:00+00:00",NA,"Fratercula arctica","69e25931-9141-4490-972e-2bed09f0bf0d","Fratercula arctica",2020
"HumanObservation",2024,64.7682690336,-23.6194654644,"2024-07-29T14:31:00+00:00",NA,"Rissa tridactyla","69e5201b-12b3-401d-af27-60a22cb3f23e","Rissa tridactyla",2020
"HumanObservation",2024,62.2493553924,-7.1986131036,"2024-05-05T16:04:00+01:00",NA,"Rissa tridactyla","69e9c6e6-2f95-4113-9885-0557633336ff","Rissa tridactyla",2020
"HumanObservation",2024,78.3721603266,15.0503242356,"2024-06-05T22:04:00+02:00",NA,"Rissa tridactyla","69ed3dc1-95ec-431c-a4cc-ff90f07873c5","Rissa tridactyla",2020
"HumanObservation",2023,64.0487088883,-16.180860555,"2023-07-22T13:30:00+00:00",NA,"Rissa tridactyla","6a07ca40-012c-4fb9-8cb4-15b62cf6ad2f","Rissa tridactyla",2020
"HumanObservation",2024,65.989288562,-17.638622392,"2024-07-16T14:02:09+00:00",NA,"Fratercula arctica","6a2f92d1-733a-4999-bf49-5b8e359a8507","Fratercula arctica",2020
"HumanObservation",2023,64.0484463231,-16.1803888225,"2023-07-02T04:05:00+00:00",NA,"Rissa tridactyla","6a3885bb-f413-4d29-bc3b-a7d81a0a6288","Rissa tridactyla",2020
"HumanObservation",2021,64.92952405,-18.9127397,"2021-08-24T22:09:18+00:00",NA,"Fratercula arctica","6a395751-2fc4-4c3d-8e48-917147528cda","Fratercula arctica",2020
"HumanObservation",2022,65.494606689,-24.5301337565,"2022-06-02T13:53:00+00:00",NA,"Rissa tridactyla","6a3dc81a-29d9-4ce1-981d-5b649b3b050c","Rissa tridactyla",2020
"HumanObservation",2024,65.5002722882,-24.5267618964,"2024-06-23T21:30:00+00:00",NA,"Rissa tridactyla","6a46aee9-34c2-40bb-8807-beb7a409cce1","Rissa tridactyla",2020
"HumanObservation",2023,57.3654975889,9.6999645231,"2023-12-27T10:57:43+01:00",NA,"Fratercula arctica","6a4f2543-8360-48c4-b284-167c26c29364","Fratercula arctica",2020
"HumanObservation",2023,64.8179977206,-24.0039626302,"2023-05-31T14:26:00+00:00",NA,"Physeter macrocephalus","6a519194-91f2-4ef8-a42d-b4a30525f10f","Physeter macrocephalus",2020
"HumanObservation",2017,64.71495,-19.028362,"2017-07-21T22:00:00+00:00",NA,"Fratercula arctica","6a88bf5a-9201-4935-9d06-0feaad2d8f2f","Fratercula arctica",2010
"HumanObservation",2022,66.190671739,-17.7681469603,"2022-05-29T13:52:00+00:00",NA,"Fratercula arctica","6a8a8553-8544-4857-aee4-a0ffadad9289","Fratercula arctica",2020
"HumanObservation",2018,64.7353973,-23.775135,"2018-06-11T10:41:00+00:00",NA,"Rissa tridactyla","6a90692a-c3fa-4594-afd3-2e7f0bb86a67","Rissa tridactyla",2010
"HumanObservation",2024,66.5397566,-18.0147135,"2024-06-11T09:10:00+00:00",NA,"Rissa tridactyla","6aac76c3-4299-4c96-b8e0-8dce43a7bff8","Rissa tridactyla",2020
"HumanObservation",2023,78.2645757641,21.9209001608,"2023-07-07T08:36:00+02:00",NA,"Rissa tridactyla","6ab64f7c-cc00-47a3-b99b-a3fed892e968","Rissa tridactyla",2020
"HumanObservation",2024,71.0373563702,25.391683481,"2024-07-13T12:58:00+02:00",NA,"Fratercula arctica","6ab87c23-5964-416f-89a7-be90c00728db","Fratercula arctica",2020
"HumanObservation",2022,64.0171574571,-16.5023006805,"2022-08-19T05:42:00+00:00",NA,"Rissa tridactyla","6ac95b66-472d-437f-8e31-22b5f14dc60f","Rissa tridactyla",2020
"HumanObservation",2022,78.362235,16.0542933333,"2022-05-14T10:16:00+02:00",NA,"Fratercula arctica","6ae6520b-5e19-44aa-ae74-8b82083ac96c","Fratercula arctica",2020
"HumanObservation",2018,64.7730541747,-23.6254529223,"2018-06-17T05:30:00-07:00",NA,"Rissa tridactyla","6b145e6b-dc97-455e-a899-da17551c1aff","Rissa tridactyla",2010
"HumanObservation",2021,63.4436078217,-20.2821064339,"2021-07-01T09:36:00-05:00",NA,"Rissa tridactyla","6b44af04-22dc-4705-a1eb-d2b41d18cdd0","Rissa tridactyla",2020
"HumanObservation",2024,63.9011644445,-21.1936186852,"2024-06-10T17:13:00+00:00",NA,"Fratercula arctica","6b4ee581-a01e-4d9e-8afb-5afb31170ac9","Fratercula arctica",2020
"HumanObservation",2024,79.0550706625,11.5627856896,"2024-08-14T19:56:00+02:00",NA,"Rissa tridactyla","6b7e1222-6582-4763-96b8-2b000dd8bcce","Rissa tridactyla",2020
"HumanObservation",2017,78.5244051951,16.0847091775,"2017-06-20T15:54:00+01:00",NA,"Fratercula arctica","6b85a930-da02-444b-a5cc-f95ee459c125","Fratercula arctica",2010
"HumanObservation",2023,58.726786492,-3.349527897,"2023-08-16T10:17:00+01:00",NA,"Rissa tridactyla","6ba16376-29e5-466a-b2f3-94e1a58d7f8e","Rissa tridactyla",2020
"HumanObservation",2018,70.124813,-18.476987,"2018-06-20T17:03:37","1","Balaenoptera musculus","6ba3a4c7-3cdf-44e3-9ab7-7330ad635d22","Balaenoptera musculus",2010
"HumanObservation",2022,64.910698011,-23.6811783819,"2022-07-26T14:48:00+00:00",NA,"Rissa tridactyla","6ba9bae9-d112-4e61-8c75-761c81fcd77c","Rissa tridactyla",2020
"HumanObservation",2022,70.2313292271,31.1962646342,"2022-07-09T12:43:34+02:00",NA,"Fratercula arctica","6bba6d62-80b0-4d2d-b6b9-d4352d983967","Fratercula arctica",2020
"HumanObservation",2017,79.1070521745,11.9020544714,"2017-06-19T10:39:00+01:00",NA,"Rissa tridactyla","6bd3f38f-6369-445e-9358-3ecba6914df1","Rissa tridactyla",2010
"HumanObservation",2022,70.2970534759,31.030164245,"2022-04-15T11:04:00+02:00",NA,"Fratercula arctica","6bda78c0-32f9-4e20-88f2-d25afb9b74d5","Fratercula arctica",2020
"HumanObservation",2023,62.3274446406,-6.9410741027,"2023-07-13T13:28:00+01:00",NA,"Fratercula arctica","6bf34b83-28eb-4fda-a427-88fef41ce688","Fratercula arctica",2020
"HumanObservation",2024,77.0742742076,16.016695095,"2024-06-12T16:58:00+02:00",NA,"Rissa tridactyla","6bf67bd0-ff58-4b57-8234-392c10813b66","Rissa tridactyla",2020
"HumanObservation",2023,66.3515100319,12.3417490074,"2023-03-14T09:15:24+01:00",NA,"Rissa tridactyla","6bf94939-f215-47eb-ae07-53015133ae05","Rissa tridactyla",2020
"HumanObservation",2022,63.835860825,-22.102077295,"2022-06-24T10:29:00+00:00",NA,"Rissa tridactyla","6c0f0e56-0322-4c69-9ff3-27f6df9fcc8a","Rissa tridactyla",2020
"HumanObservation",2022,64.8860744583,-24.0415038883,"2022-06-25T16:18:00+00:00",NA,"Rissa tridactyla","6c4b5db9-a4b8-4fd1-89cf-c2cb9822021f","Rissa tridactyla",2020
"HumanObservation",2022,59.8546194983,-1.2744441367,"2022-05-14T13:17:00+01:00",NA,"Fratercula arctica","6c4db788-fcff-4ce4-8048-6e8fff3fac01","Fratercula arctica",2020
"HumanObservation",2018,69.1296711003,16.5641205172,"2018-02-03T14:23:37+01:00",NA,"Physeter macrocephalus","6c76f873-1982-4b3d-a15a-49a82896f4be","Physeter macrocephalus",2010
"HumanObservation",2021,58.8663993767,-3.3777973583,"2021-12-17T13:07:34+00:00",NA,"Fratercula arctica","6c843c62-3ba0-4276-b7c5-24e83a2ef1e1","Fratercula arctica",2020
"HumanObservation",2023,79.8068073433,11.9292738829,"2023-06-19T16:10:00+02:00",NA,"Rissa tridactyla","6c8d11f9-caeb-4c5f-90de-89129aa8fad3","Rissa tridactyla",2020
"HumanObservation",2018,65.4942092896,-24.5077972412,"2018-06-20T13:19:06-06:00",NA,"Fratercula arctica","6c9e2db6-0469-449a-834a-f72a6d065654","Fratercula arctica",2010
"HumanObservation",2023,79.7334324333,12.2842268162,"2023-07-12T17:17:00+02:00",NA,"Rissa tridactyla","6ca3edb0-ca4e-40bb-94bf-4a130d5a59a6","Rissa tridactyla",2020
"HumanObservation",2023,79.2665465484,11.5357194536,"2023-06-09T17:41:00+02:00",NA,"Rissa tridactyla","6ce39f4d-1043-48d7-882a-d9cf97e1fc48","Rissa tridactyla",2020
"HumanObservation",2022,64.7643366667,-23.6246916667,"2022-07-19T17:10:24+00:00",NA,"Rissa tridactyla","6cec16e7-1cb2-4532-a44b-790771612de7","Rissa tridactyla",2020
"HumanObservation",2022,70.0365263347,30.1442413579,"2022-07-20T13:06:00+02:00",NA,"Rissa tridactyla","6cfbdd17-38ab-4d6a-bae4-d8f6d71c1169","Rissa tridactyla",2020
"HumanObservation",2018,63.4755823013,-19.1343923419,"2018-07-27T19:38:00+00:00",NA,"Fratercula arctica","6cfc4e48-166c-42ab-9096-d86a4515334d","Fratercula arctica",2010
"HumanObservation",2022,67.8326726689,12.8024531996,"2022-06-19T15:46:00+02:00",NA,"Rissa tridactyla","6d01958a-82e3-41f1-937c-78a0e975a773","Rissa tridactyla",2020
"HumanObservation",2023,62.3682966667,-6.8113466667,"2023-07-01T10:02:34+01:00",NA,"Fratercula arctica","6d0277ff-2263-408a-afb9-0dc34d21f7c5","Fratercula arctica",2020
"HumanObservation",2018,69.444056,15.547714,"2018-02-13T12:27:31","1","Physeter macrocephalus","6d1ef66d-92be-4a93-a866-a71cd56cb371","Physeter macrocephalus",2010
"HumanObservation",2023,65.4998517188,-24.5269267512,"2023-06-01T08:13:00+00:00",NA,"Fratercula arctica","6d1f4664-64bd-4d90-a818-97b98b01e742","Fratercula arctica",2020
"HumanObservation",2024,77.4824539211,14.6822518236,"2024-06-13T15:42:00+02:00",NA,"Rissa tridactyla","6d2d5ee0-c1e9-4c85-bf76-4b894ff8d42a","Rissa tridactyla",2020
"HumanObservation",2023,70.2804214326,31.093185154,"2023-06-23T17:26:00+02:00",NA,"Rissa tridactyla","6d3d2e4d-0ab4-46b2-8356-9790cdf0569f","Rissa tridactyla",2020
"HumanObservation",2023,64.174446106,-21.9552345276,"2023-08-16T08:52:16+00:00",NA,"Fratercula arctica","6d470203-db78-4857-915e-c3309a24590d","Fratercula arctica",2020
"HumanObservation",2017,79.9593910388,11.7833842755,"2017-06-16T16:48:00+01:00",NA,"Rissa tridactyla","6d571b38-f15c-43f6-a5b7-1340239911f2","Rissa tridactyla",2010
"HumanObservation",2018,65.49999,-24.5272966667,"2018-07-01T12:22:00-07:00",NA,"Fratercula arctica","6d5fa234-6176-4f97-971c-237d8285da89","Fratercula arctica",2010
"HumanObservation",2022,65.518593,-13.81504,"2022-06-15T15:00:00+00:00",NA,"Fratercula arctica","6d645a28-0c72-47bf-9082-6e79b390302c","Fratercula arctica",2020
"HumanObservation",2024,65.5279468574,-13.7875637057,"2024-06-02T15:00:00+00:00",NA,"Fratercula arctica","6d6dc8a0-ebf3-4b5c-8491-a88a541a8648","Fratercula arctica",2020
"HumanObservation",2020,60.9042,-10.714,"2020-08-24",NA,"Rissa tridactyla","6d6dc9bd-1468-4c6a-8af5-9552f69fb319","Rissa tridactyla",2020
"HumanObservation",2018,63.5026071885,-19.0289514578,"2018-07-24T17:00:00+00:00",NA,"Fratercula arctica","6d7e83c5-190e-43c2-acc3-737efcda16fa","Fratercula arctica",2010
"HumanObservation",2023,78.259975377,21.9530501117,"2023-09-12T09:16:14+02:00",NA,"Rissa tridactyla","6d891ab0-f71d-425f-bda0-27e1b89281e2","Rissa tridactyla",2020
"HumanObservation",2023,70.3980192037,31.1915670614,"2023-06-23T15:27:00+02:00",NA,"Fratercula arctica","6d8c0d5a-0143-4320-8285-5f727460ed0d","Fratercula arctica",2020
"HumanObservation",2022,59.8616048376,-1.2732926333,"2022-06-05T12:05:22+01:00",NA,"Fratercula arctica","6da6a63e-e8c5-4a8a-a0f0-33f6709f1bea","Fratercula arctica",2020
"HumanObservation",2017,65.5009305556,-24.5279416667,"2017-06-27T17:15:00-04:00",NA,"Fratercula arctica","6dbc7436-504c-4cee-a36d-6628e26e086e","Fratercula arctica",2010
"HumanObservation",2023,71.078232,-8.679199,"2023-09-14T17:42:49","1","Balaenoptera physalus","6dcc61f3-68d0-4211-bd23-1e19d496de2c","Balaenoptera physalus",2020
"HumanObservation",2023,61.9560203,-6.8830338,"2023-07-01T12:47:00+01:00",NA,"Fratercula arctica","6dcee722-6712-4382-91aa-be1807c015df","Fratercula arctica",2020
"HumanObservation",2021,64.188155,-21.8256033333,"2021-07-27T14:31:38-06:00",NA,"Fratercula arctica","6df1b141-7d7e-4344-bba7-533f18b0703e","Fratercula arctica",2020
"HumanObservation",2024,66.1791305762,-16.9900134578,"2024-06-14T14:27:01+00:00",NA,"Fratercula arctica","6df7d15e-08f0-4c43-b7e9-c54defe5a714","Fratercula arctica",2020
"HumanObservation",2024,68.0710319323,13.2935339049,"2024-02-26T15:10:52+01:00",NA,"Rissa tridactyla","6e098ecf-0059-495f-b793-b95a06ade801","Rissa tridactyla",2020
"HumanObservation",2023,64.2102628248,-22.1387794845,"2023-06-08T12:46:40+00:00",NA,"Fratercula arctica","6e0ede06-2bb0-49eb-abbd-cba5da844ade","Fratercula arctica",2020
"HumanObservation",2023,65.003543,-23.819733,"2023-06-06T15:54:19","1","Physeter macrocephalus","6e585b6c-d873-47ec-ba50-51d05f039779","Physeter macrocephalus",2020
"HumanObservation",2024,79.1202813889,11.9079147222,"2024-06-13T09:45:00+02:00",NA,"Rissa tridactyla","6e79303e-b395-4b1b-a4b1-222a9e425cb6","Rissa tridactyla",2020
"HumanObservation",2023,70.2802303578,21.2643411294,"2023-11-27T10:38:24+01:00",NA,"Balaenoptera physalus","6e796d3d-f7ae-4749-97b9-b75d662e881a","Balaenoptera physalus",2020
"HumanObservation",2023,65.3780112783,-22.908773445,"2023-07-02T09:43:00+00:00",NA,"Fratercula arctica","6e79921b-b634-4d71-8a01-71d904931fc0","Fratercula arctica",2020
"HumanObservation",2022,63.4110925641,-18.832029083,"2022-07-31",NA,"Fratercula arctica","6e811251-4b7a-47cd-b2fa-3a0eced2fbb7","Fratercula arctica",2020
"HumanObservation",2023,59.1379055,-3.3304783333,"2023-05-15T10:06:05+01:00",NA,"Fratercula arctica","6e8bea53-e1c1-4872-9a1b-7c5f9a503a39","Fratercula arctica",2020
"HumanObservation",2019,66.094801,-18.524889,"2019-04-05T11:38:04","1","Physeter macrocephalus","6e95a54a-f571-457f-a119-7eb1b8f12129","Physeter macrocephalus",2010
"HumanObservation",2018,65.542189,-13.75465,"2018-07-16T17:46:00+00:00",NA,"Rissa tridactyla","6e9e446e-d333-4c51-98ae-5c3954f9caca","Rissa tridactyla",2010
"HumanObservation",2021,58.929393894,-3.471998304,"2021-05-08T08:19:00+01:00",NA,"Fratercula arctica","6ebbe818-e13d-445e-a703-b4ff90ed4554","Fratercula arctica",2020
"HumanObservation",2021,64.8639133333,-24.0395916667,"2021-08-13T10:34:39-04:00",NA,"Rissa tridactyla","6ebecd49-fd56-487c-bb06-d39a0bb1c856","Rissa tridactyla",2020
"HumanObservation",2022,70.2532963258,31.1245198491,"2022-04-14T15:11:00+02:00",NA,"Fratercula arctica","6ec45f78-b097-430e-926b-032f2c0622d9","Fratercula arctica",2020
"HumanObservation",2022,65.606215,-20.6367233333,"2022-05-31T13:24:00+00:00",NA,"Rissa tridactyla","6ec55b8e-6ad6-4bd0-91bc-929e2ecae836","Rissa tridactyla",2020
"HumanObservation",2023,78.225815,15.6278133333,"2023-07-30T02:36:00+02:00",NA,"Rissa tridactyla","6ec91631-5e34-4dbe-a629-4c39233eef0c","Rissa tridactyla",2020
"HumanObservation",2023,80.8489429406,20.3270763854,"2023-07-30T11:32:36+02:00",NA,"Fratercula arctica","6ecf7173-ef3a-4899-a9e6-9d8353e3c2ae","Fratercula arctica",2020
"HumanObservation",2019,66.5088215017,-16.5391978854,"2019-07-12T16:13:00+00:00",NA,"Fratercula arctica","6ef5018d-f603-4462-9de6-2f40cf53130c","Fratercula arctica",2010
"HumanObservation",2024,79.6018314464,15.7563846297,"2024-07-06T10:52:00+02:00",NA,"Fratercula arctica","6ef7969f-a0d5-4093-a826-15649430c29c","Fratercula arctica",2020
"HumanObservation",2022,63.403268,-19.13284,"2022-06-29T06:02:00+00:00",NA,"Fratercula arctica","6f00c506-9ba7-4a6e-a736-2a24fad150d4","Fratercula arctica",2020
"HumanObservation",2024,66.0396407006,-17.3443909915,"2024-06-07T16:21:00+00:00",NA,"Rissa tridactyla","6f106e1d-ce22-407f-8bb3-cb50d3632bce","Rissa tridactyla",2020
"HumanObservation",2020,64.9999992248,-17.9999999329,"2020-06-29T12:11:00+00:00",NA,"Fratercula arctica","6f128277-1252-4805-8be6-3cc381aa16d1","Fratercula arctica",2020
"HumanObservation",2021,65.3426470479,12.1983876154,"2021-11-07T14:36:00Z",NA,"Rissa tridactyla","6f17bf32-4467-4f3d-81d2-8a580aaa47de","Rissa tridactyla",2020
"HumanObservation",2023,70.2109248531,31.127509849,"2023-06-23T15:34:00+02:00",NA,"Fratercula arctica","6f1ea163-1344-4602-9e9d-d4d52dd20e81","Fratercula arctica",2020
"HumanObservation",2023,66.5276529345,-17.9826065833,"2023-07-09T18:16:00+00:00",NA,"Rissa tridactyla","6f26dc66-2dfb-46a9-ad92-ecfd834c0558","Rissa tridactyla",2020
"HumanObservation",2022,69.8679823075,23.1397700451,"2022-07-23T21:42:00+02:00",NA,"Rissa tridactyla","6f28b9f7-bfe3-4624-9de9-576eb96f5b8b","Rissa tridactyla",2020
"HumanObservation",2019,59.03629,-2.8970293,"2019-06-16T10:30:00+01:00",NA,"Fratercula arctica","6f2ec135-9511-4bb8-8ba5-83f505df137e","Fratercula arctica",2010
"HumanObservation",2023,65.1537254691,-13.9714632769,"2023-07-10T11:16:35+00:00",NA,"Fratercula arctica","6f3bc117-13fb-4d09-a990-25d1109a0c75","Fratercula arctica",2020
"HumanObservation",2024,75.065081611,3.7495183121,"2024-06-11T15:30:00+00:00",NA,"Rissa tridactyla","6f56f02b-8fea-4673-b1f1-242f08e27af7","Rissa tridactyla",2020
"HumanObservation",2023,70.5635,-9.471,"2023-09-28T16:14:00-01:00",NA,"Rissa tridactyla","6f5fabd9-feac-4c65-b283-04fb5a046fac","Rissa tridactyla",2020
"HumanObservation",2023,64.975674,-24.088898,"2023-06-01T11:59:08","1","Physeter macrocephalus","6f764e2b-cd85-4b1d-a79a-5efa1ac69d0b","Physeter macrocephalus",2020
"HumanObservation",2022,69.2432,15.4459,"2022-10-03","1","Physeter macrocephalus","6f7f8151-17d9-45ca-a23d-1d3afd56cec3","Physeter macrocephalus",2020
"HumanObservation",2024,78.723166,11.43804,"2024-06-20T05:16:00+02:00",NA,"Rissa tridactyla","6f86492d-1b3b-4c07-85df-305b3cb82808","Rissa tridactyla",2020
"HumanObservation",2019,66.12348,-17.700806,"2019-06-01T18:58:53","1","Balaenoptera musculus","6f86b46e-0c91-48f8-865a-f5eec128d0f8","Balaenoptera musculus",2010
"HumanObservation",2020,58.3742186634,-5.2049792063,"2020-07-30T14:38:00+01:00",NA,"Rissa tridactyla","6f8bf622-669c-4932-8c7d-bb7bd9033185","Rissa tridactyla",2020
"HumanObservation",2021,57.5975045409,9.9601086786,"2021-07-16T10:37:00+02:00",NA,"Rissa tridactyla","6f9ca476-f2d4-4f04-a83d-9c5b20488331","Rissa tridactyla",2020
"HumanObservation",2023,58.7174735616,-3.0000634878,"2023-08-06T01:04:00+01:00",NA,"Fratercula arctica","6fa99938-0d72-4eaf-b4a8-dbf57bd3378a","Fratercula arctica",2020
"HumanObservation",2024,66.5419883333,-18.0167616667,"2024-07-07T10:51:00+00:00",NA,"Rissa tridactyla","6faef4d7-92d8-4f8e-9c9d-518451b53582","Rissa tridactyla",2020
"HumanObservation",2022,65.59269345,-24.00324981,"2022-08-10T10:55:28+00:00",NA,"Fratercula arctica","6fb422a5-a14f-4eca-a8ad-7c9fdba87a75","Fratercula arctica",2020
"HumanObservation",2024,63.4042266667,-19.103245,"2024-08-15T11:43:17+00:00",NA,"Fratercula arctica","6fbc5cdd-acf4-403f-a884-9dc0d952d143","Fratercula arctica",2020
"HumanObservation",2022,66.5347014201,-17.9818074223,"2022-07-11T08:27:00+00:00",NA,"Fratercula arctica","6fbca79b-bacc-4c61-9f2b-3b8b4cf35583","Fratercula arctica",2020
"HumanObservation",2024,78.1926031578,11.3600856391,"2024-06-04T17:31:00+02:00",NA,"Rissa tridactyla","6fc49b7c-0dcf-45cb-8843-66dc83ef59b5","Rissa tridactyla",2020
"HumanObservation",2019,65.4993560386,-24.525721968,"2019-07-05T17:06:00+02:00",NA,"Fratercula arctica","6fc5704c-4583-4302-a852-c69f4ff5a887","Fratercula arctica",2010
"HumanObservation",2024,58.3874850645,-5.1971994841,"2024-08-06T10:33:00+01:00",NA,"Rissa tridactyla tridactyla","6fcf7cc2-7541-40a2-9d51-9046f6b8426e","Rissa tridactyla",2020
"HumanObservation",2017,64.1637884549,-21.9127016211,"2017-07-13T06:35:00+00:00",NA,"Fratercula arctica","6fd0897f-8b85-45c4-bd04-6ea3a6d6f4f2","Fratercula arctica",2010
"HumanObservation",2024,65.542275,-13.7549116667,"2024-05-13T02:54:37+00:00",NA,"Fratercula arctica","6fd2e076-8685-4d1d-9fec-9f2ac3126033","Fratercula arctica",2020
"HumanObservation",2017,64.7692677,-23.622644,"2017-05-15",NA,"Rissa tridactyla","6fd53080-10fa-4b1d-8071-93f30f5f78ed","Rissa tridactyla",2010
"HumanObservation",2018,66.115677783,-17.3843289448,"2018-07-28T01:51:00-07:00",NA,"Fratercula arctica","6fde73b2-3628-4fa5-93a8-0f8780578c8d","Fratercula arctica",2010
"HumanObservation",2018,57.1579478427,9.0269211307,"2018-07-30T15:44:12+02:00",NA,"Rissa tridactyla","7022a844-f347-4ee3-94e4-1e74664392ae","Rissa tridactyla",2010
"HumanObservation",2022,59.2700009,-2.8716135,"2022-07-25T17:36:00+01:00",NA,"Fratercula arctica","702373ca-2934-4ec0-a5e7-66e2b25ea4da","Fratercula arctica",2020
"HumanObservation",2024,72.41499,-16.36031,"2024-09-16T14:49","1","Balaenoptera physalus","7029520b-0c76-47de-9a08-0ea08fb037dc","Balaenoptera physalus",2020
"HumanObservation",2019,65.5425912348,-13.7557647513,"2019-06-10T21:21:00+02:00",NA,"Rissa tridactyla","703f4b69-f9f0-4211-853a-94c5917acd31","Rissa tridactyla",2010
"HumanObservation",2017,69.2044208018,15.8329953307,"2017-06-07T15:29:00+02:00",NA,"Fratercula arctica","704dc81c-a500-4c5b-b2a0-ce4db5d7e270","Fratercula arctica",2010
"HumanObservation",2021,60.1328843278,-1.0128890802,"2021-06-12T20:20:00+01:00",NA,"Fratercula arctica","704e8b58-a106-4262-84d9-097d4c6e59ed","Fratercula arctica",2020
"HumanObservation",2024,63.4982829001,-19.2731186708,"2024-07-15T13:19:04+00:00",NA,"Fratercula arctica","70561691-be6a-426d-9587-fb558cc8ba2c","Fratercula arctica",2020
"HumanObservation",2022,70.2220364355,31.0293652979,"2022-04-14T14:49:00+02:00",NA,"Fratercula arctica","7072b0e0-a784-4ab4-980a-d2a391d1ef83","Fratercula arctica",2020
"HumanObservation",2024,69.4494286246,18.7174155777,"2024-05-16T16:51:00+02:00",NA,"Rissa tridactyla","707b0ed5-fbb5-4768-9535-d89286e5b035","Rissa tridactyla",2020
"HumanObservation",2024,66.5223052975,-18.0415159989,"2024-06-26T08:06:00+00:00",NA,"Rissa tridactyla","7093742a-d28e-4c5b-bd58-3f4519a7166c","Rissa tridactyla",2020
"HumanObservation",2018,58.7198180779,-3.1378970166,"2018-07-30T11:02:00-06:00",NA,"Fratercula arctica","70b8482a-5572-47a7-9b0d-77e6b5cf9d90","Fratercula arctica",2010
"HumanObservation",2024,63.429385,-20.301755,"2024-07-13T14:11:00+00:00",NA,"Fratercula arctica","70b907e4-64de-4353-9374-58ce72b8aa6b","Fratercula arctica",2020
"HumanObservation",2018,70.3055023288,31.1671610867,"2018-05-10T12:01:00+02:00",NA,"Fratercula arctica","70bba6ae-b8e3-4f20-bce8-086c2489f265","Fratercula arctica",2010
"HumanObservation",2018,76.5943051895,17.28377585,"2018-05-13T00:36:00-05:00",NA,"Rissa tridactyla","70bc0bcf-1370-4882-9184-e60bda6aa942","Rissa tridactyla",2010
"HumanObservation",2022,63.398732,-20.291854,"2022-07-04T16:00:00+00:00",NA,"Fratercula arctica","70be7cbe-77d8-4fe9-87c7-e811719b1995","Fratercula arctica",2020
"HumanObservation",2021,64.0829911,-22.6938278,"2021-07-08T11:27:00-04:00",NA,"Rissa tridactyla","70c3cb6c-7778-477d-a70f-8e2dcd8dc877","Rissa tridactyla",2020
"HumanObservation",2023,64.9257205096,-23.2524970698,"2023-07-20T10:17:00+00:00",NA,"Fratercula arctica","70cd0463-f2f0-4647-b21f-27b76c4365cb","Fratercula arctica",2020
"HumanObservation",2022,65.499795522,-24.5274789893,"2022-06-02T14:12:00+00:00",NA,"Rissa tridactyla","70d14735-918c-4033-88cd-7c6ba2084cd8","Rissa tridactyla",2020
"HumanObservation",2024,78.4010481391,10.4790716038,"2024-08-21T10:27:00+02:00",NA,"Fratercula arctica","70df61bc-7282-4c8b-b4f9-18f78de630cf","Fratercula arctica",2020
"HumanObservation",2023,77.59571471,14.95226425,"2023-06-20T06:43:00+02:00",NA,"Rissa tridactyla","70e417b2-ea21-49ec-b998-7f9e02147b89","Rissa tridactyla",2020
"HumanObservation",2018,70.0083825706,30.1814277561,"2018-06-10T10:33:00+02:00",NA,"Rissa tridactyla","70ecd69f-cc5b-4afc-8d64-66e57ddb0eb7","Rissa tridactyla",2010
"HumanObservation",2023,70.2666625744,31.1813381274,"2023-06-23T15:24:54+02:00",NA,"Fratercula arctica","71054751-da4e-4e69-a580-dfd2b1d5507d","Fratercula arctica",2020
"HumanObservation",2023,63.4046799,-19.1185522,"2023-08-15T22:39:00+00:00",NA,"Fratercula arctica","71090a61-2c24-4f2a-9f7f-ed60a3ef2e27","Fratercula arctica",2020
"HumanObservation",2019,63.4041833333,-19.1033166667,"2019-08-15T11:36:00Z",NA,"Fratercula arctica","710df07b-e303-462d-8771-a0bff3367fd4","Fratercula arctica",2010
"HumanObservation",2024,69.3828999969,15.9388873069,"2024-08-07T15:35:00+02:00",NA,"Fratercula arctica","7114c44d-6a97-4a52-842d-a8cdf203ce1f","Fratercula arctica",2020
"HumanObservation",2023,64.764305,-23.6246333333,"2023-06-07T10:56:36+00:00",NA,"Rissa tridactyla","711f090f-479d-482a-8552-552562763acc","Rissa tridactyla",2020
"HumanObservation",2024,59.8567966667,-1.2721783333,"2024-08-02T10:54:15+01:00",NA,"Fratercula arctica","71354b99-25c4-4802-ba52-80e2fff2d183","Fratercula arctica",2020
"HumanObservation",2022,65.5007466667,-24.5278833333,"2022-07-11T10:38:04+00:00",NA,"Fratercula arctica","71436726-8b74-440e-94d6-d7c56a4bda53","Fratercula arctica",2020
"HumanObservation",2024,63.4035083333,-20.2873033333,"2024-08-08T11:45:11+00:00",NA,"Fratercula arctica","715602d7-226c-4859-8447-db1bf2d4f7a6","Fratercula arctica",2020
"HumanObservation",2024,70.2111262339,31.0824695195,"2024-05-16T16:09:00+02:00",NA,"Fratercula arctica","7169b6f0-0bbb-4e5e-897d-8fe302b18c34","Fratercula arctica",2020
"HumanObservation",2024,63.8824512161,-22.7393654475,"2024-06-20T08:34:00+00:00",NA,"Rissa tridactyla","71765e7f-3ef8-49f0-8828-19f73abb2c49","Rissa tridactyla",2020
"MachineObservation",2020,75.679773,11.656394,"2020-09-12T16:50",NA,"Physeter macrocephalus","718c2e89-29a6-481e-9811-8836c915303d","Physeter macrocephalus",2020
"HumanObservation",2018,63.510345548,-19.090514037,"2018-07-24T17:01:00+00:00",NA,"Fratercula arctica","7192829d-5257-4a79-82eb-71d9fff03e53","Fratercula arctica",2010
"HumanObservation",2019,69.2708883646,15.4662899373,"2019-08-23T11:00:00+02:00",NA,"Physeter macrocephalus","71a217be-207c-4c18-b2ae-3fcda4f0908e","Physeter macrocephalus",2010
"HumanObservation",2023,59.5346984863,-1.6125875711,"2023-06-06T11:16:29+01:00",NA,"Fratercula arctica","71a4722e-7d0a-4055-9da7-5ecb7d275001","Fratercula arctica",2020
"HumanObservation",2024,80.709392214,12.8887130955,"2024-07-21T04:18:00+01:00",NA,"Physeter macrocephalus","71ad8adf-bcac-4385-b418-d39b6375fef7","Physeter macrocephalus",2020
"HumanObservation",2022,63.403295,-20.284029,"2022-07-04T16:51:00+00:00",NA,"Fratercula arctica","71b7e698-4b6e-48ce-b142-4f5997d7498e","Fratercula arctica",2020
"HumanObservation",2024,78.4437767979,11.8789747774,"2024-06-05T10:07:00+02:00",NA,"Rissa tridactyla","71c767fb-d124-473b-b792-d18e075e9ab0","Rissa tridactyla",2020
"HumanObservation",2024,70.3949639757,31.1544760195,"2024-06-05T10:48:00+02:00",NA,"Balaenoptera physalus","71d01425-f431-48a7-a66a-9cea1ae3756f","Balaenoptera physalus",2020
"HumanObservation",2024,79.6460903051,11.2468533567,"2024-09-04T16:24:00+02:00",NA,"Rissa tridactyla","71e39936-1e59-45ae-a548-d8b6836d8ce3","Rissa tridactyla",2020
"HumanObservation",2023,65.4966552783,-24.5151063883,"2023-07-16T14:13:00+00:00",NA,"Fratercula arctica","71e87ef6-6d32-493b-85ed-52e69a2ff0cf","Fratercula arctica",2020
"HumanObservation",2024,78.2261462249,15.6465451387,"2024-08-12T14:35:00+02:00",NA,"Rissa tridactyla","71eb2503-e153-4362-a144-7dea10a3dd48","Rissa tridactyla",2020
"HumanObservation",2023,70.254741183,31.1595990081,"2023-06-23T16:20:00+02:00",NA,"Fratercula arctica","71f0f02e-0b0d-4a25-b6b3-b26ad6a1e85d","Fratercula arctica",2020
"HumanObservation",2019,60.3699709012,-1.3023704787,"2019-07-15T12:58:19+01:00",NA,"Fratercula arctica","71f1b4e0-f109-40dd-a74d-d521f5616c15","Fratercula arctica",2010
"HumanObservation",2021,62.0716607349,-21.9570343667,"2021-08-19T10:29:00Z",NA,"Balaenoptera physalus","72102c46-0fea-420d-afc2-61291901ddc4","Balaenoptera physalus",2020
"HumanObservation",2023,65.5419158062,-13.7541047362,"2023-06-04T09:09:00+00:00",NA,"Fratercula arctica","722b19ee-4b99-47bf-970b-3193bc62e77b","Fratercula arctica",2020
"HumanObservation",2022,79.2140797222,22.0608663889,"2022-06-12T11:36:00+02:00",NA,"Rissa tridactyla","722bc709-c809-4073-af68-bf938b746831","Rissa tridactyla",2020
"HumanObservation",2023,70.2659237823,31.0009547929,"2023-07-01T11:03:00+02:00",NA,"Fratercula arctica","722f3427-fe0e-4dc9-887f-53ec1fb2e602","Fratercula arctica",2020
"HumanObservation",2024,65,-18,"2024-06-21T22:42:00+00:00",NA,"Fratercula arctica","724305be-ef96-45da-9bcb-5dd1206d6143","Fratercula arctica",2020
"HumanObservation",2023,74.3482861813,19.091430812,"2023-07-19T08:45:00+02:00",NA,"Rissa tridactyla","72490110-6bcf-4812-8984-bac33f04b3d8","Rissa tridactyla",2020
"HumanObservation",2024,64.1883116667,-21.8290566667,"2024-07-19T14:40:00+00:00",NA,"Rissa tridactyla","724d012a-ccda-4e83-b510-8c106332ce19","Rissa tridactyla",2020
"HumanObservation",2024,63.0227587171,7.2473620182,"2024-06-26T10:43:42+02:00",NA,"Rissa tridactyla","728f47a3-7a23-4b62-92cf-93ed774528e5","Rissa tridactyla",2020
"HumanObservation",2023,63.860594,-16.668212,"2023-07-10T11:30:00+00:00",NA,"Fratercula arctica","72c8ec0a-5c4a-41d4-b941-110d0881a4f9","Fratercula arctica",2020
"HumanObservation",2023,67.7731065127,12.7904243167,"2023-07-18T21:16:00+02:00",NA,"Fratercula arctica","72dec84f-83a9-48ba-8a95-f2badb54257d","Fratercula arctica",2020
"HumanObservation",2018,80.136663,18.13061,"2018-06-17T22:00:00-05:00",NA,"Rissa tridactyla","72eb02af-3198-4d97-bcdd-eae87eae3c44","Rissa tridactyla",2010
"HumanObservation",2019,80.035395,10.9928083333,"2019-07-03T07:54:00-07:00",NA,"Rissa tridactyla","72ec8c03-d560-4e9e-8852-6b72768894db","Rissa tridactyla",2010
"HumanObservation",2022,64.0817931582,-22.6903087571,"2022-08-02T21:49:00+00:00",NA,"Rissa tridactyla","72f7d2a1-0aaa-4b29-b5d6-0a6f6f2e0281","Rissa tridactyla",2020
"HumanObservation",2017,64.71495,-19.028362,"2017-07-16T22:00:00+00:00",NA,"Rissa tridactyla","73132562-28c2-414d-bfd0-3016552ffbe4","Rissa tridactyla",2010
"HumanObservation",2024,65.922046,-18.274651,"2024-03-19T15:20:50","1","Balaenoptera musculus","7318e4c1-2bdf-4c2b-b8e2-f0d6b1e62573","Balaenoptera musculus",2020
"HumanObservation",2019,64.172557,-21.964502,"2019-08-19T08:23:00+00:00",NA,"Fratercula arctica","732f5f97-9072-43a8-bb26-cb2d9cd49dbe","Fratercula arctica",2010
"HumanObservation",2022,65.1367555,-22.5945133333,"2022-08-20T16:13:49+00:00",NA,"Rissa tridactyla","732f7929-e8f5-4d82-aa72-440b0d3fc228","Rissa tridactyla",2020
"HumanObservation",2020,65.5422666667,-13.7549283333,"2020-07-29T10:19:05+00:00",NA,"Fratercula arctica","733348c3-bb46-421c-9d8f-3e8c8093a42a","Fratercula arctica",2020
"HumanObservation",2018,58.6711235046,-3.3774783611,"2018-07-30T15:20:43+02:00",NA,"Fratercula arctica","733eeb25-1806-4d64-a16f-dd87966b5d06","Fratercula arctica",2010
"MachineObservation",2020,74.272255,14.371758,"2020-09-12T08:33",NA,"Physeter macrocephalus","73424e18-9a28-4028-b2b1-a5ee2461542a","Physeter macrocephalus",2020
"HumanObservation",2020,61.0116,-12.0707,"2020-08-24",NA,"Fratercula arctica","734a75f5-c389-41a7-956d-03358a375c91","Fratercula arctica",2020
"HumanObservation",2017,61.892635,-6.911806,"2017-08-24T17:19:00+01:00",NA,"Fratercula arctica","734eb9cc-f3e3-44ef-9257-0ebfe9e26587","Fratercula arctica",2010
"HumanObservation",2022,63.4025466667,-19.1311666667,"2022-07-12T14:41:00+00:00",NA,"Fratercula arctica","736bc56e-9250-438f-aeab-25b716c24c09","Fratercula arctica",2020
"HumanObservation",2024,64.040619457,-16.2035619574,"2024-08-04T01:23:00+00:00",NA,"Rissa tridactyla","73c081f3-3d81-461f-a148-a317ca1ba123","Rissa tridactyla",2020
"HumanObservation",2022,63.427717,-20.2673821,"2022-08-23T08:05:00+00:00",NA,"Fratercula arctica","73c713b1-aaab-4117-91a4-17c019af60c6","Fratercula arctica",2020
"HumanObservation",2024,79.59493969,10.731568547,"2024-08-25T12:34:00+02:00",NA,"Fratercula arctica","73dcc5cf-7e37-412f-ad44-a2ba074f65e6","Fratercula arctica",2020
"HumanObservation",2017,64.71495,-19.028362,"2017-07-21T22:00:00+00:00",NA,"Fratercula arctica","73e24e65-f65d-474a-80fc-e52d726fb61c","Fratercula arctica",2010
"HumanObservation",2022,62.3616409302,-6.7846946716,"2022-06-26T14:51:36+01:00",NA,"Fratercula arctica","73f3e383-9eb0-4eb0-9c56-f702853385dd","Fratercula arctica",2020
"HumanObservation",2018,64.1719559,-21.9163726,"2018-05-24",NA,"Fratercula arctica","73fc5703-7eb9-43b5-be00-de0480a7b8df","Fratercula arctica",2010
"HumanObservation",2024,80.06,12.81,"2024-07-21T10:14","1","Physeter macrocephalus","7403418b-78b8-45f8-8de2-e211691499ed","Physeter macrocephalus",2020
"HumanObservation",2018,65.5000116667,-24.5272533333,"2018-07-01T12:24:00-07:00",NA,"Fratercula arctica","74044318-a1e6-4c3b-8389-2ea31ce878bc","Fratercula arctica",2010
"HumanObservation",2023,63.4451330824,-20.2602900122,"2023-07-24T14:13:00+00:00",NA,"Fratercula arctica","7411f69a-0371-43ff-b5fd-7bfd3855a2c9","Fratercula arctica",2020
"HumanObservation",2023,71.1253259289,25.312125691,"2023-07-17T12:11:00+02:00",NA,"Fratercula arctica","74127d19-f800-4026-920b-199c528728e6","Fratercula arctica",2020
"HumanObservation",2024,62.1021166206,-7.647708555,"2024-08-06T13:19:00+01:00",NA,"Fratercula arctica","74141d8c-7e05-477c-8730-44080178966d","Fratercula arctica",2020
"HumanObservation",2022,66.163153,-17.840742,"2022-07-13T17:42:00+00:00",NA,"Fratercula arctica","741a25fa-9588-46ce-9f9f-83fffaed39e4","Fratercula arctica",2020
"HumanObservation",2022,70.3803286666,31.0008166658,"2022-04-13T11:16:00+02:00",NA,"Rissa tridactyla","74309c0c-72ba-4a55-b404-c37b4549d94b","Rissa tridactyla",2020
"HumanObservation",2024,64.9876826755,-23.7219689728,"2024-04-03T19:57:00+00:00",NA,"Physeter macrocephalus","7438cfb8-37dc-447a-bbb3-74ac4be9c5b8","Physeter macrocephalus",2020
"HumanObservation",2023,70.3999268948,31.1424599867,"2023-06-23T17:26:00+02:00",NA,"Rissa tridactyla","7458af5e-7492-4220-8212-63c709b0459d","Rissa tridactyla",2020
"HumanObservation",2023,70.2620500839,31.1265312622,"2023-06-23T15:22:00+02:00",NA,"Rissa tridactyla","745eb9fc-e746-4e91-a888-d2722b974768","Rissa tridactyla",2020
"HumanObservation",2018,60.3213009,-1.221926,"2018-08-02T19:02:00+01:00",NA,"Fratercula arctica","74742b1a-8092-47e2-a01b-87360050afd4","Fratercula arctica",2010
"HumanObservation",2024,64.404091632,-14.556417393,"2024-08-10T10:45:00+00:00",NA,"Rissa tridactyla","7477acc4-d2bd-4526-967a-477c8f172b31","Rissa tridactyla",2020
"HumanObservation",2023,57.1585175442,9.0255849715,"2023-08-10T15:35:54+02:00",NA,"Rissa tridactyla","74879f2b-9bca-4a09-b425-65e2404704fa","Rissa tridactyla",2020
"HumanObservation",2023,70.3307833127,31.1285624532,"2023-06-23T16:55:00+02:00",NA,"Fratercula arctica","748c1e91-3898-4646-8b25-bf012ce7cf9e","Fratercula arctica",2020
"HumanObservation",2023,63.4025728,-19.0420784,"2023-07-26T14:33:47+00:00",NA,"Fratercula arctica","748c8aa2-eba0-4ef1-917a-50a002556300","Fratercula arctica",2020
"HumanObservation",2019,64.275408945,-21.0936417901,"2019-06-25T14:16:00+00:00",NA,"Fratercula arctica","7497daa1-cd2a-4f5b-99d5-d33c59fdca01","Fratercula arctica",2010
"HumanObservation",2021,69.7134123493,30.9654152056,"2021-07-09T12:14:00+03:00",NA,"Rissa tridactyla","7497e703-82b0-4fbc-87eb-f198be72fb46","Rissa tridactyla",2020
"HumanObservation",2023,79.8425095864,11.4592708413,"2023-06-11T10:51:00+02:00",NA,"Fratercula arctica","749ef4ee-ff70-459e-a92c-843134154639","Fratercula arctica",2020
"HumanObservation",2023,78.9227603266,11.9561187576,"2023-06-25T12:07:00+02:00",NA,"Rissa tridactyla","74ae845a-8d80-43f1-8f41-6ab7de85c108","Rissa tridactyla",2020
"HumanObservation",2023,65.5415441667,-13.7549983333,"2023-08-05T13:17:00+00:00",NA,"Rissa tridactyla","74c789a9-850c-4c9c-b709-04435ddddbab","Rissa tridactyla",2020
"HumanObservation",2023,70.2571134046,31.0221697765,"2023-06-23T17:26:00+02:00",NA,"Rissa tridactyla","74d3cfeb-a312-4101-9631-e9fa72d18741","Rissa tridactyla",2020
"HumanObservation",2017,60.1326805556,-1.0139611111,"2017-06-28T13:22:00+02:00",NA,"Fratercula arctica","74dca7f0-df20-454e-9f80-cdc17e04b13e","Fratercula arctica",2010
"HumanObservation",2022,70.3527432438,31.165321908,"2022-04-15T11:05:00+02:00",NA,"Fratercula arctica","74e893fe-1588-4eaa-875b-f43592b84f45","Fratercula arctica",2020
"HumanObservation",2023,70.0357733574,29.9635724559,"2023-06-23T13:13:00+02:00",NA,"Rissa tridactyla","74f2c2a4-2a85-441d-9daa-73157906044d","Rissa tridactyla",2020
"HumanObservation",2023,70.3367675346,31.0835053827,"2023-07-12T13:34:00+02:00",NA,"Fratercula arctica","74fa7103-90ec-4970-898c-b7f2c2f3693e","Fratercula arctica",2020
"HumanObservation",2024,78.2141142208,13.8228182987,"2024-08-21T16:27:00+02:00",NA,"Rissa tridactyla","75045735-e107-469f-94b1-394a792da94f","Rissa tridactyla",2020
"HumanObservation",2019,79.5680788306,11.0668712919,"2019-07-15T15:04:00Z",NA,"Fratercula arctica","7505ea81-1ae8-47f4-af6c-a8bbe76cc6c1","Fratercula arctica",2010
"HumanObservation",2017,64.71495,-19.028362,"2017-07-15T22:00:00+00:00",NA,"Fratercula arctica","7521274a-be43-41df-8e6a-4bf058cb6386","Fratercula arctica",2010
"MachineObservation",2020,74.227647,14.342675,"2020-09-12T08:22",NA,"Physeter macrocephalus","752909c5-093f-4c93-98b1-417b93fd5e24","Physeter macrocephalus",2020
"HumanObservation",2022,63.4426718972,-20.2749309524,"2022-09-04T12:57:31+00:00",NA,"Fratercula arctica","754593ae-13c1-4ec3-bab7-97ae8ee7e474","Fratercula arctica",2020
"HumanObservation",2024,70.3253118784,31.0602301696,"2024-06-06T10:19:00+02:00",NA,"Fratercula arctica","75464ee2-6ce4-4e83-ab47-ceb905ac9cb7","Fratercula arctica",2020
"HumanObservation",2018,64.7645403666,-23.6196536198,"2018-07-04T09:31:27Z",NA,"Rissa tridactyla","754d7215-fbd4-469b-ac78-0fdd4c5f9039","Rissa tridactyla",2010
"HumanObservation",2021,69.8200394107,18.7220353174,"2021-07-28T20:46:00+02:00",NA,"Fratercula arctica","75596805-2c3a-4adf-ba38-483db23cf6c9","Fratercula arctica",2020
"MachineObservation",2020,73.3725,19.773175,"2020-09-29T06:38",NA,"Physeter macrocephalus","75644d61-15d2-4b9e-9e7a-f19fdfc253b6","Physeter macrocephalus",2020
"HumanObservation",2021,62.1088575216,-7.6034014837,"2021-08-19T15:37:32+01:00",NA,"Fratercula arctica","7566a8d2-6541-4fec-8c93-7c7207d16c6f","Fratercula arctica",2020
"HumanObservation",2022,78.0031887065,14.3414710265,"2022-06-28T16:45:00+02:00",NA,"Fratercula arctica","7572301d-cd6e-45c5-ac05-827a0d86514c","Fratercula arctica",2020
"HumanObservation",2023,65.5419392,-13.7547397997,"2023-07-20T10:49:10+00:00",NA,"Fratercula arctica","7573a523-c998-452a-9f23-4048fbfcdd9a","Fratercula arctica",2020
"HumanObservation",2023,70.2772362494,31.0506907907,"2023-06-23T15:04:00+02:00",NA,"Fratercula arctica","757412a2-7ac3-48f5-98bd-b30ddfe00d9d","Fratercula arctica",2020
"HumanObservation",2022,65.2308130001,-22.829046,"2022-07-08T16:01:00+00:00",NA,"Fratercula arctica","7583bfd6-5d58-4393-9050-fad9d36514f2","Fratercula arctica",2020
"HumanObservation",2021,63.9486725142,-16.8144863113,"2021-08-03T03:17:00+00:00",NA,"Fratercula arctica","758f7f1a-c119-4669-be06-d29fee9b747d","Fratercula arctica",2020
"HumanObservation",2023,70.2692971205,31.0382304026,"2023-06-23T17:02:00+02:00",NA,"Fratercula arctica","759b1671-a1d8-4fb2-9194-ab43d8d4730a","Fratercula arctica",2020
"HumanObservation",2024,63.4041216667,-19.04364,"2024-08-12T15:13:53+00:00",NA,"Fratercula arctica","75a4e2ad-00f6-4f3a-8deb-65b5a8ead3ba","Fratercula arctica",2020
"HumanObservation",2024,63.402999275,-20.2901195306,"2024-07-10T08:26:39+00:00",NA,"Fratercula arctica","75a53542-e280-42bc-b17d-41b5c28e57ab","Fratercula arctica",2020
"HumanObservation",2017,64.71495,-19.028362,"2017-07-15T22:00:00+00:00",NA,"Fratercula arctica","75b7aacf-3ca4-4b90-93da-915b5d752d56","Fratercula arctica",2010
"HumanObservation",2023,62.1030199066,-7.6570197567,"2023-08-19T14:51:30+01:00",NA,"Fratercula arctica","75c3dae8-43c8-43ed-adc1-2b01c89fed1f","Fratercula arctica",2020
"HumanObservation",2022,64.8958448227,-23.7074205279,"2022-07-26T17:32:57+00:00",NA,"Fratercula arctica","75d4750d-a3b3-4ca0-a653-fd785a4bc5c7","Fratercula arctica",2020
"HumanObservation",2023,70.289455365,31.180464609,"2023-06-23T15:31:00+02:00",NA,"Fratercula arctica","75d54645-63cc-4f42-82d0-26416eed7dce","Fratercula arctica",2020
"HumanObservation",2023,70.3419276351,31.0892985431,"2023-06-23T15:17:00+02:00",NA,"Rissa tridactyla","75d9e15e-3243-41f6-94b3-971dea0ceca3","Rissa tridactyla",2020
"HumanObservation",2023,66.04716313,-22.82722305,"2023-07-01T17:00:00+00:00",NA,"Fratercula arctica","75e396e9-ff0f-47e1-82ab-2d531d7f3bef","Fratercula arctica",2020
"HumanObservation",2022,66.4424287564,-18.0309450994,"2022-06-30T06:40:00+00:00",NA,"Fratercula arctica","75e81586-f140-4d16-8aa1-fa0f32f3f697","Fratercula arctica",2020
"HumanObservation",2018,66.2025996487,-17.138947472,"2018-08-08T16:34:00+00:00",NA,"Fratercula arctica","75fa28f7-da47-425e-9313-c18f10cb385a","Fratercula arctica",2010
"HumanObservation",2019,78.29459,9.42223,"2019-07-17T21:51:03","1","Balaenoptera musculus","76263611-ab18-411f-8058-7cff092f317d","Balaenoptera musculus",2010
"HumanObservation",2023,66.55576602,-18.01137147,"2023-06-22T11:54:58+00:00",NA,"Rissa tridactyla","762beaa7-ef7a-4e1c-8db5-52083d475aa4","Rissa tridactyla",2020
"HumanObservation",2023,59.372008,-2.4188716,"2023-07-25T13:14:00+01:00",NA,"Fratercula arctica","763706a8-3d00-476a-ac70-8154cbc1adec","Fratercula arctica",2020
"MaterialSample",2019,58.38841,-5.197341,"2019-06-26",NA,"Rissa tridactyla","76395fd0-cf73-4512-b73f-c897e8d9eb0c","Rissa tridactyla",2010
"HumanObservation",2024,64.1614453294,-22.0040940278,"2024-09-03T15:33:00+00:00",NA,"Rissa tridactyla","7649eb77-e660-46b1-b2db-43ba475c3936","Rissa tridactyla",2020
"HumanObservation",2023,70.2040689455,31.1848674594,"2023-06-23T16:21:00+02:00",NA,"Fratercula arctica","76506c53-996e-4a20-8eb2-8524a618d94f","Fratercula arctica",2020
"HumanObservation",2022,70.2624155774,31.1747484739,"2022-06-03T17:18:41+02:00",NA,"Fratercula arctica","76569d93-5144-4ab6-84f5-3e41d31e5872","Fratercula arctica",2020
"HumanObservation",2018,65.5542452126,-13.7005503566,"2018-08-05T10:08:00-04:00",NA,"Fratercula arctica","765ea48c-8b3e-4ef9-ba40-bbc68a26dd08","Fratercula arctica",2010
"HumanObservation",2022,57.5948748281,9.9570900947,"2022-03-08T16:42:25+01:00",NA,"Fratercula arctica","7661de96-da75-4e75-a211-b16f1e1d0390","Fratercula arctica",2020
"HumanObservation",2024,66.5397566,-18.0147135,"2024-06-11T07:52:00+00:00",NA,"Fratercula arctica","7674d4a4-61fa-4710-b566-fd2997b8ac50","Fratercula arctica",2020
"HumanObservation",2018,80.7876004399,11.6914342206,"2018-06-30",NA,"Rissa tridactyla","767bd385-d059-4768-8cd9-9a2c1fd7f3ec","Rissa tridactyla",2010
"HumanObservation",2017,79.9606393724,11.4592875958,"2017-06-16T14:26:00+01:00",NA,"Rissa tridactyla","768472f9-c8b9-4421-b475-e53a918a91d5","Rissa tridactyla",2010
"MachineObservation",2020,76.455106,10.25705,"2020-09-12T21:11",NA,"Physeter macrocephalus","768e8d36-3669-4edf-971d-189aacc05c07","Physeter macrocephalus",2020
"HumanObservation",2022,65.377946,-22.909733,"2022-07-08T18:01:00+00:00",NA,"Fratercula arctica","76990a40-a52a-4b5d-9414-8172b2d5624a","Fratercula arctica",2020
"HumanObservation",2022,64.7677201833,-23.6170308829,"2022-06-30T07:11:00+00:00",NA,"Rissa tridactyla","769d9d8c-9978-48fe-b664-5ca6baa5eddb","Rissa tridactyla",2020
"HumanObservation",2023,66.818612267,-13.8272045581,"2023-06-22T19:25:23-01:00",NA,"Balaenoptera physalus","76b1c748-cac3-4013-a64d-3551d9497a15","Balaenoptera physalus",2020
"HumanObservation",2019,62.2171676096,5.6828047781,"2019-06-11T21:00:41+02:00",NA,"Fratercula arctica","76e7caa3-6c0c-4c64-8126-c39a50f232fa","Fratercula arctica",2010
"HumanObservation",2019,70.2782479996,26.8546574314,"2019-07-22T19:11:04+08:00",NA,"Fratercula arctica","7709ebbf-9192-491a-90d6-620c33567a2e","Fratercula arctica",2010
"HumanObservation",2022,68.060317,-22.269967,"2022-06-04T21:56:13","1","Balaenoptera musculus","770ffdb6-0002-49f9-afd3-3411be18bc3c","Balaenoptera musculus",2020
"HumanObservation",2023,70.3573973491,31.1947314479,"2023-06-23T15:05:00+02:00",NA,"Rissa tridactyla","77160f6e-ca26-4938-bf6d-e2e9f952201e","Rissa tridactyla",2020
"HumanObservation",2019,78.9933333333,12.1102777778,"2019-08-02T11:31:00+03:00",NA,"Rissa tridactyla","7722c156-5ad7-4fb4-a3f3-c8eaeddf0ce7","Rissa tridactyla",2010
"HumanObservation",2023,59.5347933333,-1.6023916667,"2023-05-24T08:53:15+01:00",NA,"Fratercula arctica","772bedbf-7e4f-46c4-894a-df1a9a2fe055","Fratercula arctica",2020
"HumanObservation",2022,64.1846153398,-21.8328434801,"2022-06-16T11:17:00+00:00",NA,"Fratercula arctica","772e6751-5385-472f-a4db-c3abe2f0ebf3","Fratercula arctica",2020
"HumanObservation",2023,64.7716916074,-23.554342631,"2023-07-13T16:56:00+00:00",NA,"Rissa tridactyla","77384169-545c-4d3a-b382-e4de34780533","Rissa tridactyla",2020
"HumanObservation",2017,64.794407837,-23.5905102687,"2017-08-13T13:46:00+02:00",NA,"Rissa tridactyla","7775604c-60b6-4742-b640-b4895dd6e877","Rissa tridactyla",2010
"HumanObservation",2024,66.50806,-16.54459,"2024-07-19T13:33:00+00:00",NA,"Fratercula arctica","777943c8-72df-458e-8759-90fb9f4ccf5d","Fratercula arctica",2020
"HumanObservation",2023,62.2451127035,-7.1821779128,"2023-06-01T19:32:00+01:00",NA,"Rissa tridactyla tridactyla","77820fee-7ec8-4f2b-8821-6796e0a325cc","Rissa tridactyla",2020
"HumanObservation",2024,79.6568712265,11.0983988432,"2024-08-15T13:07:00+02:00",NA,"Rissa tridactyla","77917962-e6c4-4dce-9a0d-45fe95a82d94","Rissa tridactyla",2020
"HumanObservation",2023,66.5304033386,-17.9823518844,"2023-07-09T17:10:00+00:00",NA,"Fratercula arctica","77a03ca3-f202-4857-a69d-78113579026f","Fratercula arctica",2020
"HumanObservation",2018,63.4017666537,-19.127674127,"2018-07-26T13:29:00+00:00",NA,"Fratercula arctica","77a9759e-b409-477d-918d-4c41c5773101","Fratercula arctica",2010
"HumanObservation",2023,69.6342648256,30.7899962059,"2023-06-22T14:18:00+02:00",NA,"Rissa tridactyla","77aa0ef1-01c8-4d39-8d16-42014a139cf7","Rissa tridactyla",2020
"HumanObservation",2023,65.542628834,-13.7562839213,"2023-05-31T16:16:00+00:00",NA,"Fratercula arctica","77d3e4a3-6148-40de-8a8a-b4f59f367783","Fratercula arctica",2020
"HumanObservation",2022,67.9138045988,12.8181679687,"2022-08-14T15:58:31+02:00",NA,"Rissa tridactyla","77ec46fe-fbcc-4f54-8d4e-5a74d5ee3255","Rissa tridactyla",2020
"HumanObservation",2023,71.1192909994,24.6628029202,"2023-07-28T11:05:02+02:00",NA,"Fratercula arctica","77f7aea8-251c-443f-b424-9afb7717da43","Fratercula arctica",2020
"HumanObservation",2024,64.0449350442,-16.1796792224,"2024-06-11T13:44:00+00:00",NA,"Rissa tridactyla","7807555e-a37c-4868-9f2e-c522ac7d5749","Rissa tridactyla",2020
"HumanObservation",2023,64.7515602541,-23.6446599619,"2023-07-05T10:26:00+00:00",NA,"Rissa tridactyla","78103410-1040-424d-8805-786c06cdb9a0","Rissa tridactyla",2020
"HumanObservation",2018,64.8683997011,-24.0404223092,"2018-06-23T09:21:24Z",NA,"Fratercula arctica","781f21d0-1a44-4eee-8087-864a73c30789","Fratercula arctica",2010
"HumanObservation",2024,65.0297069719,-23.9702162874,"2024-04-24T11:57:24+00:00",NA,"Physeter macrocephalus","785a0265-1593-43f8-abd5-21d6cf0e51f3","Physeter macrocephalus",2020
"HumanObservation",2019,65.3865637,-22.9748518574,"2019-07-05T10:41:00+02:00",NA,"Fratercula arctica","787e7b4d-c9c7-40a5-b3bd-c55e6b985b43","Fratercula arctica",2010
"HumanObservation",2024,64.766984435,-23.6203925689,"2024-03-26T14:38:10+00:00",NA,"Rissa tridactyla","787ffb74-e6a3-4c53-a9c2-1596b72ba62f","Rissa tridactyla",2020
"HumanObservation",2018,59.2695601965,-2.8731689157,"2018-07-31T00:40:00-06:00",NA,"Fratercula arctica","78a2cfb7-e1f7-423b-b5f4-b31e29b8431f","Fratercula arctica",2010
"HumanObservation",2024,78.2260739807,15.6453005938,"2024-08-12T05:38:00+02:00",NA,"Rissa tridactyla","78b527df-555d-4eab-aa53-5ab4cdfaf278","Rissa tridactyla",2020
"HumanObservation",2022,79.1354477127,5.349029006,"2022-06-28T21:04:00+00:00",NA,"Balaenoptera physalus","78b8b956-d679-4a91-a321-e66410751dda","Balaenoptera physalus",2020
"HumanObservation",2019,63.8104707488,-16.7633506563,"2019-06-18T15:07:00-10:00",NA,"Fratercula arctica","78c70bac-1e09-42b8-b728-dd44a351798c","Fratercula arctica",2010
"HumanObservation",2023,71.1167736946,25.2208864627,"2023-07-28T12:11:46+02:00",NA,"Fratercula arctica","7900095f-93fa-4088-a7ba-04569ff0783b","Fratercula arctica",2020
"HumanObservation",2021,64.8319528407,-24.0953884238,"2021-07-02T05:55:00+00:00",NA,"Physeter macrocephalus","790982dd-d01c-4498-82b4-f48ce808bdfc","Physeter macrocephalus",2020
"HumanObservation",2018,66.2251617014,-17.4213392983,"2018-07-27T19:42:00+00:00",NA,"Fratercula arctica","790b0526-f134-468e-9d21-b58a5138ad96","Fratercula arctica",2010
"HumanObservation",2022,77.553604,23.670272,"2022-06-20T15:25:00+02:00",NA,"Fratercula arctica","790bddbb-b25a-4019-916d-8f8252160a29","Fratercula arctica",2020
"HumanObservation",2019,64.1721116667,-21.96547,"2019-08-03T09:56:37Z",NA,"Fratercula arctica","7926374b-a474-487a-9f24-38afdd06f1a5","Fratercula arctica",2010
"HumanObservation",2023,64.7677,-23.6164716667,"2023-06-02T13:24:25+00:00",NA,"Rissa tridactyla","7933a826-3654-4471-8863-82408ee6abf7","Rissa tridactyla",2020
"HumanObservation",2018,63.4017666537,-19.127674127,"2018-07-26T13:29:00+00:00",NA,"Fratercula arctica","79343ad8-19c6-4a2d-8ddf-c7992ca4c4dd","Fratercula arctica",2010
"HumanObservation",2022,59.3333333,-3.0666667,"2022-07-25T15:49:00+01:00",NA,"Rissa tridactyla","7939d5c6-2c6a-47d8-b52a-cb8ecb38fa2d","Rissa tridactyla",2020
"HumanObservation",2023,66.3605600629,-14.7716275173,"2023-07-07T13:41:00+00:00",NA,"Fratercula arctica","7950e585-4b43-4711-beae-b373190b7ac0","Fratercula arctica",2020
"HumanObservation",2018,59.8554255957,-1.2735272892,"2018-06-16T22:57:00+01:00",NA,"Fratercula arctica","796094c2-3c73-4c6d-a1a1-d378f957892e","Fratercula arctica",2010
"HumanObservation",2024,63.921369947,-21.9964921474,"2024-06-22T18:26:00+00:00",NA,"Rissa tridactyla","79612a17-1b10-48b0-a8bb-09d68699930d","Rissa tridactyla",2020
"HumanObservation",2022,59.114338988,10.9473173936,"2022-02-20T15:20:00+01:00",NA,"Rissa tridactyla","7965b1d1-6d3c-478d-88ce-8dd39db0e636","Rissa tridactyla",2020
"HumanObservation",2022,63.398668,-20.291869,"2022-07-04T16:17:00+00:00",NA,"Fratercula arctica","7979cd79-130e-4df5-8bbe-83c3afa14d1f","Fratercula arctica",2020
"HumanObservation",2018,64.049890386,-16.1628799606,"2018-06-18T16:49:10Z",NA,"Rissa tridactyla","797a338b-1250-486b-b350-e3b533a995f4","Rissa tridactyla",2010
"HumanObservation",2024,78.5422555193,12.8938436588,"2024-06-28T12:38:00+02:00",NA,"Rissa tridactyla","797bb89e-b030-49c4-a7e4-5283e64ca595","Rissa tridactyla",2020
"HumanObservation",2018,66.0449706,-17.3383443,"2018-06-15T07:45:00Z",NA,"Rissa tridactyla","7981efed-a2de-4d89-88a9-b6c3c77229a6","Rissa tridactyla",2010
"HumanObservation",2023,59.8543368573,-1.2745716423,"2023-07-16T12:14:00+01:00",NA,"Fratercula arctica","799b0b32-e459-4bed-a9a8-7e6ba3778f89","Fratercula arctica",2020
"HumanObservation",2017,69.2765339426,15.9437254415,"2017-06-07T15:18:00+02:00",NA,"Fratercula arctica","79b97618-03e2-4204-bd14-47c89dd39fc0","Fratercula arctica",2010
"HumanObservation",2020,68.1885220596,13.3665353964,"2020-08-05T17:13:00+02:00",NA,"Rissa tridactyla","79be97aa-cd97-425c-b9c0-3daed707ea36","Rissa tridactyla",2020
"HumanObservation",2020,68.1941353921,13.3824339941,"2020-02-27",NA,"Rissa tridactyla","79c78ef5-f1ad-48c1-96ff-eb7e77728e7e","Rissa tridactyla",2020
"HumanObservation",2024,70.285938,22.352646,"2024-11-10T14:11:09","1","Physeter macrocephalus","79d0965f-c49b-4018-95d0-c47e270b7592","Physeter macrocephalus",2020
"HumanObservation",2024,62.1578576545,-7.2194857666,"2024-08-09T10:20:00+01:00",NA,"Fratercula arctica","79e56bde-f98f-430b-96a1-4dadafbd0204","Fratercula arctica",2020
"HumanObservation",2023,71.0263148914,25.3234620534,"2023-07-28T18:05:00+02:00",NA,"Rissa tridactyla","79f2a83a-c45c-4966-9455-bd65bc1df030","Rissa tridactyla",2020
"HumanObservation",2023,70.2522434524,31.0045521978,"2023-06-23T15:17:00+02:00",NA,"Rissa tridactyla","7a0a2c8f-0349-45c1-8de1-0a464aab5beb","Rissa tridactyla",2020
"HumanObservation",2017,78.1742896545,15.0546833535,"2017-04-12T17:28:00+02:00",NA,"Rissa tridactyla","7a1825e1-7af1-4a4d-96ce-11044c24b05f","Rissa tridactyla",2010
"HumanObservation",2024,70.2790691384,31.1168129434,"2024-05-16T15:52:00+02:00",NA,"Rissa tridactyla","7a389b86-366e-4eaf-b8e3-db271ec61f45","Rissa tridactyla",2020
"HumanObservation",2021,62.0785694157,-21.8784506913,"2021-08-19T10:29:00Z",NA,"Fratercula arctica","7a399d80-be57-4851-a20d-aa7eb560ac4a","Fratercula arctica",2020
"HumanObservation",2021,65.8195490831,-19.6733993651,"2021-07-24T07:30:34-04:00",NA,"Fratercula arctica","7a450d31-8a5c-4264-b6b1-e931aba0b624","Fratercula arctica",2020
"HumanObservation",2017,65.496576,-24.514497,"2017-07-07T12:52:30+00:00",NA,"Rissa tridactyla","7a46fcb5-69aa-40e7-bff5-58034b8da2a2","Rissa tridactyla",2010
"HumanObservation",2024,80.821264,20.374428,"2024-07-17T05:33:00+02:00",NA,"Rissa tridactyla","7a475bff-441d-4df1-a06d-86dfbe0b5d9d","Rissa tridactyla",2020
"HumanObservation",2024,65.5397866667,-13.7589333333,"2024-06-03T20:56:04+00:00",NA,"Fratercula arctica","7a547979-ab73-4a53-ad5f-95429459c9c0","Fratercula arctica",2020
"HumanObservation",2019,57.1575,9.0258333,"2019-07-16T12:05:00+02:00",NA,"Rissa tridactyla","7a597051-2e52-40dd-82bd-9605b75c47c5","Rissa tridactyla",2010
"HumanObservation",2017,79.9749931171,11.8712749005,"2017-06-16T16:50:00+01:00",NA,"Rissa tridactyla","7a62821e-b70c-434b-affd-1a69c03e820a","Rissa tridactyla",2010
"HumanObservation",2024,63.4041942191,-19.1032606059,"2024-07-01T13:43:00+00:00",NA,"Fratercula arctica","7a797561-9061-4478-96f5-000c97135794","Fratercula arctica",2020
"HumanObservation",2024,69.650171911,18.8231205482,"2024-03-14T14:36:42+01:00",NA,"Rissa tridactyla","7a80d873-371a-48f2-9bfb-50584dc6bf1f","Rissa tridactyla",2020
"HumanObservation",2024,69.0494750564,-7.4832263139,"2024-05-31T18:55:00+00:00",NA,"Rissa tridactyla","7a8347c4-a166-45c4-a912-65bff1d37f4b","Rissa tridactyla",2020
"HumanObservation",2019,62.5631349883,5.6033475576,"2019-07-12T21:28:00+02:00",NA,"Fratercula arctica","7a87045e-00df-40a6-b014-7996a43ddefd","Fratercula arctica",2010
"HumanObservation",2022,70.2291623253,31.1369169054,"2022-07-19T12:40:00+02:00",NA,"Fratercula arctica","7a99b83f-8d1a-43e2-86aa-ef47dcbdff72","Fratercula arctica",2020
"HumanObservation",2022,70.3480535915,31.0025510745,"2022-07-02T12:44:00+02:00",NA,"Fratercula arctica","7a99dede-a2e9-4892-8cce-77834bff6933","Fratercula arctica",2020
"HumanObservation",2023,57.1582343751,9.0247100113,"2023-05-19T11:18:00+02:00",NA,"Rissa tridactyla","7ab1e893-11e0-4832-a512-1181aa144226","Rissa tridactyla",2020
"HumanObservation",2024,65.094575,-22.7071833333,"2024-06-15T11:11:00+00:00",NA,"Rissa tridactyla","7ad238e6-f0f0-47dd-a312-bf71d72893dd","Rissa tridactyla",2020
"HumanObservation",2019,78.2299139561,14.5662503139,"2019-06-28T20:45:00-07:00",NA,"Fratercula arctica","7af92b30-34e2-4e4e-95eb-dfd555116983","Fratercula arctica",2010
"HumanObservation",2020,63.4043616667,-19.1034221667,"2020-07-24T13:34:14+00:00",NA,"Fratercula arctica","7b0695bb-1585-4d71-85ef-c9eb327e6434","Fratercula arctica",2020
"HumanObservation",2023,66.029332,-17.521948,"2023-03-04T12:38:16","1","Balaenoptera musculus","7b3df04e-b0dd-4a16-b934-c1a58ecc2ff4","Balaenoptera musculus",2020
"HumanObservation",2018,65.6846243354,-21.402504548,"2018-07-22T23:42:00-04:00",NA,"Fratercula arctica","7b42bf59-d8db-4e5d-af32-eb35b984df6e","Fratercula arctica",2010
"HumanObservation",2023,70.2412903342,31.1731047539,"2023-06-23T17:07:00+02:00",NA,"Fratercula arctica","7b5b9500-462d-4122-b890-6aef43825348","Fratercula arctica",2020
"HumanObservation",2023,66.070781,-17.479248,"2023-06-12T14:19:22","1","Balaenoptera musculus","7b6a80ee-a831-4929-91cc-84ae5df51152","Balaenoptera musculus",2020
"HumanObservation",2022,64.9479519844,-23.3010647432,"2022-07-25T17:47:00+00:00",NA,"Rissa tridactyla","7b737aff-5405-48c1-bd0c-d2567c5cd1a3","Rissa tridactyla",2020
"HumanObservation",2024,79.0035542163,12.0998861667,"2024-08-12T15:40:00+02:00",NA,"Fratercula arctica","7b8473ce-3623-4fc2-8fed-f8a75465b781","Fratercula arctica",2020
"HumanObservation",2017,69.2055008335,15.9750311907,"2017-06-07T15:19:00+02:00",NA,"Fratercula arctica","7b897e2d-5160-482b-8b74-94f3d9ea2226","Fratercula arctica",2010
"HumanObservation",2023,60.1333728027,-1.0105598218,"2023-06-29T10:40:00+01:00",NA,"Rissa tridactyla","7b8ff0a3-1e70-45f8-b71f-a22f108e5640","Rissa tridactyla",2020
"HumanObservation",2020,61.0178,-12.1488,"2020-08-24",NA,"Fratercula arctica","7b97de60-c52c-4e14-b64c-b660b0d79a8c","Fratercula arctica",2020
"HumanObservation",2022,70.3741775094,31.125241813,"2022-04-13T10:42:00+02:00",NA,"Rissa tridactyla","7ba4c2ad-c4c9-4346-a38d-e0dd42dc3d0b","Rissa tridactyla",2020
"HumanObservation",2023,62.4863320308,5.6611598354,"2023-07-26T19:40:00+02:00",NA,"Fratercula arctica","7bab6d8d-22e9-405d-b1cf-52bfbc34b87a","Fratercula arctica",2020
"HumanObservation",2024,70.9204154549,26.0759418151,"2024-03-23T14:24:00+01:00",NA,"Rissa tridactyla","7bb7dab9-3792-46a5-a50a-5f5ed8d830b0","Rissa tridactyla",2020
"HumanObservation",2018,79.754383,12.019133,"2018-08-30T21:30:40","1","Balaenoptera musculus","7bbe5cb9-724b-42d5-aa45-d0272da4164e","Balaenoptera musculus",2010
"HumanObservation",2024,70.212140752,31.1184019358,"2024-07-28T12:37:00+02:00",NA,"Fratercula arctica","7bc3365e-3690-4d42-a89b-6c2e4eaff2e0","Fratercula arctica",2020
"HumanObservation",2022,64.0424430789,-16.1776022351,"2022-05-28T17:55:00+00:00",NA,"Rissa tridactyla","7bcff727-68bf-4622-9118-0bc9d392e0f6","Rissa tridactyla",2020
"HumanObservation",2022,63.403608,-19.130032,"2022-06-29T06:47:00+00:00",NA,"Fratercula arctica","7bd24033-fd40-4743-a153-c9d66c3dd718","Fratercula arctica",2020
"HumanObservation",2019,61.965175,-6.617745,"2019-07-05T12:01:08+01:00",NA,"Fratercula arctica","7bd258d2-8b3a-4004-b14e-f4800064fe69","Fratercula arctica",2010
"HumanObservation",2024,64.7678255308,-23.6170874164,"2024-04-17T15:25:03+00:00",NA,"Rissa tridactyla","7bf90b8d-74eb-48bd-b09e-b8a71dc1b8ea","Rissa tridactyla",2020
"HumanObservation",2017,63.9168179457,-16.6007631733,"2017-05-25T12:09:55+02:00",NA,"Fratercula arctica","7c028110-9779-43b8-9931-c2b8c15dc60a","Fratercula arctica",2010
"HumanObservation",2019,80.074488,10.591446,"2019-07-11T14:57:11","1","Balaenoptera physalus","7c04fc7e-ea07-4d43-a8ac-cf46875b63a6","Balaenoptera physalus",2010
"HumanObservation",2022,65.5436349906,-13.7543584304,"2022-05-30T09:37:00+00:00",NA,"Rissa tridactyla","7c0f33d8-0ca2-479e-b7c1-ec3dbca3e072","Rissa tridactyla",2020
"HumanObservation",2019,65.4986664988,-24.5217847028,"2019-07-06T07:33:00+02:00",NA,"Rissa tridactyla","7c11054e-4c36-4ca6-ba9a-8ed92cb76015","Rissa tridactyla",2010
"HumanObservation",2023,70.3274874869,31.0428754193,"2023-06-29T14:04:00+02:00",NA,"Fratercula arctica","7c11fea4-5a37-491a-b398-2f142f41aa6d","Fratercula arctica",2020
"HumanObservation",2024,64.25285,-23.1052,"2024-04-25T20:57:00+00:00",NA,"Rissa tridactyla","7c5064a5-e617-4b19-9cc0-286af1889794","Rissa tridactyla",2020
"HumanObservation",2023,65.542569,-13.755936,"2023-08-11T07:36:00+00:00",NA,"Fratercula arctica","7c53b7ea-6128-4685-9e0b-108f7f540bc2","Fratercula arctica",2020
"HumanObservation",2022,64.0621534937,-16.189172358,"2022-07-02T15:47:00+00:00",NA,"Rissa tridactyla","7c582fa1-e2bc-4216-bc7c-23eb1e5e1d4e","Rissa tridactyla",2020
"HumanObservation",2024,63.4432527778,-20.2683694444,"2024-05-31T14:10:00+00:00",NA,"Rissa tridactyla","7c5c06d8-11f4-4993-b3fd-b36fedcf4035","Rissa tridactyla",2020
"HumanObservation",2017,57.5917109687,9.974420853,"2017-08-02T14:16:03+02:00",NA,"Rissa tridactyla","7c697d1d-c053-492a-84f2-4c8743ecd445","Rissa tridactyla",2010
"HumanObservation",2017,64.3357506677,-22.5613180563,"2017-05-06",NA,"Fratercula arctica","7c6d9866-7de3-4f5b-b63b-dbd9a8b233ca","Fratercula arctica",2010
"HumanObservation",2022,63.5823016864,-20.34004309,"2022-07-12T12:21:18+00:00",NA,"Physeter macrocephalus","7c827eb0-c5f4-4508-8673-f78650028603","Physeter macrocephalus",2020
"HumanObservation",2024,57.5823719533,9.9444723131,"2024-05-25T17:16:00+02:00",NA,"Rissa tridactyla","7c922a05-eeee-4901-b4ab-8b71267cbe2f","Rissa tridactyla",2020
"HumanObservation",2023,80.6411108882,19.0021426887,"2023-09-10T08:39:00+02:00",NA,"Rissa tridactyla","7cc7cb67-dbf2-4dfb-ac98-dc876e0bac09","Rissa tridactyla",2020
"HumanObservation",2017,65.5025635298,-24.5249067558,"2017-08-02T12:59:28-07:00",NA,"Fratercula arctica","7ccab74b-7779-4eeb-a40d-a890013bc87b","Fratercula arctica",2010
"HumanObservation",2018,66.2844254488,-17.4841864191,"2018-07-27T19:43:00+00:00",NA,"Fratercula arctica","7cccbe9a-a040-4780-8913-5664bfabb2ca","Fratercula arctica",2010
"HumanObservation",2021,65.4101037696,-23.0422400563,"2021-08-01T18:03:00Z",NA,"Fratercula arctica","7cdba484-b541-400a-ad73-57a489f71f84","Fratercula arctica",2020
"HumanObservation",2023,79.1292773922,11.8609316231,"2023-06-17T17:27:00+02:00",NA,"Rissa tridactyla","7cdc6df7-efaf-4058-aa1c-96fc98786e1c","Rissa tridactyla",2020
"HumanObservation",2018,66.5287783333,-17.9821383333,"2018-07-07T10:32:00-07:00",NA,"Fratercula arctica","7ced0970-0097-4c3c-a337-558e08fe67e4","Fratercula arctica",2010
"HumanObservation",2021,63.4027335355,-19.0419810913,"2021-07-24T05:47:00-04:00",NA,"Fratercula arctica","7cf28e35-0e24-425a-bc0e-b49f8e1318e6","Fratercula arctica",2020
"HumanObservation",2024,58.3871222986,-5.1977301389,"2024-06-26T15:38:00+01:00",NA,"Fratercula arctica","7d0031bc-3476-49df-94f2-cdc60773fe4e","Fratercula arctica",2020
"HumanObservation",2017,64.7552434333,-23.6436080933,"2017-08-27T06:44:00-07:00",NA,"Rissa tridactyla tridactyla","7d09d902-df44-4e66-a531-87d664a6dde1","Rissa tridactyla",2010
"HumanObservation",2024,65.8185695908,-19.7199109577,"2024-08-12T08:44:58+00:00",NA,"Fratercula arctica","7d0e4523-a225-498f-bdd7-928b626a529d","Fratercula arctica",2020
"HumanObservation",2024,64.7682690336,-23.6194654644,"2024-07-29T14:28:00+00:00",NA,"Rissa tridactyla","7d174e12-30c5-4ead-82a2-baebd2023ec4","Rissa tridactyla",2020
"HumanObservation",2021,63.4041966667,-19.1032083333,"2021-08-19T11:36:57-04:00",NA,"Fratercula arctica","7d1bcb94-8d0d-4708-88df-8582ef0a7584","Fratercula arctica",2020
"HumanObservation",2024,65.1459537417,-5.0977278434,"2024-05-30T21:45:00+00:00",NA,"Balaenoptera physalus","7d4a7e50-5ea7-432e-be31-ee90315d7447","Balaenoptera physalus",2020
"HumanObservation",2022,70.0365050804,29.6410128514,"2022-04-11T06:45:00+02:00",NA,"Rissa tridactyla","7d5b606c-e082-4d2a-a993-eee3b75d8367","Rissa tridactyla",2020
"HumanObservation",2023,69.934301,21.768624,"2023-12-31","1","Physeter macrocephalus","7d6d4866-9c3a-4e53-94ad-b94fdca4e7d4","Physeter macrocephalus",2020
"HumanObservation",2022,59.855426331,-1.2744735517,"2022-07-08T14:57:00+01:00",NA,"Fratercula arctica","7d79929d-a5ac-45db-9181-1f67d113f24c","Fratercula arctica",2020
"HumanObservation",2017,60.1329861111,-1.0137472222,"2017-06-28T14:22:00+02:00",NA,"Fratercula arctica","7d857238-5247-4685-9e7d-dccdd9bfaca2","Fratercula arctica",2010
"HumanObservation",2023,63.4499420875,-20.2560701894,"2023-07-03T15:50:00+00:00",NA,"Rissa tridactyla","7d8c643d-1bf0-4910-9a73-65ba5b5188f5","Rissa tridactyla",2020
"HumanObservation",2018,63.4057404,-19.0716192,"2018-08-12T19:58:00+00:00",NA,"Fratercula arctica","7d983d51-dbce-4eb4-9b4e-add1c90f2dd2","Fratercula arctica",2010
"HumanObservation",2024,65.606399398,-20.6352001946,"2024-06-19T14:39:00+00:00",NA,"Rissa tridactyla","7da80e51-8f04-4ff5-b880-3e28d13f5e9b","Rissa tridactyla",2020
"HumanObservation",2021,63.8356527966,-22.0992477983,"2021-06-19T18:02:00-04:00",NA,"Fratercula arctica","7dbae395-9278-4c67-b117-b3eb7792956d","Fratercula arctica",2020
"HumanObservation",2019,62.1026225537,-7.6466720888,"2019-07-05T23:15:00+08:00",NA,"Rissa tridactyla","7dbb21f5-fe30-437c-8250-0d712dc6a276","Rissa tridactyla",2010
"HumanObservation",2023,63.4033664474,-19.1042221338,"2023-08-11T18:32:57+00:00",NA,"Fratercula arctica","7dc073c6-a6b4-45a7-bbd4-4c0a17fdef88","Fratercula arctica",2020
"HumanObservation",2022,70.3300429023,31.108450219,"2022-04-14T18:22:00+02:00",NA,"Fratercula arctica","7de6e984-1feb-4b2f-9b83-c2c9f472288f","Fratercula arctica",2020
"HumanObservation",2022,70.2272919983,31.1929560576,"2022-04-13T11:54:00+02:00",NA,"Rissa tridactyla","7deea951-9f94-44ef-ad7b-d222894306c9","Rissa tridactyla",2020
"HumanObservation",2023,78.115,11.435,"2023-06-29T22:25:57","1","Balaenoptera musculus","7e04eeb5-ea35-41d5-b730-d482d97f90c1","Balaenoptera musculus",2020
"HumanObservation",2022,68.1251885882,13.3864475032,"2022-04-30T20:21:00+02:00",NA,"Rissa tridactyla","7e1001f7-4e64-45ef-aa57-2d07c6663652","Rissa tridactyla",2020
"MachineObservation",2020,76.3994,10.177595,"2020-09-12T20:57",NA,"Physeter macrocephalus","7e10acf7-17b4-4f2b-88f5-55680f99e0c8","Physeter macrocephalus",2020
"HumanObservation",2023,70.0027769579,30.0293098633,"2023-03-23T10:01:00+01:00",NA,"Rissa tridactyla","7e4927f3-3476-4109-8bd8-2e6f031c0ac1","Rissa tridactyla",2020
"HumanObservation",2022,65.9620911002,-18.2862601908,"2022-05-27T09:58:00+00:00",NA,"Rissa tridactyla","7e50aa1a-2fb1-45e8-9996-c491be153570","Rissa tridactyla",2020
"HumanObservation",2018,63.5304296341,-20.1215744019,"2018-07-05T06:00:00-04:00",NA,"Rissa tridactyla","7e5f376f-ef1c-472c-8b67-5f80a174f5ec","Rissa tridactyla",2010
"HumanObservation",2024,66.0492236255,-22.8271312639,"2024-07-02T11:05:00+00:00",NA,"Fratercula arctica","7e6ef565-cde6-4ff8-bbb6-625ff76423a0","Fratercula arctica",2020
"HumanObservation",2020,57.5930116667,9.9572416667,"2020-04-08T16:29:05+02:00",NA,"Rissa tridactyla","7e761ba6-afe8-44f5-a7fb-b30960eea934","Rissa tridactyla",2020
"HumanObservation",2019,78.9019444444,11.5191666667,"2019-07-31T14:28:00+03:00",NA,"Fratercula arctica","7e8e948c-d093-4a80-a5f8-7a67454110c7","Fratercula arctica",2010
"HumanObservation",2023,70.2922234378,31.0301483441,"2023-07-07T12:19:55+02:00",NA,"Fratercula arctica","7e90a487-6081-4241-8d35-9eb74c8ef712","Fratercula arctica",2020
"HumanObservation",2019,65.5549381718,-24.283771959,"2019-07-06T14:48:00+03:00",NA,"Fratercula arctica","7ea5b784-799b-4da6-9d9f-29e8ecf1d9a2","Fratercula arctica",2010
"HumanObservation",2023,78.19,11.16,"2023-06-28T04:12:41","1","Balaenoptera musculus","7ea65e4b-de53-481c-9d76-bb74a1fe9e0b","Balaenoptera musculus",2020
"HumanObservation",2024,63.4027400511,-19.0395654738,"2024-07-10T06:15:49+00:00",NA,"Fratercula arctica","7ec0821d-dd30-41c2-b48c-97a143430c78","Fratercula arctica",2020
"HumanObservation",2024,64.0426281219,-16.1808394741,"2024-08-07T21:30:00+00:00",NA,"Rissa tridactyla","7eceb9a7-1a58-4f90-9aad-1e65069dddd8","Rissa tridactyla",2020
"HumanObservation",2022,65.5420911103,-13.7552031066,"2022-08-04T18:13:00+00:00",NA,"Fratercula arctica","7ee8f825-0757-4adc-bcae-495b52a6cc47","Fratercula arctica",2020
"HumanObservation",2022,70.2985962491,31.112282706,"2022-04-14T14:52:00+02:00",NA,"Fratercula arctica","7eea42d3-b7a1-4ef6-9e82-acdbb8b8eb0b","Fratercula arctica",2020
"HumanObservation",2020,57.1580553416,9.0236749626,"2020-03-29T13:43:44+02:00",NA,"Rissa tridactyla","7efb8921-f5c9-4831-ad8d-112b8a9632af","Rissa tridactyla",2020
"HumanObservation",2018,65.9397208955,-23.6542726436,"2018-08-06T22:05:00-07:00",NA,"Rissa tridactyla","7f0d7b88-b910-4a47-9e6b-e0b6121fcff0","Rissa tridactyla",2010
"HumanObservation",2018,70.1408293022,19.2425276728,"2018-05-11T08:56:00-05:00",NA,"Fratercula arctica","7f1472bf-5e19-466a-9296-43a3aa1535f2","Fratercula arctica",2010
"HumanObservation",2018,65.5022166667,-24.5311966667,"2018-06-30T21:33:00-07:00",NA,"Fratercula arctica","7f1a4034-93ae-4318-8cfa-7cd6d8edd014","Fratercula arctica",2010
"HumanObservation",2024,65.1223138889,-22.4874444444,"2024-06-15T12:21:00+00:00",NA,"Fratercula arctica","7f1f4866-c099-4d99-9039-1d7563be34e8","Fratercula arctica",2020
"HumanObservation",2019,66.1,-17.5,"2019-06-07T13:50:41","1","Balaenoptera musculus","7f277982-1465-4c66-bd24-b540ee233b80","Balaenoptera musculus",2010
"HumanObservation",2022,62.2882995605,-6.9298052788,"2022-12-02T15:11:12+00:00",NA,"Rissa tridactyla","7f67a2de-5441-4b60-95f1-03988ad5cf92","Rissa tridactyla",2020
"HumanObservation",2024,78.3212417848,14.9091058722,"2024-07-24T20:09:00+02:00",NA,"Fratercula arctica","7f68d6b5-e112-4455-9e2d-e4231231dfec","Fratercula arctica",2020
"HumanObservation",2019,79.656959,13.771619,"2019-07-18T18:17:29","1","Balaenoptera musculus","7f6a4e8a-e857-496d-8174-a77253b6056f","Balaenoptera musculus",2010
"HumanObservation",2021,63.4082105566,-19.137260717,"2021-08-15T05:58:00-04:00",NA,"Fratercula arctica","7f79fb8b-bd57-40f5-a7eb-79c5329bfd44","Fratercula arctica",2020
"HumanObservation",2024,77.309548,12.714628,"2024-06-18T14:43:43","1","Balaenoptera musculus","7f7fc433-7cac-405f-a646-077e9d1fa15b","Balaenoptera musculus",2020
"HumanObservation",2022,63.4044554367,-19.1294984739,"2022-07-02T11:41:53+00:00",NA,"Fratercula arctica","7f94e5cb-2ec8-4118-a6ba-bb7b1c125ac2","Fratercula arctica",2020
"HumanObservation",2021,64.2048647331,9.6432236256,"2021-09-17T08:33:00+02:00",NA,"Balaenoptera physalus","7f99787e-12b7-4124-964e-38113db12330","Balaenoptera physalus",2020
"HumanObservation",2024,63.4024222222,-19.1310722222,"2024-08-18T13:53:00+00:00",NA,"Fratercula arctica","7fb22716-ede4-44f0-9542-3144af1c4179","Fratercula arctica",2020
"HumanObservation",2024,64.732527,-23.7846095,"2024-05-03T17:58:00+00:00",NA,"Rissa tridactyla","7fb50a4a-42b2-4e8c-84fa-44fa1514c943","Rissa tridactyla",2020
"HumanObservation",2022,63.0723299762,7.6080638638,"2022-08-03T12:07:22+02:00",NA,"Rissa tridactyla","7fb52107-dee8-4383-af3e-72c84b7e41f7","Rissa tridactyla",2020
"HumanObservation",2023,79.605102,13.026983,"2023-07-13T12:52:00+02:00",NA,"Rissa tridactyla","7fbe303e-f29d-43d7-b5a9-8c95e9a407b6","Rissa tridactyla",2020
"HumanObservation",2018,64.1469868,-21.9407552,"2018-07-14T12:07:00+00:00",NA,"Fratercula arctica","7fc440de-04fd-4fea-888f-f44d1cff1840","Fratercula arctica",2010
"HumanObservation",2023,66.5423498,-17.9961161,"2023-06-03T07:13:00+00:00",NA,"Rissa tridactyla","801a0af8-2541-41fa-be85-77c93af6423d","Rissa tridactyla",2020
"HumanObservation",2022,65.5424646895,-13.755633799,"2022-05-21T17:59:00+00:00",NA,"Fratercula arctica","802ba30f-b572-4f26-8d45-556878944c47","Fratercula arctica",2020
"HumanObservation",2024,63.4574076252,-20.2268978486,"2024-06-07T09:54:00+00:00",NA,"Fratercula arctica","802da6d0-613e-47bf-9145-d55dd4293380","Fratercula arctica",2020
"HumanObservation",2023,70.3202464373,31.1665215728,"2023-07-22T10:31:02+02:00",NA,"Fratercula arctica","802f2152-c4d2-40eb-8557-7b88ea328924","Fratercula arctica",2020
"HumanObservation",2023,70.3740448292,31.0828569887,"2023-06-23T17:38:00+02:00",NA,"Rissa tridactyla","8032d2e2-aa39-4ff3-82e9-3ccd2d78112d","Rissa tridactyla",2020
"HumanObservation",2022,70.2335261969,31.1690794873,"2022-07-02T11:36:00+02:00",NA,"Rissa tridactyla","803bbe0f-5834-4778-b8c0-85bb8aa77cdb","Rissa tridactyla",2020
"HumanObservation",2022,70.3042255411,31.1865911471,"2022-05-24T16:19:23+02:00",NA,"Rissa tridactyla","8041e2f8-a981-4ce1-99f7-5e775f53a31f","Rissa tridactyla",2020
"HumanObservation",2023,64.8805044256,-24.0268205113,"2023-05-28T12:04:00+00:00",NA,"Rissa tridactyla","80583e55-aceb-47c3-bfca-6e4bd90d0f23","Rissa tridactyla",2020
"HumanObservation",2023,65.500290555,-24.5264866667,"2023-07-16T13:54:00+00:00",NA,"Rissa tridactyla","80714fd0-0afe-4e96-b8b5-79fec6fa1afc","Rissa tridactyla",2020
"HumanObservation",2018,79.343333,9.501667,"2018-08-25T21:19:45","1","Balaenoptera physalus","808a9eca-f77d-49d0-b549-f9fce700786d","Balaenoptera physalus",2010
"HumanObservation",2023,66.5534966667,-17.99928,"2023-07-18T15:41:00+00:00",NA,"Fratercula arctica","808c37e2-7fd2-48c9-a327-04f8d5a414ac","Fratercula arctica",2020
"HumanObservation",2022,70.2397993546,31.0369533609,"2022-07-19T13:33:00+02:00",NA,"Fratercula arctica","80b7af9b-eeab-4d4e-af0c-88ba90b7438e","Fratercula arctica",2020
"HumanObservation",2020,64.7670652743,-23.6206598045,"2020-08-06T16:54:00+02:00",NA,"Rissa tridactyla","80c32ea5-d811-40fc-a729-f9939b72423b","Rissa tridactyla",2020
"HumanObservation",2022,62.3639273984,-6.6862784175,"2022-06-06T16:07:00+01:00",NA,"Fratercula arctica","80c46e2c-8c0d-4a1d-8f19-0e9a6dfee5f5","Fratercula arctica",2020
"HumanObservation",2023,70.3531740773,31.1584356204,"2023-07-18T03:35:00+02:00",NA,"Rissa tridactyla","80d842e2-8447-470b-a7df-56fd697ac139","Rissa tridactyla",2020
"HumanObservation",2022,63.4436663435,-20.2844874241,"2022-07-04T14:40:00+00:00",NA,"Rissa tridactyla","80ea920a-f5da-41f0-bd25-b7057d067d12","Rissa tridactyla",2020
"HumanObservation",2018,65.5421916667,-13.7549111111,"2018-08-04T19:12:00+02:00",NA,"Fratercula arctica","810217c5-488d-42fe-8f56-ee339c487761","Fratercula arctica",2010
"HumanObservation",2024,63.4480241842,-20.2682530251,"2024-08-10T17:57:55+00:00",NA,"Fratercula arctica","81348065-b5d6-4afd-9459-d9eeae86ca06","Fratercula arctica",2020
"HumanObservation",2024,58.2595934895,-5.1553245287,"2024-06-25T12:21:03+01:00",NA,"Fratercula arctica","8140b723-c87b-4ac0-8d75-ec8dadbd374f","Fratercula arctica",2020
"HumanObservation",2022,58.1817399785,6.4866895469,"2022-07-27T14:48:54+02:00",NA,"Rissa tridactyla","815a4215-8e2a-4593-b5df-f27c33a08261","Rissa tridactyla",2020
"HumanObservation",2022,63.8030468696,-18.0522509498,"2022-08-10T20:18:48+00:00",NA,"Fratercula arctica","816b4347-8e40-436e-858c-1cf5375b4e60","Fratercula arctica",2020
"HumanObservation",2024,63.4308052063,-20.3037853241,"2024-07-30T13:52:28+00:00",NA,"Fratercula arctica","8170a808-c26c-4aed-a211-79718b102642","Fratercula arctica",2020
"HumanObservation",2024,77.904307,19.731445,"2024-06-18T21:39:45","1","Balaenoptera physalus","817d0092-6092-4438-87be-9f0e96f6a603","Balaenoptera physalus",2020
"HumanObservation",2024,65.094575,-22.7071833333,"2024-06-15T11:10:00+00:00",NA,"Fratercula arctica","81b607a0-6134-4820-b121-a7fef7c6503a","Fratercula arctica",2020
"HumanObservation",2024,66.5559571676,-18.0116493636,"2024-08-06T15:14:54+00:00",NA,"Fratercula arctica","81b8dba2-7f80-43a9-a192-ffc00f61d156","Fratercula arctica",2020
"HumanObservation",2023,70.2681421806,31.034365407,"2023-06-23T16:21:00+02:00",NA,"Fratercula arctica","81c4bcaa-01ca-45f6-82a1-038319dfef9d","Fratercula arctica",2020
"HumanObservation",2023,65.5007638883,-24.5279788883,"2023-07-16T13:39:00+00:00",NA,"Fratercula arctica","81e088ae-595d-49f9-92fe-06dbd8544084","Fratercula arctica",2020
"HumanObservation",2023,63.512938,-20.126038,"2023-08-26T07:04:00+00:00",NA,"Fratercula arctica","81ee3437-c451-4937-9435-de56bedb1c58","Fratercula arctica",2020
"HumanObservation",2022,62.32780589,-6.941019677,"2022-06-07T15:28:00+01:00",NA,"Fratercula arctica","81f4d598-6be8-420a-950c-57be123bf32c","Fratercula arctica",2020
"HumanObservation",2024,66.10582,-17.758275,"2024-05-04T13:50","1","Balaenoptera musculus","8225e66b-18cc-465b-961b-1efc27a23b8a","Balaenoptera musculus",2020
"HumanObservation",2017,69.2191446403,15.9969260842,"2017-06-07T15:29:00+02:00",NA,"Fratercula arctica","8283c330-3f0e-4740-b6ca-22bbda07ac94","Fratercula arctica",2010
"HumanObservation",2023,62.103825,-7.6539133333,"2023-06-07T15:51:58+01:00",NA,"Fratercula arctica","82a61375-37d1-4d90-98da-4f2aea1302ba","Fratercula arctica",2020
"HumanObservation",2023,78.233795,14.923096,"2023-06-04T19:06:29","1","Balaenoptera musculus","82b069a4-5c2d-4bfa-a8e6-e2e4b6228d22","Balaenoptera musculus",2020
"HumanObservation",2022,70.1447402915,30.1889529832,"2022-03-17T14:05:25Z",NA,"Rissa tridactyla","82eec1fc-7e1c-41cd-b279-93b5bdd754d1","Rissa tridactyla",2020
"HumanObservation",2018,79.85627862,11.61542853,"2018-08-08T11:30:54+02:00",NA,"Fratercula arctica","82f15d3a-b1f1-4265-ac4c-ce80be8bc15e","Fratercula arctica",2010
"HumanObservation",2017,64.71495,-19.028362,"2017-07-15T22:00:00+00:00",NA,"Rissa tridactyla","8302ad38-88b4-47f1-9914-dd2a619b4e96","Rissa tridactyla",2010
"HumanObservation",2020,60.9774,-11.5994,"2020-08-24",NA,"Fratercula arctica","83048ebf-24fa-48df-bbc2-5215fdc7e603","Fratercula arctica",2020
"MachineObservation",2020,74.280648,14.269877,"2020-09-12T08:42",NA,"Physeter macrocephalus","83080bdd-f9d3-4261-b9aa-287b6c15153d","Physeter macrocephalus",2020
"HumanObservation",2024,66.564948601,-18.0167711154,"2024-07-25T14:07:00+00:00",NA,"Fratercula arctica","8309ae3d-660a-460f-9961-1c464efa52e3","Fratercula arctica",2020
"HumanObservation",2023,63.8807454623,-22.739565238,"2023-05-14T15:51:00+00:00",NA,"Rissa tridactyla","832ea7b9-fa66-4289-a4fd-1b60c23b8340","Rissa tridactyla",2020
"HumanObservation",2023,63.4464703939,-20.2964077145,"2023-07-06T21:04:11+00:00",NA,"Fratercula arctica","83322ddb-dbf3-434b-a552-2244a6ccbfce","Fratercula arctica",2020
"HumanObservation",2024,69.7569535893,18.8087425767,"2024-08-15T19:56:00+02:00",NA,"Rissa tridactyla","8336bf78-10db-4b2f-8592-b15f4aa95bd2","Rissa tridactyla",2020
"HumanObservation",2022,65.501015,-24.52916,"2022-06-02T14:10:00+00:00",NA,"Fratercula arctica","8337bde7-cc1a-45c2-8998-b768c4edc3cc","Fratercula arctica",2020
"HumanObservation",2022,78.5213060771,16.3119261156,"2022-08-25T18:36:00+02:00",NA,"Fratercula arctica","83426555-c71d-4321-9d66-adeb5fd07b7a","Fratercula arctica",2020
"HumanObservation",2022,67.8576316806,13.0053479833,"2022-08-29T15:22:00+02:00",NA,"Rissa tridactyla","834b71fb-62a2-4007-aace-32430c3cc15a","Rissa tridactyla",2020
"HumanObservation",2019,62.3276866667,-6.9405466667,"2019-08-19T14:59:14+01:00",NA,"Fratercula arctica","83622f94-a133-4080-ab74-518e9c6274a6","Fratercula arctica",2010
"HumanObservation",2019,62.100918716,-7.6605877653,"2019-06-26",NA,"Fratercula arctica","8369977e-a59e-4590-9348-c8a07d5063eb","Fratercula arctica",2010
"HumanObservation",2018,65.5023980556,-24.5316713889,"2018-08-17T12:01:00-07:00",NA,"Rissa tridactyla","836db807-514a-47a9-9263-e8ef533e67fe","Rissa tridactyla",2010
"HumanObservation",2023,70.3181546803,31.0185584987,"2023-06-23T15:09:00+02:00",NA,"Fratercula arctica","8385ef1d-cf38-45e7-917b-9162fea85052","Fratercula arctica",2020
"HumanObservation",2017,58.87935,-2.911283,"2017-04-28T15:45:00",NA,"Balaenoptera physalus","83985544-5a56-4562-9f38-65f7c6b3acce","Balaenoptera physalus",2010
"HumanObservation",2022,70.2512315467,31.1605485653,"2022-08-05T12:26:02+02:00",NA,"Rissa tridactyla","83a51be4-f607-4e56-a949-a3a643051ef2","Rissa tridactyla",2020
"HumanObservation",2022,79.5989483333,12.3190933333,"2022-06-17T15:20:00+02:00",NA,"Rissa tridactyla","83b13b41-de1e-4395-8b0f-5cf2cb2ca630","Rissa tridactyla",2020
"HumanObservation",2024,65.0287445233,-23.7263087142,"2024-05-18T04:36:00+00:00",NA,"Physeter macrocephalus","83be4912-2d21-45dd-8d51-a24db449ed14","Physeter macrocephalus",2020
"HumanObservation",2022,65.520026,-13.798023,"2022-05-29T21:29:00+00:00",NA,"Rissa tridactyla","83c4d1a7-a4e0-4945-88ce-5a018d649226","Rissa tridactyla",2020
"HumanObservation",2023,70.2771497429,31.0496744049,"2023-06-23T15:36:00+02:00",NA,"Fratercula arctica","83c6c404-1e73-42ea-9be2-84d395d2ce60","Fratercula arctica",2020
"HumanObservation",2017,78.991667,11.7335,"2017-06-26T12:16:20","1","Balaenoptera musculus","83f98cde-2161-4389-93d9-1c7080976d5a","Balaenoptera musculus",2010
"HumanObservation",2023,58.3868966001,-5.1976759873,"2023-06-05T13:51:00+01:00",NA,"Fratercula arctica","840df37b-a30a-4fd9-96b1-119d7d14146b","Fratercula arctica",2020
"HumanObservation",2023,65.5423752963,-13.7563188002,"2023-05-11T22:06:46+00:00",NA,"Fratercula arctica","841fea01-9981-43e1-b6a5-4fe6c8bd3852","Fratercula arctica",2020
"HumanObservation",2024,63.40353,-20.28723,"2024-07-01T20:40:55+00:00",NA,"Fratercula arctica","84205cd2-17d6-4e64-9a59-91e1411161a8","Fratercula arctica",2020
"HumanObservation",2022,69.4937394303,15.6512751709,"2022-08-04T13:29:00+02:00",NA,"Physeter macrocephalus","842b9251-300a-4c4d-b495-5145786f9732","Physeter macrocephalus",2020
"HumanObservation",2024,79.1232833333,11.785135,"2024-08-24T21:12:27+02:00",NA,"Rissa tridactyla","846935f4-dc96-4eea-a33c-8aad730abe3a","Rissa tridactyla",2020
"HumanObservation",2024,79.1182333886,11.65877595,"2024-06-28T00:30:00+02:00",NA,"Rissa tridactyla","8473f5e6-dc52-4900-bb37-55c29a8c75c5","Rissa tridactyla",2020
"HumanObservation",2021,59.8545862167,-1.2746523589,"2021-06-17T23:00:00+02:00",NA,"Fratercula arctica","84930a11-90af-4fe0-ac41-6480310874f0","Fratercula arctica",2020
"HumanObservation",2021,64.732527,-23.7846095,"2021-07-27T15:35:00+00:00",NA,"Rissa tridactyla","84a13d0b-23a7-46b5-a458-17dbb846a24b","Rissa tridactyla",2020
"HumanObservation",2020,69.9417219289,18.5283114849,"2020-07-29T20:03:00+02:00",NA,"Fratercula arctica","84a46b03-6d95-4b89-be7e-06bd1898d3de","Fratercula arctica",2020
"HumanObservation",2023,70.264497321,31.0067536872,"2023-06-23T16:58:00+02:00",NA,"Fratercula arctica","84a67330-adfe-4674-9f2d-c4e8edbcc4ad","Fratercula arctica",2020
"HumanObservation",2019,65.4995836721,-24.526922264,"2019-07-06T06:26:00+02:00",NA,"Fratercula arctica","84ad8af9-a22f-495f-b2de-091b4af28de1","Fratercula arctica",2010
"HumanObservation",2024,80.6591,22.102,"2024-08-07T19:50:39","1","Balaenoptera musculus","84c65aac-5024-4c0d-9823-2a2101ea5c88","Balaenoptera musculus",2020
"HumanObservation",2022,70.3814877133,31.0648278596,"2022-07-07T16:15:56+02:00",NA,"Fratercula arctica","84cfa7f8-a1c2-4f02-a292-2f0c47bb13b7","Fratercula arctica",2020
"HumanObservation",2018,64.1719559,-21.9163726,"2018-08-05",NA,"Fratercula arctica","84d3cad4-25a5-4dac-a1bd-d07882a5228c","Fratercula arctica",2010
"HumanObservation",2024,69.7484965481,18.8583606522,"2024-05-15T21:59:00+02:00",NA,"Rissa tridactyla","84f733da-af6d-4e24-bddb-e460ebe5bad9","Rissa tridactyla",2020
"HumanObservation",2023,64.886780555,-24.041315555,"2023-07-14T12:51:00+00:00",NA,"Rissa tridactyla","84fe9419-a8a8-4737-9668-68780b6e156a","Rissa tridactyla",2020
"HumanObservation",2023,70.3862018012,31.03416997,"2023-06-23T16:19:00+02:00",NA,"Fratercula arctica","8500a51b-ec36-4e66-930b-5bef47dbc3d1","Fratercula arctica",2020
"HumanObservation",2017,69.551549,15.832935,"2017-06-08T01:57:37","1","Physeter macrocephalus","850472bf-abf3-4750-8a1b-3416dd2f530d","Physeter macrocephalus",2010
"HumanObservation",2024,66.5076003566,-16.5436571356,"2024-07-11T16:02:00+00:00",NA,"Fratercula arctica","85194092-8b45-49b1-afb2-612ec4ff3100","Fratercula arctica",2020
"HumanObservation",2019,79.12346,11.84533,"2019-07-01T16:53:00-07:00",NA,"Fratercula arctica","85273186-e113-436c-bfbb-b248e5727ddc","Fratercula arctica",2010
"HumanObservation",2022,67.8481726083,12.8615035163,"2022-08-29T20:41:00+02:00",NA,"Rissa tridactyla","8533b39e-b7b5-4c1d-b9de-79f8b0bfd8f5","Rissa tridactyla",2020
"HumanObservation",2024,66.0218397,-16.4887492,"2024-07-19T10:33:44+00:00",NA,"Fratercula arctica","8534c665-b817-4573-8e5e-c63834ae58f4","Fratercula arctica",2020
"HumanObservation",2020,60.7466,-9.0043,"2020-08-24",NA,"Fratercula arctica","85596726-013c-4da7-9297-72ffff25017e","Fratercula arctica",2020
"HumanObservation",2017,63.4015876898,-19.0494878462,"2017-08-02T19:40:00+00:00",NA,"Fratercula arctica","8568dda5-83cb-489e-9bd2-a5e4a4ffa4f0","Fratercula arctica",2010
"HumanObservation",2023,66.5469642263,-18.0196956302,"2023-06-03T08:30:00+00:00",NA,"Rissa tridactyla","856cd7da-32d0-4ae1-ad8a-5e6fbfeacdb4","Rissa tridactyla",2020
"HumanObservation",2023,63.4026175,-19.131128055,"2023-07-23T18:40:00+00:00",NA,"Fratercula arctica","857627ef-7278-464b-99b2-628605106b5c","Fratercula arctica",2020
"HumanObservation",2019,64.1728941584,-21.9688379398,"2019-05-02T05:01:00-04:00",NA,"Fratercula arctica","85892df0-57df-4176-a22d-668bc9315dc0","Fratercula arctica",2010
"HumanObservation",2021,63.4037216667,-19.1030916667,"2021-07-15T15:27:00-10:00",NA,"Fratercula arctica","858ffc9e-891e-4148-986c-ab989fbeae97","Fratercula arctica",2020
"HumanObservation",2018,78.9370464403,21.5943868973,"2018-05-27",NA,"Rissa tridactyla","85988067-2e15-4236-8918-fb0f93b67a40","Rissa tridactyla",2010
"HumanObservation",2023,65.2684852122,-14.1963321716,"2023-06-12T11:07:35+00:00",NA,"Fratercula arctica","85b3ac24-64c7-4f31-9d75-c9015634811e","Fratercula arctica",2020
"HumanObservation",2021,65.5415883333,-13.7549933333,"2021-07-19T17:05:00-10:00",NA,"Rissa tridactyla","85bb35c8-7913-4a06-b1e0-4b2e703f2478","Rissa tridactyla",2020
"HumanObservation",2022,64.9464866131,-23.8068345099,"2022-07-26T13:56:00+00:00",NA,"Fratercula arctica","85dae260-b9d9-40e0-80cb-2ceb98f0e4e4","Fratercula arctica",2020
"HumanObservation",2022,63.427717,-20.2673821,"2022-08-23T07:12:00+00:00",NA,"Rissa tridactyla","85dd1650-e3a6-4b17-b1c8-209230658d2f","Rissa tridactyla",2020
"HumanObservation",2023,69.416667,15.75,"2023-07-10T18:16:50","1","Physeter macrocephalus","85edd6c8-01e5-496e-b073-674f0f06edd0","Physeter macrocephalus",2020
"HumanObservation",2024,65.30201723,-15.22361939,"2024-08-24T12:41:46+00:00",NA,"Fratercula arctica","85ef59eb-fcb6-47b3-bae8-2ef823666f88","Fratercula arctica",2020
"HumanObservation",2020,61.4561,-22.7903,"2020-08-25",NA,"Rissa tridactyla","85f1a2d9-36d0-402a-a9ee-0436d27b0a4c","Rissa tridactyla",2020
"HumanObservation",2018,79.343333,9.501667,"2018-08-25T21:30:25","1","Balaenoptera physalus","86097581-3f36-4e16-87a2-7075ea932b70","Balaenoptera physalus",2010
"MachineObservation",2020,74.231335,14.43289,"2020-09-12T08:22",NA,"Physeter macrocephalus","860fd6d3-eaf4-4230-a72c-47b045942d46","Physeter macrocephalus",2020
"HumanObservation",2022,66.157321,-17.848574,"2022-07-13T16:48:00+00:00",NA,"Fratercula arctica","8617f652-8014-4aa8-9e46-2fee93bc7e3e","Fratercula arctica",2020
"HumanObservation",2024,57.1214461141,8.5973075894,"2024-01-23T16:29:00+01:00",NA,"Rissa tridactyla","861cde07-aad8-4755-9ace-bd2df8bdbdea","Rissa tridactyla",2020
"HumanObservation",2024,69.3178640525,16.1291837645,"2024-08-12T17:04:15+02:00",NA,"Fratercula arctica","861d04b8-26e4-45a8-95a6-ae85e16f0648","Fratercula arctica",2020
"HumanObservation",2024,79.571701137,10.4629245073,"2024-08-23T06:56:00+02:00",NA,"Fratercula arctica","863c34b3-c1ce-4228-8360-4da07d5f125b","Fratercula arctica",2020
"HumanObservation",2022,65.5005940349,-24.5282543165,"2022-06-02T13:54:00+00:00",NA,"Fratercula arctica","864125c6-07ba-4765-8021-20d1604721e9","Fratercula arctica",2020
"HumanObservation",2022,65.66172,-20.2990416667,"2022-05-27T10:46:00+00:00",NA,"Rissa tridactyla","86485179-cdc3-441d-a679-38a3948bd8cf","Rissa tridactyla",2020
"HumanObservation",2023,64.92952405,-18.9127397,"2023-11-30T19:53:09+00:00",NA,"Fratercula arctica","864c23ea-a950-4a3a-991f-37b743a2fbc9","Fratercula arctica",2020
"HumanObservation",2024,70.3723007453,31.0594358973,"2024-08-09T20:57:14+02:00",NA,"Rissa tridactyla","864de495-b5b1-4b24-8560-fffd16b2d3c2","Rissa tridactyla",2020
"HumanObservation",2024,63.4136543982,-19.0210358694,"2024-08-13T09:13:00+00:00",NA,"Fratercula arctica","8673701b-d0f5-4017-a25e-7c98ef2a30c0","Fratercula arctica",2020
"HumanObservation",2019,64.1560611667,-21.8634383333,"2019-10-21T15:35:59+02:00",NA,"Rissa tridactyla","86814a73-080f-4e43-aa94-77ec7c665dec","Rissa tridactyla",2010
"HumanObservation",2023,77.0169945733,15.8746128065,"2023-07-08T15:47:00+02:00",NA,"Rissa tridactyla","86a70b05-b915-476e-ab68-e77ba5d1a662","Rissa tridactyla",2020
"HumanObservation",2024,66.545258917,-18.0050986884,"2024-06-26T09:04:00+00:00",NA,"Fratercula arctica","86ab6ebf-2a11-467e-8d21-733c323e53ea","Fratercula arctica",2020
"HumanObservation",2023,70.3414339704,31.1616285583,"2023-06-23T15:28:56+02:00",NA,"Fratercula arctica","86d66905-6208-48a0-a1d8-e7e49919b8af","Fratercula arctica",2020
"HumanObservation",2022,79.5390621236,17.6335073604,"2022-08-20T16:21:00+02:00",NA,"Rissa tridactyla","86f6d0bd-97f3-4d9d-82b5-069d3b4a5e4e","Rissa tridactyla",2020
"HumanObservation",2023,70.3346854161,31.0602203795,"2023-06-23T17:40:00+02:00",NA,"Rissa tridactyla","871edd8d-1376-4fe3-a730-b6862eb02699","Rissa tridactyla",2020
"HumanObservation",2024,78.172167,12.98825,"2024-06-05T14:11:00+02:00",NA,"Rissa tridactyla","872f9d77-7cf8-4c99-bac7-a6479ff84420","Rissa tridactyla",2020
"HumanObservation",2024,67.945210448,12.8070366009,"2024-08-03T16:50:00+02:00",NA,"Rissa tridactyla","874371b5-4a8c-45ae-8edd-d8d4f2dc8b8e","Rissa tridactyla",2020
"HumanObservation",2018,63.401494,-19.032681,"2018-07-12T21:11:00+00:00",NA,"Fratercula arctica","875a466e-a5c6-4d38-a6ec-30102f4c4a86","Fratercula arctica",2010
"HumanObservation",2017,65.5011487,-24.5296597,"2017-04-16",NA,"Rissa tridactyla","876b160a-0c3a-438c-9fbc-7c324b782686","Rissa tridactyla",2010
"HumanObservation",2019,79.685985,13.797973,"2019-07-16T21:10:46","1","Balaenoptera physalus","87a49751-10cf-4d19-b700-2f4850a25177","Balaenoptera physalus",2010
"HumanObservation",2024,64.0819552365,-22.6928615653,"2024-06-08T07:47:00+00:00",NA,"Rissa tridactyla","87af2235-7b16-4552-a4c8-ffef1c438ade","Rissa tridactyla",2020
"HumanObservation",2024,63.405036477,-20.2848419239,"2024-05-09T15:51:35+00:00",NA,"Fratercula arctica","87b10db9-7fa5-4f3f-8567-e57e8e45c819","Fratercula arctica",2020
"MachineObservation",2020,76.197653,10.5606,"2020-09-12T19:50",NA,"Physeter macrocephalus","87c4180e-7e50-4ff3-839a-b741abde0b73","Physeter macrocephalus",2020
"HumanObservation",2018,66.0495366131,-22.8295147372,"2018-08-08T10:46:00-07:00",NA,"Fratercula arctica","87c661b8-5f87-4e03-a6c2-3993037e3fbc","Fratercula arctica",2010
"HumanObservation",2024,65.5022711358,-24.5309415786,"2024-08-12T10:42:00+00:00",NA,"Rissa tridactyla","87e7706b-27bc-4cbe-849e-ebd595fdeaec","Rissa tridactyla",2020
"HumanObservation",2019,79.7291645391,13.7692662815,"2019-07-16T21:10:00Z",NA,"Balaenoptera physalus","8811973f-4b35-4c8f-8836-3ed082b7fccc","Balaenoptera physalus",2010
"HumanObservation",2021,78.217516,14.913025,"2021-08-18T17:51:12","1","Balaenoptera physalus","882a1350-594d-43d2-9686-4f116317ad52","Balaenoptera physalus",2020
"HumanObservation",2023,69.7764674026,18.9226647106,"2023-06-20T15:59:14+02:00",NA,"Rissa tridactyla","882b7edb-73bc-44ea-ba4a-7f50afc45db6","Rissa tridactyla",2020
"HumanObservation",2018,63.4118425709,-19.1344999929,"2018-07-24T16:59:00+00:00",NA,"Fratercula arctica","884a734b-f462-4a74-9d13-bd3855cd9c01","Fratercula arctica",2010
"HumanObservation",2017,73.356949,0.937298,"2017-07-05T15:45:14","1","Balaenoptera musculus","884d2a89-0a92-4e3b-9834-041368ad9f0c","Balaenoptera musculus",2010
"HumanObservation",2023,80.7518851033,20.5074712726,"2023-07-30T11:28:00+02:00",NA,"Fratercula arctica","884f4433-6b62-4e91-9844-32e946008237","Fratercula arctica",2020
"HumanObservation",2024,78.2142544707,13.8221318927,"2024-08-21T16:41:00+02:00",NA,"Fratercula arctica","88548c76-f193-4e83-9fe9-cd667a4aabba","Fratercula arctica",2020
"HumanObservation",2017,79.1056247381,11.8965613073,"2017-06-19T10:00:00+01:00",NA,"Fratercula arctica","88579928-3db3-4445-a0d3-b4467907c110","Fratercula arctica",2010
"HumanObservation",2023,64.0281143188,-22.064868927,"2023-06-27T11:32:00+00:00",NA,"Fratercula arctica","88726b29-fdcc-4754-9e9a-3309de352dfc","Fratercula arctica",2020
"HumanObservation",2023,70.2133124586,31.0640401838,"2023-06-04T09:41:31+02:00",NA,"Rissa tridactyla","8874604e-43fc-4da2-a2fd-ad3b68913c99","Rissa tridactyla",2020
"HumanObservation",2022,63.3997716667,-20.29342,"2022-09-04T12:19:59+00:00",NA,"Fratercula arctica","88ae6d12-1420-4307-ae82-ed36da651c69","Fratercula arctica",2020
"HumanObservation",2023,63.4337463379,-19.1547031403,"2023-08-02T10:34:10+00:00",NA,"Fratercula arctica","88b18aa7-b533-4c3c-8cba-29e233d7018c","Fratercula arctica",2020
"HumanObservation",2022,78.27115,21.77152,"2022-07-16T16:54:15+02:00",NA,"Rissa tridactyla","88c7bfbc-ee45-4244-abc2-5fbe16ce5fcf","Rissa tridactyla",2020
"HumanObservation",2023,63.4415675,-20.2767246,"2023-07-06T19:27:12+00:00",NA,"Rissa tridactyla","88f691eb-71a7-4179-b5a5-ecd18f563a5a","Rissa tridactyla",2020
"HumanObservation",2023,63.4026397217,-19.1310472217,"2023-07-23T18:39:00+00:00",NA,"Fratercula arctica","88f8be92-9b08-4b65-a63a-08095dd223a4","Fratercula arctica",2020
"HumanObservation",2023,70.2779741051,31.0757522103,"2023-06-23T16:36:00+02:00",NA,"Fratercula arctica","89095b54-5918-40db-ae1f-df03e0c74308","Fratercula arctica",2020
"HumanObservation",2022,65.5423225471,-13.7555050529,"2022-05-21T17:57:00+00:00",NA,"Fratercula arctica","89147921-1a45-42ea-9816-3447c42648c9","Fratercula arctica",2020
"HumanObservation",2018,64.963051,-19.020835,"2018-06-06T17:51:00+00:00",NA,"Fratercula arctica","89273e5c-65a2-4a6f-be17-7ef3fe94fbd5","Fratercula arctica",2010
"HumanObservation",2024,77.4896866667,20.84592,"2024-06-18T14:25:01+02:00",NA,"Rissa tridactyla","89314bb4-1532-4ce5-86d7-c24beafbe8b9","Rissa tridactyla",2020
"HumanObservation",2017,66.259095,-15.6871133333,"2017-05-24T11:53:29Z",NA,"Fratercula arctica","89459e2d-67a2-4667-962e-6c8af123cd74","Fratercula arctica",2010
"HumanObservation",2022,65.9654755547,-19.6847942388,"2022-07-30T11:45:20+00:00",NA,"Fratercula arctica","894bd00c-67b9-44fb-80fc-58879b490a52","Fratercula arctica",2020
"HumanObservation",2023,70.361719709,31.0834302122,"2023-06-23T16:42:00+02:00",NA,"Fratercula arctica","895b755b-cf97-4fb2-86a0-1bbe122b9fbd","Fratercula arctica",2020
"HumanObservation",2024,78.5105966667,16.0446666667,"2024-09-03T11:00:00+02:00",NA,"Fratercula arctica","8964df84-88d7-4fd1-891a-7b148135adc4","Fratercula arctica",2020
"HumanObservation",2020,61.3642,-18.9151,"2020-08-25",NA,"Balaenoptera physalus","89675a97-069f-44a7-b993-579458134ff3","Balaenoptera physalus",2020
"HumanObservation",2021,65.5002066331,-24.5265240878,"2021-08-03T12:08:42Z",NA,"Rissa tridactyla","896e7927-7618-4636-90f6-ace389d66815","Rissa tridactyla",2020
"HumanObservation",2024,65.5026003711,-24.5318267194,"2024-08-03T11:44:00+00:00",NA,"Fratercula arctica","8973088f-2b76-4b64-a021-008cf88368ce","Fratercula arctica",2020
"HumanObservation",2023,65.5294241767,-24.5654328125,"2023-07-02T17:42:00+00:00",NA,"Fratercula arctica","898b0b47-220c-4592-991a-207d4b6cc8bd","Fratercula arctica",2020
"HumanObservation",2024,65.0381222222,-14.0012305556,"2024-09-03T13:40:00+00:00",NA,"Rissa tridactyla","89b538dd-f591-4b00-b4f7-d15613d510b3","Rissa tridactyla",2020
"HumanObservation",2022,70.3251919113,31.0948682717,"2022-06-23T14:37:00+02:00",NA,"Fratercula arctica","89d7a5b8-1dfc-48a6-9fd0-a7da201b3326","Fratercula arctica",2020
"HumanObservation",2018,71.1088426415,25.2139778776,"2018-08-02",NA,"Fratercula arctica","89e0fe46-2ae3-4360-85ea-1123aa8c6204","Fratercula arctica",2010
"HumanObservation",2022,63.803575,-16.6387566667,"2022-05-21T14:36:00+00:00",NA,"Fratercula arctica","8a13ac15-1784-4ec0-8ffe-496a5ba1ad8a","Fratercula arctica",2020
"HumanObservation",2024,57.5941851485,9.9806039267,"2024-05-19T20:07:00+02:00",NA,"Rissa tridactyla","8a151b98-d68d-4552-8aee-29e61b4d4ebe","Rissa tridactyla",2020
"HumanObservation",2024,64.7669719765,-23.6203622616,"2024-09-02T15:16:00+00:00",NA,"Rissa tridactyla","8a2c2c90-38a3-48fd-baa6-e76c2b088b4d","Rissa tridactyla",2020
"HumanObservation",2018,68.039674501,13.332314102,"2018-04-02T13:51:00+02:00",NA,"Rissa tridactyla","8a40b3a9-59ed-4aec-8c8d-f121a8371719","Rissa tridactyla",2010
"HumanObservation",2023,79.1254160744,11.8782265889,"2023-06-27T09:25:00+02:00",NA,"Fratercula arctica","8a42bc2d-294f-46f0-801c-6d16e437b07b","Fratercula arctica",2020
"HumanObservation",2024,70.3718768379,31.1819131483,"2024-06-12T11:15:48+02:00",NA,"Fratercula arctica","8a4aa3f8-c79b-4b52-ae75-25b9a797ce13","Fratercula arctica",2020
"HumanObservation",2024,59.8565540997,-1.2760095,"2024-06-29T12:02:21+01:00",NA,"Fratercula arctica","8a508b06-14d5-4f0f-8c86-00e58ef2f1ee","Fratercula arctica",2020
"HumanObservation",2024,63.4038557146,-20.2869921128,"2024-07-24T15:45:00+00:00",NA,"Rissa tridactyla","8a59efb6-1514-441b-a290-923a0bd528e6","Rissa tridactyla",2020
"HumanObservation",2023,70.3382123255,31.0033838799,"2023-06-23T15:27:00+02:00",NA,"Fratercula arctica","8a65db6d-984e-4219-97de-ab5d5dd6ca6e","Fratercula arctica",2020
"HumanObservation",2021,69.476145,15.907418,"2021-10-14T14:00","1","Physeter macrocephalus","8a6bb768-cc5e-431b-9233-853a69d183b9","Physeter macrocephalus",2020
"HumanObservation",2020,71.1700925404,25.3725392134,"2020-08-01T15:21:00+02:00",NA,"Fratercula arctica","8a6c3754-b5b0-44ae-b21b-7defeebcde2f","Fratercula arctica",2020
"HumanObservation",2020,64.1464875873,-21.9426356256,"2020-09-14",NA,"Rissa tridactyla","8a78bc6e-7177-4508-964c-0678d09f9788","Rissa tridactyla",2020
"HumanObservation",2024,70.2410988596,31.1298126465,"2024-07-28T12:29:00+02:00",NA,"Fratercula arctica","8a8bb015-37ec-46b0-930b-8ad695ef5b01","Fratercula arctica",2020
"HumanObservation",2022,59.2700009,-2.8716135,"2022-07-25T17:38:00+01:00",NA,"Fratercula arctica","8a8f8a7f-50e4-4fbc-92b7-1f49d559449c","Fratercula arctica",2020
"HumanObservation",2024,78.9363454548,12.336520026,"2024-07-20T13:55:01+02:00",NA,"Rissa tridactyla","8aa9d276-6cad-4a93-ab95-cbfd9482e831","Rissa tridactyla",2020
"HumanObservation",2022,64.2193809518,-14.8435585354,"2022-07-05T20:36:00+00:00",NA,"Physeter macrocephalus","8ab84af1-abac-4b69-95f5-41a5998b3d78","Physeter macrocephalus",2020
"HumanObservation",2022,65.5001916667,-24.52642,"2022-08-26T10:42:23+00:00",NA,"Rissa tridactyla","8ac66389-43c7-4e2d-b10c-13798237a3ea","Rissa tridactyla",2020
"HumanObservation",2024,64.9549540823,-12.6172665464,"2024-06-06T12:18:00-01:00",NA,"Fratercula arctica","8ae5d06b-afef-47f0-9e91-4f83b2d34009","Fratercula arctica",2020
"HumanObservation",2022,66.1136111111,-17.3661805556,"2022-08-18T10:22:54+00:00",NA,"Fratercula arctica","8b047fae-81a4-42fb-a8d4-d64963845159","Fratercula arctica",2020
"HumanObservation",2024,69.6132980627,18.8191111648,"2024-03-08T14:43:00+01:00",NA,"Rissa tridactyla","8b2e55cf-eeb6-41aa-b3b0-aadb064fac66","Rissa tridactyla",2020
"HumanObservation",2019,79.675346,18.63813,"2019-07-21T18:38:35","1","Balaenoptera physalus","8b38bc85-d784-4cb7-be83-14e524711b5b","Balaenoptera physalus",2010
"HumanObservation",2024,67.894950593,12.8808443443,"2024-07-03T12:44:15+02:00",NA,"Rissa tridactyla","8b38d6a0-251e-47ea-b75d-6c9e33ad33b1","Rissa tridactyla",2020
"HumanObservation",2022,65.5000916667,-24.5267694444,"2022-06-24T14:04:00+00:00",NA,"Rissa tridactyla","8b4ccad5-2931-4cb7-b2ed-da2f025e95bb","Rissa tridactyla",2020
"HumanObservation",2023,58.6706709232,-3.3776352413,"2023-06-04T09:01:00+01:00",NA,"Fratercula arctica","8b60e0b0-215d-4bda-86b7-fdaae10f65c9","Fratercula arctica",2020
"HumanObservation",2022,70.2488021219,31.1305376708,"2022-07-09T13:05:24+02:00",NA,"Fratercula arctica","8b6f3cb7-5304-4841-954f-e4d8653f4249","Fratercula arctica",2020
"HumanObservation",2022,64.918747,-23.82244,"2022-07-09T15:33:00+00:00",NA,"Rissa tridactyla","8b7f6a38-cbde-4893-9acc-33d27d852b02","Rissa tridactyla",2020
"HumanObservation",2023,63.4021210858,-19.1316471797,"2023-08-07T10:19:00+00:00",NA,"Fratercula arctica","8b874ed9-0d77-4880-85df-16738d14fdd9","Fratercula arctica",2020
"HumanObservation",2022,70.358412017,31.0202236073,"2022-04-15T13:19:00+02:00",NA,"Fratercula arctica","8b8cf89e-f0a0-4ced-94de-9b097970b9be","Fratercula arctica",2020
"HumanObservation",2024,79.211411,24.675469,"2024-07-19T05:55:00+02:00",NA,"Rissa tridactyla","8b9afc31-ac59-4178-8f56-a1edf8595554","Rissa tridactyla",2020
"HumanObservation",2018,63.4026380556,-19.1312280556,"2018-08-19T20:50:00-07:00",NA,"Fratercula arctica","8ba38381-d040-468c-a8d5-971906259ff6","Fratercula arctica",2010
"HumanObservation",2022,65.4990661671,-24.5239291793,"2022-07-06T14:03:00+00:00",NA,"Rissa tridactyla","8bd03947-c9fb-4d19-8570-511936f52adb","Rissa tridactyla",2020
"HumanObservation",2023,79.839244,17.984619,"2023-07-15T14:03:36","1","Balaenoptera musculus","8bf8f504-f048-49a9-b266-8df18fc28a45","Balaenoptera musculus",2020
"HumanObservation",2024,66.3603404069,-17.8240515933,"2024-05-25T18:05:00+00:00",NA,"Fratercula arctica","8c1d0708-d027-456a-af60-2baf71b4b6e8","Fratercula arctica",2020
"HumanObservation",2019,78.8968508152,12.1936672739,"2019-06-28T20:53:00-04:00",NA,"Rissa tridactyla","8c21ac30-b8c9-4ed3-93b7-0ba898b0a2be","Rissa tridactyla",2010
"HumanObservation",2024,65.5973964306,-20.6327277799,"2024-07-11T16:34:00+00:00",NA,"Rissa tridactyla","8c29f5c7-75b4-4f33-96b6-067ff75f9421","Rissa tridactyla",2020
"HumanObservation",2017,78.6559151824,16.3275851085,"2017-07-23T16:33:00+02:00",NA,"Rissa tridactyla","8c432e5c-b7c3-4cbf-926b-90af167e139d","Rissa tridactyla",2010
"HumanObservation",2023,64.7842161008,-17.2083454501,"2023-08-01T15:06:00+00:00",NA,"Rissa tridactyla","8c5f4639-c94c-43dc-a5dd-42af0e881197","Rissa tridactyla",2020
"HumanObservation",2024,69.7632116397,19.0601746409,"2024-08-15T20:24:00+02:00",NA,"Fratercula arctica","8c60df04-504d-4633-8501-7dc4b6131c5d","Fratercula arctica",2020
"HumanObservation",2022,64.9761470412,-23.2881527022,"2022-06-29",NA,"Fratercula arctica","8c66e5c6-6018-42ad-8381-896c20a57e42","Fratercula arctica",2020
"HumanObservation",2018,64.3123036195,-22.521572465,"2018-07-17",NA,"Fratercula arctica","8ca22320-62be-4f95-89d2-2c796c281aac","Fratercula arctica",2010
"HumanObservation",2024,78.923538,11.909895,"2024-06-30T13:54:07+02:00",NA,"Fratercula arctica","8cb3144c-0661-430d-bd3e-9a95571588e6","Fratercula arctica",2020
"HumanObservation",2024,78.1739354948,15.0395593092,"2024-08-10T07:09:00+02:00",NA,"Fratercula arctica","8cb751f4-b9b8-466b-ad88-4921c7f009b8","Fratercula arctica",2020
"HumanObservation",2023,63.4638083522,-19.0068485365,"2023-07-27T09:41:08+00:00",NA,"Fratercula arctica","8ceda43d-8da7-48de-bc81-9f4f080a45be","Fratercula arctica",2020
"HumanObservation",2023,66.5423498,-17.9961161,"2023-06-03T11:25:00+00:00",NA,"Fratercula arctica","8d15c77c-df17-4e0f-9edc-60b3c0a0cc05","Fratercula arctica",2020
"HumanObservation",2017,78.169699,12.869912,"2017-06-28T20:03","1","Balaenoptera musculus","8d2a76c3-d13e-46dd-8b18-e2aef2fae08a","Balaenoptera musculus",2010
"HumanObservation",2023,66.537630555,-18.0106808333,"2023-07-20T13:33:00+00:00",NA,"Fratercula arctica","8d4c7ff6-a95d-40b2-ab6d-8e0833795cd6","Fratercula arctica",2020
"HumanObservation",2018,79.343333,9.501667,"2018-08-25T21:18:44","1","Balaenoptera physalus","8d5694f2-c14e-411a-a1dd-0703452d5001","Balaenoptera physalus",2010
"HumanObservation",2019,63.4007002151,-19.1257281466,"2019-08-09",NA,"Fratercula arctica","8d6421f3-5f2b-45fb-b5b2-b8add579929a","Fratercula arctica",2010
"HumanObservation",2021,65.3700746058,-22.9311423892,"2021-08-02T16:27:04Z",NA,"Fratercula arctica","8d9c75ab-b2f5-4f63-b6c8-3c4ee1380f1d","Fratercula arctica",2020
"HumanObservation",2023,64.9311193891,-24.0130216429,"2023-05-31T14:34:00+00:00",NA,"Rissa tridactyla","8dba37e8-805d-4144-bec2-da6b93b1411e","Rissa tridactyla",2020
"HumanObservation",2023,65.542569,-13.755936,"2023-08-11T08:03:00+00:00",NA,"Rissa tridactyla","8dc90ae5-efd6-459a-a88f-b4b370c4575b","Rissa tridactyla",2020
"HumanObservation",2023,70.1695407522,29.2427035925,"2023-06-23T12:25:00+02:00",NA,"Rissa tridactyla","8dd51505-cceb-4d7e-aa36-cee788c53b58","Rissa tridactyla",2020
"HumanObservation",2021,58.481146207,-3.0716642147,"2021-06-05T14:41:00+02:00",NA,"Fratercula arctica","8dece7a0-54a0-492f-a539-7ca734d9b3bc","Fratercula arctica",2020
"HumanObservation",2024,79.5640752227,10.9079825563,"2024-07-30T01:32:00+02:00",NA,"Fratercula arctica","8df63ecd-d5ef-46de-8120-97f6ea3994ac","Fratercula arctica",2020
"HumanObservation",2024,70.2744031087,31.0099605606,"2024-06-06T11:15:00+02:00",NA,"Fratercula arctica","8e0f6472-88a3-4c1f-83dd-465e2c3ff1c1","Fratercula arctica",2020
"HumanObservation",2019,64.1514252529,-21.9746850372,"2019-05-30T01:51:00+02:00",NA,"Rissa tridactyla","8e3b48fe-349b-4ef6-b4a2-4f348f4b49b0","Rissa tridactyla",2010
"HumanObservation",2024,67.9841658252,12.846616672,"2024-07-18T10:45:12+02:00",NA,"Rissa tridactyla","8e5d00a2-9428-4a1f-92d8-d461753ed7a7","Rissa tridactyla",2020
"HumanObservation",2023,70.248394873,31.1446318783,"2023-06-23T15:09:00+02:00",NA,"Fratercula arctica","8e707bd3-0ab1-428f-a5b3-395aea8d5278","Fratercula arctica",2020
"HumanObservation",2023,70.2404391472,31.0734705462,"2023-06-23T17:23:00+02:00",NA,"Rissa tridactyla","8e750127-5807-40e8-b462-6a37207194fd","Rissa tridactyla",2020
"HumanObservation",2020,61.0065,-12.0074,"2020-08-24",NA,"Balaenoptera physalus","8ea39fbf-076b-4c4a-afbf-e6f5fb4ff787","Balaenoptera physalus",2020
"HumanObservation",2023,59.9753461901,-1.3451234568,"2023-06-14T16:54:43+01:00",NA,"Fratercula arctica","8eaa7f1e-3c55-4ea5-b05a-2698a4f86108","Fratercula arctica",2020
"HumanObservation",2024,73.0356477566,16.0715324192,"2024-05-28T09:27:00+01:00",NA,"Rissa tridactyla","8f00a229-6d96-4786-94d5-05d9c0dc0f43","Rissa tridactyla",2020
"HumanObservation",2024,64.3177951766,-22.0366803055,"2024-08-11T10:19:08+00:00",NA,"Fratercula arctica","8f027a15-d49c-478e-af5e-3c57c3f9cf7f","Fratercula arctica",2020
"HumanObservation",2022,65.3778769999,-22.90971,"2022-07-08T17:51:00+00:00",NA,"Fratercula arctica","8f258016-78c2-41b4-930d-1325ac3a1d3b","Fratercula arctica",2020
"HumanObservation",2022,59.8546194983,-1.2744441367,"2022-05-14T13:13:00+01:00",NA,"Fratercula arctica","8f3f55c4-8923-4f7c-97a0-31ddd1e71cff","Fratercula arctica",2020
"HumanObservation",2018,78.166667,12.65,"2018-06-24T21:28:21","1","Balaenoptera musculus","8f51a1cf-e99b-4a8e-a26c-987adabc1ac6","Balaenoptera musculus",2010
"HumanObservation",2022,71.1133150839,25.3722244577,"2022-06-17T18:17:00+02:00",NA,"Fratercula arctica","8f5cddc5-5e75-442f-8f9f-e023a3fb3a4c","Fratercula arctica",2020
"HumanObservation",2024,63.4399368248,-20.3048741693,"2024-07-13T13:05:00+00:00",NA,"Fratercula arctica","8f5e4af1-2114-45fd-ab2c-5fe1f72b9922","Fratercula arctica",2020
"HumanObservation",2023,70.2213218874,31.0786894774,"2023-06-23T17:27:00+02:00",NA,"Rissa tridactyla","8f636cef-0550-41eb-8f51-53b44fbcb957","Rissa tridactyla",2020
"HumanObservation",2024,65.5420555556,-13.7546416667,"2024-06-30T07:50:04+00:00",NA,"Fratercula arctica","8f67ac13-4141-4699-ad3e-1401778a05f5","Fratercula arctica",2020
"HumanObservation",2023,62.361908277,-6.7860282831,"2023-07-17T12:02:00+01:00",NA,"Rissa tridactyla","8f68edec-d08c-4f82-98da-2b0f8de531f2","Rissa tridactyla",2020
"HumanObservation",2022,64.764699,-23.62572,"2022-07-11T15:20:00+00:00",NA,"Rissa tridactyla","8f710b40-4477-408e-8bd2-5fe0016fbfe3","Rissa tridactyla",2020
"HumanObservation",2024,64.897905,-23.7031833333,"2024-06-24T12:19:43+00:00",NA,"Rissa tridactyla","8f7a81ce-4e89-4806-8486-190f79ef7a63","Rissa tridactyla",2020
"HumanObservation",2022,70,18,"2022-11-12","1","Balaenoptera physalus","8f8ac99e-7ff3-4033-9b30-b001573cd00e","Balaenoptera physalus",2020
"HumanObservation",2018,63.4012599734,-19.1250337449,"2018-07-12T05:54:00-04:00",NA,"Fratercula arctica","8fb8d6be-452d-4f81-8f49-fdf133fb6be4","Fratercula arctica",2010
"HumanObservation",2023,65.3880614153,-22.9534548451,"2023-06-22T12:49:00+00:00",NA,"Fratercula arctica","8fce1356-e1ea-41d7-874e-eb73cb98ebad","Fratercula arctica",2020
"HumanObservation",2024,77.0195745796,15.886765604,"2024-06-28T10:37:00+02:00",NA,"Rissa tridactyla","8fe088ed-06db-4bb8-9972-269dec249509","Rissa tridactyla",2020
"HumanObservation",2022,65.5442490249,-13.74591284,"2022-06-06T17:39:00+00:00",NA,"Fratercula arctica","8fe9fe6a-44a8-4086-8ce8-1a08899913b2","Fratercula arctica",2020
"HumanObservation",2024,63.40238884,-19.0362204167,"2024-07-09T14:25:00+00:00",NA,"Fratercula arctica","900294b0-6569-4772-9f26-08583edc7653","Fratercula arctica",2020
"HumanObservation",2022,63.4253881971,-20.2999190614,"2022-05-26T07:20:59+00:00",NA,"Fratercula arctica","90221e7e-407f-4a81-b6b0-33f394e4d5ed","Fratercula arctica",2020
"HumanObservation",2023,70.3612576642,31.1724899205,"2023-06-23T16:37:00+02:00",NA,"Fratercula arctica","9031d073-2481-4f75-9d3d-55e2da6a1cdd","Fratercula arctica",2020
"HumanObservation",2022,79.803554,15.285644,"2022-06-11T17:25:07","1","Balaenoptera musculus","90438118-3d36-44ab-960e-c724549d0aaf","Balaenoptera musculus",2020
"HumanObservation",2017,58.3835416667,-5.2051138889,"2017-07-22T13:29:00+01:00",NA,"Fratercula arctica","90443ed6-649b-4fa4-b285-eee95e0d10a7","Fratercula arctica",2010
"HumanObservation",2019,64.8678883333,-24.0398611667,"2019-04-25T20:13:01-07:00",NA,"Fratercula arctica","90585e6a-f910-4d14-afe6-f995c53510d3","Fratercula arctica",2010
"HumanObservation",2024,64.7645492289,-23.6244993657,"2024-04-24T14:47:04+00:00",NA,"Rissa tridactyla","9063c0d1-4329-43f9-bf6a-cbce031d4c66","Rissa tridactyla",2020
"HumanObservation",2019,68.0765788381,13.2598098421,"2019-07-14T21:46:00-04:00",NA,"Rissa tridactyla","906d40ec-d163-4679-b35a-168eebd59308","Rissa tridactyla",2010
"HumanObservation",2022,70.1786454417,24.9360003536,"2022-06-03T10:11:00+02:00",NA,"Fratercula arctica","906e02a3-b619-4541-9b34-f8ed53a49065","Fratercula arctica",2020
"HumanObservation",2021,57.1587753294,9.0257215497,"2021-07-26T16:04:58+02:00",NA,"Rissa tridactyla","906e4151-1852-4f1f-8bf6-c9b5865919d6","Rissa tridactyla",2020
"HumanObservation",2017,78.122073,12.314602,"2017-06-27T09:10","1","Balaenoptera musculus","907acb6e-45d0-435a-936b-2b232d5057b8","Balaenoptera musculus",2010
"HumanObservation",2023,65.496683055,-24.5151058333,"2023-07-16T14:11:00+00:00",NA,"Fratercula arctica","90940268-b426-4d0b-a265-52ab91dfbad3","Fratercula arctica",2020
"HumanObservation",2020,69.4285486691,15.4572101417,"2020-07-04T15:00:00+02:00",NA,"Physeter macrocephalus","90b3902e-1268-41fb-b83d-d7f0e3727c54","Physeter macrocephalus",2020
"HumanObservation",2019,58.4227880907,-3.0798146217,"2019-06-10T20:23:00+02:00",NA,"Fratercula arctica","90c4cd11-1e15-4e84-82b8-f39ad14c659b","Fratercula arctica",2010
"HumanObservation",2022,65.5049530457,-24.5222388086,"2022-06-16T12:53:00+00:00",NA,"Fratercula arctica","90c8d12a-16ec-48ff-8606-280a718b2d62","Fratercula arctica",2020
"HumanObservation",2024,69.7535692226,18.9675044507,"2024-07-24T12:30:35+02:00",NA,"Rissa tridactyla","90d1eae7-39c3-454c-8697-e8c12c2d823e","Rissa tridactyla",2020
"HumanObservation",2018,62.0973166667,-7.6828616667,"2018-08-15T20:00:31+01:00",NA,"Fratercula arctica","90d40fc0-134b-465a-9985-701ef5886378","Fratercula arctica",2010
"HumanObservation",2024,63.40467453,-19.1019744873,"2024-08-05T12:59:49+00:00",NA,"Fratercula arctica","90e2306f-ae7f-4c66-abb9-cd8c71863a89","Fratercula arctica",2020
"HumanObservation",2023,58.6407374922,-3.0265838653,"2023-05-26",NA,"Fratercula arctica","90f6ca94-0440-4d2f-a19a-3493964a884d","Fratercula arctica",2020
"HumanObservation",2019,60.8165031736,-0.8950035896,"2019-05-15T01:22:39-04:00",NA,"Fratercula arctica","90f84f39-30bd-48ec-9dd9-5c0e90663056","Fratercula arctica",2010
"HumanObservation",2023,64.1458772871,-21.9252517123,"2023-06-01T13:15:35+00:00",NA,"Fratercula arctica","90f9e33c-313c-44d1-9b1d-34d186114857","Fratercula arctica",2020
"HumanObservation",2024,66.1395167825,-16.9522689165,"2024-06-20T07:29:00+00:00",NA,"Fratercula arctica","90fbe122-e281-4b21-bbc4-5f027128dc4e","Fratercula arctica",2020
"HumanObservation",2022,70.3208573544,31.1211155331,"2022-04-14T13:54:00+02:00",NA,"Fratercula arctica","91008444-31da-4aa7-ac46-bdde7dd43c1d","Fratercula arctica",2020
"HumanObservation",2023,70.2316866324,31.1045695922,"2023-06-23T16:19:00+02:00",NA,"Fratercula arctica","912d240a-f387-4d04-a5ee-074be135c296","Fratercula arctica",2020
"HumanObservation",2023,64.8618475395,-24.0383397336,"2023-05-31T18:00:00+00:00",NA,"Rissa tridactyla","9150c53b-e324-4b9e-900b-d94d34c210e1","Rissa tridactyla",2020
"HumanObservation",2022,66.158559,-17.845855,"2022-07-13T18:20:00+00:00",NA,"Fratercula arctica","91530add-0551-452d-9bac-ea6cb9cefbe8","Fratercula arctica",2020
"HumanObservation",2024,57.15802044,9.02341461,"2024-03-29T11:35:17+01:00",NA,"Rissa tridactyla","915faa8b-f57f-44d7-b258-d8767d41c1d2","Rissa tridactyla",2020
"HumanObservation",2022,65.5424113862,-13.7553548492,"2022-05-21T17:53:00+00:00",NA,"Fratercula arctica","9163d4b4-5b9d-43fc-891f-023f19cbb16f","Fratercula arctica",2020
"HumanObservation",2017,64.71495,-19.028362,"2017-07-21T22:00:00+00:00",NA,"Fratercula arctica","9192ae20-a5cf-4ed9-8db0-75e4aacab60c","Fratercula arctica",2010
"HumanObservation",2022,77.2275303988,14.0848099154,"2022-08-23T12:29:00+02:00",NA,"Balaenoptera physalus","91b900c2-b257-44fb-b348-0122cce08f92","Balaenoptera physalus",2020
"HumanObservation",2021,65.4974899626,-24.5186523423,"2021-07-26T10:07:00+00:00",NA,"Rissa tridactyla","91b902f0-719a-421c-a2fc-2f3c504b65c4","Rissa tridactyla",2020
"HumanObservation",2022,63.427717,-20.2673821,"2022-08-23T07:06:00+00:00",NA,"Fratercula arctica","91ba3be2-38c5-4a8b-be73-70d40df98d2e","Fratercula arctica",2020
"HumanObservation",2019,79.9728133333,11.3734466667,"2019-06-30T11:22:00-07:00",NA,"Rissa tridactyla","91c40495-49ca-46b9-8ca1-4de16533b170","Rissa tridactyla",2010
"HumanObservation",2022,80.1185576319,17.4389159269,"2022-08-20T09:02:00+02:00",NA,"Balaenoptera physalus","91e32c3a-4448-4349-88fb-8b3f4dc90364","Balaenoptera physalus",2020
"HumanObservation",2021,64.04148,-16.181642,"2021-08-04",NA,"Rissa tridactyla","91ede55e-115d-493a-b76e-6f49b7689ed6","Rissa tridactyla",2020
"HumanObservation",2024,62.2353192873,-7.23454009,"2024-07-08T15:27:30+01:00",NA,"Fratercula arctica","91f0ead0-cfa3-465c-a0c2-5cdabd3faa44","Fratercula arctica",2020
"HumanObservation",2017,80.069452,15.658987,"2017-08-06T23:38:44","1","Balaenoptera musculus","920ca7fa-6348-4845-8163-498b4b912861","Balaenoptera musculus",2010
"HumanObservation",2023,70.2726253853,31.0445382584,"2023-06-04T10:46:50+02:00",NA,"Fratercula arctica","921ba6d0-4b3a-4f6a-a495-2579c5ec7cca","Fratercula arctica",2020
"HumanObservation",2024,66.051827,-22.829058,"2024-06-25T17:00:53+00:00",NA,"Fratercula arctica","921c9222-92a3-4bec-8e46-a86783dbb143","Fratercula arctica",2020
"HumanObservation",2022,64.9129743136,-23.7196023391,"2022-07-26T12:18:00+00:00",NA,"Fratercula arctica","9243d191-cabf-4d35-a6ac-1de83bddc1f6","Fratercula arctica",2020
"HumanObservation",2022,59.8580026297,-1.2750512705,"2022-06-21T16:59:00+01:00",NA,"Fratercula arctica","9245e74c-9209-43c0-abf0-e2a87860be98","Fratercula arctica",2020
"MachineObservation",2020,74.280648,14.269877,"2020-09-12T08:42",NA,"Physeter macrocephalus","92694bd1-48f6-463c-b148-3e34d639b07e","Physeter macrocephalus",2020
"HumanObservation",2024,79.582126902,18.4904738689,"2024-07-20T09:28:00+02:00",NA,"Rissa tridactyla","92721fb0-976f-47a0-8ec2-ae1f73fd65f2","Rissa tridactyla",2020
"HumanObservation",2023,66.1,-17.5,"2023-06-11T11:00","1","Balaenoptera musculus","92726059-8694-4bda-800b-9774e9800dc3","Balaenoptera musculus",2020
"HumanObservation",2021,59.8564452785,-1.2725284883,"2021-05-31T19:57:29+01:00",NA,"Fratercula arctica","92848fb9-bb6e-4a34-bcbb-97af8a434a6d","Fratercula arctica",2020
"HumanObservation",2023,70.2885307746,31.1311843923,"2023-06-23T17:39:00+02:00",NA,"Rissa tridactyla","929903ff-f160-4dcc-bd9c-dd79b6a860e1","Rissa tridactyla",2020
"HumanObservation",2017,69.2276640858,15.7514484078,"2017-06-28T15:02:00+02:00",NA,"Rissa tridactyla","929ad74b-04d4-4793-9dda-9f1b25811fd5","Rissa tridactyla",2010
"HumanObservation",2023,78.1776100992,13.9504903726,"2023-07-10T22:02:00+02:00",NA,"Rissa tridactyla","92d7c34c-0cc7-4630-8d70-ecab5afabfaf","Rissa tridactyla",2020
"HumanObservation",2019,78.903562,11.200628,"2019-06-24T07:19:21","1","Balaenoptera musculus","92dfa7fc-b3ba-48a1-8d42-866fce57dfb5","Balaenoptera musculus",2010
"HumanObservation",2022,64.9538566667,-23.8628466667,"2022-06-03T12:57:00+00:00",NA,"Fratercula arctica","92ed882c-9437-43c9-826b-0cedcd5cf99a","Fratercula arctica",2020
"HumanObservation",2024,65.5420828784,-13.7545415697,"2024-06-14T08:24:16+00:00",NA,"Fratercula arctica","92f3104d-04f3-4e93-a252-db935d3cb2df","Fratercula arctica",2020
"HumanObservation",2023,70.2246206115,31.0494507902,"2023-06-29T12:54:00+02:00",NA,"Fratercula arctica","92f3db0d-a212-4c73-9a69-29ed4ae8eed7","Fratercula arctica",2020
"HumanObservation",2018,63.4068474506,-19.1061262188,"2018-08-30T20:05:00-05:00",NA,"Fratercula arctica","930c18d7-04ce-4d91-945c-820195894e50","Fratercula arctica",2010
"HumanObservation",2022,64.7684466351,-23.6161009144,"2022-06-04T14:19:00+00:00",NA,"Rissa tridactyla","930f1089-83fc-4e09-a3c2-f04798cdf466","Rissa tridactyla",2020
"HumanObservation",2023,70.327967127,31.0841372925,"2023-07-01T12:00:00+02:00",NA,"Fratercula arctica","93220e8c-af70-4aed-91ae-e47f517c0960","Fratercula arctica",2020
"HumanObservation",2024,67.0540361419,-23.8301405587,"2024-08-12T10:40:33-02:00",NA,"Physeter macrocephalus","9325edc0-d472-4763-b9a9-cbd045cbe1a2","Physeter macrocephalus",2020
"HumanObservation",2024,69.7967846343,18.8602147438,"2024-08-18T09:55:00+02:00",NA,"Rissa tridactyla","9350e4c2-581b-4a5d-9d8f-5c036a2674be","Rissa tridactyla",2020
"HumanObservation",2023,63.4222774772,-19.0144315646,"2023-08-15T14:02:42+00:00",NA,"Fratercula arctica","93817b51-9e39-4e2e-862c-6a726eb95994","Fratercula arctica",2020
"HumanObservation",2023,70.3470854039,31.118884366,"2023-03-24T12:15:00+01:00",NA,"Fratercula arctica","9393e832-53b7-47b2-98be-b501db882e80","Fratercula arctica",2020
"HumanObservation",2023,69.7547921011,18.8513545812,"2023-07-10T06:56:00+02:00",NA,"Rissa tridactyla","93a401aa-6af5-45a2-b136-a455e2657d7e","Rissa tridactyla",2020
"HumanObservation",2019,60.826605,-0.901622,"2019-06-16T06:02:00-07:00",NA,"Fratercula arctica","93ab97cb-c7bd-4222-ad69-cbc0ce374ba2","Fratercula arctica",2010
"HumanObservation",2018,63.4292138889,-20.3016361111,"2018-07-23T22:06:00+02:00",NA,"Fratercula arctica","93ad18e1-311d-4278-8424-d181bc8b9b16","Fratercula arctica",2010
"HumanObservation",2019,63.402618,-19.042514,"2019-08-13T12:59:00+04:30",NA,"Rissa tridactyla","93b80713-676c-4342-9532-954e4d5b35d5","Rissa tridactyla",2010
"HumanObservation",2024,76.5076531714,25.0010068491,"2024-07-05T19:21:11+02:00",NA,"Rissa tridactyla","93d7d828-2afc-486c-8377-278722c866fb","Rissa tridactyla",2020
"HumanObservation",2022,70.2402378344,31.0632547939,"2022-07-19T12:12:00+02:00",NA,"Fratercula arctica","93f7b975-fe94-4943-a0b1-9eb3607fc5a2","Fratercula arctica",2020
"HumanObservation",2022,63.4036833333,-19.1299805,"2022-07-13T16:18:01+00:00",NA,"Fratercula arctica","94949270-70e7-43e4-9b86-728d9eb01abb","Fratercula arctica",2020
"HumanObservation",2018,78.2603791381,15.4813071388,"2018-08-05T12:38:14+02:00",NA,"Fratercula arctica","94abbc86-4802-41be-b16b-3289c5d08c95","Fratercula arctica",2010
"HumanObservation",2024,62.0907,-7.4039444444,"2024-07-23T11:11:09+01:00",NA,"Fratercula arctica","94ae16c5-f071-41e3-b635-35c3e950cc95","Fratercula arctica",2020
"HumanObservation",2018,66.2797233333,-22.607245,"2018-08-07T14:44:00-07:00",NA,"Fratercula arctica","94b4d8f6-df08-4280-8e6b-32c803a417dd","Fratercula arctica",2010
"HumanObservation",2020,65.5416756983,-13.7560052883,"2020-07-04T17:58:00+00:00",NA,"Rissa tridactyla","94b91576-d7b0-4d3c-84c1-0ed598e6d20a","Rissa tridactyla",2020
"HumanObservation",2023,62.1106874997,-7.4432808,"2023-07-20T15:52:49+01:00",NA,"Fratercula arctica","94c19b9e-d60f-477c-b705-cc8b1234c89d","Fratercula arctica",2020
"HumanObservation",2022,70.2941360328,31.058194,"2022-07-19T12:34:00+02:00",NA,"Fratercula arctica","94c6c2ba-05ae-4e48-9046-a5e25ad3a70d","Fratercula arctica",2020
"HumanObservation",2023,63.4043950427,-19.1029287457,"2023-08-07T12:21:00+00:00",NA,"Fratercula arctica","94cd9ddd-f4b7-4878-82d9-6604bfd3a3ed","Fratercula arctica",2020
"HumanObservation",2022,65.5012448567,-24.5290811083,"2022-07-03T19:33:00+00:00",NA,"Rissa tridactyla","94d4ef51-6885-423c-adb2-8a2e2e81cfaf","Rissa tridactyla",2020
"HumanObservation",2022,78.19519,13.227539,"2022-08-06T22:46:18","1","Balaenoptera physalus","94dfe4bf-d6c5-412c-8fac-39e20f769f60","Balaenoptera physalus",2020
"HumanObservation",2023,79.9855,13.7589,"2023-07-05T11:15:00+02:00",NA,"Rissa tridactyla","94e8bea1-b233-481c-b2b4-4610943e416d","Rissa tridactyla",2020
"HumanObservation",2024,66.5565916667,-18.0043083333,"2024-05-29T10:36:00+00:00",NA,"Rissa tridactyla","94e9f89e-b886-45bc-875a-666fec08c0d8","Rissa tridactyla",2020
"HumanObservation",2023,79.7971744192,11.9514019567,"2023-06-19T18:10:00+02:00",NA,"Fratercula arctica","94ec66ca-af10-405b-a707-24fab00afab0","Fratercula arctica",2020
"HumanObservation",2019,64.172557,-21.964502,"2019-08-19T08:26:00+00:00",NA,"Fratercula arctica","950acb41-d6c2-48af-9e6b-bed3756617e2","Fratercula arctica",2010
"HumanObservation",2024,64.181762,-21.895916,"2024-06-24T20:26:53+00:00",NA,"Fratercula arctica","951f5bb9-137d-493b-bfc9-836d34ed9e4f","Fratercula arctica",2020
"HumanObservation",2023,63.4220405213,-20.2883685777,"2023-07-24T14:06:00+00:00",NA,"Fratercula arctica","9522aed5-0a09-4358-b362-a077e649feb7","Fratercula arctica",2020
"HumanObservation",2023,70.2981364039,31.0131917433,"2023-06-23T17:22:00+02:00",NA,"Rissa tridactyla","9527b7ce-e911-44e7-a4c3-787243c385be","Rissa tridactyla",2020
"HumanObservation",2023,77.5563222055,15.0581344217,"2023-09-25T08:58:00+02:00",NA,"Rissa tridactyla","95370735-d47c-4ef8-87ac-bfe42f1018f9","Rissa tridactyla",2020
"HumanObservation",2024,79.211411,24.675469,"2024-07-19T05:45:00+02:00",NA,"Rissa tridactyla","95448778-a03d-4959-b5fd-4d8277c7beae","Rissa tridactyla",2020
"HumanObservation",2022,66.3299337493,-17.4244671619,"2022-05-20T06:14:22+00:00",NA,"Fratercula arctica","9556d349-8918-4afe-a839-ce7fe414c3a8","Fratercula arctica",2020
"HumanObservation",2022,78.9660533333,11.718,"2022-05-12T13:28:00+02:00",NA,"Fratercula arctica","955c1951-7109-47af-97f7-afd6d63936b9","Fratercula arctica",2020
"HumanObservation",2022,64.8650516667,-24.039475,"2022-06-03T18:07:00+00:00",NA,"Rissa tridactyla","955d2b2b-4006-46b7-91a6-77d0dfb541ca","Rissa tridactyla",2020
"HumanObservation",2017,66.5054721935,-16.5132878755,"2017-07-28T13:53:00+00:00",NA,"Rissa tridactyla","957e40b7-5ec5-4189-ad7a-1f1807c4f3af","Rissa tridactyla",2010
"HumanObservation",2024,64.14362,-21.9420184,"2024-08-19T05:05:00+00:00",NA,"Rissa tridactyla","957e9b71-5d24-4eae-bd04-dec18843c8b0","Rissa tridactyla",2020
"HumanObservation",2023,79.6016122548,18.4679439551,"2023-07-14T16:01:00+02:00",NA,"Rissa tridactyla","958a5c3b-560d-451d-9d8f-51bc4d2efb1b","Rissa tridactyla",2020
"HumanObservation",2022,62.257602209,5.7201442475,"2022-07-27T17:03:08+02:00",NA,"Fratercula arctica","9594b740-e8d8-48d3-b341-f553e383661a","Fratercula arctica",2020
"HumanObservation",2022,64.8636507988,-24.0396757736,"2022-06-03T13:52:00+00:00",NA,"Fratercula arctica","95a1c755-775e-4ea0-9b1f-3c832b951a39","Fratercula arctica",2020
"HumanObservation",2022,59.2700009,-2.8716135,"2022-07-25T17:37:00+01:00",NA,"Fratercula arctica","95c3c761-e891-497f-974b-2b35693828f4","Fratercula arctica",2020
"HumanObservation",2019,78.9203994211,12.4561940364,"2019-05-26T09:58:00-04:00",NA,"Rissa tridactyla","95ce70bb-59e1-4b34-bbef-e5db186c830e","Rissa tridactyla",2010
"HumanObservation",2024,63.4035133333,-20.2872866667,"2024-06-19T20:59:08+00:00",NA,"Rissa tridactyla","95fa3ab5-ff2e-41c0-a618-f63223c5f256","Rissa tridactyla",2020
"HumanObservation",2024,70.285938,22.352646,"2024-11-10T14:01","1","Physeter macrocephalus","961c4c90-4d24-4015-9d4b-80999efc7c94","Physeter macrocephalus",2020
"HumanObservation",2024,64.8620122417,-24.0396234831,"2024-08-29T10:16:32+00:00",NA,"Rissa tridactyla","962ddabb-dd6c-40f9-9b61-ce9a357503c6","Rissa tridactyla",2020
"HumanObservation",2021,69.90231047,18.7997680687,"2021-07-28T18:22:00+02:00",NA,"Fratercula arctica","9646f272-8876-4a38-9a95-805f35db4b83","Fratercula arctica",2020
"HumanObservation",2023,79.1345367527,11.8134547576,"2023-06-17T16:12:00+02:00",NA,"Rissa tridactyla","965e9206-d36a-475a-ad8f-8625cab24794","Rissa tridactyla",2020
"HumanObservation",2018,66.2993946012,-17.4461795137,"2018-07-27T19:35:00+00:00",NA,"Fratercula arctica","967b9287-a9a3-47e8-8e51-ad622547e4dd","Fratercula arctica",2010
"HumanObservation",2024,58.671473201,-3.3776090442,"2024-08-05T10:39:00+01:00",NA,"Rissa tridactyla tridactyla","9690a353-1f45-4612-9626-7d3dbfaa5e84","Rissa tridactyla",2020
"HumanObservation",2024,70.0521648647,30.0582097216,"2024-04-08T12:18:00+02:00",NA,"Rissa tridactyla","96947e69-3211-4df0-add6-481b7373e0af","Rissa tridactyla",2020
"HumanObservation",2023,69.7489986754,18.9236208318,"2023-07-28T14:02:28+02:00",NA,"Rissa tridactyla","969e890e-a44f-471d-9fd7-428ae1e1e27e","Rissa tridactyla",2020
"HumanObservation",2022,64.941367,-24.1873,"2022-05-09T13:33:32","1","Physeter macrocephalus","96a2f262-b29f-4c3b-801f-a911877a47dd","Physeter macrocephalus",2020
"HumanObservation",2022,63.4042466667,-19.1032611667,"2022-07-29T13:07:50+00:00",NA,"Fratercula arctica","96b7d469-d2a7-4f12-90d5-618dfb88183d","Fratercula arctica",2020
"HumanObservation",2020,64.2989443565,-22.3605866754,"2020-08-10T11:00:00+02:00",NA,"Fratercula arctica","96c1ab4e-00dc-4ce4-ba05-982bb8f8c41d","Fratercula arctica",2020
"HumanObservation",2018,64.7691956224,-23.6327152039,"2018-07-25T08:30:00-07:00",NA,"Rissa tridactyla","96d7c5d5-808b-4bb3-9031-a97f6633b06f","Rissa tridactyla",2010
"HumanObservation",2024,63.4025,-19.040075,"2024-08-12T15:39:13+00:00",NA,"Fratercula arctica","96e4f8d3-44c0-4a7b-8570-77d422b04149","Fratercula arctica",2020
"HumanObservation",2024,69.9581482101,21.8703722234,"2024-01-12T13:02:00+01:00",NA,"Physeter macrocephalus","96e95039-29c5-4644-b3a2-8852c0edb4e8","Physeter macrocephalus",2020
"HumanObservation",2022,65.5014699645,-24.5299125299,"2022-07-13T08:14:00+00:00",NA,"Fratercula arctica","96eac96e-caf4-45eb-9289-03514b32d954","Fratercula arctica",2020
"HumanObservation",2023,58.5203028163,5.7767508798,"2023-02-08T15:15:00+01:00",NA,"Fratercula arctica","96eec6d6-68ac-4ce4-9868-0fd4e2207a31","Fratercula arctica",2020
"HumanObservation",2024,57.1212145816,8.5980733505,"2024-01-23T16:20:00+01:00",NA,"Rissa tridactyla","96f8c84f-5ad9-4f92-abed-ba7408e72837","Rissa tridactyla",2020
"HumanObservation",2022,64.764368,-23.624911,"2022-07-11T15:21:00+00:00",NA,"Rissa tridactyla","9700e1e2-7164-4663-a059-9cfe0e18f680","Rissa tridactyla",2020
"HumanObservation",2023,69.416667,16.333333,"2023-03-24T11:38:04","1","Physeter macrocephalus","97179150-b6dd-4a76-bdbb-020d2a564b2b","Physeter macrocephalus",2020
"HumanObservation",2023,78.1671109574,13.8007805336,"2023-06-24T22:39:00+02:00",NA,"Fratercula arctica","9718c559-3859-462c-aadc-25dfa203346c","Fratercula arctica",2020
"HumanObservation",2024,64.7325269873,-23.7846094742,"2024-03-20T16:01:00+00:00",NA,"Rissa tridactyla","9727d5e8-6b16-400d-91f4-c30ee4dffaf1","Rissa tridactyla",2020
"HumanObservation",2022,63.7800741,-18.089754,"2022-08-17T18:45:00+00:00",NA,"Rissa tridactyla","972e65c8-b181-44be-9092-f371ccf9e1b3","Rissa tridactyla",2020
"HumanObservation",2024,70.139106,21.152564,"2024-01-23T10:44:05","1","Physeter macrocephalus","9736f67c-51cc-4a94-8348-9531f6bd9e59","Physeter macrocephalus",2020
"HumanObservation",2019,78.967483374,12.1604774467,"2019-09-03T15:45:00Z",NA,"Fratercula arctica","974407ef-0fc7-4c67-99ed-5a02e13a7a13","Fratercula arctica",2010
"HumanObservation",2022,66.1482028333,-18.9067633333,"2022-05-29T13:12:59+00:00",NA,"Rissa tridactyla","97469bc2-4739-45b4-8da9-ea657e257e03","Rissa tridactyla",2020
"HumanObservation",2019,69.408936,15.721311,"2019-08-23T12:03:35","1","Physeter macrocephalus","9757567f-8204-4ccd-9fb9-55e88d24f280","Physeter macrocephalus",2010
"HumanObservation",2021,60.148833,-1.123167,"2021-03-04T10:40:00",NA,"Balaenoptera physalus","975fbab9-59b3-4be7-99a8-c3935090d33e","Balaenoptera physalus",2020
"HumanObservation",2023,70.0417624599,30.0229544405,"2023-06-28T16:49:00+02:00",NA,"Rissa tridactyla","9770503c-04a8-4393-9c26-82fc4af94d1e","Rissa tridactyla",2020
"HumanObservation",2022,70.311252146,31.0986088634,"2022-07-19T11:07:00+02:00",NA,"Fratercula arctica","977a745a-6a0d-49c4-ba03-a58c909d36c0","Fratercula arctica",2020
"HumanObservation",2017,78.3566918621,14.3133663735,"2017-04-12T11:51:00+02:00",NA,"Rissa tridactyla","97851728-fdf1-46df-b197-b6b40b22ccc2","Rissa tridactyla",2010
"HumanObservation",2022,63.4041861111,-19.1032416667,"2022-07-14T13:15:10+00:00",NA,"Fratercula arctica","97879020-405b-4c87-adce-3b0acb733a14","Fratercula arctica",2020
"HumanObservation",2023,70.3570955558,31.0669148788,"2023-06-23T17:39:00+02:00",NA,"Rissa tridactyla","978f9278-d360-4588-b25e-d2fd0cc53028","Rissa tridactyla",2020
"HumanObservation",2018,66.27369,-22.60556,"2018-08-07T15:12:00-07:00",NA,"Rissa tridactyla","97998628-074e-4246-be44-f3afb07ad3e7","Rissa tridactyla",2010
"HumanObservation",2019,64.1700435259,-21.9615418888,"2019-06-10",NA,"Fratercula arctica","97a79d13-781f-4fce-b4e5-2281eecddb9d","Fratercula arctica",2010
"HumanObservation",2020,60.9606,-11.427,"2020-08-24",NA,"Fratercula arctica","97acc351-9a3a-448c-aae1-3c4c9dbe1887","Fratercula arctica",2020
"HumanObservation",2018,79.6093928097,18.5256247044,"2018-08-29T17:32:00-04:00",NA,"Fratercula arctica","97b9e7f5-6096-4f6b-8c8a-04b8b0e001da","Fratercula arctica",2010
"HumanObservation",2023,62.4138556657,5.7787691127,"2023-05-30T12:02:00+02:00",NA,"Fratercula arctica","97b9fcb8-3e04-48c7-adcc-9abca5cb9a9e","Fratercula arctica",2020
"HumanObservation",2022,70.2533948945,31.0975329558,"2022-07-02T14:14:00+02:00",NA,"Fratercula arctica","97cbdb2a-8b07-46b7-b94c-b3b732071d69","Fratercula arctica",2020
"HumanObservation",2024,79.1308611,11.8413333,"2024-06-01T09:40:00+02:00",NA,"Rissa tridactyla","97db6e5b-1c97-48f9-b63f-0ed3730b0454","Rissa tridactyla",2020
"HumanObservation",2017,65.502542,-24.531585,"2017-07-07T14:05:24+00:00",NA,"Fratercula arctica","97e50699-fa75-4657-bc1e-1e29d111120f","Fratercula arctica",2010
"HumanObservation",2024,58.6309667,-3.0346459,"2024-06-18T08:40:00+01:00",NA,"Fratercula arctica","98073b4c-8562-42c6-97c2-51f6140bee9b","Fratercula arctica",2020
"HumanObservation",2023,63.4034852871,-20.2879448796,"2023-05-31T09:59:00+00:00",NA,"Fratercula arctica","9814f95b-4cd3-49ba-81cc-fbc9bf8f3862","Fratercula arctica",2020
"HumanObservation",2017,65.7555389,-19.6455288,"2017-09-30",NA,"Rissa tridactyla","98227c52-5d59-441f-8f55-85470c660ec5","Rissa tridactyla",2010
"HumanObservation",2017,64.2953664,-22.4876252,"2017-01-07",NA,"Rissa tridactyla","9832103a-44ad-45ce-83d4-874b0480beff","Rissa tridactyla",2010
"HumanObservation",2024,77.0201298983,15.8833112195,"2024-07-22T12:00:21+02:00",NA,"Rissa tridactyla","983fe41a-57fa-4c1f-b907-626b078df614","Rissa tridactyla",2020
"HumanObservation",2022,65.5492058693,-24.3721679804,"2022-06-02T16:42:00+00:00",NA,"Rissa tridactyla","98469cf8-1137-47b6-a0df-eca4f157fa26","Rissa tridactyla",2020
"HumanObservation",2024,78.2655076137,21.9381556119,"2024-08-29T09:14:00+02:00",NA,"Rissa tridactyla","9874a5da-3b7b-478d-a41d-f809323044ec","Rissa tridactyla",2020
"HumanObservation",2017,78.294322,12.488133,"2017-06-21T19:19:36","1","Balaenoptera musculus","9877203b-ceb1-4d8d-bbd5-a9767722f0fb","Balaenoptera musculus",2010
"HumanObservation",2022,57.1583841627,9.0260285925,"2022-06-29T19:51:00+02:00",NA,"Rissa tridactyla","9881ddd1-cdeb-4f34-a981-39570bccc7ea","Rissa tridactyla",2020
"HumanObservation",2020,58.3752164353,-6.209838842,"2020-08-10T13:50:00+01:00",NA,"Rissa tridactyla","9887af04-f6c7-487e-ba76-1abe95039fbd","Rissa tridactyla",2020
"HumanObservation",2022,78.9986981596,11.6593427463,"2022-08-17T06:58:00+02:00",NA,"Rissa tridactyla","988a79a8-ab90-4bac-b956-ad1733605d3d","Rissa tridactyla",2020
"HumanObservation",2017,78.363667,15.294167,"2017-06-14T16:55:46","1","Balaenoptera musculus","98b6552a-1483-4c1e-9aa0-d3b211f2d678","Balaenoptera musculus",2010
"HumanObservation",2017,65.2963166667,-13.6917916667,"2017-05-22T14:43:15Z",NA,"Fratercula arctica","98cfd697-94cf-4020-b60e-153eaf5aad5e","Fratercula arctica",2010
"HumanObservation",2019,64.98235,-23.872876,"2019-06-06T13:33:28","1","Physeter macrocephalus","98d59a0e-d722-4152-b8fc-dcc237f2dd32","Physeter macrocephalus",2010
"HumanObservation",2023,70.2098951111,31.0666961647,"2023-06-23T15:34:00+02:00",NA,"Fratercula arctica","98fc18c8-ecf6-49ad-a6fe-008f27758f16","Fratercula arctica",2020
"HumanObservation",2024,62.2840318008,-6.919327493,"2024-05-06T16:34:00+01:00",NA,"Fratercula arctica","99032d39-6c49-44e2-8302-41887d8604cc","Fratercula arctica",2020
"HumanObservation",2023,78.0632380316,13.5674833656,"2023-06-08T08:44:00+02:00",NA,"Fratercula arctica","99033b12-4c70-487a-8101-5f8d85fe4987","Fratercula arctica",2020
"HumanObservation",2022,70.3513810137,31.1480456464,"2022-04-14T14:21:00+02:00",NA,"Fratercula arctica","990e3275-cd87-4f19-8816-e1a56ca7a42d","Fratercula arctica",2020
"HumanObservation",2023,70.3424870754,31.0158797704,"2023-06-23T15:07:00+02:00",NA,"Fratercula arctica","991aa498-2d18-4c41-9ea5-f26dda8c246a","Fratercula arctica",2020
"HumanObservation",2019,63.4008061893,-19.1264584713,"2019-08-09",NA,"Fratercula arctica","99201f6f-4f32-4adf-99d0-6128fdca31f7","Fratercula arctica",2010
"HumanObservation",2021,65.5327074114,-13.8151684303,"2021-06-30T12:00:00+00:00",NA,"Fratercula arctica","9921c4ca-b44a-4a48-b486-b8c90607ea92","Fratercula arctica",2020
"HumanObservation",2020,59.4087,-2.4142,"2020-09-19T15:45:00",NA,"Balaenoptera physalus","993e9e48-26a4-4e35-bf61-51b8d2f17657","Balaenoptera physalus",2020
"HumanObservation",2019,58.3799681348,-5.1880259503,"2019-08-06T04:15:00+01:00",NA,"Fratercula arctica","99635f48-5eb1-4851-bd79-b3aa9cbc3fe5","Fratercula arctica",2010
"HumanObservation",2024,63.4282711558,-20.3029043265,"2024-06-07T07:43:00+00:00",NA,"Fratercula arctica","997f6776-7c61-4437-bb7e-06419e4d4c69","Fratercula arctica",2020
"HumanObservation",2017,69.3357428507,15.633117751,"2017-06-28T09:33:00+02:00",NA,"Fratercula arctica","9981d171-1e87-4b39-a6ce-3b952daf5457","Fratercula arctica",2010
"HumanObservation",2020,61.4173,-24.2079,"2020-08-25",NA,"Rissa tridactyla","99903f53-1dcc-4ade-ae4e-0f5a430151b1","Rissa tridactyla",2020
"HumanObservation",2023,70.3086415647,31.0844558988,"2023-06-23T17:38:00+02:00",NA,"Rissa tridactyla","99a02e90-94f6-468b-a030-b0e20bae1b1c","Rissa tridactyla",2020
"HumanObservation",2018,66.39479457,-17.461870152,"2018-07-27T19:37:00+00:00",NA,"Fratercula arctica","99ac2fc6-824b-48ac-9797-b3199532beda","Fratercula arctica",2010
"HumanObservation",2019,79.633533,13.769531,"2019-08-17T12:18:36","1","Balaenoptera musculus","99c3b5d2-cfc8-4c25-8090-4cc201e4497a","Balaenoptera musculus",2010
"HumanObservation",2022,65.59269416,-24.00315388,"2022-08-10T10:54:43+00:00",NA,"Fratercula arctica","99cd1b01-cd8d-49fc-9e74-51692b1236ba","Fratercula arctica",2020
"HumanObservation",2023,70.36433576,31.157576562,"2023-06-23T17:25:51+02:00",NA,"Rissa tridactyla","99d0e326-bdad-44f4-bc72-ac4f8ee116c1","Rissa tridactyla",2020
"HumanObservation",2017,66.2585555287,-15.7227301404,"2017-07-29T22:25:37+08:00",NA,"Fratercula arctica","99de4c11-2cd5-4f85-a3dd-fbce28c60b08","Fratercula arctica",2010
"HumanObservation",2017,64.71495,-19.028362,"2017-07-14T22:00:00+00:00",NA,"Rissa tridactyla","99ec9d1d-48c5-45d0-a788-b534b58625e5","Rissa tridactyla",2010
"HumanObservation",2021,63.40438,-19.1035333333,"2021-06-30T12:53:05-07:00",NA,"Fratercula arctica","99fa3c42-b507-4d1e-98a5-953d6bb1d816","Fratercula arctica",2020
"HumanObservation",2018,64.1406205138,-22.3986121866,"2018-07-09T07:24:00-04:00",NA,"Fratercula arctica","99ff3f7d-e8e9-4607-808f-bd5c9090c0da","Fratercula arctica",2010
"HumanObservation",2021,70.2172498772,22.2104181524,"2021-10-11T11:50:00+03:00",NA,"Fratercula arctica","99ffbf21-bec4-48a2-8ce1-568210513b76","Fratercula arctica",2020
"HumanObservation",2023,71.0287056755,25.3173828464,"2023-07-17T12:47:00+02:00",NA,"Rissa tridactyla","9a0429b1-4639-4593-a076-97e7cb4c368d","Rissa tridactyla",2020
"HumanObservation",2018,65.542189,-13.75465,"2018-07-16T18:17:00+00:00",NA,"Fratercula arctica","9a098ca1-6a54-4336-814c-0a943bcfbab9","Fratercula arctica",2010
"HumanObservation",2024,63.4047541285,-20.2863752414,"2024-06-29T07:34:24+00:00",NA,"Fratercula arctica","9a204f4f-adaa-414b-891c-7d55e6d0e0ae","Fratercula arctica",2020
"HumanObservation",2024,78.9150343002,12.1681032424,"2024-07-25T13:27:00+02:00",NA,"Fratercula arctica","9a298977-64b2-4ace-8b35-e777eaf5b58e","Fratercula arctica",2020
"HumanObservation",2024,68.7460096362,14.4101825218,"2024-08-05T11:31:00+02:00",NA,"Fratercula arctica","9a3e8409-1b53-4988-abad-65601f7613f5","Fratercula arctica",2020
"HumanObservation",2023,70.2833132094,31.1798470582,"2023-06-23T17:25:00+02:00",NA,"Rissa tridactyla","9a50e4e2-2a07-4aee-b834-1f260d4ee67c","Rissa tridactyla",2020
"HumanObservation",2023,70.2910698135,31.1007586853,"2023-06-23T17:03:00+02:00",NA,"Fratercula arctica","9a51eff1-6a12-40e2-8ea9-8ecb6d6ae3da","Fratercula arctica",2020
"HumanObservation",2019,65.5299114682,-13.8145598331,"2019-08-07T12:15:03-06:00",NA,"Fratercula arctica","9a5eb7f6-0b17-4b9a-9102-45105b211311","Fratercula arctica",2010
"HumanObservation",2023,64.7683335673,-23.6181334513,"2023-06-02T13:09:24+00:00",NA,"Rissa tridactyla","9a631a30-d2f8-4bca-bd06-4e51ab4bc292","Rissa tridactyla",2020
"HumanObservation",2017,62.1165997653,-7.6052857675,"2017-08-24T16:28:00+01:00",NA,"Fratercula arctica","9a78eb31-8306-447e-8a60-49975167eeee","Fratercula arctica",2010
"MachineObservation",2020,74.532441,13.767918,"2020-09-12T10:18",NA,"Physeter macrocephalus","9a82d836-2fd6-4496-addd-9e551adf2f3b","Physeter macrocephalus",2020
"HumanObservation",2021,59.1031295842,-3.3509445536,"2021-05-06T11:27:00+01:00",NA,"Fratercula arctica","9a83627e-d3aa-44fd-817b-18baba447095","Fratercula arctica",2020
"HumanObservation",2023,78.115,11.435,"2023-06-29T20:36:00","1","Balaenoptera musculus","9a8eb0c3-603e-4838-a0f2-9b7ffa7752b0","Balaenoptera musculus",2020
"HumanObservation",2022,78.9793583333,11.5799083333,"2022-05-12T13:23:00+02:00",NA,"Fratercula arctica","9a905320-3b3b-4b03-8dda-27ca329545f3","Fratercula arctica",2020
"HumanObservation",2023,70.2528895169,31.055749887,"2023-06-23T17:38:00+02:00",NA,"Rissa tridactyla","9a9556cc-e2cd-4167-864f-ab31c2d019d5","Rissa tridactyla",2020
"HumanObservation",2021,62.1007111618,-7.6360934973,"2021-05-08T17:23:40Z",NA,"Fratercula arctica","9a9bd330-a609-4a9d-80b9-e790da3b2f19","Fratercula arctica",2020
"HumanObservation",2024,78.2751960707,22.0895999192,"2024-08-29T09:11:00+02:00",NA,"Rissa tridactyla","9a9d1dda-1f39-4b15-802b-48cc1d431890","Rissa tridactyla",2020
"HumanObservation",2024,70.9958803568,29.0701077913,"2024-06-23T17:48:00+02:00",NA,"Rissa tridactyla","9aa65b74-1d65-4158-9a37-55f0e341d367","Rissa tridactyla",2020
"HumanObservation",2022,65.4129733333,-23.0329666667,"2022-06-02T21:11:00+00:00",NA,"Fratercula arctica","9aae46f1-fe3e-4b5d-9551-0f595ec89571","Fratercula arctica",2020
"HumanObservation",2022,68.060317,-22.269967,"2022-06-04T21:42:31","1","Balaenoptera musculus","9ab31e44-bd8d-4e57-b6b5-b9ba518cbaad","Balaenoptera musculus",2020
"HumanObservation",2022,70.0450417316,30.1345441494,"2022-04-13T16:49:00+02:00",NA,"Rissa tridactyla","9abe9026-05c2-4c49-ac35-3e8148e8ea4f","Rissa tridactyla",2020
"HumanObservation",2018,64.1719559,-21.9163726,"2018-08-02",NA,"Fratercula arctica","9ac1505c-68c4-4382-9d98-0c10067cc07e","Fratercula arctica",2010
"HumanObservation",2018,78.8735462925,21.4018653296,"2018-05-31T16:24:00+02:00",NA,"Fratercula arctica","9ade164c-2582-48e7-8d10-c23d317f4b87","Fratercula arctica",2010
"HumanObservation",2024,63.811382871,-22.7132070208,"2024-07-02T16:47:00+00:00",NA,"Rissa tridactyla","9af66ea8-31db-4a90-b3f6-3cfb30f61e50","Rissa tridactyla",2020
"HumanObservation",2024,58.6719330887,-3.37707155,"2024-06-29T11:46:36+01:00",NA,"Fratercula arctica","9afb002c-e960-4c55-88ae-10b990da272e","Fratercula arctica",2020
"HumanObservation",2024,65.5416364919,-13.7551486552,"2024-08-09T08:34:27+00:00",NA,"Rissa tridactyla","9afc05b7-fef6-4ae3-87df-9198b2046328","Rissa tridactyla",2020
"HumanObservation",2023,66.0917435016,-17.5682442916,"2023-10-01T10:23:00+00:00",NA,"Rissa tridactyla","9afd9d1d-2e14-49f9-b244-0bc1f422130c","Rissa tridactyla",2020
"HumanObservation",2023,69.6597680157,18.9449322437,"2023-07-29T11:28:19+02:00",NA,"Rissa tridactyla","9b17ed9a-cdea-491c-8ffa-9ccf25ce3f47","Rissa tridactyla",2020
"HumanObservation",2024,62.3618062496,-6.7856143042,"2024-08-20T12:21:09+01:00",NA,"Fratercula arctica","9b19f93b-fc28-4a42-8750-76726b56537d","Fratercula arctica",2020
"HumanObservation",2024,70.084991,20.953674,"2024-01-04T12:27:33","1","Balaenoptera physalus","9b51a225-e488-4b80-886c-7ece3e7ea117","Balaenoptera physalus",2020
"HumanObservation",2023,66.248807,-17.475959,"2023-06-02T12:26:19","1","Balaenoptera musculus","9b58eefb-e1ce-408f-ba28-1e7160c82d3d","Balaenoptera musculus",2020
"HumanObservation",2017,76.0158,-3.2295,"2017-05-28T14:38:00+00:00",NA,"Rissa tridactyla","9b8a3d21-71d6-458c-88ff-e513c82a31c9","Rissa tridactyla",2010
"HumanObservation",2024,64.7642833333,-23.6245583333,"2024-03-25T18:42:03+00:00",NA,"Rissa tridactyla","9b971b8b-71dd-4aee-8932-415de399be6e","Rissa tridactyla",2020
"HumanObservation",2018,66.078211,-17.523193,"2018-08-03T13:00:59","1","Balaenoptera musculus","9ba2de5a-9945-46e2-bdd7-4305085a4425","Balaenoptera musculus",2010
"HumanObservation",2019,67.9276677425,12.9426981266,"2019-04-19T10:32:00-10:00",NA,"Rissa tridactyla","9bc14413-4526-428f-9869-a9c1d730c265","Rissa tridactyla",2010
"HumanObservation",2022,65.5312716667,-23.193365,"2022-06-02T19:17:00+00:00",NA,"Rissa tridactyla","9bc3c181-ad25-4dad-bad9-2e1d687404bb","Rissa tridactyla",2020
"HumanObservation",2022,63.5310589968,-20.122207962,"2022-07-15T16:48:32+00:00",NA,"Rissa tridactyla","9bcf9865-e678-47b7-af28-f198cdf4972c","Rissa tridactyla",2020
"HumanObservation",2019,59.8543422453,-1.2745857239,"2019-06-07T10:36:00+10:00",NA,"Rissa tridactyla","9bdf636d-cb65-4458-87a9-0e2da44e15e3","Rissa tridactyla",2010
"HumanObservation",2024,59.1359730256,-3.3367530366,"2024-05-31T10:20:00+01:00",NA,"Fratercula arctica","9c018d51-65bd-463d-ada9-bc13f96df0b1","Fratercula arctica",2020
"HumanObservation",2023,70.1835775302,30.1185753397,"2023-06-23T13:27:00+02:00",NA,"Rissa tridactyla","9c0e15a7-20bd-4803-a188-740163b2e3c9","Rissa tridactyla",2020
"HumanObservation",2023,66.161326,-17.443542,"2023-06-16T11:04:53","1","Balaenoptera musculus","9c0f6ca2-2925-4b3d-87a7-a6468b89cab8","Balaenoptera musculus",2020
"HumanObservation",2019,64.1728668629,-21.965479856,"2019-05-12T01:57:00-07:00",NA,"Fratercula arctica","9c20d84a-eb47-4356-b9a9-cd516714a32f","Fratercula arctica",2010
"HumanObservation",2022,66.0450644916,-17.3900632751,"2022-06-01T12:33:00+00:00",NA,"Fratercula arctica","9c389bd5-3828-459e-a028-6f9a4e49a893","Fratercula arctica",2020
"HumanObservation",2023,66.5305480575,-17.992218174,"2023-06-21T15:35:00+00:00",NA,"Fratercula arctica","9c455830-0fad-4d41-8568-6e06154dc78d","Fratercula arctica",2020
"HumanObservation",2024,70.2168141606,31.1540887244,"2024-07-28T11:31:00+02:00",NA,"Fratercula arctica","9c481fae-2a20-43db-86cc-51e9c2a3dfdc","Fratercula arctica",2020
"HumanObservation",2018,66.5472433333,-18.0230166667,"2018-07-09T10:09:00-07:00",NA,"Fratercula arctica","9c5a08c6-c170-41b0-87a9-df6f7c1ef93f","Fratercula arctica",2010
"HumanObservation",2022,78.222875,15.6714766667,"2022-05-08T17:57:00+02:00",NA,"Rissa tridactyla","9c616d37-6cce-4958-8a04-839fdf6bdd3f","Rissa tridactyla",2020
"HumanObservation",2022,64.766478778,-23.6177785457,"2022-06-30T06:43:00+00:00",NA,"Rissa tridactyla","9c6897e6-7900-425b-92a6-6870fae6ae38","Rissa tridactyla",2020
"MaterialSample",2019,58.58823,-5.020045,"2019-06-28",NA,"Rissa tridactyla","9c6c7199-aeae-4064-9611-3909b64a0acb","Rissa tridactyla",2010
"HumanObservation",2023,63.4451330824,-20.2602900122,"2023-07-24T14:14:00+00:00",NA,"Fratercula arctica","9c95b903-c7e9-47be-a242-8f81e23ec98b","Fratercula arctica",2020
"HumanObservation",2024,70.3776618983,31.1611841657,"2024-05-16T16:39:30+02:00",NA,"Fratercula arctica","9c9a4503-2763-4902-b8a8-654013931bd6","Fratercula arctica",2020
"HumanObservation",2020,59.8543968201,-1.2747533321,"2020-08-02T14:31:13+02:00",NA,"Fratercula arctica","9ca22aba-0a54-4a7c-a35c-71f98e314015","Fratercula arctica",2020
"HumanObservation",2018,62.3334401152,5.6627577681,"2018-07-28T19:35:28+02:00",NA,"Fratercula arctica","9ca237fb-7f5e-4483-a98c-d93447481c7a","Fratercula arctica",2010
"HumanObservation",2022,65.5421602152,-13.7517587766,"2022-05-29T21:48:00+00:00",NA,"Fratercula arctica","9ca78586-53bb-49a9-bbe6-8db7369e2215","Fratercula arctica",2020
"HumanObservation",2023,66.5293746602,-17.9915706708,"2023-07-20T14:11:00+00:00",NA,"Fratercula arctica","9cac131a-54e6-4fd2-8f22-d31f7b75e3d7","Fratercula arctica",2020
"HumanObservation",2022,63.398725,-20.291869,"2022-07-04T16:00:00+00:00",NA,"Fratercula arctica","9cb8322f-fa5a-4284-becb-3982a1529643","Fratercula arctica",2020
"HumanObservation",2022,64.810527199,-23.5163314451,"2022-06-06T17:23:20+00:00",NA,"Rissa tridactyla","9cc96fca-acdb-468b-9203-c6ee6164c85f","Rissa tridactyla",2020
"HumanObservation",2024,65.5025715365,-24.5316982269,"2024-08-08T11:26:30+00:00",NA,"Fratercula arctica","9cd3db72-509c-405c-ae65-5f9838927b74","Fratercula arctica",2020
"HumanObservation",2018,66.5589116667,-18.0090333333,"2018-07-07T16:31:00-07:00",NA,"Fratercula arctica","9cd70785-2b7c-4c85-a8c4-1d5f61d8e5bf","Fratercula arctica",2010
"HumanObservation",2022,70.2726874016,31.0423681054,"2022-03-21T16:09:00+00:00",NA,"Rissa tridactyla","9ce0d821-59e9-4320-8135-80759c106a77","Rissa tridactyla",2020
"HumanObservation",2024,65.5003222222,-24.5266944444,"2024-06-26T22:51:59+00:00",NA,"Rissa tridactyla","9cf013bd-d54a-448b-a00c-574b8dcdc4ef","Rissa tridactyla",2020
"HumanObservation",2024,64.7671638889,-23.61655,"2024-09-03T14:30:10+00:00",NA,"Rissa tridactyla","9cf54c71-c479-438e-8ff7-a13321d6a358","Rissa tridactyla",2020
"HumanObservation",2022,70.2446690987,31.0536577322,"2022-04-11T09:06:00+02:00",NA,"Rissa tridactyla","9cfb6899-02ea-4e07-9f38-69398f245944","Rissa tridactyla",2020
"HumanObservation",2020,70.3569883118,31.0545833874,"2020-06-24",NA,"Fratercula arctica","9d03ff4c-d2f6-4b78-a78f-5d33c02b108d","Fratercula arctica",2020
"HumanObservation",2022,58.6406834922,-3.0267905131,"2022-07-28T16:56:00+01:00",NA,"Fratercula arctica","9d1297e3-3923-4886-b291-6adf1b0a46b7","Fratercula arctica",2020
"HumanObservation",2019,63.331167,-20.497833,"2019-07-24","1","Physeter macrocephalus","9d19e41e-86de-4e8f-9923-431f62312790","Physeter macrocephalus",2010
"HumanObservation",2021,62.4423838047,5.422274769,"2021-06-28T21:38:01+02:00",NA,"Fratercula arctica","9d386910-c388-4b46-9e2f-4cf17126eb52","Fratercula arctica",2020
"HumanObservation",2022,64.1339021,-16.0669668,"2022-05-25T03:32:00+00:00",NA,"Rissa tridactyla","9d45c0c5-0333-4c1f-9b24-ff762f0913b1","Rissa tridactyla",2020
"HumanObservation",2017,80.7975,16.0491,"2017-08-03","1","Balaenoptera musculus","9d75d307-1c87-4d3d-bf63-66373d059c21","Balaenoptera musculus",2010
"HumanObservation",2024,65.5021283333,-24.5310583333,"2024-06-19T01:24:53+00:00",NA,"Fratercula arctica","9d7abd1f-96fa-4aa8-8e00-b169a87fb57e","Fratercula arctica",2020
"HumanObservation",2022,63.3996573505,-19.0329075682,"2022-05-27T14:05:00+00:00",NA,"Rissa tridactyla","9d8ee038-3698-40e4-866a-8dec70decec7","Rissa tridactyla",2020
"HumanObservation",2024,59.1007612596,-3.3524155377,"2024-06-27T11:51:00+01:00",NA,"Rissa tridactyla","9db28c9a-c244-44bb-bdf7-869f682be560","Rissa tridactyla",2020
"HumanObservation",2024,62.8443312324,-13.1214194745,"2024-06-30T11:43:00-01:00",NA,"Rissa tridactyla","9dc21fc2-e63f-4798-870d-2bbd5fac424b","Rissa tridactyla",2020
"HumanObservation",2024,63.4039106822,-20.286880933,"2024-07-24T15:44:00+00:00",NA,"Fratercula arctica","9dd511df-318b-4d53-82b8-2badce866ba2","Fratercula arctica",2020
"HumanObservation",2018,63.4296111111,-20.3019194444,"2018-07-23T22:21:00+02:00",NA,"Fratercula arctica","9df16d5a-b3d7-4f03-84cc-548337cb3b9d","Fratercula arctica",2010
"HumanObservation",2023,69.7941434961,30.7764932151,"2023-07-04T16:47:00+02:00",NA,"Rissa tridactyla","9df80910-e637-41e1-8152-268c8f03ca7e","Rissa tridactyla",2020
"HumanObservation",2023,62.3277523185,-6.9405859406,"2023-07-13T13:25:00+01:00",NA,"Fratercula arctica","9e132c53-c111-4718-88ce-154530948cd5","Fratercula arctica",2020
"HumanObservation",2022,67.2900762421,14.6206460373,"2022-12-29T11:53:00+01:00",NA,"Rissa tridactyla","9e29e16b-f380-4bf3-a6fa-985cb0d70175","Rissa tridactyla",2020
"HumanObservation",2022,78.75,8.435,"2022-06-28T20:58:17","1","Physeter macrocephalus","9e33c86d-b8b2-4d7e-bec8-6b51831df5d0","Physeter macrocephalus",2020
"HumanObservation",2018,63.4036612551,-19.026884541,"2018-07-24T17:02:00+00:00",NA,"Fratercula arctica","9e797944-ab95-4862-b0eb-9c16a7dc73de","Fratercula arctica",2010
"HumanObservation",2024,65.0381222222,-14.0012305556,"2024-09-03T13:41:00+00:00",NA,"Rissa tridactyla","9e93ed9e-f7c4-4890-bf0f-6dc3694338e7","Rissa tridactyla",2020
"HumanObservation",2019,65.5427710436,-13.7575029954,"2019-04-23T16:29:00-07:00",NA,"Rissa tridactyla","9ec9d21c-e1b1-42ce-908b-0892385083cc","Rissa tridactyla",2010
"HumanObservation",2017,79.023573,11.388193,"2017-07-07T10:46:04","1","Balaenoptera musculus","9ed1a8a8-0f76-485a-b631-7be28c56509f","Balaenoptera musculus",2010
"HumanObservation",2022,63.4114468294,-19.0240066499,"2022-07-16T13:21:11+00:00",NA,"Fratercula arctica","9ef3597b-edcc-4e3f-850d-a6bc789e0536","Fratercula arctica",2020
"HumanObservation",2021,63.5026438038,-20.1554678506,"2021-08-22T11:05:00-07:00",NA,"Fratercula arctica","9ef8c408-3340-4b08-acc1-441dbe58b6e2","Fratercula arctica",2020
"HumanObservation",2024,59.1,-3.35,"2024-06-20T05:33:00+01:00",NA,"Rissa tridactyla","9f0d6955-8797-4f18-a918-ef52636ffcc9","Rissa tridactyla",2020
"HumanObservation",2022,70.3696605873,31.0243916178,"2022-04-11T09:08:00+02:00",NA,"Rissa tridactyla","9f10a97e-d5ce-43c5-80ff-781b551504d4","Rissa tridactyla",2020
"HumanObservation",2021,65.5001120365,-24.5273203592,"2021-08-02T11:27:00-04:00",NA,"Rissa tridactyla","9f3242bd-7961-497b-b1e5-850686086f8e","Rissa tridactyla",2020
"HumanObservation",2023,66.075622,-19.253943,"2023-06-11T12:03:00+00:00",NA,"Rissa tridactyla","9f73e4a6-4272-4f67-ab7d-3dfae1cadf95","Rissa tridactyla",2020
"HumanObservation",2023,63.8847461597,-22.7404024154,"2023-06-10T11:33:00+00:00",NA,"Rissa tridactyla","9f773881-072f-4b76-8425-e685c90c99d6","Rissa tridactyla",2020
"HumanObservation",2023,66.3136305076,12.2867084965,"2023-07-14T09:51:00+02:00",NA,"Fratercula arctica","9f7d628d-c272-4214-b042-0bd8be819072","Fratercula arctica",2020
"HumanObservation",2017,65.502542,-24.531585,"2017-07-07T12:44:00+00:00",NA,"Fratercula arctica","9f8ac562-8848-4077-9aac-3425f1ad0259","Fratercula arctica",2010
"HumanObservation",2024,63.4030461247,-19.130775751,"2024-08-08T12:36:00+00:00",NA,"Fratercula arctica","9f8e2db7-5fcf-4694-98c7-b98a0c124e12","Fratercula arctica",2020
"HumanObservation",2024,64.7699107163,-23.6171940425,"2024-09-10T16:39:00+00:00",NA,"Rissa tridactyla","9f946dde-ec65-4a43-9b04-95c14f72f822","Rissa tridactyla",2020
"HumanObservation",2024,70.1006743517,30.1651086906,"2024-07-26T16:07:00+02:00",NA,"Rissa tridactyla","9fb8dc78-04dc-440f-afad-d13e07c62e74","Rissa tridactyla",2020
"HumanObservation",2022,69.397794,16.250395,"2022-07-31T18:19:36","1","Physeter macrocephalus","9fbaafaa-ecc1-429d-8e32-567eb6d58ec7","Physeter macrocephalus",2020
"HumanObservation",2019,64.866387,-24.040446,"2019-06-18T15:14:00+00:00",NA,"Rissa tridactyla","9fbcf0d7-d504-4ec1-9bec-859630064655","Rissa tridactyla",2010
"HumanObservation",2023,79.8978797174,11.8445665473,"2023-06-03T08:20:00+02:00",NA,"Rissa tridactyla","9fcae67a-09f4-42bd-93b1-20c91be1cc6d","Rissa tridactyla",2020
"HumanObservation",2024,62.1019032815,-7.6475486678,"2024-05-07T14:57:00+01:00",NA,"Rissa tridactyla","9fcc1100-6e43-4655-a200-95d5fc30730a","Rissa tridactyla",2020
"HumanObservation",2022,65.0919183333,-22.7120533333,"2022-07-05T13:12:00+00:00",NA,"Fratercula arctica","9fd15381-1a24-4a30-b73e-86c19e190e50","Fratercula arctica",2020
"HumanObservation",2023,63.4036714169,-19.1307114353,"2023-07-16T08:59:41+00:00",NA,"Fratercula arctica","9fe64026-5f0b-4ac5-ad1c-c6ed53f0e469","Fratercula arctica",2020
"HumanObservation",2021,66.5389480591,-18.0136089325,"2021-08-10T14:36:52Z",NA,"Fratercula arctica","9ffa43d0-ff69-402c-92b9-dfebde9e882c","Fratercula arctica",2020
"HumanObservation",2022,60.8406431818,-0.8963752576,"2022-06-07T13:54:58+01:00",NA,"Fratercula arctica","9ffe14c1-0af9-471f-adf4-4281cbccd5d8","Fratercula arctica",2020
"HumanObservation",2022,68.734258388,17.0726765178,"2022-07-03T20:50:00+02:00",NA,"Rissa tridactyla","a0075df0-feb6-419d-b905-605387591138","Rissa tridactyla",2020
"HumanObservation",2023,64.17776205,-21.6943761,"2023-08-17T12:18:33+00:00",NA,"Fratercula arctica","a0196146-98ee-41f6-8eeb-8eaa55ba8c28","Fratercula arctica",2020
"HumanObservation",2022,77.553604,23.670272,"2022-06-22T03:50:00+02:00",NA,"Rissa tridactyla","a0272809-c512-4e1d-95b5-f06325b95e1e","Rissa tridactyla",2020
"HumanObservation",2022,62.1053618043,-7.654837414,"2022-08-03T20:32:59+01:00",NA,"Fratercula arctica","a02eac5b-ba99-45a6-a6ad-a44639e3a68a","Fratercula arctica",2020
"HumanObservation",2024,69.7722679012,18.8905532155,"2024-08-15T19:52:00+02:00",NA,"Rissa tridactyla","a03437e9-fdfc-4a9f-9b74-9c57ac5c5aff","Rissa tridactyla",2020
"HumanObservation",2023,70.2969927905,31.079573646,"2023-06-23T17:20:00+02:00",NA,"Rissa tridactyla","a04f9ff8-f46d-4f90-88fd-19d6c3cd4225","Rissa tridactyla",2020
"HumanObservation",2022,65.3761397857,-22.9639237091,"2022-06-02T21:59:00+00:00",NA,"Rissa tridactyla","a0509b78-97fd-4212-9685-bded027f430f","Rissa tridactyla",2020
"HumanObservation",2017,77.5555516693,17.691701966,"2017-07-25T06:40:00+01:00",NA,"Fratercula arctica","a053111c-a8d3-4b3c-8d03-736231ff1e82","Fratercula arctica",2010
"HumanObservation",2024,77.2919477906,-3.2031997966,"2024-06-03T16:01:00+00:00",NA,"Rissa tridactyla","a05a5aea-0063-4411-b51f-f44f15ecaa78","Rissa tridactyla",2020
"HumanObservation",2023,58.9462055556,-3.3392694444,"2023-09-05T09:53:00+01:00",NA,"Fratercula arctica","a06edf58-a0e5-410e-8f26-caeb0a685a93","Fratercula arctica",2020
"HumanObservation",2019,62.095353,-7.676793,"2019-06-18T07:11:00-07:00",NA,"Rissa tridactyla","a0803c1e-b83c-4854-a33a-851b0d5b3c91","Rissa tridactyla",2010
"HumanObservation",2022,60.8242811585,-0.9065627555,"2022-06-21T15:12:00+01:00",NA,"Fratercula arctica","a0917fb2-69bd-45c2-ac7f-d5194054dca9","Fratercula arctica",2020
"HumanObservation",2023,78.0823160113,20.8111980296,"2023-07-15T15:13:00+02:00",NA,"Rissa tridactyla","a0a504c7-6a23-42e4-9fdd-4fc48d89be5d","Rissa tridactyla",2020
"HumanObservation",2020,57.7486183333,10.6431383333,"2020-09-07T16:43:00+02:00",NA,"Rissa tridactyla","a0a8c1a9-d19c-41a4-bd06-2221b1d7feaf","Rissa tridactyla",2020
"HumanObservation",2018,60.1330061435,-1.013101122,"2018-06-18T00:24:00+01:00",NA,"Fratercula arctica","a0af55eb-7f1a-4c2e-b274-dc680b31cdb4","Fratercula arctica",2010
"HumanObservation",2017,79.12514314,11.83754642,"2017-07-31T21:46:00+02:00",NA,"Rissa tridactyla","a0c10c6c-9c4c-4ee0-8ed4-1d1fcf775553","Rissa tridactyla",2010
"HumanObservation",2017,69.3934266147,15.929086671,"2017-06-07T15:29:00+02:00",NA,"Fratercula arctica","a0d2c3c3-4b38-489c-a072-0bd4a82aa97c","Fratercula arctica",2010
"HumanObservation",2017,79.9277243482,11.5284927222,"2017-06-17T09:56:00+01:00",NA,"Rissa tridactyla","a0dc46cb-0c65-4b2f-aa07-251537a1c783","Rissa tridactyla",2010
"HumanObservation",2024,66.508025,-16.5444566667,"2024-07-19T13:32:00+00:00",NA,"Fratercula arctica","a0df864e-c52e-4580-a5a2-af96f917ca12","Fratercula arctica",2020
"HumanObservation",2021,65.5421627758,-13.7547326085,"2021-07-30T14:52:00+02:00",NA,"Fratercula arctica","a0f9aec1-549a-4bdb-b6a0-9aac83d8af44","Fratercula arctica",2020
"HumanObservation",2022,64.764282,-23.624647,"2022-07-11T15:24:00+00:00",NA,"Rissa tridactyla","a0fbeab6-cd81-4414-bc23-2cef0a0780e0","Rissa tridactyla",2020
"HumanObservation",2020,61.403,-20.7133,"2020-08-25",NA,"Fratercula arctica","a0fd358f-473f-4f05-9195-2c238131e8ba","Fratercula arctica",2020
"HumanObservation",2018,66.077698,-17.546526,"2018-06-07T16:55:44","1","Balaenoptera musculus","a10a5fa9-d3ee-4b9d-8bea-63eaaf28ba8d","Balaenoptera musculus",2010
"HumanObservation",2024,77.0529752882,15.9256865306,"2024-07-14T09:31:00+02:00",NA,"Rissa tridactyla","a10c647e-11b5-4de5-ba1d-4a186289b4b8","Rissa tridactyla",2020
"HumanObservation",2022,65.5414961194,-13.7579647829,"2022-05-30T09:37:00+00:00",NA,"Rissa tridactyla tridactyla","a11d7b89-760f-48dd-bb3f-13c5eed7f690","Rissa tridactyla",2020
"HumanObservation",2018,63.4781772266,-19.0165052905,"2018-07-24T17:01:00+00:00",NA,"Fratercula arctica","a1567ff9-b0fe-4672-81ce-c8ad47c438b9","Fratercula arctica",2010
"HumanObservation",2021,65.5421271009,-13.7545180321,"2021-08-01",NA,"Fratercula arctica","a168842b-52c0-4534-a741-706ba51c2d7d","Fratercula arctica",2020
"HumanObservation",2021,63.4041618243,-19.1032348851,"2021-07-16T11:54:26Z",NA,"Fratercula arctica","a17726b2-e39b-4ef8-82cd-7c8eb9af8492","Fratercula arctica",2020
"HumanObservation",2024,78.822,27.382,"2024-06-05T02:23:00+02:00",NA,"Rissa tridactyla","a18ee803-761d-4239-bd39-9e3b25656fb6","Rissa tridactyla",2020
"HumanObservation",2024,69.7955112369,18.8233475922,"2024-06-03T11:35:00+02:00",NA,"Rissa tridactyla","a1a02db9-4834-496b-8600-7c0256975d33","Rissa tridactyla",2020
"HumanObservation",2018,66.3263111814,-22.8337411679,"2018-08-07T21:33:00-07:00",NA,"Rissa tridactyla","a1a294f6-fea4-4d82-af3b-fbf7c319c94d","Rissa tridactyla",2010
"HumanObservation",2022,63.8499084152,-16.7412517047,"2022-07-09T06:58:00+00:00",NA,"Fratercula arctica","a1a4c1ce-50f3-4822-ab6b-96a5ef6b53c5","Fratercula arctica",2020
"HumanObservation",2020,60.7739,-9.2455,"2020-08-24",NA,"Fratercula arctica","a1b63c57-c3ca-489f-acbc-0ba8cb5558d2","Fratercula arctica",2020
"HumanObservation",2023,79.041137,11.056246,"2023-07-14T18:40","1","Balaenoptera musculus","a1c36ff7-2315-46d2-b454-2306b19f7f04","Balaenoptera musculus",2020
"HumanObservation",2024,78.9266529783,16.4183353459,"2024-06-19T09:00:00+02:00",NA,"Rissa tridactyla","a1e957d6-21cc-48c9-836f-fcd65d3f385c","Rissa tridactyla",2020
"HumanObservation",2020,61.4178,-21.102,"2020-08-25",NA,"Balaenoptera physalus","a1fbb8bf-169b-4851-a4d6-d7979e737c7a","Balaenoptera physalus",2020
"HumanObservation",2022,65.5021216667,-24.5308866667,"2022-07-28T11:29:36+00:00",NA,"Fratercula arctica","a20e861d-7c2a-4559-bfe5-61c0f298ead5","Fratercula arctica",2020
"HumanObservation",2022,66.158565,-17.845907,"2022-07-13T18:23:00+00:00",NA,"Fratercula arctica","a2206c48-0809-4f21-9681-62e96a00012d","Fratercula arctica",2020
"HumanObservation",2024,69.7963715775,18.8342689108,"2024-03-08T14:46:00+01:00",NA,"Rissa tridactyla","a2371a66-5820-4ffa-8b86-fcfd6c7837f3","Rissa tridactyla",2020
"HumanObservation",2022,65.157696,-22.794199,"2022-07-08T20:38:00+00:00",NA,"Fratercula arctica","a241b6d6-4f9e-4401-b058-3121939738c3","Fratercula arctica",2020
"HumanObservation",2018,64.1467997321,-21.9426352903,"2018-07-07T06:07:09Z",NA,"Fratercula arctica","a244d916-0b74-48b6-a7d4-2fac6ae1dd0f","Fratercula arctica",2010
"HumanObservation",2024,72.773,2.243,"2024-08-07","1","Physeter macrocephalus","a24a8094-0459-4217-bbb3-1209f8d351c8","Physeter macrocephalus",2020
"HumanObservation",2023,65.5038829971,-24.5285354205,"2023-07-25T20:55:00+00:00",NA,"Fratercula arctica","a254abe0-c3cd-4d05-b7fe-a97e02e85603","Fratercula arctica",2020
"HumanObservation",2019,68.0909731255,13.3339370666,"2019-10-13T16:24:00+03:00",NA,"Rissa tridactyla","a2557ce1-5c42-4414-874e-5b31723b382f","Rissa tridactyla",2010
"HumanObservation",2020,59.8546104431,-1.2743316889,"2020-07-22T12:33:59+02:00",NA,"Fratercula arctica","a25930a2-27e5-4b2e-b4a9-1c1fbeea7841","Fratercula arctica",2020
"HumanObservation",2022,67.8759389995,12.8285323588,"2022-08-13T17:09:08+02:00",NA,"Rissa tridactyla","a25cf79d-bf4b-4517-8453-36d0eb0b28d6","Rissa tridactyla",2020
"HumanObservation",2017,65.5978138,-24.0004944,"2017-07-11T23:47:00+00:00",NA,"Fratercula arctica","a2805341-92cb-43e5-97f1-22b15292ebe2","Fratercula arctica",2010
"HumanObservation",2021,64.7660131693,-23.6188709184,"2021-07-25T20:14:00+02:00",NA,"Rissa tridactyla tridactyla","a285b41a-5504-48ff-9fda-f315979c98e1","Rissa tridactyla",2020
"HumanObservation",2023,64.7680555556,-23.6480555556,"2023-08-19T13:00:53+00:00",NA,"Rissa tridactyla","a2987128-ee6a-4287-b5a4-1db77a27c456","Rissa tridactyla",2020
"HumanObservation",2023,57.6973328678,11.6085908729,"2023-10-14T12:26:02+02:00",NA,"Fratercula arctica","a2a3f4b3-bd7b-4cdc-a9fe-8963ffc51926","Fratercula arctica",2020
"HumanObservation",2024,66.0554547,-22.8289032,"2024-06-17T11:08:00+00:00",NA,"Fratercula arctica","a2a54730-dfd0-49c2-a30b-6f5297148bba","Fratercula arctica",2020
"HumanObservation",2018,63.4054552907,-19.0620399168,"2018-08-13T14:36:00+00:00",NA,"Fratercula arctica","a2a9059c-e229-4ed0-b8e0-b973ef1696a2","Fratercula arctica",2010
"HumanObservation",2019,59.8543422453,-1.2745857239,"2019-06-07T10:34:00+10:00",NA,"Rissa tridactyla","a2abbec4-d10e-47b3-8e5d-b9e9747a9454","Rissa tridactyla",2010
"HumanObservation",2024,79.5640752227,10.9079825563,"2024-07-30T00:13:00+02:00",NA,"Rissa tridactyla","a2c26dbf-7ad0-4169-a2fd-6fb74e81f1b7","Rissa tridactyla",2020
"HumanObservation",2022,69.416667,15.75,"2022-08-15T13:59:05","1","Physeter macrocephalus","a2ef8835-091a-48ed-98cc-d0f67a118969","Physeter macrocephalus",2020
"HumanObservation",2018,63.4303600221,-19.1451625817,"2018-07-24T17:55:00+00:00",NA,"Fratercula arctica","a2f581fd-0eb1-4c08-a93a-d207e2212a72","Fratercula arctica",2010
"HumanObservation",2021,67.958285752,12.8196398461,"2021-07-24T18:22:00+04:30",NA,"Rissa tridactyla","a2fdf2fc-c9a4-42d2-b920-8dcef368029c","Rissa tridactyla",2020
"HumanObservation",2023,66.0476,-22.8271,"2023-08-11T14:41:12+00:00",NA,"Fratercula arctica","a3078ba9-d377-47ed-8f15-6615e8c3f41f","Fratercula arctica",2020
"HumanObservation",2023,58.3865259915,-5.193526197,"2023-06-28T14:11:00+01:00",NA,"Fratercula arctica","a3195e8a-67f0-44b5-a93e-7b3633930169","Fratercula arctica",2020
"HumanObservation",2024,79.6470821161,11.2479996127,"2024-07-10T16:52:00+02:00",NA,"Rissa tridactyla","a321c377-0986-4ecb-9682-12f5c0a9a0b4","Rissa tridactyla",2020
"HumanObservation",2018,65.5021888889,-24.531125,"2018-08-10T11:17:00+02:00",NA,"Fratercula arctica","a331537c-3940-4411-a480-28e791e530c1","Fratercula arctica",2010
"HumanObservation",2024,64.7324343944,-23.7780276686,"2024-05-26",NA,"Rissa tridactyla","a33f7034-9a8c-4b58-a8a4-fa0d87a9e0a1","Rissa tridactyla",2020
"HumanObservation",2024,70.4147478392,31.1625532032,"2024-05-16T16:58:33+02:00",NA,"Balaenoptera physalus","a34bcfa2-5d8c-4596-8757-7c96fab2cb08","Balaenoptera physalus",2020
"HumanObservation",2024,65.5018239882,-24.5308140968,"2024-06-11T12:33:26+00:00",NA,"Fratercula arctica","a34f1b0b-fe27-439d-b4c2-aace6fe6ad98","Fratercula arctica",2020
"HumanObservation",2019,79.822796,14.285669,"2019-08-22T21:18","1","Balaenoptera musculus","a352e5a9-6c7a-4441-bc9c-c6de36d62603","Balaenoptera musculus",2010
"HumanObservation",2023,69.6508861198,18.8264194423,"2023-07-29T15:33:19+02:00",NA,"Rissa tridactyla","a36df347-a6f6-473b-bb00-3dd81024ceb7","Rissa tridactyla",2020
"HumanObservation",2023,65.2826424083,-13.9365387607,"2023-05-25T21:55:00+00:00",NA,"Rissa tridactyla","a380af1f-3051-4a13-b837-a41ed7801492","Rissa tridactyla",2020
"HumanObservation",2024,70.2525172366,31.0509979597,"2024-07-28T12:47:00+02:00",NA,"Fratercula arctica","a39e4334-d0aa-402a-9e90-c2d74b42250c","Fratercula arctica",2020
"HumanObservation",2024,79.1342123822,24.9470624328,"2024-08-28T14:51:45+02:00",NA,"Rissa tridactyla","a3b9cbd7-152a-4fae-98d2-9e60bcd71751","Rissa tridactyla",2020
"HumanObservation",2022,69.2727356477,16.1312608611,"2022-08-14T20:52:13+02:00",NA,"Physeter macrocephalus","a3bd652a-9a44-4035-afd0-f2179e5ba385","Physeter macrocephalus",2020
"HumanObservation",2022,69.635278,15.116667,"2022-07-31T21:16","1","Physeter macrocephalus","a3cf2f93-ac59-4aee-b004-54680c4dd078","Physeter macrocephalus",2020
"HumanObservation",2022,63.398724,-20.291872,"2022-07-04T16:00:00+00:00",NA,"Fratercula arctica","a3dae20e-e00a-4764-bb3e-bae767ffac09","Fratercula arctica",2020
"HumanObservation",2019,68.08295,-22.36255,"2019-07-09T12:07:30","1","Balaenoptera musculus","a3f31ee8-860c-4418-808c-12102729db23","Balaenoptera musculus",2010
"HumanObservation",2020,65.542836776,-13.7559412736,"2020-07-04T16:32:00+00:00",NA,"Fratercula arctica","a4008a42-f772-4702-b071-cdaccd1bea68","Fratercula arctica",2020
"HumanObservation",2022,64.7646323633,-23.62460241,"2022-07-06T13:18:00+00:00",NA,"Rissa tridactyla","a4039397-8f38-4be0-bfbd-0e2d1f45d334","Rissa tridactyla",2020
"HumanObservation",2021,77.892664294,13.4167195737,"2021-08-24T20:59:00+02:00",NA,"Balaenoptera physalus","a403b6fb-edef-4866-bd97-38cb3ed77e23","Balaenoptera physalus",2020
"HumanObservation",2019,78.9285996493,12.116499771,"2019-06-11T20:53:00-04:00",NA,"Fratercula arctica","a41ac492-d1d0-44f1-9217-5ce85c5cd5e6","Fratercula arctica",2010
"HumanObservation",2023,65.5421703649,-13.7545709524,"2023-07-15T18:32:49+00:00",NA,"Fratercula arctica","a4263e56-b950-4cb8-9086-47be8560890f","Fratercula arctica",2020
"HumanObservation",2022,68.060317,-22.269967,"2022-06-04T22:07:06","1","Balaenoptera musculus","a42c6bde-5e00-42e6-94a6-a49cc81ad62a","Balaenoptera musculus",2020
"HumanObservation",2024,79.28159,11.648906,"2024-06-30T16:15:10+02:00",NA,"Rissa tridactyla","a4370c10-900e-4c6f-843a-8278d9396be8","Rissa tridactyla",2020
"HumanObservation",2022,63.4017633333,-19.130675,"2022-05-21T09:59:00+00:00",NA,"Rissa tridactyla","a43a5644-14c1-4422-ab0c-95b36b943e39","Rissa tridactyla",2020
"HumanObservation",2024,58.3868133333,-5.1968666667,"2024-05-16T14:50:53+01:00",NA,"Fratercula arctica","a4465063-6cee-458e-89a7-2e09c3f837c2","Fratercula arctica",2020
"HumanObservation",2024,65.965820998,-18.2882634849,"2024-07-20T14:34:00+00:00",NA,"Fratercula arctica","a452f7cb-79ec-4634-821a-40056e14f6f0","Fratercula arctica",2020
"HumanObservation",2023,71.1633856147,25.3455317702,"2023-07-28T12:16:05+02:00",NA,"Fratercula arctica","a4594147-fde8-4c49-bc82-1722651da749","Fratercula arctica",2020
"HumanObservation",2023,78.5298877125,16.0259224219,"2023-06-15T13:45:00+02:00",NA,"Rissa tridactyla","a4b5f2bf-ecf4-4493-bf6a-ff47db16a424","Rissa tridactyla",2020
"HumanObservation",2023,64.9157628163,-13.7432698533,"2023-05-24",NA,"Fratercula arctica","a4c0902a-ddc6-466b-add4-bb496587e7a7","Fratercula arctica",2020
"HumanObservation",2018,70.367219078,31.1708456433,"2018-06-12T11:54:00+02:00",NA,"Fratercula arctica","a4d5afde-7581-450f-9cfa-ac192ba534ce","Fratercula arctica",2010
"HumanObservation",2020,63.4041966667,-19.103295,"2020-08-14T15:02:00+02:00",NA,"Fratercula arctica","a51aee04-d164-4014-94a3-a2b4deaa3649","Fratercula arctica",2020
"HumanObservation",2023,57.1584805556,9.0246805556,"2023-06-05T08:23:00+02:00",NA,"Rissa tridactyla","a51e929f-cb57-4a0b-bee1-967836c3623b","Rissa tridactyla",2020
"HumanObservation",2023,65.5012416667,-24.529375,"2023-06-25T00:17:32+00:00",NA,"Fratercula arctica","a5204cd2-8687-43e2-a923-2e299319630e","Fratercula arctica",2020
"HumanObservation",2022,59.518435,-1.6555266667,"2022-07-21T12:41:00+01:00",NA,"Fratercula arctica","a54a1d16-a776-4380-a3b3-53c894be2419","Fratercula arctica",2020
"HumanObservation",2021,66.55633,-18.004442,"2021-08-04T14:25:33-04:00",NA,"Rissa tridactyla","a552051b-bf8e-47c5-93e5-ac8028aed1c7","Rissa tridactyla",2020
"HumanObservation",2019,58.387986528,-5.1790070907,"2019-07-22",NA,"Fratercula arctica","a56bf317-3391-4829-9fab-55106235e2fd","Fratercula arctica",2010
"HumanObservation",2023,70.2760852388,31.1602606988,"2023-06-29T10:14:00+02:00",NA,"Fratercula arctica","a5716dd8-a428-4b66-909b-a8032ceeb203","Fratercula arctica",2020
"HumanObservation",2022,66.1781616667,-16.98735,"2022-07-27T10:55:18+00:00",NA,"Fratercula arctica","a571a3db-e738-44ed-ab8a-4b58a912058a","Fratercula arctica",2020
"HumanObservation",2024,63.4035916667,-19.1299028333,"2024-07-31T12:30:58+00:00",NA,"Fratercula arctica","a5743033-a80f-4c08-94d0-1edcc629428c","Fratercula arctica",2020
"HumanObservation",2022,70.3648333298,31.0355685386,"2022-04-14T17:45:00+02:00",NA,"Fratercula arctica","a59d960f-b204-44ce-98f7-bebfe9965cff","Fratercula arctica",2020
"HumanObservation",2022,65.5021966667,-24.5311133333,"2022-06-10T11:42:17+00:00",NA,"Fratercula arctica","a5a589db-c2fa-4a09-a8ef-be381a64c70d","Fratercula arctica",2020
"HumanObservation",2022,65.5049530457,-24.5222388086,"2022-06-16T12:49:00+00:00",NA,"Fratercula arctica","a5a8171d-f5f0-4123-a503-90d1827a2632","Fratercula arctica",2020
"HumanObservation",2018,78.2231722,15.626723,"2018-08-21T10:48:00+02:00",NA,"Fratercula arctica","a605a5c4-868d-4eb2-b45d-aab2e03f634f","Fratercula arctica",2010
"HumanObservation",2024,58.9867690936,-3.3596770682,"2024-06-29T19:45:00+01:00",NA,"Rissa tridactyla","a60d1509-7f25-4f96-af14-63e1da4a9961","Rissa tridactyla",2020
"HumanObservation",2019,60.2214,-2.916,"2019-08-06T11:31:00-05:00",NA,"Rissa tridactyla","a6131bf5-17bf-451c-9ae8-e53bc95d9e6d","Rissa tridactyla",2010
"HumanObservation",2017,64.71495,-19.028362,"2017-07-21T22:00:00+00:00",NA,"Rissa tridactyla","a619dc30-0025-494d-a13a-7d75afe55fc5","Rissa tridactyla",2010
"HumanObservation",2022,65.5025723,-24.5316982,"2022-06-03T17:13:00+00:00",NA,"Rissa tridactyla","a62ca44c-8295-491c-8e22-e72bbadea7a6","Rissa tridactyla",2020
"HumanObservation",2021,66.0395222616,-17.5208182288,"2021-07-22T15:11:00+00:00",NA,"Fratercula arctica","a63c235d-668d-4315-89d1-97b1a9206b4c","Fratercula arctica",2020
"HumanObservation",2024,79.304804931,11.6310198227,"2024-06-24T21:50:00+02:00",NA,"Rissa tridactyla","a666ccd3-1c2e-46a5-9976-5b9d6b1a034c","Rissa tridactyla",2020
"HumanObservation",2022,63.4444560223,-20.3069809317,"2022-08-20T15:40:47+00:00",NA,"Fratercula arctica","a67383fb-37be-4809-9a21-ca11eb9e68b3","Fratercula arctica",2020
"HumanObservation",2021,58.8659103392,-3.3773858458,"2021-12-17T13:04:49+00:00",NA,"Fratercula arctica","a6779d17-1e0c-4942-b4f3-99f592bd00bb","Fratercula arctica",2020
"HumanObservation",2024,65.9445533333,-19.6923216667,"2024-08-12T08:38:30+00:00",NA,"Rissa tridactyla","a68f656e-35fb-4ae9-9727-6e035d54a573","Rissa tridactyla",2020
"HumanObservation",2018,78.9162146965,21.4854894624,"2018-05-31T16:41:00+02:00",NA,"Fratercula arctica","a6c6e9f9-a373-412c-b809-8bf0e85fba9f","Fratercula arctica",2010
"HumanObservation",2022,67.2146488529,14.754676998,"2022-07-03T19:24:00+02:00",NA,"Fratercula arctica","a6cb216c-6d98-4666-886e-9298ddcf0dd2","Fratercula arctica",2020
"HumanObservation",2022,65.5003216564,-24.5277197511,"2022-06-02T13:54:00+00:00",NA,"Fratercula arctica","a6d43ce3-db72-4e4f-8cf4-bd0b94fb20d1","Fratercula arctica",2020
"HumanObservation",2022,70.3680639727,31.1617966592,"2022-07-19T12:49:00+02:00",NA,"Fratercula arctica","a6f43b71-74f2-4ca9-a769-2d4b000478b2","Fratercula arctica",2020
"HumanObservation",2024,71.1728232232,25.7863191691,"2024-03-23T10:23:00+01:00",NA,"Balaenoptera physalus","a6fa6935-06f5-4ad4-b397-08efcc15c57b","Balaenoptera physalus",2020
"HumanObservation",2022,64.159212903,-22.6470225065,"2022-08-03T13:09:00+00:00",NA,"Balaenoptera physalus","a7078758-6ca0-4f0e-9ef5-975c8d6587e9","Balaenoptera physalus",2020
"HumanObservation",2022,65.5012448567,-24.5290811083,"2022-07-03T19:32:00+00:00",NA,"Rissa tridactyla","a70e3311-c7e3-4886-86b2-4700f9771351","Rissa tridactyla",2020
"HumanObservation",2023,62.008723613,-6.6715838301,"2023-06-25T12:32:00+01:00",NA,"Fratercula arctica","a71cf405-cb44-4a12-a8b8-21101cbbce67","Fratercula arctica",2020
"HumanObservation",2022,64.1514817,-21.9441446,"2022-07-14T16:13:00+00:00",NA,"Fratercula arctica","a72a9a3c-3795-457e-9f8c-f3ea166a013d","Fratercula arctica",2020
"HumanObservation",2021,64.1911658987,-21.9819172724,"2021-08-17T12:10:52+00:00",NA,"Fratercula arctica","a72db388-4d87-483d-ad1d-01de7b4ffc47","Fratercula arctica",2020
"HumanObservation",2022,59.1345416667,-3.3364166667,"2022-07-14T15:06:23+01:00",NA,"Fratercula arctica","a7349ba2-cfbc-4146-8796-47437f5dfeb6","Fratercula arctica",2020
"HumanObservation",2019,62.1051827857,-7.6055053406,"2019-08-31T14:48:00+02:00",NA,"Fratercula arctica","a73c96e6-9cfd-4af5-b429-42b2999ee737","Fratercula arctica",2010
"HumanObservation",2021,62.1040444516,-7.655023516,"2021-07-23T14:41:00+02:00",NA,"Fratercula arctica","a7466198-dc18-4967-97f1-af29661d7bb2","Fratercula arctica",2020
"HumanObservation",2022,58.6410181417,-3.0264133367,"2022-04-25T15:13:00+01:00",NA,"Fratercula arctica","a749ce3c-3b3c-4746-87f1-22079ffbd5c5","Fratercula arctica",2020
"HumanObservation",2023,70.165012,21.097046,"2023-10-20","1","Balaenoptera physalus","a74fc284-869a-4ca8-a792-fe567a9148bb","Balaenoptera physalus",2020
"HumanObservation",2024,63.165770157,7.7194472787,"2024-05-10T13:16:15+02:00",NA,"Rissa tridactyla","a75312b1-ceb6-4e68-9dfc-8bc66ba82669","Rissa tridactyla",2020
"HumanObservation",2022,64.7643266096,-23.6246079809,"2022-06-30T06:26:00+00:00",NA,"Rissa tridactyla","a758c72d-25e4-4fe5-92ef-4e59a4eaf5c7","Rissa tridactyla",2020
"HumanObservation",2019,78.777881,11.320862,"2019-07-01T22:51:24","1","Balaenoptera musculus","a75cf359-355d-4d0f-ae78-58b80ac7912b","Balaenoptera musculus",2010
"HumanObservation",2022,70.1257520043,30.0111711866,"2022-07-17",NA,"Rissa tridactyla","a75d6473-aaf6-434f-92f5-e3bfe0bef3f9","Rissa tridactyla",2020
"HumanObservation",2023,61.3148710121,-1.5550655331,"2023-10-05T09:04:00+00:00",NA,"Rissa tridactyla","a7606f10-454a-49a9-a6a1-244a7cef67cd","Rissa tridactyla",2020
"HumanObservation",2019,59.8833324854,-1.3333334774,"2019-07-16",NA,"Fratercula arctica","a76c2114-a376-42a6-9f32-5435a152a2d2","Fratercula arctica",2010
"HumanObservation",2021,59.1361843901,-3.3380045599,"2021-06-11T11:10:00+01:00",NA,"Fratercula arctica","a773291c-03b9-41be-8a8c-8bfb8bdda9d0","Fratercula arctica",2020
"HumanObservation",2023,70.1765580176,30.1099674799,"2023-05-30T12:35:00+02:00",NA,"Rissa tridactyla","a77add03-bb08-4b18-8d7d-0dc1813bf45a","Rissa tridactyla",2020
"HumanObservation",2022,66.555768907,-18.0044588962,"2022-07-11T08:27:00+00:00",NA,"Rissa tridactyla","a77f2a54-d240-4556-96d8-1d13210b62cd","Rissa tridactyla",2020
"HumanObservation",2024,63.448330555,-20.2502,"2024-08-20T14:11:00+00:00",NA,"Fratercula arctica","a7876e6a-b685-415c-a4e2-859430d0b263","Fratercula arctica",2020
"HumanObservation",2018,59.8542211628,-1.2742124548,"2018-06-16T22:59:00+01:00",NA,"Fratercula arctica","a799344d-1732-4e93-b0f8-7d08c26ecbd1","Fratercula arctica",2010
"HumanObservation",2018,64.1719559,-21.9163726,"2018-06-11",NA,"Fratercula arctica","a79a003a-2774-4f01-8bb8-05e086d47fd8","Fratercula arctica",2010
"HumanObservation",2022,60.8259806029,-0.905142716,"2022-06-25T13:52:00+01:00",NA,"Fratercula arctica","a7a69569-8721-45d1-bf1f-0850efefc854","Fratercula arctica",2020
"HumanObservation",2024,66.5080866667,-16.53525,"2024-07-17T16:54:00+00:00",NA,"Rissa tridactyla","a7c2c528-524b-400f-ae38-ebc83efb9ec9","Rissa tridactyla",2020
"HumanObservation",2023,63.4461217298,-20.2547649445,"2023-07-24T14:16:00+00:00",NA,"Fratercula arctica","a8098caf-c3a8-43dd-98ff-784e6e03e6b7","Fratercula arctica",2020
"HumanObservation",2022,65.5049530457,-24.5222388086,"2022-06-16T12:55:00+00:00",NA,"Fratercula arctica","a82ec352-7783-4108-b84a-7b02e775c2ba","Fratercula arctica",2020
"HumanObservation",2019,68.0056898382,13.2307122375,"2019-03-05T09:31:02+01:00",NA,"Rissa tridactyla","a832aae8-5735-434f-b19a-fcd02a0e20d0","Rissa tridactyla",2010
"HumanObservation",2022,69.3597612094,16.1245126927,"2022-08-01T14:40:00+02:00",NA,"Balaenoptera physalus","a84c2df9-74bc-40ef-aefe-9f463e7a13c6","Balaenoptera physalus",2020
"HumanObservation",2023,79.3125916667,11.6363033333,"2023-07-13T15:01:02+02:00",NA,"Fratercula arctica","a8552364-253d-4b18-87b4-0abf2edf308c","Fratercula arctica",2020
"HumanObservation",2022,67.9040237375,12.973144938,"2022-06-19T11:36:31+02:00",NA,"Rissa tridactyla","a85793d7-9961-4fea-b7f3-d35e1f21e96d","Rissa tridactyla",2020
"HumanObservation",2024,65.5421142296,-13.7546942533,"2024-07-14T17:14:00+00:00",NA,"Rissa tridactyla","a857b3e8-bc88-4c14-af59-c864ab02b2d8","Rissa tridactyla",2020
"HumanObservation",2024,73.035692354,16.0714613408,"2024-05-28T07:29:00+01:00",NA,"Rissa tridactyla","a85b6f64-b08f-4282-ba30-ff6d42baa57d","Rissa tridactyla",2020
"HumanObservation",2022,59.330590035,-3.0698006917,"2022-05-03T12:52:00+01:00",NA,"Fratercula arctica","a85b8d9d-b255-45f3-abba-3518326576d9","Fratercula arctica",2020
"HumanObservation",2021,57.1585044555,9.0251544038,"2021-08-01T11:51:00Z",NA,"Rissa tridactyla","a86a92a3-5db8-4e43-8d22-0f00e4c5ea70","Rissa tridactyla",2020
"HumanObservation",2023,63.4017866667,-19.1230111667,"2023-07-06T04:25:02+00:00",NA,"Fratercula arctica","a879dddb-ac0f-43b8-9b61-09fc621b9f77","Fratercula arctica",2020
"HumanObservation",2018,78.2289175,15.5994272,"2018-07-05",NA,"Rissa tridactyla","a88fd382-c3b2-463f-9fd4-3ccad062e3d9","Rissa tridactyla",2010
"HumanObservation",2023,62.327331543,-6.941716671,"2023-08-01T18:10:11+01:00",NA,"Fratercula arctica","a8a0b21c-24d1-4b2e-a39b-7661a42f832c","Fratercula arctica",2020
"HumanObservation",2022,64.0683332177,-17.1209869431,"2022-08-10T16:26:26+00:00",NA,"Fratercula arctica","a8ac326b-ad72-4f1e-9688-112c24f08598","Fratercula arctica",2020
"HumanObservation",2023,70.2865534096,31.1579047407,"2023-06-23T14:53:00+02:00",NA,"Rissa tridactyla","a8b34677-29a0-429f-9a88-15fac6c56a0e","Rissa tridactyla",2020
"HumanObservation",2023,63.4035,-20.2871,"2023-07-27T16:42:11+00:00",NA,"Fratercula arctica","a8bb8f0a-3e47-4b87-9ab6-eba975d6c3e7","Fratercula arctica",2020
"HumanObservation",2021,63.4041833333,-19.1032361667,"2021-08-19T11:30:06-04:00",NA,"Fratercula arctica","a8c704fc-05fc-4aa1-b136-1ec69e843751","Fratercula arctica",2020
"HumanObservation",2023,70.9582111416,-8.1551141996,"2023-09-28T11:49:00+02:00",NA,"Rissa tridactyla","a8d4b2cf-c923-4c29-92eb-1ecca6f0618e","Rissa tridactyla",2020
"HumanObservation",2021,65.3757014057,-22.9243412241,"2021-08-15T09:05:12Z",NA,"Fratercula arctica","a8f84c4a-7e7d-4cda-9789-95749b6630dc","Fratercula arctica",2020
"HumanObservation",2024,69.0807714004,15.1374312488,"2024-07-18T14:26:00+02:00",NA,"Fratercula arctica","a8fb1853-a2ac-4419-9970-d0a973bc2f7d","Fratercula arctica",2020
"HumanObservation",2023,66.537613055,-18.0104833333,"2023-07-20T13:20:00+00:00",NA,"Fratercula arctica","a90800dc-b146-4694-a801-d2c6cff8d084","Fratercula arctica",2020
"HumanObservation",2022,65.5428964623,-13.756713835,"2022-05-21T18:16:00+00:00",NA,"Fratercula arctica","a90ae759-59ce-4611-be1f-f5908cd1ef7a","Fratercula arctica",2020
"HumanObservation",2022,78.9694183333,11.6896766667,"2022-05-12T13:27:00+02:00",NA,"Fratercula arctica","a91dfd74-b33b-43c5-8fb4-67faa15ceb7f","Fratercula arctica",2020
"HumanObservation",2024,65.5025723,-24.5316982,"2024-07-15T10:02:00+00:00",NA,"Fratercula arctica","a93caaba-42af-4c04-a15c-7a3d01cdfd96","Fratercula arctica",2020
"HumanObservation",2020,63.4039954114,-19.1035645135,"2020-08-16T13:08:00+02:00",NA,"Fratercula arctica","a945c11c-0e55-4bda-981c-a35df99c3a02","Fratercula arctica",2020
"HumanObservation",2023,65.500799445,-24.528046945,"2023-07-16T13:36:00+00:00",NA,"Fratercula arctica","a9511653-b10d-4fc5-8b81-5a66280c2b38","Fratercula arctica",2020
"HumanObservation",2018,66.5437541,-18.001442,"2018-06-13",NA,"Fratercula arctica","a98c2ed2-55be-4515-8977-b3bdfff294fa","Fratercula arctica",2010
"HumanObservation",2023,70.260363649,31.0363733891,"2023-06-29T15:59:00+02:00",NA,"Rissa tridactyla","a99d1a3a-04f0-4b07-ab8b-c6323252d3f0","Rissa tridactyla",2020
"HumanObservation",2024,77.309548,12.714628,"2024-06-18T14:09:38","1","Balaenoptera musculus","a99dab0c-20bd-4151-9d7b-bbfa1efa8fcb","Balaenoptera musculus",2020
"HumanObservation",2021,64.5660708496,-18.046875,"2021-07-09T12:24:00+02:00",NA,"Rissa tridactyla","a99f2974-0f6c-4dc7-80fa-5f73e62a6c80","Rissa tridactyla",2020
"HumanObservation",2022,79.2673766667,11.5301183333,"2022-06-13T08:36:00+02:00",NA,"Rissa tridactyla","a9a9d618-d5c9-40b9-9be3-571360ba777e","Rissa tridactyla",2020
"HumanObservation",2017,65.4918546679,-13.4803848649,"2017-08-08T19:47:00+10:00",NA,"Fratercula arctica","a9b0805b-d99f-4e19-b8d1-279340727466","Fratercula arctica",2010
"HumanObservation",2023,69.1995145244,16.8188002769,"2023-07-26T07:56:37+02:00",NA,"Fratercula arctica","a9b40e0e-8e57-4640-8615-d46e62394fb3","Fratercula arctica",2020
"HumanObservation",2017,64.7552434333,-23.6436080933,"2017-08-27T06:54:00-07:00",NA,"Rissa tridactyla tridactyla","a9c8b6c0-95fd-457d-867b-3c6f6e35ec11","Rissa tridactyla",2010
"HumanObservation",2024,70.2311698619,30.9940531866,"2024-06-11T17:16:00+02:00",NA,"Rissa tridactyla","a9ddb98d-1de2-4602-a628-10a1f12950ac","Rissa tridactyla",2020
"HumanObservation",2023,66.5316940941,-17.9948135465,"2023-06-21T15:30:13+00:00",NA,"Fratercula arctica","a9ef9b3a-35eb-44b2-8162-636a85cdc822","Fratercula arctica",2020
"HumanObservation",2024,64.963051,-19.020835,"2024-08-07T09:12:00+00:00",NA,"Fratercula arctica","a9fa9b51-72ed-4516-ae09-26fb45bb4395","Fratercula arctica",2020
"HumanObservation",2023,76.4977,15.9213,"2023-09-13T08:38:00+02:00",NA,"Rissa tridactyla","aa03e65a-3032-474a-816b-8eebfa961c1b","Rissa tridactyla",2020
"HumanObservation",2024,80.0838746911,17.0142738136,"2024-07-20T15:29:00+02:00",NA,"Balaenoptera physalus","aa095619-51ce-430c-a0e9-f81dbe862c3b","Balaenoptera physalus",2020
"HumanObservation",2017,69.2301682138,15.9500710963,"2017-06-07T15:37:00+02:00",NA,"Fratercula arctica","aa4d18a8-7c08-4281-b5dd-9c1db9407920","Fratercula arctica",2010
"HumanObservation",2023,70.3729281221,31.0152608329,"2023-06-23T17:27:00+02:00",NA,"Rissa tridactyla","aa55b3fa-0987-4c0c-978f-4439e10ff268","Rissa tridactyla",2020
"HumanObservation",2019,78.8968508152,12.1936672739,"2019-07-03T20:53:00-04:00",NA,"Rissa tridactyla","aa693a77-319f-426c-97b8-98dfc13ad00c","Rissa tridactyla",2010
"HumanObservation",2022,70.3459091918,31.1145365416,"2022-05-25T11:43:00+02:00",NA,"Fratercula arctica","aa79e98d-63ab-4fd3-9613-e97278a955e6","Fratercula arctica",2020
"HumanObservation",2017,79.3453516667,11.6488116667,"2017-07-19T10:46:00+01:00",NA,"Fratercula arctica","aa7ca07b-fde9-446f-b65c-c0266e442447","Fratercula arctica",2010
"HumanObservation",2024,66.119537,-17.526904,"2024-06-24T08:40:26","1","Balaenoptera musculus","aa7e805c-3527-4203-ae6a-6e79cb75796c","Balaenoptera musculus",2020
"HumanObservation",2017,63.4025583333,-19.0415695,"2017-08-17T15:14:47+00:00",NA,"Fratercula arctica","aa91b3a6-7673-4159-a461-c968a1bb41d8","Fratercula arctica",2010
"HumanObservation",2018,65.500539573,-24.5279358495,"2018-05-08T11:57:00+00:00",NA,"Fratercula arctica","aa977f98-f5e3-41ca-ae5b-e4aa31346dd7","Fratercula arctica",2010
"HumanObservation",2023,62.3278607651,-6.940713685,"2023-07-13T13:34:00+01:00",NA,"Fratercula arctica","aa9f5fd6-b039-4aab-a41e-a04d3b664dc3","Fratercula arctica",2020
"HumanObservation",2022,59.853566597,-1.2753680716,"2022-07-30T16:58:00+01:00",NA,"Fratercula arctica","aaaac4bd-1e5d-4643-82b3-e147a4f3795d","Fratercula arctica",2020
"HumanObservation",2017,62.4962098324,5.6397709859,"2017-05-19",NA,"Fratercula arctica","aabd0d19-3798-4766-82fc-eb7dc7777360","Fratercula arctica",2010
"HumanObservation",2019,63.6581265252,-20.7156704274,"2019-07-25T16:33:00+00:00",NA,"Fratercula arctica","aabeaf91-e4e3-4e25-b3c6-669378cbf53d","Fratercula arctica",2010
"HumanObservation",2019,66.1,-17.5,"2019-06-11T18:09:25","1","Balaenoptera musculus","aac1939f-c74c-429e-b3af-f573e4f8db88","Balaenoptera musculus",2010
"HumanObservation",2022,79.1312333333,11.8379566667,"2022-06-12T11:34:00+02:00",NA,"Fratercula arctica","aaeb8c7e-677c-4eca-a44f-aa838c126f92","Fratercula arctica",2020
"HumanObservation",2018,65.6814880371,-21.3976974487,"2018-08-07T11:26:10+01:00",NA,"Fratercula arctica","aaf44b5d-bd61-4d39-9fdb-59eff2d586c1","Fratercula arctica",2010
"HumanObservation",2024,63.404275,-19.1030916667,"2024-08-15T11:45:10+00:00",NA,"Fratercula arctica","ab09169b-3cd7-4ddc-8ee1-0fbafc31e36b","Fratercula arctica",2020
"HumanObservation",2024,60.2965072318,-10.1651490512,"2024-07-19T10:39:00-01:00",NA,"Rissa tridactyla","ab0dd797-7a23-431b-b103-155822e03bca","Rissa tridactyla",2020
"HumanObservation",2024,70.1395531217,30.1814629804,"2024-07-26T15:13:00+02:00",NA,"Rissa tridactyla","ab2e63e6-e89d-4633-9fd4-84dc35a73d3f","Rissa tridactyla",2020
"HumanObservation",2024,70.2295151363,31.040777979,"2024-06-14T12:23:44+02:00",NA,"Fratercula arctica","ab44c114-6872-4015-8ac6-584e1c21f6cd","Fratercula arctica",2020
"HumanObservation",2023,67.8310525225,13.1751995818,"2023-06-11T11:42:01+02:00",NA,"Rissa tridactyla","ab5d7db5-14c3-4ced-8769-74f1cabbbe38","Rissa tridactyla",2020
"HumanObservation",2022,76.9147675512,10.8020436472,"2022-08-09T15:22:08+01:00",NA,"Balaenoptera physalus","ab6998e3-6f3a-4667-bf23-8a2f06879c0b","Balaenoptera physalus",2020
"HumanObservation",2019,64.8639709926,-24.0396764874,"2019-07-04T14:27:00+02:00",NA,"Rissa tridactyla","ab7c4387-adc0-4311-a026-13905edf8bfd","Rissa tridactyla",2010
"HumanObservation",2023,59.1382590102,-3.3310213306,"2023-06-04T14:32:46+01:00",NA,"Fratercula arctica","ab903a08-7a3a-4880-8e64-6c5cd494d029","Fratercula arctica",2020
"HumanObservation",2019,62.0976684788,-7.5801049947,"2019-08-31T13:14:00+02:00",NA,"Rissa tridactyla","aba016e3-90b1-480f-abbe-fcc7fbafd08e","Rissa tridactyla",2010
"HumanObservation",2024,64.040619457,-16.2035619574,"2024-08-04T01:20:00+00:00",NA,"Rissa tridactyla","abaf7f3d-8eb2-408a-b43f-09f42a3e36e6","Rissa tridactyla",2020
"HumanObservation",2024,63.405008701,-20.2824855407,"2024-07-06T13:19:07+00:00",NA,"Fratercula arctica","abaf817e-8e0d-4ef3-809b-fe704166f05c","Fratercula arctica",2020
"HumanObservation",2024,70.4224819409,31.1768329164,"2024-05-16T16:57:58+02:00",NA,"Balaenoptera physalus","abb19347-edd5-46ef-a0c8-55b1eff46028","Balaenoptera physalus",2020
"HumanObservation",2024,70.2101387796,31.0603139259,"2024-05-16T12:24:00+02:00",NA,"Rissa tridactyla","abb83aef-608f-445c-8af8-185a07fbe264","Rissa tridactyla",2020
"HumanObservation",2023,63.4450266958,-20.2614583281,"2023-07-24T14:41:00+00:00",NA,"Fratercula arctica","abbd2f20-e48a-41d9-b24c-733a40c1a21b","Fratercula arctica",2020
"HumanObservation",2021,65.8539922481,-19.6631345394,"2021-07-24T09:13:08-04:00",NA,"Fratercula arctica","abc14f9f-bd16-43cc-b192-401f74b4cbbf","Fratercula arctica",2020
"HumanObservation",2023,78.1930319501,21.2632055102,"2023-07-07T12:43:00+02:00",NA,"Rissa tridactyla","abc810bf-6a50-4147-8083-dbee7085294a","Rissa tridactyla",2020
"HumanObservation",2024,63.4519367046,-20.2324446975,"2024-06-07T06:16:00+00:00",NA,"Fratercula arctica","abd678a5-5269-46ed-91a4-2f28653be7ca","Fratercula arctica",2020
"HumanObservation",2024,78.3622438047,16.0074258674,"2024-07-30T13:08:00+02:00",NA,"Fratercula arctica","abd68f9e-947e-4217-95d2-894550f0b42f","Fratercula arctica",2020
"HumanObservation",2024,66.5423498,-17.9961161,"2024-05-29T09:48:00+00:00",NA,"Rissa tridactyla","abdd42f2-4d47-4fbc-b4a2-f278d3da50ea","Rissa tridactyla",2020
"HumanObservation",2017,60.187978,25.140843,"2017-04-15",NA,"Rissa tridactyla","abfd1b37-dfe5-4977-8401-03981b3b9bba","Rissa tridactyla",2010
"HumanObservation",2017,63.4452912657,-20.2709770203,"2017-09-06T09:26:00-07:00",NA,"Fratercula arctica","abfe5ad4-7ef1-4f3d-bd71-dcd432bb64a9","Fratercula arctica",2010
"HumanObservation",2024,64.4418981653,-12.4617179907,"2024-06-06T09:57:00-01:00",NA,"Fratercula arctica","ac0068d9-d100-4289-8941-4c06be641554","Fratercula arctica",2020
"HumanObservation",2019,66.1,-17.5,"2019-06-07T13:58:24","1","Balaenoptera musculus","ac1a991f-dba3-4376-95e4-0005888e0e14","Balaenoptera musculus",2010
"HumanObservation",2023,65.5419906147,-13.7543657515,"2023-06-19T11:35:59+00:00",NA,"Fratercula arctica","ac2c6a67-4516-4a75-b7f4-6b2f36ddfc67","Fratercula arctica",2020
"HumanObservation",2024,58.271967,-5.093633,"2024-09-13T09:40:00",NA,"Balaenoptera physalus","ac451afe-d186-4f2a-b826-2710e5b73b9a","Balaenoptera physalus",2020
"HumanObservation",2024,64.1639621786,-21.868529454,"2024-05-23T17:15:00+00:00",NA,"Rissa tridactyla","ac4be9e6-85c5-463f-bf6c-3b457602f1e9","Rissa tridactyla",2020
"HumanObservation",2017,66.3861673993,-14.8535890426,"2017-07-29T12:42:00+00:00",NA,"Fratercula arctica","ac4f2dff-6480-48ae-af00-55e2e8d0ce46","Fratercula arctica",2010
"HumanObservation",2024,80.697048476,20.8312057648,"2024-08-07T16:32:00+02:00",NA,"Rissa tridactyla","ac5bbb08-dff7-4bf8-84f0-9a177264ff0c","Rissa tridactyla",2020
"HumanObservation",2019,69.3090993577,15.8557141178,"2019-07-02T12:08:00+02:00",NA,"Physeter macrocephalus","ac60c06c-0a73-4460-84df-8531f87e1a43","Physeter macrocephalus",2010
"HumanObservation",2023,64.91505,-24.220017,"2023-05-14T21:50","1","Physeter macrocephalus","ac610127-ccf8-4198-adae-e36c82bd1c07","Physeter macrocephalus",2020
"HumanObservation",2023,62.5003402649,5.666564848,"2023-05-30T12:11:00+02:00",NA,"Fratercula arctica","ac7c43d8-5b1a-4a91-96c1-ca879690fe38","Fratercula arctica",2020
"HumanObservation",2021,77.0002004261,15.451725876,"2021-09-03T10:04:00Z",NA,"Rissa tridactyla","ac8d16fb-f1f1-4b0d-9f45-930ca46cc00a","Rissa tridactyla",2020
"HumanObservation",2023,64.0437345549,-16.1791399968,"2023-02-24T16:53:45+00:00",NA,"Rissa tridactyla","ac9dbc76-cd94-4514-9145-461b7d334c9c","Rissa tridactyla",2020
"HumanObservation",2018,64.1905583591,-21.8987097591,"2018-08-20T19:22:56+00:00",NA,"Fratercula arctica","aca0b7f4-1c44-4f59-a862-adc9f6d7998c","Fratercula arctica",2010
"HumanObservation",2021,58.929617,-3.061417,"2021-04-14T19:45:00",NA,"Balaenoptera physalus","aca5e27f-d13c-417b-842b-0a3ac219be03","Balaenoptera physalus",2020
"HumanObservation",2022,78.222875,15.6714766667,"2022-05-08T17:57:00+02:00",NA,"Rissa tridactyla","aca73394-4661-41bb-ba1b-7a20cb8a453a","Rissa tridactyla",2020
"HumanObservation",2024,61.7741748362,-6.8058349116,"2024-07-25T10:44:00+01:00",NA,"Fratercula arctica","aca9f114-5e27-4497-95e2-6b6a01325ef4","Fratercula arctica",2020
"HumanObservation",2022,64.764334,-23.624737,"2022-07-11T15:22:00+00:00",NA,"Rissa tridactyla","acadcb15-43f7-400d-ab4e-153d4e8fe35c","Rissa tridactyla",2020
"HumanObservation",2023,63.401541559,-19.1284310818,"2023-06-09T20:25:00+00:00",NA,"Fratercula arctica","acb3c8ae-acfe-4881-9f53-cb1b3ca75663","Fratercula arctica",2020
"HumanObservation",2018,70.0874118407,30.0872961862,"2018-04-30T17:38:00+02:00",NA,"Rissa tridactyla","acc441d0-1ea6-40d5-9644-54b1b6da57ee","Rissa tridactyla",2010
"HumanObservation",2023,63.4356027778,-20.2857694444,"2023-07-09T10:10:08+00:00",NA,"Fratercula arctica","acd18028-2ad5-4a14-b4b0-8fa7c10b74a4","Fratercula arctica",2020
"HumanObservation",2024,68.9993834815,16.5209373586,"2024-10-18T15:54:29+02:00",NA,"Rissa tridactyla","ace47ec0-96aa-4256-87ae-b4b1f5e688ad","Rissa tridactyla",2020
"HumanObservation",2024,64.9877778152,-12.7974759041,"2024-06-06T12:19:00-01:00",NA,"Fratercula arctica","ace584a5-d40c-4268-aaaa-895ec52aadaa","Fratercula arctica",2020
"HumanObservation",2023,64.963051,-19.020835,"2023-06-08T08:49:00+00:00",NA,"Fratercula arctica","ace94613-c27c-4d04-8b17-15e688a475a8","Fratercula arctica",2020
"HumanObservation",2023,63.4386133639,-20.3018240129,"2023-07-24T19:34:00+00:00",NA,"Rissa tridactyla","acebc69c-5c6e-4929-b0c8-3ec123b6a81a","Rissa tridactyla",2020
"HumanObservation",2023,70.3910230086,31.1920043665,"2023-06-29T16:00:00+02:00",NA,"Rissa tridactyla","ad08bcf1-8bc6-47c5-b9d3-4e9786b8a37c","Rissa tridactyla",2020
"HumanObservation",2023,77.0538992565,15.8955726437,"2023-06-22T12:53:00+02:00",NA,"Fratercula arctica","ad0d8e92-233c-4517-b99d-99156c5dfedd","Fratercula arctica",2020
"HumanObservation",2023,63.4450266958,-20.2614583281,"2023-07-24T14:29:00+00:00",NA,"Fratercula arctica","ad233410-987b-4313-b786-c75f90c00eb3","Fratercula arctica",2020
"HumanObservation",2021,58.8033311305,-3.3853867618,"2021-05-08T08:40:00+01:00",NA,"Rissa tridactyla","ad48449e-9cdf-42c5-a6b2-dd1ac0868a4a","Rissa tridactyla",2020
"HumanObservation",2021,62.1963247,-7.25020726,"2021-07-19T15:59:00+01:00",NA,"Fratercula arctica","ad5f44cf-e8b9-4c02-b7be-f49320814788","Fratercula arctica",2020
"HumanObservation",2024,65.4976283333,-24.5192866667,"2024-07-30T00:28:11+00:00",NA,"Fratercula arctica","ad68afda-4d06-46c4-968a-4bf484923dcf","Fratercula arctica",2020
"HumanObservation",2024,64.1698606844,-21.8805742078,"2024-05-23T17:16:00+00:00",NA,"Rissa tridactyla","ad699128-976d-48f9-8334-c132ce4a0f15","Rissa tridactyla",2020
"HumanObservation",2022,70.3358876984,31.1478742088,"2022-07-19T12:49:00+02:00",NA,"Fratercula arctica","ad8bc132-633d-4f3a-bd3e-68500a1f7257","Fratercula arctica",2020
"HumanObservation",2022,70.3952464107,31.1308375705,"2022-04-11T11:57:00+02:00",NA,"Rissa tridactyla","adabd28b-4115-4904-b764-8952d817a4ef","Rissa tridactyla",2020
"HumanObservation",2023,64.176098718,-21.8848326271,"2023-07-23T22:11:12+00:00",NA,"Fratercula arctica","adcc08c0-8258-4ea3-adeb-7a85d3b72456","Fratercula arctica",2020
"HumanObservation",2018,66.055455,-22.828903,"2018-06-27T00:42:00-05:00",NA,"Fratercula arctica","addde7c6-44ab-4a19-8189-58ee452cc41e","Fratercula arctica",2010
"HumanObservation",2023,78.16552785,13.9523453645,"2023-07-10T21:57:00+02:00",NA,"Fratercula arctica","ade372a8-df01-4696-a17e-82d5c39e6307","Fratercula arctica",2020
"HumanObservation",2017,79.9385907815,11.4647807599,"2017-06-16T16:46:00+01:00",NA,"Rissa tridactyla","adfc6570-4656-4856-a6b3-9762523f6a92","Rissa tridactyla",2010
"MachineObservation",2020,75.564972,11.873234,"2020-09-12T16:11",NA,"Physeter macrocephalus","ae042795-991a-4def-9fab-079b2d0c8d2f","Physeter macrocephalus",2020
"HumanObservation",2023,62.5332194146,5.7592809241,"2023-07-16T13:31:25+02:00",NA,"Fratercula arctica","ae35409c-93cb-4f68-9a72-4db8e9bd5f89","Fratercula arctica",2020
"HumanObservation",2020,64.0452867567,-16.1779510111,"2020-08-13T14:23:00+00:00",NA,"Rissa tridactyla","ae51c156-8c79-4b24-8ce5-52c12dd1ebd8","Rissa tridactyla",2020
"HumanObservation",2023,79.0216780499,11.643542979,"2023-06-09T12:32:00+02:00",NA,"Fratercula arctica","ae535d65-8216-4643-90bb-7e5c47920ddb","Fratercula arctica",2020
"HumanObservation",2024,66.1140866826,-17.370378239,"2024-07-19T10:25:00+00:00",NA,"Fratercula arctica","ae540ccd-b054-4510-be34-76572e6ffe18","Fratercula arctica",2020
"HumanObservation",2022,63.427717,-20.2673821,"2022-08-23T08:13:00+00:00",NA,"Rissa tridactyla","ae613c77-bc4e-49e5-ad9b-478c74968af8","Rissa tridactyla",2020
"HumanObservation",2024,63.4019359997,-19.1222212997,"2024-07-13T14:39:48+00:00",NA,"Fratercula arctica","ae63a19e-dd6a-4f8d-897c-9044e5704378","Fratercula arctica",2020
"MachineObservation",2020,73.370249,19.792814,"2020-09-29T06:38",NA,"Physeter macrocephalus","ae672090-09b1-47f0-9136-fdd274f4a308","Physeter macrocephalus",2020
"HumanObservation",2022,70.2069694908,31.1148144411,"2022-07-19T10:44:00+02:00",NA,"Fratercula arctica","ae8d2382-3df2-42b5-a639-e190daec71be","Fratercula arctica",2020
"HumanObservation",2022,65.5025723,-24.5316982,"2022-06-03T17:51:00+00:00",NA,"Fratercula arctica","ae90ebcf-0cea-4867-a091-d739f070de22","Fratercula arctica",2020
"HumanObservation",2024,70.3802776602,31.0804165093,"2024-06-14T12:21:00+02:00",NA,"Rissa tridactyla","ae91053e-7562-4a2f-8a3d-253f5348e01f","Rissa tridactyla",2020
"HumanObservation",2019,62.5810509088,5.7967719847,"2019-07-12T21:29:00+02:00",NA,"Fratercula arctica","ae9869ad-443b-4e5a-aee0-1d3ed42b4dfd","Fratercula arctica",2010
"HumanObservation",2023,70.3620044375,31.014670934,"2023-06-23T15:12:00+02:00",NA,"Rissa tridactyla","aea7b1b0-ced1-46f6-80d1-9adb749521fa","Rissa tridactyla",2020
"HumanObservation",2023,66.0475166667,-22.827055,"2023-07-24T11:34:35+00:00",NA,"Fratercula arctica","aeb73501-76ef-431d-833f-00aab0950623","Fratercula arctica",2020
"HumanObservation",2023,63.4480098239,-20.2477585621,"2023-05-29T13:50:00+00:00",NA,"Rissa tridactyla","aecea04c-d09a-4a2e-933f-6bbac52c053b","Rissa tridactyla",2020
"HumanObservation",2022,60.8242811585,-0.9065627555,"2022-06-21T15:20:00+01:00",NA,"Fratercula arctica","aed0349d-f9c7-4bce-95a2-94d77725de28","Fratercula arctica",2020
"HumanObservation",2022,59.3333333,-3.0666667,"2022-07-25T15:25:00+01:00",NA,"Fratercula arctica","aed45637-093e-4c84-8982-87457b9547b2","Fratercula arctica",2020
"HumanObservation",2020,77.5280252678,23.7238943101,"2020-07-30T03:50:00+02:00",NA,"Balaenoptera musculus musculus","aefa2f4f-e12e-4cda-bf20-f56a01edc81f","Balaenoptera musculus",2020
"HumanObservation",2024,69.7988225627,18.8276314396,"2024-05-23T20:06:00+02:00",NA,"Rissa tridactyla","af0ad3f8-3468-43af-b4dd-05f6fe196df7","Rissa tridactyla",2020
"HumanObservation",2024,70.3940436582,31.0522761648,"2024-06-12T12:23:00+02:00",NA,"Rissa tridactyla","af2b182b-ade9-4cd5-addf-900ea330d51a","Rissa tridactyla",2020
"HumanObservation",2023,66.5327157524,-17.9967240541,"2023-07-20T14:40:00+00:00",NA,"Fratercula arctica","af4bd940-2a3a-4a79-aaa0-ecf9dc8c0156","Fratercula arctica",2020
"HumanObservation",2023,78.115,11.435,"2023-06-29T22:27:13","1","Balaenoptera musculus","af928ec9-dd3c-43f7-8d0a-f7e0c92191d0","Balaenoptera musculus",2020
"HumanObservation",2018,63.40417,-19.1032466667,"2018-06-25T05:26:00-04:00",NA,"Fratercula arctica","af96db9a-8380-49ab-af94-02858ac1b7e3","Fratercula arctica",2010
"HumanObservation",2024,65.5415713219,-13.7549767041,"2024-07-20T17:03:34+00:00",NA,"Rissa tridactyla","af995ef6-87d8-4460-92f9-67d1df9ed3ed","Rissa tridactyla",2020
"HumanObservation",2017,79.9548921807,11.387876463,"2017-06-16T16:42:00+01:00",NA,"Rissa tridactyla","af9b36d5-1cce-4fa4-b0b6-f792f027b1ee","Rissa tridactyla",2010
"HumanObservation",2023,59.8545598997,-1.2745954997,"2023-07-16T12:09:42+01:00",NA,"Fratercula arctica","af9bab4b-3bca-4282-b3b3-9e40649fe16d","Fratercula arctica",2020
"HumanObservation",2021,63.404205,-19.1032361667,"2021-07-20T23:57:07+00:00",NA,"Fratercula arctica","afab9617-02a6-4798-9bfa-219e231cda4f","Fratercula arctica",2020
"HumanObservation",2024,70.3850707145,31.017951825,"2024-07-28T10:41:00+02:00",NA,"Fratercula arctica","b00b064d-1b90-4e60-b13c-d4457f4ccb0f","Fratercula arctica",2020
"HumanObservation",2018,81.27,16.35,"2018-07-15","1","Balaenoptera musculus","b01fda40-f854-4bcd-9edc-84ab99e7cf3e","Balaenoptera musculus",2010
"HumanObservation",2022,63.0250030711,7.7231527264,"2022-07-13T12:13:00+02:00",NA,"Rissa tridactyla","b022e208-ae17-4727-9694-3223f1f86b5f","Rissa tridactyla",2020
"HumanObservation",2021,59.0014983531,11.0784975088,"2021-08-08T17:54:00+02:00",NA,"Fratercula arctica","b0592ffb-7c75-4c8b-864f-1d292aeaccc4","Fratercula arctica",2020
"HumanObservation",2022,69.437299,16.199152,"2022-08-19T13:20:30","1","Physeter macrocephalus","b086135c-5731-450f-ae2a-baa907e0703c","Physeter macrocephalus",2020
"HumanObservation",2023,79.2157966667,11.8740216667,"2023-06-22T05:29:32+02:00",NA,"Fratercula arctica","b09a92c8-d006-43db-9629-bdfac5b02995","Fratercula arctica",2020
"HumanObservation",2022,64.2667543073,-22.0973975599,"2022-05-13T15:06:00+00:00",NA,"Fratercula arctica","b0a6511a-63ea-45ac-a8e1-bac200696de2","Fratercula arctica",2020
"HumanObservation",2020,61.4177,-24.0355,"2020-08-25",NA,"Balaenoptera physalus","b0d481b5-1467-499d-8466-858805afba64","Balaenoptera physalus",2020
"HumanObservation",2023,69.7041105189,18.89602156,"2023-07-29T11:38:19+02:00",NA,"Rissa tridactyla","b0da0efd-e67d-490d-82f8-a71d929f321e","Rissa tridactyla",2020
"HumanObservation",2018,68.0657661127,13.3477881462,"2018-07-26T19:29:00+02:00",NA,"Rissa tridactyla","b0dd4324-533f-4549-a72c-c0d805fc12d2","Rissa tridactyla",2010
"HumanObservation",2024,62.3727314268,5.7268188875,"2024-04-20T21:45:00+02:00",NA,"Fratercula arctica","b0f2971c-07f0-4060-b81a-246d4ea3679f","Fratercula arctica",2020
"HumanObservation",2024,63.4030138483,-19.1035938169,"2024-06-24T13:25:00+00:00",NA,"Fratercula arctica","b0f9d4b8-531f-40e3-a9e6-8d8051e795e5","Fratercula arctica",2020
"HumanObservation",2023,70.071389,21.136889,"2023-12-09T09:41","1","Physeter macrocephalus","b0fa6f1e-a795-48e6-bfdd-19fde8b20c31","Physeter macrocephalus",2020
"HumanObservation",2023,71.11135,26.1669916667,"2023-05-19T12:44:56+02:00",NA,"Rissa tridactyla","b108f0db-88a2-429d-961a-576a3b453b31","Rissa tridactyla",2020
"HumanObservation",2023,79.7314666029,12.1046116386,"2023-06-26T09:42:00+02:00",NA,"Fratercula arctica","b10b9417-7e7d-411c-b59d-d0dc860b23d5","Fratercula arctica",2020
"HumanObservation",2024,64.1617736816,-21.9586677551,"2024-06-17T04:47:37+00:00",NA,"Fratercula arctica","b1180484-f6bd-40a6-9c60-96a3c4e17089","Fratercula arctica",2020
"HumanObservation",2019,77.0185490543,15.8930545185,"2019-09-04T02:12:00Z",NA,"Rissa tridactyla","b11b1aee-7e60-4e1e-80c5-cf40697be617","Rissa tridactyla",2010
"HumanObservation",2022,59.1348221667,-3.3394866667,"2022-07-28T00:00:00+01:00",NA,"Fratercula arctica","b13543c6-1f14-4018-93e0-a55f63a6358c","Fratercula arctica",2020
"HumanObservation",2024,69.5946919166,15.5013724291,"2024-07-26T13:08:00+01:00",NA,"Physeter macrocephalus","b138b684-0212-4e05-9b7f-59fdfa31ff46","Physeter macrocephalus",2020
"HumanObservation",2023,63.4039290366,-19.1040226445,"2023-08-11T18:28:46+00:00",NA,"Fratercula arctica","b13d8c32-3566-4e0c-8a15-ff945322b1a0","Fratercula arctica",2020
"HumanObservation",2022,79.6128412603,17.8550650125,"2022-08-20T10:33:00+02:00",NA,"Fratercula arctica","b145b921-4d76-4d62-980a-50ef8013bb9d","Fratercula arctica",2020
"HumanObservation",2024,69.7907600667,18.9464877424,"2024-03-08T10:12:00+01:00",NA,"Rissa tridactyla","b14960f1-3f36-40e5-97a3-033b82b920b8","Rissa tridactyla",2020
"HumanObservation",2023,70.2930933066,31.0155577135,"2023-06-23T16:55:00+02:00",NA,"Fratercula arctica","b1542fc9-16d9-4715-b7f1-858723a1caad","Fratercula arctica",2020
"HumanObservation",2023,66.5376672217,-18.010714445,"2023-07-20T13:37:00+00:00",NA,"Fratercula arctica","b1605d89-93df-4bb1-a1b3-bd8da4d80cc1","Fratercula arctica",2020
"HumanObservation",2024,65.5033297826,-24.5338052755,"2024-07-06T17:23:00+00:00",NA,"Rissa tridactyla","b160c63f-59ed-4d5a-860f-f7a5aeb27df1","Rissa tridactyla",2020
"HumanObservation",2022,65.5421366667,-13.7548883333,"2022-05-25T09:25:14+00:00",NA,"Fratercula arctica","b166103b-0819-4e16-8ae8-3755d16aad82","Fratercula arctica",2020
"HumanObservation",2022,63.4054712903,-19.1196228313,"2022-08-21T07:52:00+00:00",NA,"Fratercula arctica","b183342f-f252-47fb-b8de-d05a812211e9","Fratercula arctica",2020
"HumanObservation",2020,60.7424,-8.9692,"2020-08-24",NA,"Fratercula arctica","b198c63a-3bc4-4e40-99c6-c736f1b8834d","Fratercula arctica",2020
"HumanObservation",2022,63.398732,-20.291872,"2022-07-04T16:03:00+00:00",NA,"Fratercula arctica","b1a219d0-4679-4522-8b4b-29de19bd60af","Fratercula arctica",2020
"HumanObservation",2019,66.0209687221,-17.5725171492,"2019-06-27T04:17:00+00:00",NA,"Fratercula arctica","b1b05ed7-3b06-43f6-894b-91e71d727c1d","Fratercula arctica",2010
"HumanObservation",2024,63.4034959,-20.2866908,"2024-05-04T21:42:00+00:00",NA,"Fratercula arctica","b1b32796-699b-4684-87fe-8737e635b0c3","Fratercula arctica",2020
"HumanObservation",2023,68.3184872022,-14.316704616,"2023-09-29T08:42:00-01:00",NA,"Rissa tridactyla","b1e7ca34-49d7-4ce6-be51-0028384f4c7a","Rissa tridactyla",2020
"HumanObservation",2023,64.975674,-24.088898,"2023-06-01T11:30:02","1","Physeter macrocephalus","b20811db-ed10-4f1f-ae94-8b37d8470dc4","Physeter macrocephalus",2020
"HumanObservation",2022,70.2381888057,31.1872424056,"2022-07-02T14:19:00+02:00",NA,"Fratercula arctica","b21655fe-a46f-45c0-8cf4-90fcef5b4e2f","Fratercula arctica",2020
"HumanObservation",2024,78.739,22.154,"2024-06-11T02:49:00+02:00",NA,"Rissa tridactyla","b21979a9-484a-4041-8e81-9a1a756b57f7","Rissa tridactyla",2020
"HumanObservation",2024,70.3610928893,31.1797024054,"2024-05-07T15:40:00+02:00",NA,"Fratercula arctica","b22ea77c-c5c3-40aa-a8f2-a052d6591673","Fratercula arctica",2020
"HumanObservation",2023,70.3841961484,31.0898687474,"2023-06-23T15:30:00+02:00",NA,"Fratercula arctica","b23f18e8-f661-4ac1-8dd7-a63062a3730c","Fratercula arctica",2020
"HumanObservation",2022,70.0041263585,30.1352844487,"2022-04-13T16:53:00+02:00",NA,"Rissa tridactyla","b24a2305-e2fb-467a-b70f-1338dbfdc41f","Rissa tridactyla",2020
"HumanObservation",2022,62.4793392511,5.5903106879,"2022-07-05T19:15:00+02:00",NA,"Fratercula arctica","b24bd47d-8536-4ff5-901f-17cc7a02aa87","Fratercula arctica",2020
"HumanObservation",2024,78.3150846727,9.9702451094,"2024-06-04T15:38:00+01:00",NA,"Rissa tridactyla","b251637b-f266-4c93-b7f8-ca51ffd08dfe","Rissa tridactyla",2020
"HumanObservation",2022,65.377358,-22.913719,"2022-07-08T17:38:00+00:00",NA,"Rissa tridactyla","b259ffe4-02de-4b6e-9bfd-54cb27829f09","Rissa tridactyla",2020
"HumanObservation",2022,66.057707,-17.553282,"2022-06-14T11:48:04","1","Physeter macrocephalus","b26336f6-034b-43f8-a03f-12553f092d0b","Physeter macrocephalus",2020
"HumanObservation",2024,65.5421271009,-13.7545180321,"2024-06-01T20:46:31+00:00",NA,"Fratercula arctica","b271b30b-5feb-41dc-a9c4-f013e6629fad","Fratercula arctica",2020
"HumanObservation",2022,66.0862370245,-17.518991221,"2022-05-29T12:31:00+00:00",NA,"Fratercula arctica","b2936764-6fc9-4a12-b6cf-85c14a1b7d7e","Fratercula arctica",2020
"HumanObservation",2018,65.1799630993,-13.6035650144,"2018-07-24T17:59:00+00:00",NA,"Fratercula arctica","b296e156-71f2-4a3e-beb2-ad24c2349c8b","Fratercula arctica",2010
"HumanObservation",2023,78.254059352,21.5457256883,"2023-09-21T10:22:52+02:00",NA,"Rissa tridactyla","b2aff984-5ab1-4039-b48c-fb2b0b199aec","Rissa tridactyla",2020
"HumanObservation",2024,63.4519367046,-20.2324446975,"2024-06-07T06:15:00+00:00",NA,"Fratercula arctica","b2c10e04-7c8f-4bc4-8275-35376b8294d8","Fratercula arctica",2020
"HumanObservation",2024,66.542343447,-17.9961160943,"2024-06-27T14:48:03+00:00",NA,"Fratercula arctica","b2c77dd4-9897-418b-9bd9-508440400ff0","Fratercula arctica",2020
"HumanObservation",2021,63.2664132969,-19.3651207678,"2021-07-30T10:00:00Z",NA,"Balaenoptera physalus","b2ce7bf4-fcb4-4b1b-98f7-0a0a85be868d","Balaenoptera physalus",2020
"HumanObservation",2018,64.23263291,-22.4081085557,"2018-04-12",NA,"Fratercula arctica","b2d06a9b-c0bb-4f87-b03d-2a22637933b7","Fratercula arctica",2010
"HumanObservation",2023,63.4322189959,-20.2793018705,"2023-07-22T12:59:00+00:00",NA,"Rissa tridactyla","b2e0816c-e54a-418e-8a93-3ee7b3b0f6f0","Rissa tridactyla",2020
"HumanObservation",2020,57.1581278333,9.0242,"2020-05-22T12:21:01+02:00",NA,"Rissa tridactyla","b2eb12b6-8a40-4cfb-910e-b4a9d2c4969c","Rissa tridactyla",2020
"HumanObservation",2022,59.2700009,-2.8716135,"2022-07-25T17:48:00+01:00",NA,"Fratercula arctica","b2eb7cd3-3e83-4306-bfc1-d63a7f04f4cf","Fratercula arctica",2020
"HumanObservation",2022,62.1024445,-7.6614133333,"2022-06-24T22:40:05+01:00",NA,"Fratercula arctica","b2eec263-40b6-4e5e-ba05-3378bbdd19f4","Fratercula arctica",2020
"HumanObservation",2020,64.1464875873,-21.9426356256,"2020-09-08",NA,"Rissa tridactyla","b2f96859-7332-494d-a6bc-ec4d8594cb7d","Rissa tridactyla",2020
"HumanObservation",2022,62.547473931,5.4962011639,"2022-07-10T18:56:00+02:00",NA,"Fratercula arctica","b2fdd036-9ff0-41af-ba68-6d8899e0e2f2","Fratercula arctica",2020
"HumanObservation",2024,59.8283,-18.81667,"2024-08-29T19:51:00-01:00",NA,"Rissa tridactyla","b303ee83-7d69-435c-b929-dead7b8956e1","Rissa tridactyla",2020
"HumanObservation",2023,64.7676925,-23.617309445,"2023-07-13T17:16:00+00:00",NA,"Rissa tridactyla","b3136324-05d7-40fd-b824-2c0e90878edb","Rissa tridactyla",2020
"HumanObservation",2020,60.7693,-9.2062,"2020-08-24",NA,"Fratercula arctica","b32625ba-5307-4244-865b-5c617920d1da","Fratercula arctica",2020
"HumanObservation",2022,64.1725003709,-21.7317197844,"2022-07-08T14:59:00+00:00",NA,"Fratercula arctica","b3346f8c-b289-413d-b301-f41309098750","Fratercula arctica",2020
"HumanObservation",2022,65.5049530457,-24.5222388086,"2022-06-16T12:37:00+00:00",NA,"Fratercula arctica","b35ea33c-1ed7-4266-b6a3-86bbbe9e8e52","Fratercula arctica",2020
"HumanObservation",2022,65.256704,-22.884713,"2022-07-08T16:11:00+00:00",NA,"Fratercula arctica","b36403de-195c-4ce7-bc04-7c6812fe1ede","Fratercula arctica",2020
"HumanObservation",2022,62.0183027807,-6.6745190486,"2022-06-03T13:45:00+01:00",NA,"Fratercula arctica","b3644692-5005-482e-8d44-36725418fff0","Fratercula arctica",2020
"HumanObservation",2023,79.9895,13.138667,"2023-07-28T22:03:44","1","Balaenoptera musculus","b3936270-517f-4122-ab9f-f8505cdf8e85","Balaenoptera musculus",2020
"HumanObservation",2022,68.060317,-22.269967,"2022-06-04T22:13:59","1","Balaenoptera musculus","b3b20682-80fc-4300-aac6-8d1262d6e3b4","Balaenoptera musculus",2020
"HumanObservation",2017,66.3516427465,-22.1834512844,"2017-06-28T08:52:00-05:00",NA,"Rissa tridactyla","b3bad8ac-a383-4865-afc1-c39ac8db8f4d","Rissa tridactyla",2010
"HumanObservation",2024,80.1916707375,17.0205185782,"2024-07-20T15:34:00+02:00",NA,"Balaenoptera physalus","b3c11728-00c1-4aa1-8049-c4fb3e027b71","Balaenoptera physalus",2020
"HumanObservation",2022,70.2911454449,31.1176356465,"2022-07-19T13:53:00+02:00",NA,"Fratercula arctica","b3f26dc2-75e3-40c6-ae1c-9853b57c6fc4","Fratercula arctica",2020
"HumanObservation",2023,65.1888617111,-14.0159925266,"2023-06-07T13:46:00+00:00",NA,"Rissa tridactyla","b3fc1041-930d-467f-82c3-1d34b3344a74","Rissa tridactyla",2020
"HumanObservation",2024,65.0724312,-22.7333553,"2024-06-16T10:36:00+00:00",NA,"Rissa tridactyla","b4147c6e-f3b0-498e-a193-57036fcf8d54","Rissa tridactyla",2020
"HumanObservation",2018,66.285402631,-17.5073758658,"2018-07-27T19:35:00+00:00",NA,"Fratercula arctica","b4284fcf-bdfe-4824-8b1a-931b0bd511ce","Fratercula arctica",2010
"HumanObservation",2022,64.7352828979,-23.7757701874,"2022-07-12T17:32:47+00:00",NA,"Rissa tridactyla","b452ea9a-ef0f-48fa-8cfb-730b30ea36a0","Rissa tridactyla",2020
"HumanObservation",2023,64.0705324,-22.6512494,"2023-06-15T17:54:00+00:00",NA,"Rissa tridactyla","b46afff9-ba55-4095-a55f-8f146eeebd0f","Rissa tridactyla",2020
"HumanObservation",2024,62.3104789799,5.6272424879,"2024-04-20T21:40:00+02:00",NA,"Fratercula arctica","b47975a9-9ee2-472c-8eac-efcf66c52555","Fratercula arctica",2020
"HumanObservation",2017,66.0912322142,-17.3513157761,"2017-06-16T09:47:00+02:00",NA,"Fratercula arctica","b489dd32-ce65-47bf-bcfd-fdb37d315ffc","Fratercula arctica",2010
"HumanObservation",2022,59.2700009,-2.8716135,"2022-07-25T17:36:00+01:00",NA,"Fratercula arctica","b4d8e1ca-4de3-4e06-aa0f-d989c2e81c4f","Fratercula arctica",2020
"HumanObservation",2021,65.5006713207,-24.5283564019,"2021-08-02T12:49:00-04:00",NA,"Rissa tridactyla","b4f3a5f8-0db3-491c-bb51-29793aaeed88","Rissa tridactyla",2020
"HumanObservation",2024,79.211411,24.675469,"2024-07-19T05:46:00+02:00",NA,"Rissa tridactyla","b51f496c-4ba1-4491-a4f3-4976c40c68d3","Rissa tridactyla",2020
"HumanObservation",2024,69.4308625014,15.5300246251,"2024-03-10T12:59:01+01:00",NA,"Physeter macrocephalus","b53313cc-d097-48ae-b3a0-bfa0334d1c6a","Physeter macrocephalus",2020
"HumanObservation",2023,71.0290178519,25.2884397482,"2023-07-28T12:05:10+02:00",NA,"Fratercula arctica","b536f3a2-480f-4c74-b82b-a464a7a356d5","Fratercula arctica",2020
"HumanObservation",2023,70.3779715332,31.1901857391,"2023-06-23T17:26:00+02:00",NA,"Rissa tridactyla","b53b8cb3-54da-4e2b-9621-31269b9c8b3f","Rissa tridactyla",2020
"HumanObservation",2018,64.7353973,-23.775135,"2018-06-11T10:29:00+00:00",NA,"Rissa tridactyla","b5619636-2ae4-47c8-95bf-27041656e76a","Rissa tridactyla",2010
"HumanObservation",2019,63.4133144957,-19.098452834,"2019-07-16T11:20:00+00:00",NA,"Fratercula arctica","b56bf9b7-b7e0-4853-8c6e-2b5122c34ee0","Fratercula arctica",2010
"HumanObservation",2017,65.496576,-24.514497,"2017-07-07T14:00:19+00:00",NA,"Rissa tridactyla","b5725b57-9c83-4378-b1de-c41a36419fec","Rissa tridactyla",2010
"HumanObservation",2023,63.4002334282,-19.0399101377,"2023-08-12T21:30:00+00:00",NA,"Fratercula arctica","b57afa51-f76b-4d72-a8d2-3c971ba2abe6","Fratercula arctica",2020
"HumanObservation",2017,66.5423498,-17.9961161,"2017-06-05T18:50:00+00:00",NA,"Fratercula arctica","b57c8d14-3ba8-454e-9657-e3605e4f8e30","Fratercula arctica",2010
"HumanObservation",2023,59.3727331487,-2.4190089375,"2023-07-29T10:29:00+01:00",NA,"Rissa tridactyla","b59e7029-b56b-4e03-8f8c-e116b5e66857","Rissa tridactyla",2020
"HumanObservation",2017,78.121937,12.061277,"2017-06-27T08:07","1","Balaenoptera musculus","b5b1abbf-1b6c-4b88-b31c-40071b13c32b","Balaenoptera musculus",2010
"HumanObservation",2021,64.1349596878,-23.4604549202,"2021-08-19T18:16:21Z",NA,"Fratercula arctica","b5b21e96-3a66-4f02-abb4-48bec6b400fb","Fratercula arctica",2020
"HumanObservation",2024,79.579428,18.508186,"2024-06-11T15:58:00+02:00",NA,"Rissa tridactyla","b5c5941f-986c-47a1-9ac9-dab5db234a73","Rissa tridactyla",2020
"HumanObservation",2024,63.4473438847,-20.2881360401,"2024-07-13T11:17:00+00:00",NA,"Fratercula arctica","b5e20396-e3c5-44f6-af30-926f7cea5aa8","Fratercula arctica",2020
"HumanObservation",2023,70.342099625,31.1200457889,"2023-06-23T15:32:00+02:00",NA,"Fratercula arctica","b5f081eb-3c1b-4109-b9a8-207b3e61bca0","Fratercula arctica",2020
"HumanObservation",2023,66.076667,-17.55,"2023-05-13","1","Balaenoptera musculus","b5fa9baf-4fce-4096-b39a-6d2a90f55981","Balaenoptera musculus",2020
"HumanObservation",2024,70.2339026204,31.1087587413,"2024-05-16T09:53:00+02:00",NA,"Fratercula arctica","b6151470-0046-4877-9242-b5af856b9901","Fratercula arctica",2020
"HumanObservation",2019,79.175462,21.626587,"2019-08-29T16:17:59","1","Balaenoptera musculus","b61f6e6a-905f-46df-a4af-ce9f74c06fc1","Balaenoptera musculus",2010
"HumanObservation",2018,66.2801366667,-22.6141966667,"2018-08-07T14:47:00-07:00",NA,"Fratercula arctica","b622d43e-7b41-41d5-9533-0b2935066f19","Fratercula arctica",2010
"HumanObservation",2017,64.2953664,-22.4876252,"2017-04-26",NA,"Rissa tridactyla","b633f459-93c0-4d23-af48-5a5549ea6960","Rissa tridactyla",2010
"HumanObservation",2024,80.31,11.03,"2024-07-30T19:19","1","Balaenoptera musculus","b63b8ea9-7905-4733-8abb-73b8d8ddbcf2","Balaenoptera musculus",2020
"HumanObservation",2024,70.3949738827,31.1544760195,"2024-06-05T10:49:00+02:00",NA,"Balaenoptera physalus","b63e7398-8510-4239-9cc3-66451d4d10a5","Balaenoptera physalus",2020
"HumanObservation",2017,64.2953664,-22.4876252,"2017-02-04",NA,"Rissa tridactyla","b6441e76-6278-4445-8af2-664e08a4209e","Rissa tridactyla",2010
"HumanObservation",2023,76.9013873278,15.2106822568,"2023-08-09T07:22:36+02:00",NA,"Fratercula arctica","b650bed3-67dd-41c0-aa27-363ce1b656b9","Fratercula arctica",2020
"HumanObservation",2017,66.1402185219,-17.4638217326,"2017-06-26T01:09:00+00:00",NA,"Rissa tridactyla","b6538098-45dd-481a-9428-9356464b3422","Rissa tridactyla",2010
"HumanObservation",2023,70.3624252499,31.0642118443,"2023-06-23T20:12:00+02:00",NA,"Rissa tridactyla","b66468de-9d4d-4a8c-b78a-84eabcf64b3e","Rissa tridactyla",2020
"HumanObservation",2022,63.411225,-19.02225,"2022-07-12T10:50:50+00:00",NA,"Fratercula arctica","b6674225-20dc-4ee3-807b-9b0444688c21","Fratercula arctica",2020
"HumanObservation",2018,66.041025,-17.359182,"2018-07-19T10:27:00+00:00",NA,"Fratercula arctica","b68fd92b-b0ac-464f-8c75-5aab8feae34b","Fratercula arctica",2010
"HumanObservation",2024,62.2967780388,-6.8034311585,"2024-06-05T11:35:00+01:00",NA,"Fratercula arctica","b694caec-7ba2-4f8d-a23b-59f07f7b8c5a","Fratercula arctica",2020
"HumanObservation",2022,68.0876296501,14.0847498071,"2022-09-23T14:44:00+02:00",NA,"Rissa tridactyla","b6984031-4900-4bd5-890c-594b55e16a5f","Rissa tridactyla",2020
"HumanObservation",2024,63.4034633333,-20.2871616667,"2024-07-07T21:16:21+00:00",NA,"Fratercula arctica","b69a94a6-4b3e-472a-b9f1-f8364d696c62","Fratercula arctica",2020
"HumanObservation",2020,61.3956,-19.9646,"2020-08-25",NA,"Rissa tridactyla","b69ca1e9-6d51-4a44-bff2-8e303ba3f1b0","Rissa tridactyla",2020
"HumanObservation",2019,78.2094626024,21.0690656304,"2019-07-19T10:03:00+02:00",NA,"Rissa tridactyla","b6a0f9dc-74b2-4603-8596-338fa080e7a7","Rissa tridactyla",2010
"HumanObservation",2024,78.3494866667,15.8022516667,"2024-09-03T10:02:00+02:00",NA,"Fratercula arctica","b6aad0d8-7a30-464d-a937-3bc281f66f6e","Fratercula arctica",2020
"HumanObservation",2019,65.2963466667,-13.691675,"2019-06-12T10:54:08+02:00",NA,"Rissa tridactyla","b6b5e4fa-e3d0-4a72-badb-77d6dac7500a","Rissa tridactyla",2010
"HumanObservation",2024,70.8956902572,25.2874420772,"2024-08-09T07:16:00+02:00",NA,"Fratercula arctica","b6b8b341-434b-4ae9-b646-4b1e587fd638","Fratercula arctica",2020
"HumanObservation",2023,78.2427157705,15.5155651021,"2023-05-30T13:50:00+02:00",NA,"Rissa tridactyla","b6bea37f-a934-401e-bec2-535ccd1fbf6f","Rissa tridactyla",2020
"HumanObservation",2022,64.7672285,-23.616592,"2022-07-11T15:46:00+00:00",NA,"Rissa tridactyla","b6c3fbdd-9fc1-4056-a33a-4460d6c05fd8","Rissa tridactyla",2020
"HumanObservation",2019,58.7970514518,-3.013008245,"2019-06-26T05:55:00-07:00",NA,"Rissa tridactyla","b6d60cbb-38d0-4621-bd68-df524b0dd61a","Rissa tridactyla",2010
"HumanObservation",2022,63.4046966667,-19.1018721667,"2022-08-17T16:27:41+00:00",NA,"Fratercula arctica","b6e74697-7ff0-48c1-b0c6-a779975fd13c","Fratercula arctica",2020
"HumanObservation",2023,66.1,-17.5,"2023-07-02T14:45:14","1","Balaenoptera musculus","b70334c0-2a61-4e98-8f8e-75c3d9bf6d3c","Balaenoptera musculus",2020
"HumanObservation",2023,70.2948295279,31.1015927322,"2023-06-23T16:32:00+02:00",NA,"Fratercula arctica","b70a2758-ff03-40ad-bd2b-8d5a3ca586a9","Fratercula arctica",2020
"HumanObservation",2024,65.0724312,-22.7333553,"2024-06-13T12:30:00+00:00",NA,"Rissa tridactyla","b713e4d5-9bf8-4965-b093-cba9896088cf","Rissa tridactyla",2020
"HumanObservation",2024,64.8831231828,-23.9877075312,"2024-09-29T18:24:00+00:00",NA,"Rissa tridactyla","b72bc906-dda4-4095-bbe2-b5bc1cefd522","Rissa tridactyla",2020
"HumanObservation",2020,63.4049231779,-19.1017968271,"2020-08-16T15:14:23Z",NA,"Fratercula arctica","b730a496-f566-48bc-899e-8cfd0017d253","Fratercula arctica",2020
"HumanObservation",2023,59.3002944444,-2.8651777778,"2023-09-08T13:01:00+01:00",NA,"Fratercula arctica","b73feee8-fedc-4321-a64f-558fec9f2f2f","Fratercula arctica",2020
"HumanObservation",2024,70.074627995,20.9153964451,"2024-11-01T11:33:00+01:00",NA,"Rissa tridactyla","b74d2190-61ec-4637-aff7-12aec51690d9","Rissa tridactyla",2020
"HumanObservation",2023,70.9082234168,25.2333156587,"2023-07-17T09:57:00+02:00",NA,"Fratercula arctica","b760fe47-b8d8-4541-8a84-792a1b603a0a","Fratercula arctica",2020
"HumanObservation",2022,71.0220003701,25.3479567943,"2022-04-22T15:57:00+02:00",NA,"Rissa tridactyla","b791e776-2ab1-4f7d-bceb-6435b4338bd7","Rissa tridactyla",2020
"HumanObservation",2017,80.0036396965,11.7998637677,"2017-06-16T16:46:00+01:00",NA,"Rissa tridactyla","b7b27c2b-c009-4d4c-8765-c2137a46a2fe","Rissa tridactyla",2010
"HumanObservation",2019,66.5520324707,-18.0220775604,"2019-07-03T13:08:19Z",NA,"Fratercula arctica","b7c0bb7a-b735-4c1f-b00a-a157836513f2","Fratercula arctica",2010
"HumanObservation",2017,69.2429234536,15.8196798427,"2017-06-07T15:29:00+02:00",NA,"Fratercula arctica","b7c8f127-b399-466b-a778-3242b89ec8ac","Fratercula arctica",2010
"HumanObservation",2017,65.4225437545,-24.5976446373,"2017-07-29T13:26:20+00:00",NA,"Fratercula arctica","b7d6d160-193e-4f77-ab15-a72999a8cd2c","Fratercula arctica",2010
"HumanObservation",2023,64.7353973,-23.775135,"2023-07-07T09:34:00+00:00",NA,"Rissa tridactyla","b7ea6b0f-1f14-47cb-9ed4-ab6bc8e733c4","Rissa tridactyla",2020
"HumanObservation",2024,67.8622196751,12.8314315366,"2024-06-29T12:10:08+02:00",NA,"Rissa tridactyla","b804338a-4fd8-4d5d-9862-d5e7851794f2","Rissa tridactyla",2020
"HumanObservation",2019,57.5938513835,9.9678460881,"2019-05-25T23:17:00+02:00",NA,"Rissa tridactyla","b826002f-1c49-4708-aa75-f59b6fb44971","Rissa tridactyla",2010
"HumanObservation",2021,58.8665396163,-3.3779846162,"2021-12-17T13:10:07+00:00",NA,"Fratercula arctica","b82663f3-5499-41e7-b454-83361d5be9bc","Fratercula arctica",2020
"HumanObservation",2022,66.554968618,-18.0048222188,"2022-07-11T08:27:00+00:00",NA,"Rissa tridactyla","b82ff8d5-f78d-4b61-8efe-5210fa6d36ae","Rissa tridactyla",2020
"HumanObservation",2022,70.2024072255,31.0773392315,"2022-07-19T12:47:00+02:00",NA,"Fratercula arctica","b83c5a38-1ad1-45d5-b03c-1a4f0cd1337a","Fratercula arctica",2020
"HumanObservation",2021,65.5422073167,-13.754723825,"2021-07-28T12:57:16+02:00",NA,"Fratercula arctica","b83e2d37-64a5-4fb4-b6e4-4909a737abaf","Fratercula arctica",2020
"HumanObservation",2019,63.40422,-19.1032166667,"2019-08-04",NA,"Fratercula arctica","b85f4b1d-ca7d-43d8-9ea5-67a5d2520c42","Fratercula arctica",2010
"HumanObservation",2022,62.3270826261,-6.9417965309,"2022-07-15T14:08:00+01:00",NA,"Fratercula arctica","b8626b4c-2369-4282-9896-83d64eda4994","Fratercula arctica",2020
"HumanObservation",2024,65.0333660694,-12.7485692473,"2024-06-06T12:39:00-01:00",NA,"Fratercula arctica","b8668b5d-2f03-47f3-b457-2e9d495c1a72","Fratercula arctica",2020
"HumanObservation",2017,80.541155,12.338776,"2017-07-17","1","Balaenoptera musculus","b86942e1-989e-49da-834c-932408c40a78","Balaenoptera musculus",2010
"HumanObservation",2023,58.6403833333,-3.0270221667,"2023-07-05T20:39:14+01:00",NA,"Fratercula arctica","b86ffc0a-cc0a-46f4-8e0b-f68b4c04cbb3","Fratercula arctica",2020
"HumanObservation",2019,78.564,13.2092166667,"2019-07-04T06:28:00-10:00",NA,"Rissa tridactyla","b8a212b1-785a-4045-bc77-868329fab439","Rissa tridactyla",2010
"HumanObservation",2023,76.7811,13.6621,"2023-09-26T16:30:00+01:00",NA,"Rissa tridactyla","b8c3fa65-fc54-4e7b-b236-09009c31b474","Rissa tridactyla",2020
"HumanObservation",2018,60.3009069201,-1.6833496237,"2018-07-02T18:32:40+10:00",NA,"Rissa tridactyla","b8cb361c-cd84-4b8e-84ae-dc40b2a751f6","Rissa tridactyla",2010
"HumanObservation",2024,78.651667,9.488333,"2024-06-20T21:59:46","1","Balaenoptera musculus","b8de617b-ba6f-4120-912a-1e8abbc2a8bc","Balaenoptera musculus",2020
"HumanObservation",2024,65.5025723,-24.5316982,"2024-07-06T18:46:00+00:00",NA,"Fratercula arctica","b8e73cd5-4ad7-4606-9cef-b08972a01ddd","Fratercula arctica",2020
"HumanObservation",2017,58.383425,-5.2069888889,"2017-07-22T13:44:00+01:00",NA,"Fratercula arctica","b8f4a56f-0037-4bed-9690-5d2953b535e4","Fratercula arctica",2010
"HumanObservation",2022,58.6004615802,-4.7800554732,"2022-06-03T11:09:44+01:00",NA,"Fratercula arctica","b90528d6-bf62-4053-8750-c4e8ef0feedb","Fratercula arctica",2020
"HumanObservation",2023,66.5553767193,-18.0123174083,"2023-07-22T13:28:45+00:00",NA,"Fratercula arctica","b905ab79-b64a-49ff-ad0e-a099134951a9","Fratercula arctica",2020
"HumanObservation",2017,78.133099,13.590946,"2017-06-25","1","Balaenoptera musculus","b90a3bfc-c098-452b-86a9-9eae9059d063","Balaenoptera musculus",2010
"HumanObservation",2019,64.8638492717,-23.9988228898,"2019-08-25T16:23:00+02:00",NA,"Rissa tridactyla","b920a3fd-29c5-4e9f-8566-8a30f9dc1084","Rissa tridactyla",2010
"HumanObservation",2018,65.4998779043,-24.524960491,"2018-06-05T00:11:00+02:00",NA,"Rissa tridactyla","b92f96b8-1191-4031-9d2c-0ad569aaf4a5","Rissa tridactyla",2010
"HumanObservation",2022,70.3882511526,31.0787718361,"2022-07-19",NA,"Fratercula arctica","b95267b6-dfb2-466a-9af5-fd3eba7a8729","Fratercula arctica",2020
"HumanObservation",2018,66.5516212647,-18.016620052,"2018-06-27T16:14:00+02:00",NA,"Fratercula arctica","b9567a1e-e8a1-44d8-a74d-032bf3a19138","Fratercula arctica",2010
"HumanObservation",2022,63.4160568207,-19.1374888328,"2022-07-09T17:51:44+00:00",NA,"Fratercula arctica","b974b6df-a1a3-4e63-9c34-12b59f723ce6","Fratercula arctica",2020
"HumanObservation",2024,66.4837305255,-17.4149786841,"2024-05-25T18:41:00+00:00",NA,"Fratercula arctica","b9762a01-0b2f-4dc4-b723-46f14b58ff7f","Fratercula arctica",2020
"HumanObservation",2024,62.390496523,5.7303235913,"2024-04-20T21:42:00+02:00",NA,"Fratercula arctica","b979e9e4-ded4-4472-8a63-2e79429ca075","Fratercula arctica",2020
"HumanObservation",2018,59.35325,-6.21995,"2018-08-11T00:00:00",NA,"Balaenoptera physalus","b97ce121-34a0-4b09-b34d-3f10df21237e","Balaenoptera physalus",2010
"HumanObservation",2023,71.1748882845,25.3291994181,"2023-06-21T10:52:00+02:00",NA,"Rissa tridactyla","b992e301-c9d7-4d8a-b7b7-9b94fbf1a2b9","Rissa tridactyla",2020
"HumanObservation",2024,75.2245629112,-0.2079122735,"2024-07-24T11:42:35+00:00",NA,"Rissa tridactyla","b9bfb751-f3b2-4544-8a61-f4a76f64173c","Rissa tridactyla",2020
"HumanObservation",2024,65.5008111111,-24.528,"2024-07-20T20:54:12+00:00",NA,"Fratercula arctica","b9bfcb09-0f62-4028-a24d-ad40852c7866","Fratercula arctica",2020
"HumanObservation",2024,79.8213369255,11.9882047562,"2024-07-16T03:50:00+02:00",NA,"Fratercula arctica","b9d0ce67-5540-47ad-8441-5af57a5e9af8","Fratercula arctica",2020
"HumanObservation",2024,63.40423,-19.1032,"2024-08-17T17:49:04+00:00",NA,"Fratercula arctica","b9d82cbd-9cd7-4185-8e71-7e45a53891ac","Fratercula arctica",2020
"HumanObservation",2022,70.330053468,31.0890280284,"2022-04-15T11:48:00+02:00",NA,"Fratercula arctica","b9dc643b-20cc-4ae4-9e9a-12ad62d05095","Fratercula arctica",2020
"HumanObservation",2022,63.403295,-20.284029,"2022-07-04T16:51:00+00:00",NA,"Fratercula arctica","b9ffe263-335c-46e2-baa2-1ea2e3727c79","Fratercula arctica",2020
"HumanObservation",2019,67.9931452,13.6397069,"2019-08-08T19:24:00+02:00",NA,"Rissa tridactyla","ba0a18cf-bd93-4596-8df7-c47ca1c6f8fa","Rissa tridactyla",2010
"HumanObservation",2023,66.5362296267,-18.007680346,"2023-07-20T13:48:00+00:00",NA,"Fratercula arctica","ba169249-5cad-4775-9f6e-a4804e51e97b","Fratercula arctica",2020
"HumanObservation",2023,79.06,11.67,"2023-07-08T19:22:58","1","Balaenoptera musculus","ba368fa4-5f76-4dd4-8665-26b7fa13bc94","Balaenoptera musculus",2020
"HumanObservation",2023,70.3417097356,31.0631122675,"2023-06-23T16:35:00+02:00",NA,"Fratercula arctica","ba381a95-f69d-4f3a-a5bf-f8aaed58fffd","Fratercula arctica",2020
"HumanObservation",2018,70.3553918446,31.0548712464,"2018-06-03T10:59:00+10:00",NA,"Fratercula arctica","ba635e9a-eda3-4a6a-a62b-465e7fc2fc08","Fratercula arctica",2010
"HumanObservation",2018,80.6678958695,24.9974138058,"2018-07-19T16:17:00Z",NA,"Rissa tridactyla","ba74f8ad-d11c-460b-904d-d90160cb68f7","Rissa tridactyla",2010
"HumanObservation",2022,66.5512466667,-18.0248445,"2022-07-17T13:16:15+00:00",NA,"Fratercula arctica","ba8dd621-75fa-45d9-80b7-1a6297eb6e9f","Fratercula arctica",2020
"HumanObservation",2021,58.8664050751,-3.3778193801,"2021-12-17T13:09:17+00:00",NA,"Fratercula arctica","ba9048ad-eb46-4b44-b9d5-66db01e5f789","Fratercula arctica",2020
"HumanObservation",2023,79.0347760042,11.461232254,"2023-06-25T09:35:00+02:00",NA,"Rissa tridactyla","ba90b019-7f7c-4df2-8f82-72651134f57e","Rissa tridactyla",2020
"HumanObservation",2024,69.1728777816,-7.5719451989,"2024-05-31T19:32:00-01:00",NA,"Rissa tridactyla","ba96c9ba-4aa6-4a2b-a71d-d2f16b36f1df","Rissa tridactyla",2020
"HumanObservation",2019,65.4994101983,-24.5244321115,"2019-07-05T17:02:00+02:00",NA,"Fratercula arctica","ba9b8f5f-6e3b-4aad-9ea6-cab69bf7f69d","Fratercula arctica",2010
"HumanObservation",2019,66.1,-17.5,"2019-06-07T17:28:23","1","Balaenoptera musculus","baae0212-4403-4106-8935-54b2ef9ebd2c","Balaenoptera musculus",2010
"HumanObservation",2023,63.4450266958,-20.2614583281,"2023-07-24T14:25:00+00:00",NA,"Fratercula arctica","bac1e9d7-665c-4e42-a142-de261c025cb9","Fratercula arctica",2020
"HumanObservation",2021,67.9313325307,12.9435737128,"2021-06-28T17:19:25+02:00",NA,"Rissa tridactyla","bad05c7a-74ea-4532-9423-7fd743912a7e","Rissa tridactyla",2020
"HumanObservation",2018,66.3051321864,-17.4967303703,"2018-07-27T19:38:00+00:00",NA,"Fratercula arctica","baef1049-55bd-4206-a67f-d90482f80d7e","Fratercula arctica",2010
"HumanObservation",2020,65.5418228245,-13.7548695552,"2020-08-20T13:46:46Z",NA,"Rissa tridactyla","bb37895f-2800-4844-9a79-bff5c08e05e0","Rissa tridactyla",2020
"HumanObservation",2023,67.9084318396,13.0832486492,"2023-05-27T19:39:00+02:00",NA,"Rissa tridactyla","bb39bd25-6a77-4670-a0fe-0657be1c2fe4","Rissa tridactyla",2020
"HumanObservation",2022,64.764334,-23.624758,"2022-07-11T15:22:00+00:00",NA,"Rissa tridactyla","bb39dfad-6b96-4cca-8012-9de5be2b4e65","Rissa tridactyla",2020
"HumanObservation",2017,64.71495,-19.028362,"2017-07-21T22:00:00+00:00",NA,"Rissa tridactyla","bb45b00d-f80f-413a-9266-8f46000cc836","Rissa tridactyla",2010
"HumanObservation",2022,70.107694254,30.1710815071,"2022-07-20T13:06:00+02:00",NA,"Rissa tridactyla","bb4b3de5-b2bc-496a-899a-3b8d3dee82ba","Rissa tridactyla",2020
"HumanObservation",2024,63.402505,-19.0405633333,"2024-08-12T15:31:17+00:00",NA,"Fratercula arctica","bb4b9506-67fe-4eef-a3e2-a836578a897d","Fratercula arctica",2020
"HumanObservation",2023,77.0499055,15.9009616667,"2023-07-13T12:54:56+02:00",NA,"Fratercula arctica","bb632046-f34d-44a9-b144-9d4e03278dd7","Fratercula arctica",2020
"HumanObservation",2019,63.4138551582,-19.0147804777,"2019-06-30T17:39:00+00:00",NA,"Fratercula arctica","bb6a60f1-196e-41f8-b6fd-43172157e0d1","Fratercula arctica",2010
"HumanObservation",2022,70.2624057394,31.128244527,"2022-07-19T12:49:00+02:00",NA,"Fratercula arctica","bb7b2e64-eaec-4cb2-9a4d-edac078ce7e0","Fratercula arctica",2020
"HumanObservation",2024,62.1017515855,-7.647758089,"2024-06-10T14:40:48+01:00",NA,"Rissa tridactyla","bb7e3101-4637-4cf1-8737-db41ed3849d3","Rissa tridactyla",2020
"HumanObservation",2023,70.0295581982,30.1456191434,"2023-06-28T15:18:00+02:00",NA,"Rissa tridactyla","bba637e2-35d3-4571-9687-46cb239b5a69","Rissa tridactyla",2020
"HumanObservation",2022,63.427717,-20.2673821,"2022-05-24T00:28:00+00:00",NA,"Fratercula arctica","bbab0263-f571-4907-9276-c9411e09ac50","Fratercula arctica",2020
"HumanObservation",2018,65.5024716667,-24.5314716667,"2018-08-03T19:32:15+00:00",NA,"Fratercula arctica","bbda3df7-d4d6-4c59-b083-1813565d5f8b","Fratercula arctica",2010
"HumanObservation",2017,64.71495,-19.028362,"2017-07-15T22:00:00+00:00",NA,"Fratercula arctica","bbe44f1d-fc52-49f4-807f-f9b8453b52ee","Fratercula arctica",2010
"HumanObservation",2023,70.3301153124,31.020435113,"2023-06-23T16:22:00+02:00",NA,"Fratercula arctica","bbe7d090-12c7-425b-a467-06e579208434","Fratercula arctica",2020
"HumanObservation",2024,65.50083,-24.5280883333,"2024-07-16T01:19:15+00:00",NA,"Fratercula arctica","bbf68514-73c7-4509-b110-b648f7761e3b","Fratercula arctica",2020
"HumanObservation",2021,63.4042133333,-19.1032471667,"2021-08-19T11:34:44-04:00",NA,"Fratercula arctica","bc005796-ba52-4f04-a98d-b43eda83b677","Fratercula arctica",2020
"HumanObservation",2022,64.1753255623,-21.9545187288,"2022-07-29T16:18:00+00:00",NA,"Fratercula arctica","bc1213bb-34ca-4461-afe3-541ca7df0f53","Fratercula arctica",2020
"HumanObservation",2021,66.1114268955,-17.3647564158,"2021-08-06T13:26:52Z",NA,"Fratercula arctica","bc1fa7a8-12fb-47e9-b9f4-09ef9b3d4427","Fratercula arctica",2020
"HumanObservation",2023,79.5775533469,10.8630509679,"2023-06-26T12:35:00+02:00",NA,"Rissa tridactyla","bc25ec3c-0688-4ba8-b9ec-e2dde20d83ec","Rissa tridactyla",2020
"HumanObservation",2023,70.3477924661,31.1343946017,"2023-06-23T17:25:00+02:00",NA,"Rissa tridactyla","bc2e194d-c3a3-4ca3-a25d-4ed421ccb8c8","Rissa tridactyla",2020
"HumanObservation",2024,66.0407700499,-17.782038174,"2024-07-13T20:33:27+00:00",NA,"Rissa tridactyla","bc31774c-6085-46e5-a766-fa2052bd8f3b","Rissa tridactyla",2020
"HumanObservation",2022,62.1044422486,-7.6548193618,"2022-06-02T10:08:43+01:00",NA,"Fratercula arctica","bc40f8d7-9301-4771-938f-0dca09dff27d","Fratercula arctica",2020
"HumanObservation",2022,63.4027116667,-19.0420888333,"2022-08-17T17:22:49+00:00",NA,"Rissa tridactyla","bc53c036-bbcf-44fb-8264-38b232179a97","Rissa tridactyla",2020
"HumanObservation",2024,58.6712038,-3.3766034,"2024-06-19T00:24:00+01:00",NA,"Fratercula arctica","bc543155-7979-4582-b860-f37851dee61e","Fratercula arctica",2020
"HumanObservation",2024,67.3070829899,-17.8793706095,"2024-07-14T10:55:27-01:00",NA,"Rissa tridactyla","bc5ad9d7-f001-4e9e-8530-486df226ede3","Rissa tridactyla",2020
"HumanObservation",2023,77.5527099223,15.0464874701,"2023-06-30T17:02:00+02:00",NA,"Rissa tridactyla","bc6a67f4-86a0-4095-b73d-02768d851dea","Rissa tridactyla",2020
"HumanObservation",2020,64.227815131,-21.9181717572,"2020-08-04T11:20:35+03:00",NA,"Fratercula arctica","bc760d5e-4278-4d9c-8913-74337804e7c6","Fratercula arctica",2020
"HumanObservation",2018,65.5001757063,-24.5270282111,"2018-06-01T20:33:00+02:00",NA,"Fratercula arctica","bc8607c7-93ce-45c3-bcfa-b9460d3383b2","Fratercula arctica",2010
"HumanObservation",2023,78.893692349,10.481501971,"2023-06-29T11:32:00+02:00",NA,"Rissa tridactyla","bc8db1e9-3361-4810-8583-833a20eb5cb9","Rissa tridactyla",2020
"HumanObservation",2017,64.71495,-19.028362,"2017-07-15T22:00:00+00:00",NA,"Fratercula arctica","bcb9bc43-9352-4a87-9866-183a62078add","Fratercula arctica",2010
"HumanObservation",2017,65.6053579335,-20.636762475,"2017-07-24T14:50:00+00:00",NA,"Rissa tridactyla","bcc04de4-b290-458c-a1cf-70a87fe4c120","Rissa tridactyla",2010
"HumanObservation",2022,65.126699,-24.575901,"2022-04-18T17:55:16","1","Physeter macrocephalus","bcd08cd3-e90f-410a-ba60-3388c0f5a19c","Physeter macrocephalus",2020
"HumanObservation",2022,70.2987371698,31.0693518523,"2022-07-19T10:35:00+02:00",NA,"Fratercula arctica","bcee997e-552d-4376-a743-c878b45e6698","Fratercula arctica",2020
"HumanObservation",2024,63.404025,-20.2865383333,"2024-08-30T15:59:18+00:00",NA,"Fratercula arctica","bcfd13f1-06c6-41ac-8738-3759e443cabf","Fratercula arctica",2020
"HumanObservation",2022,66.163156,-17.840715,"2022-07-13T17:41:00+00:00",NA,"Fratercula arctica","bd12be52-a0b6-428b-b34f-aa45bec8c27e","Fratercula arctica",2020
"HumanObservation",2023,70.3319114102,31.1344863754,"2023-03-25T12:54:00+01:00",NA,"Rissa tridactyla","bd1cec81-2310-449b-afc6-edb4cc245655","Rissa tridactyla",2020
"HumanObservation",2024,61.7833726844,-6.8505749685,"2024-07-25T12:47:00+01:00",NA,"Rissa tridactyla","bd2b1b1d-5142-45e0-b89f-54ec3cda7e89","Rissa tridactyla",2020
"HumanObservation",2017,64.71495,-19.028362,"2017-07-14T22:00:00+00:00",NA,"Rissa tridactyla","bd41a8ca-fa48-4025-a0c0-9984b63944b1","Rissa tridactyla",2010
"HumanObservation",2024,69.6080880642,17.8878841571,"2024-08-17T17:50:24+02:00",NA,"Rissa tridactyla","bd4cd569-c7a1-4b4b-a766-bfc20a21f0dd","Rissa tridactyla",2020
"HumanObservation",2018,64.333612425,-22.484378265,"2018-07-26",NA,"Fratercula arctica","bd4ece13-2147-4903-b64b-87ac661fde44","Fratercula arctica",2010
"HumanObservation",2019,65.3785854606,-22.944663892,"2019-07-05T10:56:00+02:00",NA,"Rissa tridactyla","bd50b24b-abe0-48b6-8718-1d66b90dd0a0","Rissa tridactyla",2010
"HumanObservation",2022,66.0528138945,-22.8298069813,"2022-07-16T21:32:00+00:00",NA,"Fratercula arctica","bd567394-c7b7-43f0-8136-d8c28acde37f","Fratercula arctica",2020
"HumanObservation",2024,80.82126,20.37433,"2024-07-17T05:23:00+02:00",NA,"Rissa tridactyla","bd59f1b4-6c9f-4909-9bdd-8acbe9194a82","Rissa tridactyla",2020
"HumanObservation",2024,78.2166428,15.6359144,"2024-07-28T17:21:49+02:00",NA,"Fratercula arctica","bd5ef102-2d15-4874-a83c-d9d52436e7ff","Fratercula arctica",2020
"HumanObservation",2022,64.7648083333,-23.6259527778,"2022-07-11T15:19:57+00:00",NA,"Rissa tridactyla","bd825b31-8196-45ca-ae96-96ca009293c3","Rissa tridactyla",2020
"HumanObservation",2024,66.05474255,-22.8301941,"2024-07-23T15:19:22+00:00",NA,"Fratercula arctica","bd8bff19-7910-4dc6-a785-a2980501741d","Fratercula arctica",2020
"HumanObservation",2023,57.1224416667,8.6024383333,"2023-01-19T12:56:24+01:00",NA,"Rissa tridactyla","bd905298-7633-4975-9f57-479e06a9233a","Rissa tridactyla",2020
"HumanObservation",2017,64.71495,-19.028362,"2017-07-14T22:00:00+00:00",NA,"Rissa tridactyla","bd98652c-2ef3-466a-bf7b-c6d6b1f006c5","Rissa tridactyla",2010
"HumanObservation",2017,76.494302,18.932901,"2017-08-25T01:16:37","1","Balaenoptera physalus","bdadba55-30b9-42ee-bac5-1d50f5554e27","Balaenoptera physalus",2010
"HumanObservation",2022,63.404175,-19.103244,"2022-07-09T17:43:00+00:00",NA,"Fratercula arctica","bdb2cda2-dfae-470a-9d7a-32bab461c616","Fratercula arctica",2020
"HumanObservation",2022,65.4959759211,-24.5010998642,"2022-09-11T14:45:00+00:00",NA,"Rissa tridactyla","bdd03cc8-23d6-43ca-8c10-26ca14bc4d02","Rissa tridactyla",2020
"HumanObservation",2021,77.42603,19.34864,"2021-08-16","1","Balaenoptera physalus","be16cdca-bc7b-4ca4-a2bc-077d38831f9b","Balaenoptera physalus",2020
"HumanObservation",2019,62.4722472574,6.1862003329,"2019-07-10T12:33:17+02:00",NA,"Rissa tridactyla","be1aa93c-2c62-4ada-b30e-35c0bbee38b5","Rissa tridactyla",2010
"HumanObservation",2021,64.0703228233,-22.6504439617,"2021-07-02T13:28:00+02:00",NA,"Rissa tridactyla","be2ddf77-bf83-463e-a44a-2c3d9ad8309d","Rissa tridactyla",2020
"HumanObservation",2023,65.3003604929,-22.9950655997,"2023-06-28T07:46:00+00:00",NA,"Fratercula arctica","be3196d7-e242-403a-baa5-f19dc9e7de3e","Fratercula arctica",2020
"HumanObservation",2024,70.2501275895,31.0540032934,"2024-05-22T13:07:00+02:00",NA,"Fratercula arctica","be929594-b7c7-4dcf-ab86-11ebae7844cf","Fratercula arctica",2020
"HumanObservation",2024,79.5622896696,10.5640585398,"2024-08-23T05:55:00+02:00",NA,"Fratercula arctica","be9bb3bb-fa5f-484d-86a6-7549ee78b9b9","Fratercula arctica",2020
"HumanObservation",2019,64.164301,-21.8529023,"2019-06-02T14:22:00+02:00",NA,"Rissa tridactyla","bea4f55e-09fc-4e90-aeae-612edec9ad32","Rissa tridactyla",2010
"HumanObservation",2022,66.1151367272,-17.368617668,"2022-06-01T13:32:00+00:00",NA,"Fratercula arctica","beb65be9-db2d-4f1d-b4ae-25aa8644331f","Fratercula arctica",2020
"HumanObservation",2022,63.403297,-20.284058,"2022-07-04T16:47:00+00:00",NA,"Fratercula arctica","beb73aa1-c010-471e-bfe5-4c7c6648eab0","Fratercula arctica",2020
"HumanObservation",2018,63.4289527778,-20.301625,"2018-07-23T21:37:00+02:00",NA,"Fratercula arctica","bebfdfcb-8e83-43f5-af94-3db8f43e85cb","Fratercula arctica",2010
"HumanObservation",2020,58.3835845832,-5.2048682052,"2020-07-30T12:48:00+01:00",NA,"Fratercula arctica","bec38260-3fb8-4aab-aea7-4541297b5b87","Fratercula arctica",2020
"HumanObservation",2022,63.4043694444,-19.1032916667,"2022-07-12T12:40:07+00:00",NA,"Fratercula arctica","bec76645-ebb8-4c62-8118-286b83f72880","Fratercula arctica",2020
"HumanObservation",2023,79.134795401,11.8119512196,"2023-06-17T16:08:00+02:00",NA,"Fratercula arctica","bed704c4-ea49-4dde-8a14-71d71a4a29f8","Fratercula arctica",2020
"HumanObservation",2022,66.158554,-17.845889,"2022-07-13T18:19:00+00:00",NA,"Fratercula arctica","bed7dd73-e59f-4aaa-9b46-df1179fea602","Fratercula arctica",2020
"HumanObservation",2024,67.5838399354,11.8578880771,"2024-05-27T12:37:19+02:00",NA,"Rissa tridactyla","bee51492-0d5b-47df-b300-b66185e89b44","Rissa tridactyla",2020
"HumanObservation",2018,65.4993423681,-24.5252339588,"2018-05-16T12:27:00-04:00",NA,"Rissa tridactyla","bef19490-3b2c-43e1-ae97-aab3f3e1e68a","Rissa tridactyla",2010
"HumanObservation",2023,63.4391215007,-20.3034081577,"2023-07-24T19:48:00+00:00",NA,"Fratercula arctica","bf04604d-b0bd-4573-8556-0af26d0f5e10","Fratercula arctica",2020
"HumanObservation",2024,63.9080012401,-21.3347595291,"2024-07-28T09:47:49+00:00",NA,"Fratercula arctica","bf15925e-8a37-4165-8ee0-f449d2515030","Fratercula arctica",2020
"HumanObservation",2017,76.7818419894,2.7970904418,"2017-05-29T10:04:00+00:00",NA,"Balaenoptera physalus","bf15f4c7-0749-40e6-b78c-2a19e74e8d27","Balaenoptera physalus",2010
"HumanObservation",2022,70.3105664196,31.1887897658,"2022-06-23T10:40:00+02:00",NA,"Fratercula arctica","bf166843-a913-429c-8fc7-d7d2a66a9555","Fratercula arctica",2020
"HumanObservation",2023,70.3613812877,31.1375465231,"2023-03-24T11:15:00+01:00",NA,"Rissa tridactyla","bf2768dd-f770-4bba-b937-e70b12d9a1c3","Rissa tridactyla",2020
"HumanObservation",2023,63.403222,-19.129782,"2023-08-13T06:33:00+00:00",NA,"Fratercula arctica","bf39a120-1c98-4ecf-b448-a5fd88ad6bfc","Fratercula arctica",2020
"HumanObservation",2023,70.2923153914,31.000209304,"2023-06-23T15:23:00+02:00",NA,"Fratercula arctica","bf42cc88-c727-4a4f-b6fb-95008e846293","Fratercula arctica",2020
"MachineObservation",2020,74.272255,14.371758,"2020-09-12T08:33",NA,"Physeter macrocephalus","bf46a153-785a-42f3-99ae-110f7231195d","Physeter macrocephalus",2020
"HumanObservation",2022,69.5900290922,16.2384204315,"2022-07-17T12:38:00+02:00",NA,"Physeter macrocephalus","bf4b9fab-ea72-465c-b738-5c55ffaac2ed","Physeter macrocephalus",2020
"HumanObservation",2021,66.1123971667,-17.364455,"2021-08-06T13:28:15-04:00",NA,"Fratercula arctica","bf536b77-5230-4a77-a843-5d48d4c404a7","Fratercula arctica",2020
"HumanObservation",2019,63.3998241935,-19.1271972656,"2019-08-03T13:47:00+02:00",NA,"Fratercula arctica","bf5e4c30-77b6-4d39-b689-711c735d2440","Fratercula arctica",2010
"HumanObservation",2024,70.139106,21.152564,"2024-01-23T11:06:26","1","Physeter macrocephalus","bf7fcc50-cb4b-4075-bcf7-5c017c26a61c","Physeter macrocephalus",2020
"HumanObservation",2023,65.5421216667,-13.7548083333,"2023-08-16T10:44:30+00:00",NA,"Fratercula arctica","bf821318-67df-46b2-a581-a58c44f990cb","Fratercula arctica",2020
"HumanObservation",2022,65.5793283333,-24.7458216667,"2022-07-01T17:42:00+00:00",NA,"Rissa tridactyla","bf86882b-39c1-4cc8-bf9f-1581453d1d79","Rissa tridactyla",2020
"HumanObservation",2017,66.5423498,-17.9961161,"2017-06-05T17:51:00+00:00",NA,"Fratercula arctica","bf8965a5-a27f-43ef-b368-48324459f8c9","Fratercula arctica",2010
"HumanObservation",2021,65.2964470533,-13.6919079367,"2021-07-09T16:22:00+02:00",NA,"Rissa tridactyla","bf90aadd-0afb-4d87-881e-31b37a2bc549","Rissa tridactyla",2020
"HumanObservation",2023,70.3791777889,31.0362474343,"2023-06-23T15:11:00+02:00",NA,"Fratercula arctica","bf926f27-8cc1-471f-b423-f43f444b711c","Fratercula arctica",2020
"HumanObservation",2021,66.0046325659,-17.4823440452,"2021-07-15T15:07:00+02:00",NA,"Fratercula arctica","bf92f1f9-32de-4b34-b795-28ea26e12314","Fratercula arctica",2020
"HumanObservation",2023,62.3276186863,-6.9453131215,"2023-06-29T12:10:00+01:00",NA,"Fratercula arctica","bf9b9ec7-b150-4451-8041-0cbed779b7d7","Fratercula arctica",2020
"HumanObservation",2021,59.8547874468,-1.274294399,"2021-05-30T10:52:00+01:00",NA,"Fratercula arctica","bfa78518-58ad-46f4-bfda-ab3e4e213d13","Fratercula arctica",2020
"HumanObservation",2024,69.8108013021,-11.4394123986,"2024-06-09T19:54:00-01:00",NA,"Rissa tridactyla","bfa8237b-ee4c-4c8a-82a0-8d0ee894e20f","Rissa tridactyla",2020
"HumanObservation",2024,59.8679885864,-1.3004207611,"2024-06-03T06:33:00+01:00",NA,"Fratercula arctica","bfaf6a69-45a3-471c-a4b2-f0b833d45285","Fratercula arctica",2020
"HumanObservation",2020,60.6185,-7.9454,"2020-08-24",NA,"Fratercula arctica","bfb4ea6a-d25e-460b-8f3b-ffea7c4dba44","Fratercula arctica",2020
"HumanObservation",2024,80.9777635796,20.3446421826,"2024-07-17T03:48:00+02:00",NA,"Fratercula arctica","bfb5e68b-1e35-4a2f-bad4-f00297dc6768","Fratercula arctica",2020
"HumanObservation",2022,70.7814840983,22.6153305871,"2022-06-05T09:30:00+02:00",NA,"Rissa tridactyla","bfbfe41c-e05c-4af5-913d-ca7a171b400b","Rissa tridactyla",2020
"HumanObservation",2023,70.2013819857,31.0038230225,"2023-06-23T16:42:00+02:00",NA,"Fratercula arctica","bfc576e6-310d-40d5-aea7-332112a90fb3","Fratercula arctica",2020
"HumanObservation",2023,70.2507382978,31.1888365526,"2023-06-23T16:13:00+02:00",NA,"Fratercula arctica","bfe9ac01-610c-459e-9b5c-2e31d9fa4c14","Fratercula arctica",2020
"HumanObservation",2024,78.5709538219,10.6427126834,"2024-08-21T10:49:00+02:00",NA,"Fratercula arctica","c01ada30-d58a-4ec2-8d68-3725651ffadf","Fratercula arctica",2020
"HumanObservation",2024,63.4885844056,-20.1980112242,"2024-07-24T19:32:00+00:00",NA,"Fratercula arctica","c03314fc-869f-42f9-8d48-05baa8fd05d6","Fratercula arctica",2020
"HumanObservation",2024,66.0808230076,-17.4417066101,"2024-06-07T20:14:00+00:00",NA,"Fratercula arctica","c038ec18-7470-444a-a5e1-b399addf2354","Fratercula arctica",2020
"HumanObservation",2017,62.104024254,-7.6541344927,"2017-07-14T11:20:00+02:00",NA,"Fratercula arctica","c059d7c1-b2ef-44b6-97f3-829e70b1b446","Fratercula arctica",2010
"HumanObservation",2023,78.6877555069,14.6578977068,"2023-06-15T09:20:00+02:00",NA,"Fratercula arctica","c065abda-447c-4aa1-a94a-5efa7f444d49","Fratercula arctica",2020
"HumanObservation",2018,63.4572028739,-19.1042360369,"2018-07-24T16:59:00+00:00",NA,"Fratercula arctica","c06ebfe3-4618-4415-a7a7-4bc70cea8150","Fratercula arctica",2010
"HumanObservation",2024,79.5788265347,18.5135672339,"2024-07-20T09:27:00+02:00",NA,"Rissa tridactyla","c0713435-e883-4bf5-8f83-f0f6e477185c","Rissa tridactyla",2020
"HumanObservation",2018,65.5424319034,-13.7559097311,"2018-08-05T14:40:00-04:00",NA,"Fratercula arctica","c0790ad2-e7ed-4063-b80e-66a5da1e52f1","Fratercula arctica",2010
"HumanObservation",2019,59.288846819,5.1835252267,"2019-10-06T15:20:04+02:00",NA,"Fratercula arctica","c082a943-6c91-4e33-8cd5-c87032ee885e","Fratercula arctica",2010
"HumanObservation",2022,64.2331239673,-22.0860533203,"2022-07-19T18:25:16+00:00",NA,"Fratercula arctica","c098a74b-18a3-4b1c-ba10-cadad2f20fc9","Fratercula arctica",2020
"HumanObservation",2023,64.0498063399,-16.169939297,"2023-07-22T13:45:00+00:00",NA,"Rissa tridactyla","c09df502-a044-4fb7-adb8-94af3b1f4b66","Rissa tridactyla",2020
"HumanObservation",2022,63.452604,-20.2338765,"2022-07-04T13:50:00+00:00",NA,"Rissa tridactyla","c0a07eb0-a68a-4d5b-84aa-f9bba8142814","Rissa tridactyla",2020
"HumanObservation",2020,68.1709463275,13.3731068106,"2020-08-15T10:33:20+02:00",NA,"Rissa tridactyla","c0a90787-9f1c-4da3-a599-48e1bdba6a64","Rissa tridactyla",2020
"HumanObservation",2017,73.970067,-12.548833,"2017-08-27T07:56:15","1","Balaenoptera physalus","c0b797f1-db4d-42ad-9ed1-242b47c7fe57","Balaenoptera physalus",2010
"HumanObservation",2024,65.4969657,-24.5162344997,"2024-07-04T06:09:28+00:00",NA,"Fratercula arctica","c0b81232-aed3-4c3a-854e-eed9beaba2a1","Fratercula arctica",2020
"HumanObservation",2022,67.968624487,13.3896919578,"2022-02-13T14:07:00+01:00",NA,"Rissa tridactyla","c0dd476b-0ab4-48f4-88ba-ca5348929e37","Rissa tridactyla",2020
"HumanObservation",2023,70.2993462253,31.0002183978,"2023-06-23T16:42:00+02:00",NA,"Fratercula arctica","c0e2de14-9125-450b-9af6-33db105d6483","Fratercula arctica",2020
"HumanObservation",2023,63.4035383333,-19.1300166667,"2023-08-03T11:38:49+00:00",NA,"Fratercula arctica","c0f4180c-a3a9-4d8b-9335-07717bdf9fa0","Fratercula arctica",2020
"HumanObservation",2024,70.3761602193,31.0304760114,"2024-08-08T16:59:00+02:00",NA,"Rissa tridactyla","c0f847b7-f7c3-470d-869d-db84a33dabce","Rissa tridactyla",2020
"HumanObservation",2024,67.6063992831,-23.5671213902,"2024-08-12T13:38:51-02:00",NA,"Rissa tridactyla","c10e0b1f-a172-431a-82df-b7b2042f9012","Rissa tridactyla",2020
"HumanObservation",2022,66.15898,-17.847446,"2022-07-13T17:06:00+00:00",NA,"Fratercula arctica","c12aa6cd-a1d4-42d7-a317-b829f6037179","Fratercula arctica",2020
"HumanObservation",2022,65.500175,-24.5266416667,"2022-06-02T14:56:00+00:00",NA,"Rissa tridactyla","c14afec2-12f6-45f1-8251-dbafe17b581a","Rissa tridactyla",2020
"HumanObservation",2022,70.2649587962,31.0672275106,"2022-07-02T17:32:00+02:00",NA,"Rissa tridactyla","c1562800-d18f-4022-9106-b2e11e72303a","Rissa tridactyla",2020
"HumanObservation",2024,70.2928102088,31.0114031787,"2024-04-08T16:48:00+02:00",NA,"Rissa tridactyla","c15bf5fa-399a-4433-b5dd-81a1ee275f9d","Rissa tridactyla",2020
"HumanObservation",2023,70.2521475021,31.0299230484,"2023-06-23T17:39:00+02:00",NA,"Rissa tridactyla","c15d7792-b0a5-431f-9b81-edbad52d5a6c","Rissa tridactyla",2020
"HumanObservation",2018,66.2380218158,-17.5318869028,"2018-07-27T19:43:00+00:00",NA,"Fratercula arctica","c1715bd8-b060-4f91-b021-1eb0da458ac5","Fratercula arctica",2010
"HumanObservation",2024,70.7238067712,29.7859000578,"2024-06-04T06:39:00+02:00",NA,"Rissa tridactyla","c1818934-737f-45bf-b211-174c3b9abb90","Rissa tridactyla",2020
"HumanObservation",2023,68.7756995491,14.4619300776,"2023-05-08T13:12:00+02:00",NA,"Rissa tridactyla","c18432e1-b1b1-4694-9ed1-513a7675d139","Rissa tridactyla",2020
"HumanObservation",2023,70.284635983,31.1486576624,"2023-06-23T14:54:00+02:00",NA,"Rissa tridactyla","c188bcb2-e80f-40e5-88e3-fa23dcdf7732","Rissa tridactyla",2020
"HumanObservation",2018,66.262427128,-17.4178043766,"2018-07-27T19:35:00+00:00",NA,"Fratercula arctica","c18fe301-768d-496f-9f88-f6753afa5068","Fratercula arctica",2010
"HumanObservation",2024,64.866387,-24.040446,"2024-06-04T07:55:00+00:00",NA,"Rissa tridactyla","c1a21ecf-f484-41ae-b71a-6a9604cb248e","Rissa tridactyla",2020
"HumanObservation",2023,70.2083845884,31.0974176766,"2023-06-23T16:48:00+02:00",NA,"Rissa tridactyla","c1ab7c41-6eb1-4ee8-8fce-bce300334ead","Rissa tridactyla",2020
"HumanObservation",2024,78.292349,14.913861,"2024-08-11T23:07:29","1","Balaenoptera musculus","c1ba62cd-bce1-4410-b8d4-35ab3147f7b4","Balaenoptera musculus",2020
"HumanObservation",2022,63.402397635,-19.131738855,"2022-06-26T08:10:00+00:00",NA,"Fratercula arctica","c1bfd697-eb2a-49b7-9a84-d0c8df5db558","Fratercula arctica",2020
"HumanObservation",2024,64.9145811226,11.2659776284,"2024-03-20T12:30:00+01:00",NA,"Rissa tridactyla","c1dde8b2-7d10-4c14-9612-4e14524236bd","Rissa tridactyla",2020
"HumanObservation",2022,65.5423133333,-13.7549583333,"2022-06-14T15:10:57+00:00",NA,"Fratercula arctica","c1e13f2f-4f0c-4375-921e-f51c75ae9561","Fratercula arctica",2020
"HumanObservation",2017,77,15.85,"2017-07-10T06:32:22","1","Balaenoptera musculus","c1e62642-85ba-4633-850d-5e11efb65180","Balaenoptera musculus",2010
"HumanObservation",2024,79.9579913105,11.6719382306,"2024-07-26T21:58:00+02:00",NA,"Fratercula arctica","c2071759-e151-4b19-99ea-20988488f1a3","Fratercula arctica",2020
"HumanObservation",2020,60.9569,-11.3871,"2020-08-24",NA,"Fratercula arctica","c21018d3-1576-4f2e-a3e3-7a3877d62dfd","Fratercula arctica",2020
"HumanObservation",2024,64.7663764639,-23.6239577613,"2024-08-05T21:09:00+00:00",NA,"Rissa tridactyla","c2233c78-a861-4d9b-a141-064634a67495","Rissa tridactyla",2020
"HumanObservation",2024,63.4029777778,-19.042675,"2024-08-09T20:21:09+00:00",NA,"Fratercula arctica","c258caea-9fb1-49d5-985a-5b5646be5530","Fratercula arctica",2020
"HumanObservation",2022,63.3989378601,-19.1280706486,"2022-08-13T02:46:00+00:00",NA,"Fratercula arctica","c25df068-7d49-4949-8b5f-ab8e371da00f","Fratercula arctica",2020
"HumanObservation",2022,65.4987160945,-24.5210450955,"2022-06-02T14:16:00+00:00",NA,"Rissa tridactyla","c2660dbb-2a5a-43b0-a8e4-7ff5328952f3","Rissa tridactyla",2020
"HumanObservation",2018,67.4499543488,13.5468563328,"2018-05-10T12:52:00-05:00",NA,"Physeter macrocephalus","c285326e-52d1-4aa0-9d0f-fab856f00ad1","Physeter macrocephalus",2010
"HumanObservation",2023,58.5886869444,-4.7583208333,"2023-06-20T10:14:36+01:00",NA,"Fratercula arctica","c28f5501-4adf-4484-82d0-5ed71ad6af21","Fratercula arctica",2020
"HumanObservation",2024,78.5502445841,14.3100124428,"2024-07-15T16:27:00+02:00",NA,"Rissa tridactyla","c28f5934-e53d-465c-9e30-cb246d8f8d0b","Rissa tridactyla",2020
"HumanObservation",2024,71.0187083135,25.5633111236,"2024-08-04T19:25:00+02:00",NA,"Fratercula arctica","c296e660-2c06-431c-abe2-44c0987cb7a0","Fratercula arctica",2020
"HumanObservation",2022,70.321133443,31.0613857597,"2022-04-13T11:39:00+02:00",NA,"Rissa tridactyla","c297d138-d550-432c-bc3f-09298212af9b","Rissa tridactyla",2020
"HumanObservation",2021,57.1575407262,9.0258331597,"2021-08-11T18:31:16+02:00",NA,"Rissa tridactyla","c297e1a3-52f1-4290-b202-bd7627d399ca","Rissa tridactyla",2020
"HumanObservation",2019,66.066263581,-17.3244446698,"2019-07-23T19:13:43Z",NA,"Fratercula arctica","c29bd870-f51d-4315-a076-6ab849efbf53","Fratercula arctica",2010
"HumanObservation",2018,66.2533712037,-17.5536120078,"2018-07-27T19:42:00+00:00",NA,"Fratercula arctica","c2b841a9-5f4e-403c-bddd-ede338964a15","Fratercula arctica",2010
"HumanObservation",2023,70.2762175269,31.1317119282,"2023-06-23T17:39:00+02:00",NA,"Rissa tridactyla","c2c01ffb-a1d1-4650-855c-9908ef183248","Rissa tridactyla",2020
"HumanObservation",2022,63.4681666667,-20.1847166667,"2022-07-28T12:46:36+00:00",NA,"Fratercula arctica","c2d8f646-3e7d-4f6f-9503-fba5bf09c4fd","Fratercula arctica",2020
"HumanObservation",2024,62.1227346536,-6.5525713453,"2024-06-05T10:04:00+01:00",NA,"Fratercula arctica","c2e5762c-3a87-4a82-a90f-690309704e87","Fratercula arctica",2020
"HumanObservation",2017,66.4465834986,-22.617154541,"2017-06-04T11:33:00+00:00",NA,"Rissa tridactyla","c2e623e0-30ff-4d5d-899c-2ec2b10db32e","Rissa tridactyla",2010
"HumanObservation",2023,70.2420235555,31.0940846586,"2023-06-23T16:54:00+02:00",NA,"Fratercula arctica","c2e8165d-4c5b-4819-8f0c-ae8e207ba65b","Fratercula arctica",2020
"HumanObservation",2017,63.4057404,-19.0716192,"2017-08-25T13:46:00+00:00",NA,"Fratercula arctica","c2eba17e-ff3b-47fd-8367-d7c19c70c69a","Fratercula arctica",2010
"HumanObservation",2019,64.7684116667,-23.6165616667,"2019-07-12T14:52:32Z",NA,"Rissa tridactyla","c2f15c73-b3d8-4662-ab70-7bdcfcca8ca8","Rissa tridactyla",2010
"HumanObservation",2020,60.7424,-8.9692,"2020-08-24",NA,"Fratercula arctica","c2f90f1f-ce51-41e9-91d7-1abcc4a699ec","Fratercula arctica",2020
"HumanObservation",2024,63.430124,-20.30271,"2024-07-13T14:03:00+00:00",NA,"Fratercula arctica","c3081b83-290a-484f-b743-6c72be50eed8","Fratercula arctica",2020
"HumanObservation",2020,64.7353283333,-23.7745,"2020-08-20T13:49:00+02:00",NA,"Rissa tridactyla","c30dc37b-7b0a-439b-8247-73fbda7f6831","Rissa tridactyla",2020
"HumanObservation",2023,59.8537802026,-1.2755630538,"2023-06-17T14:29:47+01:00",NA,"Rissa tridactyla","c312ce1b-c27b-4ece-aac6-2fa888d7f90e","Rissa tridactyla",2020
"HumanObservation",2024,62.527431699,6.1132759533,"2024-04-04T17:03:00+02:00",NA,"Rissa tridactyla","c31b6d7a-d392-4b1b-a68e-81b53aa12320","Rissa tridactyla",2020
"HumanObservation",2023,65.5288223651,-23.192177386,"2023-06-22T13:27:00+00:00",NA,"Fratercula arctica","c32a7c44-46da-4a1a-820a-89c27c004ba6","Fratercula arctica",2020
"HumanObservation",2024,65.5421271,-13.754518,"2024-06-11",NA,"Fratercula arctica","c3360fbb-0066-4c59-9a04-2f1505d5542f","Fratercula arctica",2020
"HumanObservation",2024,69.2937807502,15.9204949104,"2024-08-07T15:13:00+02:00",NA,"Fratercula arctica","c33fe237-eb2b-40c7-a4dd-64399310e512","Fratercula arctica",2020
"HumanObservation",2023,69.24189,15.43334,"2023-08-29T15:22:59","1","Physeter macrocephalus","c34dc07d-bdf5-424f-973a-4e7289cac4ae","Physeter macrocephalus",2020
"HumanObservation",2022,78.404677,15.611572,"2022-07-29T20:42:33","1","Balaenoptera musculus","c354e858-71d2-4488-82f4-9c764390a2ac","Balaenoptera musculus",2020
"HumanObservation",2021,65.940715269,-19.660149929,"2021-07-24T07:24:30-04:00",NA,"Fratercula arctica","c35bcf0a-31af-4b8d-8484-06bf898074ca","Fratercula arctica",2020
"HumanObservation",2024,66.54235,-17.996116,"2024-06-26T10:05:19+00:00",NA,"Rissa tridactyla","c35e259d-2455-477d-9ca1-9268fcc3d4c8","Rissa tridactyla",2020
"HumanObservation",2024,66.0590217562,-17.57081904,"2024-07-13T20:33:27+00:00",NA,"Fratercula arctica","c35f3376-f2da-40ab-a3e4-5e21ef9747fc","Fratercula arctica",2020
"HumanObservation",2022,66.11724379,-17.3575846283,"2022-06-29T12:53:00+00:00",NA,"Fratercula arctica","c36b99ae-cd95-4a06-914c-f386da7802fb","Fratercula arctica",2020
"HumanObservation",2017,78.128469,12.790422,"2017-06-13T10:22:17","1","Balaenoptera musculus","c39c5148-7144-48f0-9f8b-a58e34a873d1","Balaenoptera musculus",2010
"HumanObservation",2023,66.2763658923,-19.0515000531,"2023-06-23T20:27:00+00:00",NA,"Fratercula arctica","c3a72f35-9048-4177-9962-0d34827b2060","Fratercula arctica",2020
"HumanObservation",2023,64.0475528333,-16.1807883333,"2023-09-07T12:13:39+00:00",NA,"Rissa tridactyla","c3b43587-3c40-41d8-8e5a-c188e4c8c97b","Rissa tridactyla",2020
"HumanObservation",2022,78.5956366667,16.5158933333,"2022-05-14T13:09:00+02:00",NA,"Rissa tridactyla","c3bdfd7f-48d8-49e1-85d7-56f0154270df","Rissa tridactyla",2020
"HumanObservation",2023,65.3761218868,-22.9136349963,"2023-06-29T03:09:00+00:00",NA,"Fratercula arctica","c3bed914-4ea1-4a15-b133-416e10e19314","Fratercula arctica",2020
"HumanObservation",2018,78.141413,13.716964,"2018-07-02T01:10:04","1","Balaenoptera musculus","c3bef335-a6f1-495f-96c9-fb0a58ac69da","Balaenoptera musculus",2010
"HumanObservation",2024,63.4042333333,-19.1034233333,"2024-05-28T10:59:00+00:00",NA,"Fratercula arctica","c3c6557d-5faf-4866-837c-6fcc37531fa5","Fratercula arctica",2020
"HumanObservation",2023,79.5627384191,20.8911461987,"2023-09-20T08:50:00+02:00",NA,"Rissa tridactyla","c3cd915c-a88d-48d8-920c-d1b4df734ab4","Rissa tridactyla",2020
"HumanObservation",2020,77.4379363772,23.7810730426,"2020-08-13T15:19:00+02:00",NA,"Balaenoptera physalus physalus","c3d7af54-6a12-467b-9914-c74270abf4e0","Balaenoptera physalus",2020
"HumanObservation",2019,60.8311016382,-0.891470111,"2019-05-30T17:02:00+10:00",NA,"Fratercula arctica","c3dd0a94-32cb-46c1-808a-c1aad3bcc24f","Fratercula arctica",2010
"HumanObservation",2018,60.733333,-2.5,"2018-07-23T18:00:00",NA,"Balaenoptera physalus","c3e6ddb6-1750-468e-9dc2-9746c83be987","Balaenoptera physalus",2010
"HumanObservation",2021,57.1585044555,9.0251544038,"2021-08-01T11:47:00Z",NA,"Rissa tridactyla","c3ea34f9-f50a-4718-bb88-c13580f17f78","Rissa tridactyla",2020
"HumanObservation",2017,78.0529,12.42,"2017-06-14T21:48:04","1","Balaenoptera musculus","c402e681-739b-4c9a-abdf-83448b3debc1","Balaenoptera musculus",2010
"HumanObservation",2023,70.3319762283,31.1854814894,"2023-06-23T15:23:00+02:00",NA,"Fratercula arctica","c413511c-f991-4f41-9662-8e6466ac57bb","Fratercula arctica",2020
"HumanObservation",2024,70.08,21.155,"2024-01-06","1","Physeter macrocephalus","c42b6156-cff9-4253-a666-7280c194655c","Physeter macrocephalus",2020
"HumanObservation",2018,63.4358924475,-19.1301290758,"2018-08-21T02:03:30Z",NA,"Fratercula arctica","c433f954-90e1-40c0-b619-1072d31f65ee","Fratercula arctica",2010
"HumanObservation",2018,65.4979740619,-24.5117934234,"2018-08-20T13:58:00-05:00",NA,"Rissa tridactyla","c435f434-c6c2-4d81-9d75-c775527c9be1","Rissa tridactyla",2010
"HumanObservation",2017,65.502341,-24.532224,"2017-07-02",NA,"Fratercula arctica","c43b1d2a-6178-470c-9cf0-c4e122049fb0","Fratercula arctica",2010
"HumanObservation",2024,65.858836,-18.163147,"2024-08-11T11:30:02","1","Balaenoptera musculus","c4478225-a7a6-461f-bc85-e581f44cae2c","Balaenoptera musculus",2020
"HumanObservation",2017,64.963051,-19.020835,"2017-08-13T04:16:00-07:00",NA,"Rissa tridactyla","c44973a3-4073-4e6e-a03a-9703fc39b278","Rissa tridactyla",2010
"HumanObservation",2024,64.7677566414,-23.6169224605,"2024-04-17T15:23:33+00:00",NA,"Rissa tridactyla","c4512c91-4d49-45b5-bf9a-bed78cfe76b3","Rissa tridactyla",2020
"HumanObservation",2018,63.4129893638,-19.1381143068,"2018-08-14T11:13:00-07:00",NA,"Fratercula arctica","c45bbdfe-2eb2-4767-9d9e-375b4d854664","Fratercula arctica",2010
"HumanObservation",2024,66.6297395864,-24.0767911447,"2024-07-30T10:26:31-02:00",NA,"Fratercula arctica","c45d7850-ab3f-4683-a729-12f20205fc8f","Fratercula arctica",2020
"HumanObservation",2024,70.435523,22.830529,"2024-12-01T10:40:41","1","Physeter macrocephalus","c468a8cf-7fc4-4af7-9134-334523fed2af","Physeter macrocephalus",2020
"HumanObservation",2020,62.4824661183,5.6440165967,"2020-07-26T22:36:51+02:00",NA,"Fratercula arctica","c48ee3e3-8a0c-4b67-b7b1-d4059f0562ed","Fratercula arctica",2020
"HumanObservation",2019,66.0475833333,-22.82725,"2019-07-14T14:02:00-10:00",NA,"Fratercula arctica","c4ab64f4-543f-44a6-9e38-26e95d3c567d","Fratercula arctica",2010
"HumanObservation",2024,70.3879007321,31.0420917227,"2024-07-05T11:00:00+02:00",NA,"Rissa tridactyla","c4e80fc4-2e9d-43ed-b50a-72f51fb323ef","Rissa tridactyla",2020
"HumanObservation",2019,79.2146533654,11.9617082514,"2019-07-01T12:42:00-07:00",NA,"Fratercula arctica","c4e8a2bc-952a-4dcc-a845-fe54f450a2b0","Fratercula arctica",2010
"HumanObservation",2023,70.3433769264,31.1207644819,"2023-06-23T15:05:00+02:00",NA,"Fratercula arctica","c4ec95a1-6fe1-4c02-9d1f-96b4767ce734","Fratercula arctica",2020
"HumanObservation",2024,66.5075346182,-16.511197315,"2024-07-11T16:42:00+00:00",NA,"Rissa tridactyla","c5189ac8-05a8-41ae-850b-9b9768253978","Rissa tridactyla",2020
"HumanObservation",2023,70.411487101,30.6980225376,"2023-07-02T11:30:00+02:00",NA,"Rissa tridactyla","c537a77f-d7c8-4a4c-b815-7fc77af6d11e","Rissa tridactyla",2020
"HumanObservation",2022,63.427717,-20.2673821,"2022-08-22T07:50:00+00:00",NA,"Fratercula arctica","c53bfeed-5d55-4fd3-b572-812b65f3f89d","Fratercula arctica",2020
"HumanObservation",2022,57.1583066667,9.0297433333,"2022-02-26T11:08:00+01:00",NA,"Rissa tridactyla","c53fd284-fdd9-48fa-8817-5a7f077daec9","Rissa tridactyla",2020
"HumanObservation",2023,70.270505195,31.1574535556,"2023-06-23T14:53:00+02:00",NA,"Rissa tridactyla","c549dd4a-efb4-4905-a6eb-2d3eee7faaba","Rissa tridactyla",2020
"MachineObservation",2020,73.3725,19.773175,"2020-09-29T06:38",NA,"Physeter macrocephalus","c54d0294-ef4e-4bf2-ad78-ba4b9e5cb8c8","Physeter macrocephalus",2020
"HumanObservation",2023,77.6342667639,13.7192339897,"2023-06-21T20:18:00+02:00",NA,"Rissa tridactyla","c5599604-2ad8-41f2-b362-369f5c4b7987","Rissa tridactyla",2020
"HumanObservation",2021,65.37767,-22.9105083333,"2021-06-24T17:50:44Z",NA,"Fratercula arctica","c566971c-299c-47a6-8d37-1dc3b33a6425","Fratercula arctica",2020
"HumanObservation",2023,65.6851666667,-18.0743778333,"2023-05-25T19:13:09+00:00",NA,"Rissa tridactyla","c5af8c1c-31f8-4ae8-bd91-b24fd3c37ee2","Rissa tridactyla",2020
"HumanObservation",2017,64.71495,-19.028362,"2017-07-14T22:00:00+00:00",NA,"Rissa tridactyla","c5d48847-8c7c-4b50-a6a6-43268052cc9d","Rissa tridactyla",2010
"HumanObservation",2019,62.3810737392,5.469897133,"2019-08-06T18:07:00+02:00",NA,"Rissa tridactyla","c5db12be-120b-4b2d-a3e3-1ae81d944969","Rissa tridactyla",2010
"HumanObservation",2023,63.4450266958,-20.2614583281,"2023-07-24T14:17:00+00:00",NA,"Fratercula arctica","c5eb795a-4c71-4e16-aefb-3641fa5bec4f","Fratercula arctica",2020
"HumanObservation",2022,69.416667,15.75,"2022-08-15T13:05:53","1","Physeter macrocephalus","c5f967d7-476f-4d9e-b8f4-cade05e1af3c","Physeter macrocephalus",2020
"HumanObservation",2023,64.7716916074,-23.554342631,"2023-07-13T16:54:00+00:00",NA,"Rissa tridactyla","c5ff7034-c28f-4fc4-85a0-c9e27f097277","Rissa tridactyla",2020
"HumanObservation",2024,63.7707533877,-20.7267984491,"2024-07-10T16:15:00+00:00",NA,"Fratercula arctica","c5ffd57d-5912-4a84-97c5-15dacb2b6666","Fratercula arctica",2020
"HumanObservation",2023,63.4130554199,-19.0626773834,"2023-08-02T12:02:35+00:00",NA,"Fratercula arctica","c60053d7-bfbe-42ce-bb4e-36962d3ae3dc","Fratercula arctica",2020
"HumanObservation",2022,65.5020970314,-24.5312156466,"2022-07-13T09:21:00+00:00",NA,"Fratercula arctica","c60602cd-334e-4340-a201-fedf7b4b2390","Fratercula arctica",2020
"HumanObservation",2024,70.1874234897,29.7976422698,"2024-05-21T15:45:00+02:00",NA,"Rissa tridactyla","c61776dd-4da0-43fe-aabd-194ce743e24f","Rissa tridactyla",2020
"HumanObservation",2024,64.1894783333,-21.8345766667,"2024-07-19T14:28:00+00:00",NA,"Fratercula arctica","c6206494-c5e1-4e33-95dc-0b2ebc9fe1f9","Fratercula arctica",2020
"HumanObservation",2017,79.34546,11.6496166667,"2017-07-19T10:44:00+01:00",NA,"Rissa tridactyla","c626acc3-9245-4661-a537-304f8f3cfbaf","Rissa tridactyla",2010
"HumanObservation",2019,60.3434312184,-1.2511360617,"2019-07-15T12:46:52+01:00",NA,"Fratercula arctica","c6277a39-31f9-4717-b54a-c567f08a4b88","Fratercula arctica",2010
"HumanObservation",2022,63.427717,-20.2673821,"2022-05-24T00:27:00+00:00",NA,"Fratercula arctica","c62adc07-b7ba-4e83-8ca5-86f5678b2f51","Fratercula arctica",2020
"HumanObservation",2024,79.127567528,11.7706555987,"2024-08-24T20:50:00+02:00",NA,"Rissa tridactyla","c62de1f7-84e3-4da9-b182-aa9b569f1323","Rissa tridactyla",2020
"HumanObservation",2021,78.243905,14.90387,"2021-07-25T18:57:13","1","Balaenoptera musculus","c68ae6e2-806f-40d1-bb1d-16755192d897","Balaenoptera musculus",2020
"HumanObservation",2023,64.1552218278,-21.8586389831,"2023-05-23T09:57:00+00:00",NA,"Rissa tridactyla","c69b512d-750f-4dac-b4a9-3d50f8903d61","Rissa tridactyla",2020
"HumanObservation",2017,71.0804151904,25.225981436,"2017-05-21",NA,"Fratercula arctica","c6afda08-f0c7-4823-a60a-860ab5d93859","Fratercula arctica",2010
"HumanObservation",2024,59.1359730256,-3.3367530366,"2024-05-31T10:17:00+01:00",NA,"Fratercula arctica","c6dff33e-fece-491d-94d2-16fae0bd7cf0","Fratercula arctica",2020
"HumanObservation",2023,71.0998730473,25.3090734705,"2023-06-30",NA,"Fratercula arctica","c6e2c33c-7acf-42fe-9cc9-7358c01d3db2","Fratercula arctica",2020
"HumanObservation",2024,76.3055226629,17.6258713125,"2024-07-06T08:03:01+01:00",NA,"Balaenoptera physalus","c70cb492-bd4e-4c3f-855a-260dbe333510","Balaenoptera physalus",2020
"HumanObservation",2018,66.2780394958,-17.503852502,"2018-07-27T19:36:00+00:00",NA,"Fratercula arctica","c70e02c8-0a7f-45a4-99d5-df105095423f","Fratercula arctica",2010
"HumanObservation",2018,63.4443027778,-20.3016666667,"2018-07-24T10:54:00+02:00",NA,"Fratercula arctica","c719f0a9-957b-4a5e-baa2-8059440e720f","Fratercula arctica",2010
"HumanObservation",2022,65.9363888889,-16.5716666667,"2022-05-30T15:48:13+00:00",NA,"Fratercula arctica","c71c0cb8-9ae4-4b97-86c7-7f85c2a1d63e","Fratercula arctica",2020
"HumanObservation",2023,76.9289162549,16.2511363375,"2023-09-13T16:00:00+02:00",NA,"Rissa tridactyla","c7479a05-d8dd-4515-a2a0-8c8112e7f399","Rissa tridactyla",2020
"HumanObservation",2023,63.4589604305,-20.2233911987,"2023-07-03T17:10:00+00:00",NA,"Fratercula arctica","c7521e17-92eb-4d52-a62d-78c54685fda5","Fratercula arctica",2020
"HumanObservation",2023,67.8105913833,13.2246723011,"2023-07-18T09:03:00+02:00",NA,"Rissa tridactyla","c75690bb-2477-4e7b-a56c-d0d13e606b09","Rissa tridactyla",2020
"HumanObservation",2024,70.0743884386,30.0807363426,"2024-06-13T18:23:00+02:00",NA,"Rissa tridactyla","c7597eac-a9e9-4de0-a2fe-6cf8390f9e1f","Rissa tridactyla",2020
"HumanObservation",2019,64.0856295995,-17.6713041433,"2019-08-28T21:27:24+00:00",NA,"Fratercula arctica","c763dfdd-3266-457b-bc77-51c788d2e1a7","Fratercula arctica",2010
"HumanObservation",2024,63.40468,-19.118552,"2024-07-24T20:08:00+00:00",NA,"Fratercula arctica","c7644200-c8c5-4cca-8626-25d639021125","Fratercula arctica",2020
"HumanObservation",2024,70.9676084458,-8.7155351408,"2024-06-27T10:56:00+02:00",NA,"Fratercula arctica","c775bdc4-81c9-44c1-8563-28d54cc03422","Fratercula arctica",2020
"HumanObservation",2024,66.5423498,-17.9961161,"2024-05-29T10:48:00+00:00",NA,"Fratercula arctica","c7839f13-2d73-4515-8eb1-926e42308ce3","Fratercula arctica",2020
"HumanObservation",2024,63.427717,-20.2673821,"2024-06-23T12:42:00+00:00",NA,"Rissa tridactyla","c78e5713-e84c-41cc-9f31-63737abc4c7a","Rissa tridactyla",2020
"HumanObservation",2021,63.401485442,-19.1284719862,"2021-07-18T20:07:00+00:00",NA,"Fratercula arctica","c78f83f7-7dad-46ac-a4ba-1851d512e878","Fratercula arctica",2020
"HumanObservation",2022,63.403298,-20.284068,"2022-07-04T16:45:00+00:00",NA,"Rissa tridactyla","c79234be-6b3c-4624-b2f1-30eca5effd66","Rissa tridactyla",2020
"HumanObservation",2018,78.9687465883,21.446511248,"2018-05-31",NA,"Balaenoptera physalus","c7a396f2-7d07-43f5-ad3e-39a5f1d69952","Balaenoptera physalus",2010
"HumanObservation",2023,58.066964286,6.539841914,"2023-10-14T08:32:01+02:00",NA,"Rissa tridactyla","c7ad8f75-2781-4202-b12c-80f285f37b48","Rissa tridactyla",2020
"HumanObservation",2017,64.1719559,-21.9163726,"2017-05-21",NA,"Fratercula arctica","c7c323c4-5318-4788-90bd-dff7525ec086","Fratercula arctica",2010
"HumanObservation",2023,68.8919151466,15.0895235005,"2023-08-11T15:38:53+02:00",NA,"Rissa tridactyla","c7c6d340-caf2-45cf-a7f0-ef0020664f56","Rissa tridactyla",2020
"HumanObservation",2022,70.3240836466,31.0968408345,"2022-04-15T10:58:00+02:00",NA,"Fratercula arctica","c7ee7b8a-4698-4f2d-bcfc-7eee74f651b5","Fratercula arctica",2020
"HumanObservation",2023,70.2722190678,30.4328545162,"2023-07-07T10:19:01+02:00",NA,"Fratercula arctica","c802bc49-4e8d-4fff-a2b4-e7b8c42fb75c","Fratercula arctica",2020
"HumanObservation",2024,70.214899134,31.1855434444,"2024-06-14T14:20:55+02:00",NA,"Fratercula arctica","c804c1d5-72df-4100-abf9-87cc3a663e05","Fratercula arctica",2020
"HumanObservation",2024,64.3697265078,-23.0460839907,"2024-05-23T19:00:00+00:00",NA,"Fratercula arctica","c8073cbb-a65a-49b4-99d9-7ac03a09c806","Fratercula arctica",2020
"HumanObservation",2024,63.40473,-19.1018528333,"2024-06-04T17:15:45+00:00",NA,"Fratercula arctica","c8106b88-a5b5-4d86-8aa0-bd510e92b221","Fratercula arctica",2020
"HumanObservation",2019,63.0527918453,7.2479627093,"2019-08-02T05:31:00+02:00",NA,"Rissa tridactyla","c81d824a-71fc-4e4f-b477-0705a82c99ea","Rissa tridactyla",2010
"HumanObservation",2019,62.5396500139,6.0189785423,"2019-08-01T00:17:00+02:00",NA,"Rissa tridactyla","c826943e-3075-4c76-acba-c254b0580bd6","Rissa tridactyla",2010
"HumanObservation",2022,64.1673162903,-21.8540400407,"2022-06-26T07:40:00+00:00",NA,"Fratercula arctica","c83c402a-d7b8-4411-b98a-3fa0c9671731","Fratercula arctica",2020
"HumanObservation",2023,65.542065051,-13.7547969825,"2023-08-11",NA,"Fratercula arctica","c83d404b-6b8c-4199-a92b-2a1710e1b557","Fratercula arctica",2020
"HumanObservation",2023,78.2798584521,12.8483965937,"2023-06-01T13:32:00+02:00",NA,"Rissa tridactyla","c852d65f-bf7c-4f1c-a97e-a90469e663ac","Rissa tridactyla",2020
"HumanObservation",2024,70.1196817971,30.0185361293,"2024-06-29T09:15:00+02:00",NA,"Rissa tridactyla","c85c60db-2d3a-4176-a6f1-c9ce396ea475","Rissa tridactyla",2020
"HumanObservation",2024,63.4037124381,-19.1040162742,"2024-05-26T16:47:28+00:00",NA,"Fratercula arctica","c85d7bcf-a6d5-4475-9f5a-6b53b2d559a3","Fratercula arctica",2020
"HumanObservation",2024,69.5823,-21.2917,"2024-08-21T13:24:31-01:00",NA,"Rissa tridactyla","c87acff5-97b1-43c5-807d-d90474c4ce93","Rissa tridactyla",2020
"HumanObservation",2022,63.4494899932,-20.2607971975,"2022-09-03T17:50:00+00:00",NA,"Fratercula arctica","c88dd9f7-9bfb-444b-97b5-bcb96cb33417","Fratercula arctica",2020
"HumanObservation",2024,70.3558257838,31.0223689927,"2024-07-28T12:23:00+02:00",NA,"Fratercula arctica","c88e2df7-ef33-46b6-8813-41b24cdedaab","Fratercula arctica",2020
"HumanObservation",2017,65.5043062865,-24.4597760105,"2017-07-22T18:46:31+03:00",NA,"Fratercula arctica","c8989a89-91a3-490b-a1a3-4ac4d397b0ae","Fratercula arctica",2010
"HumanObservation",2024,59.0195687857,-3.3586947577,"2024-06-27T15:29:00+01:00",NA,"Fratercula arctica","c89ee31c-cb7a-41fe-9044-a5db50018a4d","Fratercula arctica",2020
"HumanObservation",2023,61.2631648178,-0.9520358619,"2023-10-05T11:28:00+00:00",NA,"Rissa tridactyla","c8a7b1ff-3da2-4e7f-a80f-aefa690eb700","Rissa tridactyla",2020
"HumanObservation",2022,58.6324433383,-3.519238345,"2022-04-26T07:48:00+01:00",NA,"Fratercula arctica","c8d5c4d4-dbb2-4533-94f6-ed6867ed5fd3","Fratercula arctica",2020
"HumanObservation",2017,62.5629612576,5.6175608918,"2017-07-16T00:28:00Z",NA,"Fratercula arctica","c8dc470c-6f13-43fb-940d-97e63ea5bac1","Fratercula arctica",2010
"HumanObservation",2018,66.5576183333,-18.0062433333,"2018-07-08T18:15:00-07:00",NA,"Fratercula arctica","c8ddbb1c-6efd-44a1-a731-df6ca19623fc","Fratercula arctica",2010
"HumanObservation",2023,70.32032871,31.1766865291,"2023-06-23T16:49:00+02:00",NA,"Fratercula arctica","c8e5df1d-99f1-46cf-bd9a-6dfd5fae5c26","Fratercula arctica",2020
"HumanObservation",2023,80.0490382154,18.2341237909,"2023-07-14T10:57:00+02:00",NA,"Rissa tridactyla","c8e8f73c-ecc9-4f80-829c-6bfb51ab1372","Rissa tridactyla",2020
"HumanObservation",2023,71.1736155393,25.3702065753,"2023-07-14T12:31:44+02:00",NA,"Fratercula arctica","c90d758e-9beb-4b2b-9ebc-2853d4ec7727","Fratercula arctica",2020
"HumanObservation",2023,70.2205052362,31.1833084667,"2023-06-29T15:58:00+02:00",NA,"Rissa tridactyla","c91b0bf1-3bdf-43ed-b6ac-abdd25156dfe","Rissa tridactyla",2020
"HumanObservation",2022,65.5049530457,-24.5222388086,"2022-06-16T12:39:00+00:00",NA,"Fratercula arctica","c91b628f-b08e-4e95-a03c-e175ba746a66","Fratercula arctica",2020
"HumanObservation",2024,64.4762059071,-23.4957851309,"2024-05-23T19:28:00+00:00",NA,"Rissa tridactyla","c91d286d-f2c0-4b30-be41-97d212f5bf5d","Rissa tridactyla",2020
"HumanObservation",2019,63.4042333333,-19.1032305,"2019-07-27T04:34:51+00:00",NA,"Fratercula arctica","c93e7f20-478d-4417-aaab-703e9fd48894","Fratercula arctica",2010
"HumanObservation",2017,69.3720484262,15.9846539702,"2017-06-07T15:30:00+02:00",NA,"Fratercula arctica","c94fafb3-4d18-4424-81bf-a655ad8e19bd","Fratercula arctica",2010
"HumanObservation",2023,64.7716916074,-23.554342631,"2023-07-13T16:57:00+00:00",NA,"Rissa tridactyla","c96b0f56-2869-4b12-95a4-f379e2a9322f","Rissa tridactyla",2020
"HumanObservation",2023,77.0694443194,16.0253114018,"2023-09-26T09:42:00+02:00",NA,"Rissa tridactyla","c96bf670-5a27-4af4-841c-4114725c48c2","Rissa tridactyla",2020
"HumanObservation",2022,79.1112468474,11.8824665725,"2022-05-28T06:17:00+02:00",NA,"Rissa tridactyla","c9819593-4eb9-41c7-8970-3920778d8078","Rissa tridactyla",2020
"HumanObservation",2019,64.172557,-21.964502,"2019-08-19T08:38:00+00:00",NA,"Fratercula arctica","c984a261-e85a-4093-8573-06701a962e78","Fratercula arctica",2010
"HumanObservation",2022,64.1973183455,-21.9762480723,"2022-05-13T13:54:00+00:00",NA,"Fratercula arctica","c9ab886a-0489-4325-851d-6c5e1857248b","Fratercula arctica",2020
"HumanObservation",2022,65.5414816667,-13.7548483333,"2022-05-28T16:01:00+00:00",NA,"Fratercula arctica","c9d2a77c-44a4-4772-a7c9-00384d7585d7","Fratercula arctica",2020
"HumanObservation",2018,78.87316667,21.5907382379,"2018-05-31T16:26:00+02:00",NA,"Fratercula arctica","c9f90731-a75a-40ee-bae0-233fc460f515","Fratercula arctica",2010
"HumanObservation",2023,71.0232023913,25.2798304017,"2023-07-28T12:04:44+02:00",NA,"Fratercula arctica","ca07820f-298a-418f-b6cd-86fbda742b06","Fratercula arctica",2020
"HumanObservation",2019,64.732527,-23.7846095,"2019-03-17T15:03:00-10:00",NA,"Rissa tridactyla","ca32513e-c355-4d20-92b5-0ec10bf4d0cf","Rissa tridactyla",2010
"HumanObservation",2019,66.1,-17.5,"2019-06-07T17:39:03","1","Balaenoptera musculus","ca42e354-8d62-41b2-a890-4c85dace467a","Balaenoptera musculus",2010
"HumanObservation",2024,70.6654550887,29.3726879787,"2024-06-04T09:36:00+02:00",NA,"Rissa tridactyla","ca5d93cb-27e0-4145-96fb-484cb41ea645","Rissa tridactyla",2020
"HumanObservation",2023,70.3961491866,31.17069743,"2023-06-23T16:15:00+02:00",NA,"Fratercula arctica","ca658c83-d181-46f8-9470-aab573f029d7","Fratercula arctica",2020
"HumanObservation",2024,66.178451675,-16.9863046467,"2024-07-05T17:55:00+00:00",NA,"Fratercula arctica","ca671f21-61cd-44ce-8147-c19afec71fe0","Fratercula arctica",2020
"HumanObservation",2019,65.8578250046,-19.6785617233,"2019-08-17T15:55:12+00:00",NA,"Fratercula arctica","caaa65c5-d265-4dd9-be71-9c5492127def","Fratercula arctica",2010
"HumanObservation",2022,67.8448111204,12.85848775,"2022-08-30T15:52:00+02:00",NA,"Rissa tridactyla","cabcbc6c-419f-4269-9bd6-101eafb740c2","Rissa tridactyla",2020
"HumanObservation",2024,65.6278563686,-20.6267660866,"2024-07-13T18:36:00+00:00",NA,"Rissa tridactyla","cacd51b2-0f7d-4da9-b638-c7fc0768dee2","Rissa tridactyla",2020
"HumanObservation",2023,64.0489313883,-16.181426945,"2023-07-22T21:48:00+00:00",NA,"Rissa tridactyla","cad5e003-d81e-40c0-b2e8-101ebada8008","Rissa tridactyla",2020
"HumanObservation",2018,63.4041672481,-19.1030560434,"2018-07-07T19:51:02-04:00",NA,"Fratercula arctica","cadaeea5-a2c9-4c4b-bace-9d9fa3217705","Fratercula arctica",2010
"HumanObservation",2022,69.51447462,15.7742854405,"2022-08-15T13:52:32+01:00",NA,"Physeter macrocephalus","cae1feb5-145f-4cdd-850a-6b8d09a69e3b","Physeter macrocephalus",2020
"HumanObservation",2023,66.4552209841,-22.8174910773,"2023-07-20T16:04:00+00:00",NA,"Rissa tridactyla","caf8821f-dbf4-4fb4-a31c-3ff93f15ffa8","Rissa tridactyla",2020
"HumanObservation",2022,78.220695,15.6435366667,"2022-06-30T14:51:20+02:00",NA,"Fratercula arctica","cb15b7b5-7a5c-4add-bfa4-89565cb3f180","Fratercula arctica",2020
"HumanObservation",2018,64.8813396412,-24.0460745618,"2018-07-04T11:44:31Z",NA,"Fratercula arctica","cb167b60-db4c-4f67-83fe-29dedc3a881d","Fratercula arctica",2010
"HumanObservation",2022,65.5294833333,-23.1884216667,"2022-06-02T19:32:00+00:00",NA,"Fratercula arctica","cb193238-8f7b-4957-a13e-4832bf21fd4d","Fratercula arctica",2020
"HumanObservation",2023,70.0373049907,30.0243666551,"2023-06-30T10:48:00+02:00",NA,"Rissa tridactyla","cb35a037-0552-4070-9c84-d2b6e7ba05c9","Rissa tridactyla",2020
"HumanObservation",2024,62.5914789527,5.7393051088,"2024-06-11T19:02:25+02:00",NA,"Fratercula arctica","cb3f1cea-1056-4f4b-875c-a005547a2223","Fratercula arctica",2020
"HumanObservation",2023,70.2051618226,31.1214352008,"2023-06-03T07:34:00+02:00",NA,"Rissa tridactyla","cb44e8ec-72a7-4758-bed9-6d2962954490","Rissa tridactyla",2020
"HumanObservation",2019,78.8968508152,12.1936672739,"2019-06-07T20:53:00-04:00",NA,"Rissa tridactyla","cb49d4f3-bff7-452f-8467-3d21e37fb141","Rissa tridactyla",2010
"HumanObservation",2024,64.1665493824,-21.9364960492,"2024-07-09T14:39:47+00:00",NA,"Fratercula arctica","cb4b3a9e-2487-469b-a6ed-afeca91d374b","Fratercula arctica",2020
"HumanObservation",2018,66.2206263164,-17.5361319107,"2018-07-27T19:39:00+00:00",NA,"Fratercula arctica","cb5cd6d5-b2e7-4b90-b67e-5e83077159cb","Fratercula arctica",2010
"HumanObservation",2022,59.0775527778,-3.3474666667,"2022-07-16T12:39:05+01:00",NA,"Fratercula arctica","cb5d0f26-4f6c-46d0-968d-63d166885638","Fratercula arctica",2020
"HumanObservation",2024,63.4023133333,-19.0363971667,"2024-07-29T15:34:12+00:00",NA,"Fratercula arctica","cb69c941-2a90-4fb4-b883-a6c2c4823348","Fratercula arctica",2020
"HumanObservation",2017,78.5947391952,16.4635573211,"2017-07-23T18:19:00+02:00",NA,"Fratercula arctica","cb7ef9ba-9e32-4bba-9212-bb11ad7f6bb1","Fratercula arctica",2010
"HumanObservation",2021,63.4041559083,-19.10319088,"2021-07-06T11:43:00+02:00",NA,"Fratercula arctica","cb91e290-3c3e-47ae-9e6d-88bf34ea6de8","Fratercula arctica",2020
"HumanObservation",2017,64.71495,-19.028362,"2017-07-15T22:00:00+00:00",NA,"Fratercula arctica","cb926483-7b92-4a72-b1bb-2501ffc6d7ca","Fratercula arctica",2010
"HumanObservation",2023,78.163333,13.848333,"2023-08-04T22:53:55","1","Balaenoptera musculus","cbb1e861-67cc-4dcc-ad01-4e4a023916e3","Balaenoptera musculus",2020
"HumanObservation",2024,62.4727453569,5.48520151,"2024-07-27T20:21:00+02:00",NA,"Fratercula arctica","cbb33abc-dcd9-4e46-bfc9-0934455ea281","Fratercula arctica",2020
"HumanObservation",2022,70.3762119822,31.1576376383,"2022-04-14T14:42:00+02:00",NA,"Rissa tridactyla","cbdb20cf-698d-46a9-bccc-4983e19896ae","Rissa tridactyla",2020
"HumanObservation",2019,64.9610818349,-23.3128411907,"2019-05-31T14:45:57+02:00",NA,"Fratercula arctica","cbde27b2-14bd-42bf-908f-5cdf40face75","Fratercula arctica",2010
"HumanObservation",2024,78.439,26.033,"2024-06-05T07:10:00+02:00",NA,"Rissa tridactyla","cbe6d3b2-c96d-4889-ba11-6b6422ed8d00","Rissa tridactyla",2020
"HumanObservation",2023,79.73182824,10.9868250222,"2023-06-10T15:28:00+02:00",NA,"Rissa tridactyla","cc00a539-d7f9-4f1c-825b-1f40d82adaec","Rissa tridactyla",2020
"HumanObservation",2019,79.1328167432,11.8265431526,"2019-08-18T10:44:00Z",NA,"Fratercula arctica","cc0d84e9-5d8a-4332-8071-345d778bb38b","Fratercula arctica",2010
"HumanObservation",2024,64.767615,-23.6164629722,"2024-08-28T16:03:01+00:00",NA,"Rissa tridactyla","cc12e2af-4b01-4d5a-b441-a45eb9f021af","Rissa tridactyla",2020
"HumanObservation",2017,64.71495,-19.028362,"2017-07-16T22:00:00+00:00",NA,"Rissa tridactyla","cc16da24-6e26-492d-a74a-ffb4cb6f3e6d","Rissa tridactyla",2010
"HumanObservation",2018,66.5587483333,-18.0086783333,"2018-07-06T17:05:00-07:00",NA,"Fratercula arctica","cc1a061f-edb8-44e5-b3a2-6238c2a4fd30","Fratercula arctica",2010
"HumanObservation",2022,63.4018019561,-19.1311346276,"2022-06-10T12:08:00+00:00",NA,"Fratercula arctica","cc1ec2d3-937d-4d11-9f01-81c692baad5e","Fratercula arctica",2020
"HumanObservation",2024,80.6286923236,12.9984310703,"2024-07-21T04:17:00+01:00",NA,"Physeter macrocephalus","cc2cb384-7f21-4c6a-89c8-2814ca48a628","Physeter macrocephalus",2020
"HumanObservation",2022,59.3333333,-3.0666667,"2022-07-25T15:28:00+01:00",NA,"Fratercula arctica","cc2f0516-4191-4471-a70e-0fef1f8f5f87","Fratercula arctica",2020
"HumanObservation",2017,65.5416947,-13.7540051,"2017-05-04T00:59:00+00:00",NA,"Rissa tridactyla","cc3aef7c-e7a9-4504-bc5d-f320e52e2f82","Rissa tridactyla",2010
"HumanObservation",2017,79.1067926544,11.9027411169,"2017-06-19T10:01:00+01:00",NA,"Fratercula arctica","cc44ed6a-7269-42c2-963d-debe2bd44620","Fratercula arctica",2010
"HumanObservation",2023,70.6685692545,29.771682516,"2023-05-21T15:19:01+02:00",NA,"Rissa tridactyla","cc6459ee-3b2b-4e92-8d53-aeb1c24d4a2a","Rissa tridactyla",2020
"HumanObservation",2023,78.3640632194,16.1251438786,"2023-06-02T15:20:00+02:00",NA,"Fratercula arctica","cc7f8662-7525-4b37-b4df-f3e08d60aea8","Fratercula arctica",2020
"HumanObservation",2019,58.3795897761,-5.1970700482,"2019-07-30T01:30:00+01:00",NA,"Rissa tridactyla","cc8e5576-d198-4689-956f-b7da496d9669","Rissa tridactyla",2010
"HumanObservation",2022,79.395789,28.564453,"2022-08-11T21:11:30","1","Balaenoptera musculus","cc9117fa-dad9-4f30-bc65-6e1a6be03629","Balaenoptera musculus",2020
"HumanObservation",2024,78.1988027778,15.0935194444,"2024-08-22T18:03:00+02:00",NA,"Rissa tridactyla","ccc1096a-38b9-4cbb-a3b2-fa1144cfbdd4","Rissa tridactyla",2020
"HumanObservation",2017,64.1721633333,-21.9237216667,"2017-08-15T02:50:41-07:00",NA,"Fratercula arctica","ccda6f7b-a263-452d-a097-f13bd0b3b0a2","Fratercula arctica",2010
"HumanObservation",2024,79.0096293543,11.5580233782,"2024-07-01T07:34:00+02:00",NA,"Fratercula arctica","ccdc3111-575e-47eb-9ce6-deb74e3bc67f","Fratercula arctica",2020
"HumanObservation",2022,70.3848489023,31.1873677664,"2022-04-15T10:59:00+02:00",NA,"Fratercula arctica","ccdeb25b-be77-4238-9b8c-b4db65f51dc7","Fratercula arctica",2020
"HumanObservation",2024,69.35315122,15.8406837297,"2024-06-24T17:05:00+02:00",NA,"Fratercula arctica","ccefc94d-e692-4106-8ccf-0c01a76faec0","Fratercula arctica",2020
"HumanObservation",2018,65.5422429945,-13.7564744905,"2018-08-04T17:36:00+00:00",NA,"Rissa tridactyla","ccfb9c12-3115-4ea0-9b3f-2853ab85a7db","Rissa tridactyla",2010
"HumanObservation",2017,65.5024190121,-24.5312743132,"2017-06-09T08:31:17-07:00",NA,"Fratercula arctica","ccfe929f-b0a8-4a87-b689-e9ae119380ca","Fratercula arctica",2010
"HumanObservation",2023,68.8936083876,14.9648332546,"2023-07-14T09:46:00+02:00",NA,"Fratercula arctica","cd03157f-d12a-46ee-8087-0b768912b5ab","Fratercula arctica",2020
"HumanObservation",2023,64.0705324,-22.6512494,"2023-06-15T19:43:00+00:00",NA,"Rissa tridactyla","cd251d29-e23b-4248-8b67-01bf0e7d879f","Rissa tridactyla",2020
"HumanObservation",2023,63.4033545891,-19.1073019803,"2023-08-13T17:16:07+00:00",NA,"Fratercula arctica","cd3a930d-b62e-4094-a863-510bf1c779d7","Fratercula arctica",2020
"HumanObservation",2023,65.5025055956,-24.5316633673,"2023-06-13T23:57:17+00:00",NA,"Fratercula arctica","cd484391-78d3-42ae-871e-561d92635a0d","Fratercula arctica",2020
"HumanObservation",2019,79.612414,12.959738,"2019-08-22T07:52","1","Balaenoptera musculus","cd49c03e-57a8-4243-879e-5b05c39f4ad3","Balaenoptera musculus",2010
"HumanObservation",2017,79.9234002743,11.5010269018,"2017-06-17T09:56:00+01:00",NA,"Rissa tridactyla","cd5d76af-a21c-4643-9823-afa21943a355","Rissa tridactyla",2010
"HumanObservation",2024,63.403705,-20.287375,"2024-07-16T17:39:58+00:00",NA,"Fratercula arctica","cd61e851-11f4-4e4c-a74e-e9405685d1cc","Fratercula arctica",2020
"HumanObservation",2024,66.0490066667,-22.832305,"2024-07-06T09:18:00+00:00",NA,"Fratercula arctica","cd629692-f6b5-4939-a597-7232fa0cfd3b","Fratercula arctica",2020
"HumanObservation",2023,65.5418840709,-13.7548971646,"2023-08-05T12:58:00+00:00",NA,"Fratercula arctica","cd906615-fe18-4e83-8d5c-31bf8c5d255d","Fratercula arctica",2020
"HumanObservation",2024,79.6127184624,12.6828080434,"2024-08-16T09:19:00+02:00",NA,"Rissa tridactyla","cd907eeb-4606-434c-98a8-6157f66e1c9e","Rissa tridactyla",2020
"HumanObservation",2023,65.5420411111,-13.7547898761,"2023-08-05T12:21:00+00:00",NA,"Fratercula arctica","cda16652-2cbc-47c1-adac-0f18017ced55","Fratercula arctica",2020
"HumanObservation",2024,66.1417083333,-16.9506116667,"2024-06-16T16:14:35+00:00",NA,"Fratercula arctica","cdb99b98-d1c5-4c59-835f-45386567a446","Fratercula arctica",2020
"HumanObservation",2017,79.7208258112,11.2250922675,"2017-06-18T17:23:00+01:00",NA,"Rissa tridactyla tridactyla","cdb9a8de-03ef-431f-9870-30d9af557570","Rissa tridactyla",2010
"HumanObservation",2022,65.542105,-13.754775,"2022-06-04T10:28:48+00:00",NA,"Fratercula arctica","cdc7af58-57c4-48f8-a736-3b769ad916f8","Fratercula arctica",2020
"HumanObservation",2019,58.3806174451,-5.1879856392,"2019-05-11T13:20:00-03:00",NA,"Fratercula arctica","cdcd3694-aaff-429b-ae87-e8c84562dc19","Fratercula arctica",2010
"HumanObservation",2020,62.06070283,-6.77340333,"2020-07-23T13:32:07+02:00",NA,"Fratercula arctica","cde0ea54-7b43-4110-b701-7ebe908f5d86","Fratercula arctica",2020
"HumanObservation",2017,64.146582,-21.9426354,"2017-08-15T02:00:00-07:00",NA,"Fratercula arctica","cde2180c-2388-4c2f-886a-fbb69943468b","Fratercula arctica",2010
"HumanObservation",2023,70.3147861244,31.1509314247,"2023-06-29T15:01:00+02:00",NA,"Fratercula arctica","cde648d2-148f-43d8-b88b-eda38b5241ef","Fratercula arctica",2020
"HumanObservation",2023,59.8561557097,-1.2732211918,"2023-07-05T10:56:28+01:00",NA,"Fratercula arctica","cded47bc-edda-421c-b53e-381d09f81685","Fratercula arctica",2020
"HumanObservation",2024,63.4023903892,-19.1318659981,"2024-07-23T14:13:00+00:00",NA,"Fratercula arctica","cdef07f4-0f82-481f-bc03-54c7989e9ca5","Fratercula arctica",2020
"HumanObservation",2022,64.767256,-23.616733,"2022-07-11T15:46:00+00:00",NA,"Rissa tridactyla","ce0d368b-0fbf-45b6-8d49-beea6d5b5270","Rissa tridactyla",2020
"HumanObservation",2023,64.0489691667,-16.181495,"2023-07-22T21:53:00+00:00",NA,"Rissa tridactyla","ce4426aa-3706-472c-990f-05a3739b9686","Rissa tridactyla",2020
"HumanObservation",2023,74.3482861813,19.091430812,"2023-07-19T09:37:00+02:00",NA,"Fratercula arctica","ce576f15-63ab-471f-935b-ac40210fe92b","Fratercula arctica",2020
"HumanObservation",2022,70.370622674,31.1309193474,"2022-07-19T11:53:00+02:00",NA,"Fratercula arctica","ce78d200-740d-4046-acb5-cb41ad251fe8","Fratercula arctica",2020
"HumanObservation",2024,71.141613565,25.378369457,"2024-05-23T06:32:00+02:00",NA,"Fratercula arctica","ce78e026-d177-4f43-a8ef-a29bc381d79f","Fratercula arctica",2020
"HumanObservation",2022,64.9479519844,-23.3010647432,"2022-07-25T16:49:00+00:00",NA,"Fratercula arctica","ce847aa0-d28c-4b8e-b1f6-216bb89bcb4e","Fratercula arctica",2020
"HumanObservation",2018,79.343333,9.501667,"2018-08-25T21:30:27","1","Balaenoptera physalus","ce88c846-7506-426d-9857-5e456e53ea8c","Balaenoptera physalus",2010
"HumanObservation",2024,64.1721633333,-21.96637,"2024-07-09T08:46:10+00:00",NA,"Fratercula arctica","ce9eb5d3-03aa-489a-aed1-6774578bd94a","Fratercula arctica",2020
"HumanObservation",2024,65.4995483798,-24.52610892,"2024-06-13T09:55:00+00:00",NA,"Rissa tridactyla","cea86b5f-a510-4906-9aa1-bf667e75dc5f","Rissa tridactyla",2020
"HumanObservation",2022,65.5421839286,-13.7545943958,"2022-07-08T11:31:00+00:00",NA,"Fratercula arctica","ceafd13d-8492-4a81-a316-737e8d871a2a","Fratercula arctica",2020
"HumanObservation",2024,78.8900320848,12.2414929792,"2024-07-21T15:56:21+02:00",NA,"Rissa tridactyla","cec8485f-3c83-4529-a121-bf21b5dc94e3","Rissa tridactyla",2020
"HumanObservation",2022,64.9586383333,-23.84247,"2022-06-03T13:01:00+00:00",NA,"Fratercula arctica","ced249f8-6c53-445c-88e5-b8ec1427c6fe","Fratercula arctica",2020
"HumanObservation",2022,70.1022352436,30.081980133,"2022-07-20T13:03:00+02:00",NA,"Rissa tridactyla tridactyla","cee86059-f93f-4aa5-9a40-5ce103252f56","Rissa tridactyla",2020
"HumanObservation",2024,78.448797,11.877542,"2024-07-16T11:39:19","1","Balaenoptera musculus","cef46cfc-ced6-453c-a384-1dbee2cbc632","Balaenoptera musculus",2020
"HumanObservation",2024,67.9737141975,12.8029530844,"2024-08-03T16:50:00+02:00",NA,"Rissa tridactyla","cf045ad8-7f58-4b1e-9b7c-fc434304194d","Rissa tridactyla",2020
"HumanObservation",2022,65.5418840959,-13.7545814119,"2022-07-08T11:47:00+00:00",NA,"Fratercula arctica","cf1678c9-41f1-46ab-a105-01e0c909ceca","Fratercula arctica",2020
"HumanObservation",2019,63.427717,-20.2673821,"2019-07-05T03:42:00-05:00",NA,"Fratercula arctica","cf1808ac-a590-4b71-ae30-f1dd1ca1ba47","Fratercula arctica",2010
"HumanObservation",2022,65.161596,-22.798978,"2022-07-08T20:37:00+00:00",NA,"Fratercula arctica","cf1b0ab9-df3d-4d86-ac04-bb8274774f05","Fratercula arctica",2020
"HumanObservation",2024,64.968605,-13.7572633333,"2024-09-02T15:11:36+00:00",NA,"Rissa tridactyla","cf2e2008-60c8-44ce-8a53-7d1a8aed5c5e","Rissa tridactyla",2020
"HumanObservation",2024,70.3638376979,30.8795304241,"2024-07-27T16:11:00+02:00",NA,"Rissa tridactyla","cf3e4760-c763-4d59-8040-017bb8a94ebd","Rissa tridactyla",2020
"HumanObservation",2017,65.5295415339,-13.8255705078,"2017-07-30T10:39:00+00:00",NA,"Rissa tridactyla","cf48bf94-a319-4482-a86d-d7ac616d2656","Rissa tridactyla",2010
"HumanObservation",2022,70.47143,-21.46015,"2022-05-30T08:35:00+00:00",NA,"Rissa tridactyla","cf5eb3e0-9fa3-4eef-be8a-25a04799f7f1","Rissa tridactyla",2020
"HumanObservation",2017,64.71495,-19.028362,"2017-07-15T22:00:00+00:00",NA,"Fratercula arctica","cf65b69b-8fb5-4ebe-a165-3cc8b8da7200","Fratercula arctica",2010
"HumanObservation",2024,65.5422291232,-13.7548471749,"2024-08-09T08:38:09+00:00",NA,"Fratercula arctica","cf8988be-e528-40e0-9b32-bb744c74d20e","Fratercula arctica",2020
"HumanObservation",2017,79.1074414433,11.9116675085,"2017-06-19T10:36:00+01:00",NA,"Rissa tridactyla","cf9ccf74-ab7a-4a23-833b-2bb44006917e","Rissa tridactyla",2010
"HumanObservation",2021,63.40425,-19.1030971667,"2021-08-20T12:57:18Z",NA,"Fratercula arctica","cf9db717-d015-4043-9ef8-50c90aada7aa","Fratercula arctica",2020
"HumanObservation",2022,66.1791267847,-16.9900650904,"2022-04-26T18:47:22+00:00",NA,"Fratercula arctica","cf9fe9ce-b7a6-4ff2-972a-dd01d4704bb0","Fratercula arctica",2020
"HumanObservation",2024,63.4294776917,-20.3019924164,"2024-07-19T00:36:00+00:00",NA,"Fratercula arctica","cfa333d3-d057-41b0-8f38-bbce72be4df2","Fratercula arctica",2020
"HumanObservation",2021,57.1578691109,9.0233487636,"2021-03-27T16:17:19+01:00",NA,"Rissa tridactyla","cfae1da2-9d35-46b5-b1d5-541ca57084ad","Rissa tridactyla",2020
"HumanObservation",2024,64.1546554292,-21.8546383994,"2024-05-24T07:21:00+00:00",NA,"Rissa tridactyla","cfcbbd17-1176-49bb-9b43-9454dcb49bec","Rissa tridactyla",2020
"HumanObservation",2024,70.2153413146,20.0386271834,"2024-10-10T16:13:00+02:00",NA,"Physeter macrocephalus","cfd890a6-d9f1-452d-9aa0-e3cc5d628dc2","Physeter macrocephalus",2020
"HumanObservation",2024,80.1652833333,31.6088361111,"2024-07-18T11:28:00+02:00",NA,"Rissa tridactyla","cfe74872-a045-4567-86cb-8fd71e145ed8","Rissa tridactyla",2020
"HumanObservation",2024,66.0555250927,-22.8268865123,"2024-07-02T12:01:00+00:00",NA,"Fratercula arctica","cfe85ce3-ca51-4517-a6ee-a032428cf696","Fratercula arctica",2020
"HumanObservation",2023,70.2758791571,31.1378719087,"2023-06-04T14:13:00+02:00",NA,"Fratercula arctica","cfec8358-d6a5-4cef-9eb1-b44219b2bc31","Fratercula arctica",2020
"HumanObservation",2019,80.0036966667,11.52815,"2019-07-03T15:06:00-07:00",NA,"Rissa tridactyla","cffb62ad-26e5-45d1-83ea-ef22dd34e74c","Rissa tridactyla",2010
"HumanObservation",2022,71.0530016296,25.2754724471,"2022-04-22T16:35:00+02:00",NA,"Fratercula arctica","d00fb87c-901d-4c20-a215-57d15d19d7dd","Fratercula arctica",2020
"HumanObservation",2022,78.8733331399,5.3016835767,"2022-06-28T22:53:00+00:00",NA,"Physeter macrocephalus","d020cd01-5da4-4dea-bd58-babf1f9197ef","Physeter macrocephalus",2020
"HumanObservation",2024,70.030093,21.354162,"2024-11-12T09:36:24","1","Balaenoptera physalus","d02a72ac-778c-4740-83d5-07d0934a0301","Balaenoptera physalus",2020
"HumanObservation",2023,79.458112291,13.2881254394,"2023-07-13T17:58:00+02:00",NA,"Rissa tridactyla","d039df30-dab1-40ba-983d-49dbadf77eeb","Rissa tridactyla",2020
"HumanObservation",2022,70.3893956922,31.1307861315,"2022-07-19T12:53:00+02:00",NA,"Fratercula arctica","d04fbd44-080d-4a43-bfaf-9261afc745b5","Fratercula arctica",2020
"HumanObservation",2022,65.60617,-20.636696,"2022-07-05T19:28:00+00:00",NA,"Rissa tridactyla","d051f836-52a2-4196-a734-8df8cebfbc76","Rissa tridactyla",2020
"HumanObservation",2018,66.2542879395,-17.5156420717,"2018-07-27T19:39:00+00:00",NA,"Fratercula arctica","d05b3833-edb8-4a7d-a7ff-e0adb7be4fc7","Fratercula arctica",2010
"HumanObservation",2022,63.4026220735,-19.1318221305,"2022-06-26T07:49:00+00:00",NA,"Fratercula arctica","d05dff8a-11ee-42d6-b381-87b2664b7c44","Fratercula arctica",2020
"HumanObservation",2024,63.404225,-19.103175,"2024-07-26T19:29:03+00:00",NA,"Fratercula arctica","d06eb5bf-01c6-4f14-9e0b-0fd5f8456b7c","Fratercula arctica",2020
"HumanObservation",2022,70.2611791059,31.1067753085,"2022-04-14T12:06:00+02:00",NA,"Fratercula arctica","d0713c4a-7aa2-4ae8-a61b-87194ff6c8f4","Fratercula arctica",2020
"HumanObservation",2024,63.4042245997,-19.1032705,"2024-07-25T19:04:24+00:00",NA,"Fratercula arctica","d0754984-ad9f-48df-9b4d-2caca26ff1a0","Fratercula arctica",2020
"HumanObservation",2022,70.2914571808,31.1163999017,"2022-04-14T15:26:00+02:00",NA,"Rissa tridactyla","d0836e69-ebaa-4cb7-b296-af1fc14a7986","Rissa tridactyla",2020
"HumanObservation",2017,79.711994,11.104492,"2017-07-08T21:48:41","1","Balaenoptera musculus","d0886592-c091-4906-bbfc-8a33560e6b36","Balaenoptera musculus",2010
"HumanObservation",2019,65.4985102197,-24.5245628382,"2019-07-06T07:08:00+02:00",NA,"Rissa tridactyla","d08e5a22-bd13-488b-8b72-00338e88d128","Rissa tridactyla",2010
"HumanObservation",2022,64.728800358,-23.794675024,"2022-06-24T06:28:00+00:00",NA,"Rissa tridactyla","d0958910-ae9c-449f-af39-2913f310822c","Rissa tridactyla",2020
"HumanObservation",2024,77.5535739798,15.0544563256,"2024-08-11T09:35:00+02:00",NA,"Rissa tridactyla","d0a900bb-bf13-404b-bbce-d82ef5f5e77b","Rissa tridactyla",2020
"HumanObservation",2019,58.6405505558,-3.0326239803,"2019-05-15T12:26:00-03:00",NA,"Rissa tridactyla","d0c5346a-0d51-4c92-bffa-3eab61d5f100","Rissa tridactyla",2010
"HumanObservation",2022,63.4185906942,-19.142298052,"2022-06-10T10:04:00+00:00",NA,"Rissa tridactyla","d0c956ff-bb68-441f-8138-fa5afb4ee8bf","Rissa tridactyla",2020
"HumanObservation",2018,66.2852576902,-17.5060462081,"2018-07-27T19:37:00+00:00",NA,"Fratercula arctica","d0e34eb8-4fd2-4cb8-ac1e-3a278372cc6f","Fratercula arctica",2010
"HumanObservation",2024,78.3620690269,16.0079408476,"2024-07-30T13:12:00+02:00",NA,"Fratercula arctica","d0e82c1a-4ff3-4fc8-9718-c803f52ece1d","Fratercula arctica",2020
"HumanObservation",2018,66.3105069219,-22.7950426612,"2018-08-07T21:52:00-07:00",NA,"Rissa tridactyla","d118bfbb-9dc3-47ba-80d2-eda1339788d9","Rissa tridactyla",2010
"HumanObservation",2022,65.542105,-13.7545383333,"2022-06-20T15:20:05+00:00",NA,"Fratercula arctica","d12c492e-c6b7-453a-aebd-95c2ba19ade2","Fratercula arctica",2020
"HumanObservation",2024,64.1669029657,-22.0140445724,"2024-09-09T14:19:55+00:00",NA,"Rissa tridactyla","d13cf8e5-c878-455b-8906-012c8be126a9","Rissa tridactyla",2020
"HumanObservation",2023,62.4362157035,5.768690962,"2023-06-23T20:45:00+02:00",NA,"Fratercula arctica","d14e2847-9b87-48d0-bf9a-e94fccf61b1b","Fratercula arctica",2020
"HumanObservation",2022,64.7641424149,-23.6244457215,"2022-05-07",NA,"Rissa tridactyla","d159d425-7598-456d-adff-93857c06fa85","Rissa tridactyla",2020
"HumanObservation",2024,58.6703133333,-3.3690633333,"2024-06-21T10:15:18+01:00",NA,"Fratercula arctica","d161faf4-a3b2-4ac1-b730-c883c1d2300e","Fratercula arctica",2020
"HumanObservation",2023,69.7328408901,19.0273758943,"2023-01-03T12:08:00+01:00",NA,"Rissa tridactyla","d17ec656-057b-4323-804b-5b338c463f2c","Rissa tridactyla",2020
"HumanObservation",2022,63.39937,-20.29212,"2022-07-23T20:48:53+00:00",NA,"Fratercula arctica","d18a5d18-0575-429e-8533-b12fa92c8d7a","Fratercula arctica",2020
"HumanObservation",2021,63.802905,-16.6360366667,"2021-06-05T00:10:00+00:00",NA,"Fratercula arctica","d1a1cd99-4c17-4ea4-bcbf-2fefdd3a3efa","Fratercula arctica",2020
"HumanObservation",2024,69.6223325017,18.8062512272,"2024-03-08T14:45:00+01:00",NA,"Rissa tridactyla","d1b64875-1998-4af7-92d8-c7fbac4e50f5","Rissa tridactyla",2020
"HumanObservation",2022,65.542576646,-13.7563721251,"2022-05-21T18:12:00+00:00",NA,"Rissa tridactyla","d1be0ace-d11b-4082-8455-75ff4d68b3a9","Rissa tridactyla",2020
"HumanObservation",2024,72.773,2.243,"2024-08-07","1","Physeter macrocephalus","d1c03ec5-4ff1-4505-b51c-ffca93fe3177","Physeter macrocephalus",2020
"HumanObservation",2018,66.536168379,-16.0269927979,"2018-07-18T19:39:00-04:00",NA,"Fratercula arctica","d1ebeb05-8723-49df-9017-27d64943d5bc","Fratercula arctica",2010
"HumanObservation",2024,63.402325,-19.0363971667,"2024-07-29T15:33:55+00:00",NA,"Fratercula arctica","d1faf905-d561-4995-9f3b-fbf06608b0d8","Fratercula arctica",2020
"HumanObservation",2024,70.2235184285,31.1957800336,"2024-05-16T09:53:00+02:00",NA,"Rissa tridactyla","d1fe4285-a1a6-41fa-9d2a-bb58c9acf44a","Rissa tridactyla",2020
"HumanObservation",2018,66.0281050494,-17.4716914822,"2018-07-31T15:14:00+00:00",NA,"Fratercula arctica","d20e5434-538c-41ad-a47b-fa1d60a0be20","Fratercula arctica",2010
"HumanObservation",2024,79.124344095,11.5013902657,"2024-08-14T20:02:00+02:00",NA,"Fratercula arctica","d2151e39-ccc1-442e-ace0-19f9e9081ccd","Fratercula arctica",2020
"HumanObservation",2024,70.030093,21.354162,"2024-11-11T09:36:52","1","Balaenoptera physalus","d218b2d6-e5b9-48c0-a925-fcaa201d4901","Balaenoptera physalus",2020
"HumanObservation",2018,65.5911990434,-13.6311647207,"2018-08-05T10:07:00-04:00",NA,"Fratercula arctica","d228d93c-a30f-44b3-9eb9-9ecd0c274d45","Fratercula arctica",2010
"HumanObservation",2019,66.1,-17.5,"2019-06-11T18:08:41","1","Balaenoptera musculus","d2320a01-e82e-4b2c-9f31-7a5b180cbb12","Balaenoptera musculus",2010
"HumanObservation",2022,59.5335416667,-1.6015816667,"2022-07-20T08:05:00+01:00",NA,"Fratercula arctica","d26171e2-a68f-435e-9f0a-87f1e5860f8a","Fratercula arctica",2020
"HumanObservation",2023,58.6090477997,-3.3484463997,"2023-05-26T22:04:30+01:00",NA,"Fratercula arctica","d2638c12-ee5b-4097-97f3-605900bafbd5","Fratercula arctica",2020
"HumanObservation",2018,63.419531203,-19.1481969156,"2018-08-14T11:29:00-07:00",NA,"Fratercula arctica","d2691697-f380-45e8-aa26-50ed7f150ef0","Fratercula arctica",2010
"HumanObservation",2024,70.3020276064,31.0251412765,"2024-06-14T12:25:00+02:00",NA,"Fratercula arctica","d26c2b2b-3acc-4f41-8220-4580b65f6795","Fratercula arctica",2020
"HumanObservation",2018,64.0466,-16.1799883333,"2018-08-13T09:48:00-07:00",NA,"Rissa tridactyla","d2718e9e-6802-4b3c-8dbb-27562c6d34c5","Rissa tridactyla",2010
"HumanObservation",2022,63.039885009,7.2912747564,"2022-09-06T13:35:00+02:00",NA,"Rissa tridactyla","d27bc3f9-1e04-4fa5-af1c-fffaa23422f8","Rissa tridactyla",2020
"HumanObservation",2019,79.66931,13.902338,"2019-07-18T17:55:11","1","Balaenoptera musculus","d2855dc4-f526-46cc-ab03-711b82427603","Balaenoptera musculus",2010
"HumanObservation",2023,69.7315827842,18.822163257,"2023-07-08T21:25:00+02:00",NA,"Rissa tridactyla","d287ebb3-761f-4755-9b99-38dc0c7bbc19","Rissa tridactyla",2020
"HumanObservation",2019,78.515755,12.76586,"2019-07-04T08:31:00-07:00",NA,"Rissa tridactyla","d28b509f-1bb8-4e2b-b4a5-7d5067cdc361","Rissa tridactyla",2010
"HumanObservation",2022,64.7682433161,-23.6189328078,"2022-06-03T21:35:00+00:00",NA,"Rissa tridactyla","d2c774fd-a560-4558-995c-cc2e22b56906","Rissa tridactyla",2020
"HumanObservation",2022,64.1479329668,-21.9231901081,"2022-11-09T16:34:28+00:00",NA,"Rissa tridactyla","d2c7d9fa-30d0-4e57-8a1e-f3e8126bdfe3","Rissa tridactyla",2020
"HumanObservation",2023,78.5059163671,14.5236160943,"2023-06-05T12:14:00+02:00",NA,"Fratercula arctica","d2d7c5ed-bd79-4142-b2cc-bf91ceca60d6","Fratercula arctica",2020
"HumanObservation",2024,64.7277655214,-23.8016276716,"2024-07-03T14:08:00+00:00",NA,"Rissa tridactyla","d2e949af-9e90-46b4-ac4f-21041ad6fdaa","Rissa tridactyla",2020
"HumanObservation",2022,63.4139687127,-19.0240412622,"2022-06-30T12:42:00+00:00",NA,"Fratercula arctica","d2efb65f-ac5e-438e-bf05-fc27ca2a2731","Fratercula arctica",2020
"HumanObservation",2024,70.8218634262,29.161573677,"2024-06-23T23:01:00+02:00",NA,"Rissa tridactyla","d2ff0f87-1132-4485-a323-59896a60f605","Rissa tridactyla",2020
"HumanObservation",2019,64.08404083,-21.8844439743,"2019-07-04T04:06:00-05:00",NA,"Fratercula arctica","d3008337-16f3-4f1f-a904-dc3cab40e6e6","Fratercula arctica",2010
"HumanObservation",2023,79.825610884,11.3349927709,"2023-07-12T13:26:00+02:00",NA,"Fratercula arctica","d31e1c47-bd4d-464e-a04e-ab5f03f962c8","Fratercula arctica",2020
"HumanObservation",2023,66.081892,-17.551167,"2023-06-15T11:00","1","Balaenoptera musculus","d330be69-6798-40f2-b74e-b90466fa4ebb","Balaenoptera musculus",2020
"HumanObservation",2023,65.5422625,-13.7550397222,"2023-08-05T12:41:00+00:00",NA,"Rissa tridactyla","d34140dc-5ecd-4eb9-b7af-4823d64d8109","Rissa tridactyla",2020
"HumanObservation",2022,63.404760736,-19.0976827995,"2022-08-05T10:06:00+00:00",NA,"Rissa tridactyla","d342b2cb-b9d6-40d8-9f25-297d12b4e62e","Rissa tridactyla",2020
"HumanObservation",2021,63.8360033333,-22.1358445,"2021-08-02T23:44:13+00:00",NA,"Fratercula arctica","d34400fd-0fd3-4d06-8d19-d58f08df9f3f","Fratercula arctica",2020
"HumanObservation",2024,65.035584301,-23.812408469,"2024-08-02T08:18:14+00:00",NA,"Rissa tridactyla","d35c029e-7ac4-4b00-9da0-ab8250f24272","Rissa tridactyla",2020
"HumanObservation",2022,64.1753255623,-21.9545187288,"2022-07-29T16:39:00+00:00",NA,"Fratercula arctica","d3670f59-9768-4a1f-80f4-361c21f2b176","Fratercula arctica",2020
"HumanObservation",2023,70.2979314272,31.1048505564,"2023-06-23T16:19:00+02:00",NA,"Fratercula arctica","d36ddeb8-38de-4fb5-96cc-6832747d6aac","Fratercula arctica",2020
"HumanObservation",2021,69.8687435382,18.7970017331,"2021-07-28T19:19:00+02:00",NA,"Fratercula arctica","d3713c02-3797-457b-8178-62e7f5848512","Fratercula arctica",2020
"HumanObservation",2022,72.071172552,-12.9275988986,"2022-08-11T10:43:14-01:00",NA,"Balaenoptera physalus","d3718a8f-dd3f-42c9-a89f-476057196fc6","Balaenoptera physalus",2020
"HumanObservation",2024,66.5423027778,-18.0171666667,"2024-05-29T09:20:00+00:00",NA,"Rissa tridactyla","d37ad277-db55-44dd-8e90-e8d3b9078888","Rissa tridactyla",2020
"HumanObservation",2024,70.971468,-8.698627,"2024-06-27T13:56:14+02:00",NA,"Fratercula arctica","d384fc26-118d-49c3-bc2e-a77397206a76","Fratercula arctica",2020
"HumanObservation",2019,62.4019092169,6.1640442156,"2019-08-01T00:22:00+02:00",NA,"Rissa tridactyla","d388bb81-a6a3-453d-90bd-740b5f06523c","Rissa tridactyla",2010
"HumanObservation",2023,70.2005551765,31.0845195749,"2023-06-23T16:19:00+02:00",NA,"Fratercula arctica","d38dff78-5618-480d-b732-257ad8019a96","Fratercula arctica",2020
"HumanObservation",2020,57.1574999961,9.0258331597,"2020-08-08T16:03:37+02:00",NA,"Rissa tridactyla","d3ace7e1-d337-4cf0-8e6d-91c8f4cc0530","Rissa tridactyla",2020
"HumanObservation",2023,65.542569,-13.755936,"2023-08-11T08:06:00+00:00",NA,"Rissa tridactyla","d3ad42e2-4550-4cd3-a199-cef43fb875bc","Rissa tridactyla",2020
"HumanObservation",2018,65.3780483333,-22.9087283333,"2018-06-28T08:45:00-07:00",NA,"Fratercula arctica","d3b0abca-6cab-44d4-8233-3d337627adc6","Fratercula arctica",2010
"HumanObservation",2017,58.3831805556,-5.2058472222,"2017-07-22T13:20:00+01:00",NA,"Fratercula arctica","d3bb1737-c765-4b5e-8d36-523e372519a1","Fratercula arctica",2010
"HumanObservation",2022,66.1631875,-17.8412605,"2022-07-13T17:37:00+00:00",NA,"Fratercula arctica","d3bc0d4e-dcfd-4006-8eb7-62e5066771f3","Fratercula arctica",2020
"HumanObservation",2023,70.3758557311,31.0798442971,"2023-06-23T16:32:00+02:00",NA,"Fratercula arctica","d3d28959-f501-4b67-a3e5-1b90f45808f4","Fratercula arctica",2020
"HumanObservation",2019,64.1863783333,-21.8341616667,"2019-08-04T13:04:36Z",NA,"Fratercula arctica","d3db1320-4f2c-4cab-b679-cf7ba03f4a84","Fratercula arctica",2010
"HumanObservation",2017,79.5589709447,11.0895906692,"2017-06-15T13:42:00+01:00",NA,"Rissa tridactyla","d3df9da7-7af9-413c-a7a8-5b328afd043b","Rissa tridactyla",2010
"HumanObservation",2022,70.2835712241,31.0663705988,"2022-07-02T14:27:00+02:00",NA,"Fratercula arctica","d3fbc225-7e8b-4807-827d-b62f1a2f37f9","Fratercula arctica",2020
"HumanObservation",2024,60.1148498756,-1.1109499368,"2024-05-25T13:15:00+01:00",NA,"Rissa tridactyla","d43cc1c1-6afc-491b-978d-b8bdc29b8833","Rissa tridactyla",2020
"HumanObservation",2018,66.0517598909,-22.8268151414,"2018-08-08T17:48:00-07:00",NA,"Fratercula arctica","d4554e58-7644-46ce-9e90-29b45d48de07","Fratercula arctica",2010
"HumanObservation",2024,59.5523904633,-1.610238371,"2024-05-29T15:29:00+01:00",NA,"Fratercula arctica","d45e6789-ba2e-4142-aa24-06673c52a477","Fratercula arctica",2020
"HumanObservation",2017,58.3835416667,-5.2051138889,"2017-07-22T13:10:00+01:00",NA,"Fratercula arctica","d46381d1-9681-4ced-bc10-f977a9aa1e70","Fratercula arctica",2010
"HumanObservation",2024,63.4080430477,-19.0031769499,"2024-07-07T08:17:29+00:00",NA,"Fratercula arctica","d4680bef-4c6f-4260-a23b-c757c5e6051a","Fratercula arctica",2020
"HumanObservation",2024,70.3224526266,31.1498658752,"2024-06-18T08:17:00+02:00",NA,"Rissa tridactyla","d47788aa-2b2b-409c-99b7-37601131f407","Rissa tridactyla",2020
"HumanObservation",2022,65.5422133333,-13.7550116667,"2022-05-28T18:47:30+00:00",NA,"Fratercula arctica","d495a84c-0ec8-4220-90a6-83e799dea03e","Fratercula arctica",2020
"HumanObservation",2022,66.158662,-17.847238,"2022-07-13T17:10:00+00:00",NA,"Fratercula arctica","d49832d5-6fc5-47cd-9ef2-7ceccb05b6b8","Fratercula arctica",2020
"HumanObservation",2020,67.9604679891,12.928101588,"2020-08-09T14:36:00+02:00",NA,"Rissa tridactyla","d4a25df0-08c7-4e13-9a0d-b41b429223b0","Rissa tridactyla",2020
"HumanObservation",2020,59.8543369,-1.2745718,"2020-06-02T12:53:00+01:00",NA,"Fratercula arctica","d4c1010e-cc55-4115-a8b5-4dac813d6f1c","Fratercula arctica",2020
"HumanObservation",2024,62.1021835461,-7.6470528679,"2024-07-09T10:08:27+01:00",NA,"Rissa tridactyla","d4d0f956-857b-400e-baeb-8131a4e2ba30","Rissa tridactyla",2020
"HumanObservation",2021,66.2564117594,-15.3361277942,"2021-07-17T13:29:23+00:00",NA,"Fratercula arctica","d4ee9693-e14b-49b0-a120-48f8cad32f48","Fratercula arctica",2020
"HumanObservation",2021,78.19704,14.873657,"2021-08-18T18:20:43","1","Balaenoptera physalus","d4f59a78-6701-4afb-866b-1bf820a2d2d3","Balaenoptera physalus",2020
"HumanObservation",2017,65.502542,-24.531585,"2017-07-07T13:11:17+00:00",NA,"Fratercula arctica","d4f7cdd7-c311-4161-a32d-33f352ade271","Fratercula arctica",2010
"HumanObservation",2020,60.7384,-8.9364,"2020-08-24",NA,"Fratercula arctica","d4f845a0-4f7a-4cad-a33a-c2d0e376fb91","Fratercula arctica",2020
"HumanObservation",2022,70.2253090609,31.0732128483,"2022-07-19T13:54:00+02:00",NA,"Fratercula arctica","d4fc2245-8546-45f0-8895-5f5622c7731b","Fratercula arctica",2020
"HumanObservation",2022,64.0493176246,-16.190382046,"2022-06-27T04:47:00+00:00",NA,"Rissa tridactyla","d532c46f-346d-4519-af66-a260673e476d","Rissa tridactyla",2020
"HumanObservation",2018,78.4295601991,16.3779860298,"2018-07-29T23:15:00+02:00",NA,"Fratercula arctica","d538fab6-9a80-4f1a-a0f0-8856019401cd","Fratercula arctica",2010
"HumanObservation",2022,78.344997938,14.3356420723,"2022-07-01T08:48:52+02:00",NA,"Fratercula arctica","d54982e2-8b7b-4c22-a9d2-d58c28051cf0","Fratercula arctica",2020
"HumanObservation",2022,62.5088237879,6.1023187031,"2022-09-12T05:46:00+02:00",NA,"Rissa tridactyla","d55851a7-f708-463b-8385-22ee42b58d2a","Rissa tridactyla",2020
"HumanObservation",2024,62.1022212359,-7.6469192588,"2024-07-01T13:56:12+01:00",NA,"Rissa tridactyla","d55ab9e9-fe51-4f53-9480-4e6b601bc822","Rissa tridactyla",2020
"HumanObservation",2024,66.1380556,-16.9491667,"2024-08-14T05:28:00+00:00",NA,"Fratercula arctica","d57dba57-0c36-41cb-b7b5-a04b5d91068a","Fratercula arctica",2020
"HumanObservation",2023,78.2119337262,13.8698774334,"2023-07-01T10:43:00+02:00",NA,"Fratercula arctica","d5e0ddd1-5e68-48b8-badd-720214de8be5","Fratercula arctica",2020
"HumanObservation",2018,78.9370464403,21.5943868973,"2018-05-27T13:41:00+02:00",NA,"Rissa tridactyla","d5e47249-d657-473b-92f6-b260868113d4","Rissa tridactyla",2010
"HumanObservation",2019,65.5026963135,-24.5316118933,"2019-07-28T13:56:01+03:00",NA,"Fratercula arctica","d5e5a14e-4e2e-4e17-a59b-a85a85e8cdc1","Fratercula arctica",2010
"HumanObservation",2022,78.2667383333,21.9212533333,"2022-06-19T12:06:00+02:00",NA,"Rissa tridactyla","d6032b0b-d470-4d70-9e5e-daafa342d717","Rissa tridactyla",2020
"HumanObservation",2023,79.3082501657,21.9782004908,"2023-07-06T14:43:00+02:00",NA,"Rissa tridactyla","d609d468-3f67-45d0-9210-89ec78cdc584","Rissa tridactyla",2020
"HumanObservation",2021,65.5025723,-24.5316982,"2021-07-01T15:39:00-04:00",NA,"Fratercula arctica","d60eacdb-4494-4c99-b674-02e916490a1f","Fratercula arctica",2020
"HumanObservation",2019,62.5726718897,5.4330658512,"2019-07-12T21:15:00+02:00",NA,"Fratercula arctica","d6106031-c0a5-4387-9eb4-c2b8afa774a5","Fratercula arctica",2010
"HumanObservation",2022,65.4999481858,-24.5268336943,"2022-06-12T18:18:00+00:00",NA,"Fratercula arctica","d618b272-31b6-4b81-84be-aa52aa292f31","Fratercula arctica",2020
"HumanObservation",2020,61.4591,-22.7059,"2020-08-25",NA,"Balaenoptera physalus","d6385859-5c1f-4f67-9d76-51dbbba11a6c","Balaenoptera physalus",2020
"HumanObservation",2022,63.4042033333,-19.1032388333,"2022-07-14T00:12:16+00:00",NA,"Fratercula arctica","d652e411-1d68-44fe-a48a-4b2bee4e3571","Fratercula arctica",2020
"MachineObservation",2020,76.61843,9.694692,"2020-09-12T22:21",NA,"Physeter macrocephalus","d65566ed-6bf2-48bd-9d64-76325bf5910b","Physeter macrocephalus",2020
"HumanObservation",2024,63.4037552796,-20.2869697497,"2024-05-04T21:42:00+00:00",NA,"Fratercula arctica","d6597525-e861-4520-b761-28ae0d1279b3","Fratercula arctica",2020
"HumanObservation",2024,64.520275774,-23.3536670832,"2024-05-23T19:13:00+00:00",NA,"Fratercula arctica","d65e3a04-a173-4f13-b580-31722617c9b6","Fratercula arctica",2020
"HumanObservation",2023,62.4031731994,5.4064788194,"2023-07-24T23:42:00+02:00",NA,"Fratercula arctica","d667bcf1-48fb-4210-a6d7-87e579fb8f07","Fratercula arctica",2020
"HumanObservation",2019,58.6437906263,-3.0243686523,"2019-05-18T11:07:12+01:00",NA,"Fratercula arctica","d66f0247-62f9-44b7-abff-baa00db9581f","Fratercula arctica",2010
"HumanObservation",2024,66.0554547,-22.8289032,"2024-07-21T15:28:00+00:00",NA,"Fratercula arctica","d685382c-1d98-4584-8c3a-1f9843c8905c","Fratercula arctica",2020
"HumanObservation",2017,66.3860860643,-14.8519395788,"2017-07-29T12:46:00+00:00",NA,"Rissa tridactyla","d68c00af-9ee9-4656-9004-af1dd5138956","Rissa tridactyla",2010
"HumanObservation",2017,65.502542,-24.531585,"2017-07-07T14:04:07+00:00",NA,"Fratercula arctica","d69b2cec-9c38-482e-b5d2-5f834ebafa2d","Fratercula arctica",2010
"HumanObservation",2023,68.9204551202,14.6218279258,"2023-07-14T10:08:00+02:00",NA,"Fratercula arctica","d6b0283f-cff0-48ea-9644-bb0b81e39c84","Fratercula arctica",2020
"HumanObservation",2023,66.075622,-19.253943,"2023-06-11T11:56:00+00:00",NA,"Rissa tridactyla","d6b28421-16a9-4ba1-b693-8f6a6c781244","Rissa tridactyla",2020
"HumanObservation",2018,71.0121471384,25.6275975939,"2018-08-24T16:01:00+02:00",NA,"Rissa tridactyla","d6c1b691-8b4c-4345-bb3c-96eca54b8841","Rissa tridactyla",2010
"HumanObservation",2023,64.7678833333,-23.6167666667,"2023-06-02T13:17:51+00:00",NA,"Rissa tridactyla","d6db2bb5-97b3-4d5c-8ec9-af44b3d44b83","Rissa tridactyla",2020
"HumanObservation",2023,70.2001429953,31.0866067047,"2023-06-23T14:53:00+02:00",NA,"Rissa tridactyla","d6f9130f-c1ad-4172-8f98-d1fbd3e99036","Rissa tridactyla",2020
"HumanObservation",2023,78.2667154844,21.918546204,"2023-07-15T09:09:00+02:00",NA,"Rissa tridactyla","d7140876-b463-42e9-acb3-8e2aea2ff3f8","Rissa tridactyla",2020
"HumanObservation",2019,62.5119151819,5.5666196509,"2019-07-12T21:07:00+02:00",NA,"Fratercula arctica","d73cff86-d7a4-4fee-a2b3-89f9b41b952b","Fratercula arctica",2010
"HumanObservation",2022,63.4155897502,-19.0000261542,"2022-06-21T11:30:00+00:00",NA,"Fratercula arctica","d7480ca6-9dae-49ab-905c-bb01d2057de0","Fratercula arctica",2020
"HumanObservation",2019,60.2213533333,-2.9160133333,"2019-08-06T11:32:00-05:00",NA,"Rissa tridactyla","d74edef6-5458-4ff4-ab9f-59fb5dfe4618","Rissa tridactyla",2010
"HumanObservation",2024,66.0151147622,-17.7632594701,"2024-07-13T20:33:27+00:00",NA,"Fratercula arctica","d7659d9c-0131-4138-917a-1f5cddbb107f","Fratercula arctica",2020
"HumanObservation",2018,66.5274516667,-17.981625,"2018-07-06T22:06:00-07:00",NA,"Fratercula arctica","d7668721-15a4-4988-ba51-91f52df14c11","Fratercula arctica",2010
"HumanObservation",2020,64.963051,-19.020835,"2020-06-22T18:45:00+02:00",NA,"Rissa tridactyla","d783d1c2-11fd-4042-8c39-e78e099db73b","Rissa tridactyla",2020
"HumanObservation",2023,59.8561966667,-1.273005,"2023-06-30T10:47:48+01:00",NA,"Fratercula arctica","d78b46ac-9e4b-44e3-bb93-a881ffbdbd9b","Fratercula arctica",2020
"HumanObservation",2023,65.3801301365,-22.9531115223,"2023-06-22T12:39:00+00:00",NA,"Fratercula arctica","d79c02e3-66e6-4cc5-bb05-74452e0f45ba","Fratercula arctica",2020
"HumanObservation",2017,79.1060140573,11.9027411169,"2017-06-19T10:01:00+01:00",NA,"Fratercula arctica","d7d48d31-770e-44ea-af04-afa58ef69c46","Fratercula arctica",2010
"HumanObservation",2024,67.8638507238,12.8043547881,"2024-07-29T22:12:58+02:00",NA,"Rissa tridactyla","d7ec454d-d43d-4cdf-a3a0-0aac60689fd8","Rissa tridactyla",2020
"HumanObservation",2023,70.3091335251,31.1651516395,"2023-06-23T14:53:00+02:00",NA,"Rissa tridactyla","d7ec8c52-474e-45ba-b1ee-a3bf508e7280","Rissa tridactyla",2020
"HumanObservation",2020,79.1308611,11.8413333,"2020-07-26",NA,"Fratercula arctica","d7fce873-8ee0-4d8a-b433-7ed46ff26f35","Fratercula arctica",2020
"HumanObservation",2023,70.3887665263,31.1368207316,"2023-06-23T16:37:00+02:00",NA,"Fratercula arctica","d80298c8-0cfb-447b-862b-f108d485c003","Fratercula arctica",2020
"HumanObservation",2022,68.1435561816,13.3899418446,"2022-05-16",NA,"Rissa tridactyla","d80dafeb-ca0b-419f-804b-7348d07f27be","Rissa tridactyla",2020
"HumanObservation",2019,65.5422538197,-13.756322745,"2019-06-10T21:00:00+02:00",NA,"Fratercula arctica","d8273efa-6526-4a80-ad7a-b0ec04f76777","Fratercula arctica",2010
"HumanObservation",2020,61.0329,-12.358,"2020-08-24",NA,"Balaenoptera physalus","d84760ef-a895-4a30-a73b-1e4a639a14ca","Balaenoptera physalus",2020
"HumanObservation",2024,63.4112383333,-19.0223638333,"2024-05-03T22:54:04+00:00",NA,"Fratercula arctica","d84e447e-47a9-483d-8aec-affb3fae00d9","Fratercula arctica",2020
"HumanObservation",2023,78.9309648352,11.9449611465,"2023-09-07T11:29:00+02:00",NA,"Rissa tridactyla","d85dfcf3-33ba-4ea1-bc47-c5a3d69c6140","Rissa tridactyla",2020
"HumanObservation",2023,70.3169076331,31.0852974157,"2023-06-23T17:39:00+02:00",NA,"Rissa tridactyla","d886752a-a91b-4e10-bef9-6a165eb06ced","Rissa tridactyla",2020
"HumanObservation",2018,63.4054552907,-19.0620399168,"2018-08-13T14:34:00+00:00",NA,"Fratercula arctica","d88cd019-6583-42c4-bb73-1f8a56f63919","Fratercula arctica",2010
"HumanObservation",2024,59.1073471667,-3.3513866667,"2024-07-25T11:54:00+01:00",NA,"Fratercula arctica","d89c73df-5fdf-4b94-8c76-f951e087192b","Fratercula arctica",2020
"HumanObservation",2019,65.5414505003,-13.7535963058,"2019-06-28T19:27:17+02:00",NA,"Fratercula arctica","d8b7830b-c526-4c5d-9b50-427da230e2e1","Fratercula arctica",2010
"HumanObservation",2021,58.5649878771,-3.8470711887,"2021-06-28T17:41:00+01:00",NA,"Fratercula arctica","d8c42cf0-0e48-498a-a03c-125f289981c0","Fratercula arctica",2020
"HumanObservation",2024,62.077975,-7.4200472222,"2024-07-23T10:52:57+01:00",NA,"Fratercula arctica","d8c51eac-977a-43ab-b90a-eb409fc12873","Fratercula arctica",2020
"HumanObservation",2022,70.244032996,31.0101556728,"2022-07-19T12:34:00+02:00",NA,"Fratercula arctica","d8d7f9c1-858a-4b16-a872-b0329df5878b","Fratercula arctica",2020
"HumanObservation",2024,79.6345518684,11.570837335,"2024-07-26T10:02:00+02:00",NA,"Rissa tridactyla","d8f29ca1-03d6-4365-bbd2-d1d42f8db9ca","Rissa tridactyla",2020
"HumanObservation",2022,70.2587727969,31.0513752503,"2022-04-14T16:07:00+02:00",NA,"Fratercula arctica","d9102b91-ba4b-41de-97da-121572034da0","Fratercula arctica",2020
"HumanObservation",2024,65.5417866667,-13.7544883333,"2024-05-22T11:00:34+00:00",NA,"Fratercula arctica","d9284acd-8b4a-4c3f-884d-e0862fffa0c2","Fratercula arctica",2020
"HumanObservation",2017,65.4973893082,-24.3986050385,"2017-07-14T04:33:32-07:00",NA,"Fratercula arctica","d929341a-9e5b-410d-a7e5-d30d548d1124","Fratercula arctica",2010
"HumanObservation",2024,66.54625,-18.0218111667,"2024-06-12T08:55:47+00:00",NA,"Fratercula arctica","d92be21c-ba23-4afe-839e-7c9b6bca40c5","Fratercula arctica",2020
"HumanObservation",2018,59.8561951703,-1.2730692562,"2018-06-16T22:36:00+01:00",NA,"Fratercula arctica","d935c7f2-3bb5-4aaa-b0d2-18690e8ac81d","Fratercula arctica",2010
"HumanObservation",2024,69.9700998057,18.8784141263,"2024-11-10T11:35:05+01:00",NA,"Balaenoptera physalus","d93b7688-a16f-4504-9d23-cf2af99b8985","Balaenoptera physalus",2020
"HumanObservation",2017,78.1945746119,15.1607891545,"2017-04-12T17:28:38+02:00",NA,"Rissa tridactyla","d94592a0-eedd-4357-9ad2-4f8942ab7604","Rissa tridactyla",2010
"HumanObservation",2023,80.8582086663,19.4931044403,"2023-09-10T09:19:44+02:00",NA,"Rissa tridactyla","d9634ad6-17cb-4dae-b1d8-e7374a2e651a","Rissa tridactyla",2020
"HumanObservation",2024,60.1407239264,-1.1281194566,"2024-06-02T10:25:00+01:00",NA,"Rissa tridactyla","d9823b87-651f-44b4-9da4-fe9df47f7842","Rissa tridactyla",2020
"HumanObservation",2022,62.4800017801,5.636169094,"2022-06-01T18:44:00+02:00",NA,"Fratercula arctica","d9831844-2b6a-48e9-a5ac-91a059e73a3c","Fratercula arctica",2020
"HumanObservation",2024,64.7700583333,-23.6177366667,"2024-03-25T19:13:27+00:00",NA,"Rissa tridactyla","d99827b7-2b5d-4e20-9061-bb33457f24ed","Rissa tridactyla",2020
"HumanObservation",2024,59.4848520174,-1.8737952645,"2024-05-29T09:21:00+01:00",NA,"Rissa tridactyla","d9aaea9d-181a-44d7-be83-5d36267db60f","Rissa tridactyla",2020
"HumanObservation",2022,66.5549684456,-18.005503218,"2022-07-11T08:27:00+00:00",NA,"Rissa tridactyla","d9b5ecc1-2abe-4adb-81ce-de9a659e5d67","Rissa tridactyla",2020
"HumanObservation",2022,64.8637445,-24.0390765,"2022-07-11T17:26:00+00:00",NA,"Fratercula arctica","d9b72c1a-ed2f-408e-af5e-1fedadd02491","Fratercula arctica",2020
"HumanObservation",2024,65.5417660123,-13.754567225,"2024-07-20T16:57:50+00:00",NA,"Fratercula arctica","d9bc4273-2574-40c4-93ec-becaf36e84f7","Fratercula arctica",2020
"HumanObservation",2019,63.8695398389,-17.1007041839,"2019-07-18T11:00:00+00:00",NA,"Fratercula arctica","d9c13a00-4ed4-4140-8007-65b0ee9c0acd","Fratercula arctica",2010
"HumanObservation",2020,59.18175,-2.625233,"2020-09-19T14:00:00",NA,"Balaenoptera physalus","d9fe1438-5dcb-41fc-bc18-232a5e83aa7d","Balaenoptera physalus",2020
"HumanObservation",2022,70.2149385898,31.0128194003,"2022-07-19T12:09:00+02:00",NA,"Fratercula arctica","da0b7d59-5ccb-4809-b986-a14cf4deaba0","Fratercula arctica",2020
"HumanObservation",2022,64.1874035199,-21.8305976524,"2022-06-07T15:55:30+00:00",NA,"Fratercula arctica","da399316-bed2-419a-99c7-821e737d0b5d","Fratercula arctica",2020
"HumanObservation",2022,67.9464102042,12.989607229,"2022-06-16T10:00:00+02:00",NA,"Fratercula arctica","da68a025-7c3e-4d87-939e-73313f285fab","Fratercula arctica",2020
"HumanObservation",2024,63.4035506997,-20.2871480997,"2024-08-19T13:00:42+00:00",NA,"Fratercula arctica","da72b699-1aeb-4519-8e1e-84568055a0c0","Fratercula arctica",2020
"HumanObservation",2019,65.4992832354,-24.525575105,"2019-07-05T16:27:00+02:00",NA,"Rissa tridactyla","da7fa786-afd6-4ab2-b939-73980485376c","Rissa tridactyla",2010
"HumanObservation",2022,64.7524368851,-23.6434202767,"2022-07-08T06:40:00+00:00",NA,"Rissa tridactyla","da83634a-9af8-487e-9bd3-e17be57ec346","Rissa tridactyla",2020
"HumanObservation",2024,65.5010059573,-24.52804857,"2024-05-11T18:37:00+00:00",NA,"Rissa tridactyla","da9f093e-0628-4f21-800a-1bf952a90b7a","Rissa tridactyla",2020
"HumanObservation",2023,59.8546447754,-1.2743498087,"2023-07-03T11:34:56+01:00",NA,"Fratercula arctica","daa9fd57-c423-4459-9a79-e230fbfa5737","Fratercula arctica",2020
"HumanObservation",2021,63.4048039795,-19.101853561,"2021-08-13T15:00:42+00:00",NA,"Fratercula arctica","dab7e0eb-fc3c-4b06-a7b6-cacc5284c932","Fratercula arctica",2020
"HumanObservation",2024,63.4414333333,-19.0561722222,"2024-06-26T16:07:30+00:00",NA,"Fratercula arctica","dab86bce-cfb7-42e5-936f-bd291bb29eb7","Fratercula arctica",2020
"HumanObservation",2017,58.3868416667,-5.1965638889,"2017-07-22T14:30:00+01:00",NA,"Fratercula arctica","dafa7b4f-e9d0-4386-901d-6ca78296000c","Fratercula arctica",2010
"HumanObservation",2018,63.4111720557,-19.1288495064,"2018-06-17T16:27:13Z",NA,"Fratercula arctica","db045053-857e-46c1-b0a5-ced24a95b2aa","Fratercula arctica",2010
"HumanObservation",2019,59.1861078164,-2.7542766665,"2019-07-17T04:18:00-07:00",NA,"Rissa tridactyla","db203ced-6216-49f9-b252-0d2407f9fb1e","Rissa tridactyla",2010
"HumanObservation",2024,69.6789794861,18.950189101,"2024-03-15T12:54:00+01:00",NA,"Rissa tridactyla","db20fb33-33da-4fba-a132-b6e64ad0e32f","Rissa tridactyla",2020
"HumanObservation",2023,64.9169580292,-23.887454279,"2023-05-31T14:51:00+00:00",NA,"Fratercula arctica","db2fd7b3-5fac-4378-afbc-6dfbdb79c642","Fratercula arctica",2020
"HumanObservation",2024,62.1072562379,-7.435105924,"2024-05-04T20:03:00+01:00",NA,"Fratercula arctica","db321440-e84c-4558-9c29-cf322727a399","Fratercula arctica",2020
"HumanObservation",2019,68.198467323,13.3889754852,"2019-08-10T13:36:32+02:00",NA,"Rissa tridactyla","db323fc8-e54d-4b37-874d-892c7ff567c5","Rissa tridactyla",2010
"HumanObservation",2022,78.2613978907,11.578157647,"2022-06-24T23:19:00+02:00",NA,"Balaenoptera physalus","db3da9f1-a916-4021-8591-5713b2bc3f60","Balaenoptera physalus",2020
"HumanObservation",2022,64.2845201416,-22.5109535116,"2022-08-29T09:43:00+00:00",NA,"Rissa tridactyla","db410eae-6c0b-441a-acd8-209eeadb1f8b","Rissa tridactyla",2020
"HumanObservation",2023,70.2755407941,31.0710103215,"2023-06-23T16:57:00+02:00",NA,"Fratercula arctica","db4cb5e2-7876-4941-93cd-06a56737be91","Fratercula arctica",2020
"HumanObservation",2022,63.411142719,-20.2834323357,"2022-09-03T15:09:00+00:00",NA,"Fratercula arctica","db4d54c0-e219-4104-a442-96d2a631def2","Fratercula arctica",2020
"HumanObservation",2023,58.6454565977,-3.5242550508,"2023-08-16T05:47:00+01:00",NA,"Fratercula arctica","db52a650-1f5e-466d-9fc6-570ff7a40bf2","Fratercula arctica",2020
"HumanObservation",2022,63.4138844998,-19.0116567537,"2022-07-16",NA,"Fratercula arctica","db936c2e-c83f-4b4d-b941-d4136d2984f4","Fratercula arctica",2020
"HumanObservation",2022,64.941367,-24.1873,"2022-05-09T13:36:27","1","Physeter macrocephalus","db9ca298-bd8e-4a76-bfaf-fa453007aa69","Physeter macrocephalus",2020
"HumanObservation",2018,63.427717,-20.2673821,"2018-07-05T16:40:00-04:00",NA,"Fratercula arctica","dba7a782-db4c-402b-a5cb-b2d83285092b","Fratercula arctica",2010
"HumanObservation",2022,70.3014078143,31.1940428978,"2022-04-14T15:30:00+02:00",NA,"Fratercula arctica","dbb3bb74-9772-4187-88df-4b8eb4f99184","Fratercula arctica",2020
"HumanObservation",2021,69.2609491956,16.0626929016,"2021-03-14T10:52:00+01:00",NA,"Fratercula arctica","dbb469f3-53fa-4c79-9cc2-5c8c1056c269","Fratercula arctica",2020
"HumanObservation",2021,65.5021527778,-24.5310777778,"2021-06-26T10:42:00-04:00",NA,"Fratercula arctica","dbbb6c38-5972-44a5-8f32-b2572e5d1885","Fratercula arctica",2020
"HumanObservation",2022,59.8546194983,-1.2744441367,"2022-05-14T13:16:00+01:00",NA,"Fratercula arctica","dbbda7d4-896e-4e13-9c9f-e12a8530e169","Fratercula arctica",2020
"HumanObservation",2022,62.742222,-14.117222,"2022-07-23T13:10:38","1","Physeter macrocephalus","dbc507b3-a51f-46de-95c7-5e2529e0690e","Physeter macrocephalus",2020
"HumanObservation",2024,70.0447367824,30.1968592636,"2024-07-27T09:10:00+02:00",NA,"Rissa tridactyla","dbd95cae-8563-4e3b-87d6-054928f734bb","Rissa tridactyla",2020
"HumanObservation",2023,67.8635091505,12.9126805567,"2023-07-15T14:18:56+02:00",NA,"Rissa tridactyla","dbe1d497-69ec-4b81-93b6-ed3d1ea136bb","Rissa tridactyla",2020
"HumanObservation",2019,65.4927413127,-24.5006690919,"2019-06-20T08:04:40+01:00",NA,"Rissa tridactyla","dbe274b8-c68e-4156-872c-a694d26addf4","Rissa tridactyla",2010
"HumanObservation",2019,65.5022133333,-24.5310883333,"2019-06-28T15:30:33+02:00",NA,"Fratercula arctica","dbeefd1f-2f72-4ceb-a3d0-ea4ec2491c4e","Fratercula arctica",2010
"HumanObservation",2023,70.2062970646,31.0051852629,"2023-06-23T16:49:00+02:00",NA,"Fratercula arctica","dc20e6fb-cf37-4ce2-8ba9-fc539b086e94","Fratercula arctica",2020
"HumanObservation",2023,63.4479716667,-20.2645783333,"2023-06-13T04:51:00+00:00",NA,"Fratercula arctica","dc2fee46-26c8-4e07-a161-412775c90649","Fratercula arctica",2020
"HumanObservation",2023,65.5420916667,-13.75452,"2023-05-19T12:36:29+00:00",NA,"Fratercula arctica","dc3a65aa-5a0e-4cb2-9ed9-44a2f8d9f074","Fratercula arctica",2020
"HumanObservation",2022,65.5422040403,-13.7553429225,"2022-08-04T18:11:00+00:00",NA,"Rissa tridactyla","dc67c5cd-51bd-45fa-8589-63c7b6270520","Rissa tridactyla",2020
"HumanObservation",2019,79.0254850728,11.7503858873,"2019-05-22T20:23:00-04:00",NA,"Fratercula arctica","dc6e83f5-c85d-4cf0-bee2-f0b4f81a0ca3","Fratercula arctica",2010
"HumanObservation",2019,64.1563361667,-21.8633633333,"2019-10-21T15:36:44+02:00",NA,"Rissa tridactyla","dc76adea-8e0a-44f4-b1ce-35c389957601","Rissa tridactyla",2010
"HumanObservation",2022,65.5000870283,-24.5268621428,"2022-07-14T09:51:10+00:00",NA,"Fratercula arctica","dc97cd03-9670-46e8-a65c-b2fde80453f2","Fratercula arctica",2020
"HumanObservation",2024,64.6779115901,-23.6391626285,"2024-08-05T22:57:00+00:00",NA,"Rissa tridactyla","dca0cd70-f9f9-4bb0-bc43-9aa3de39384f","Rissa tridactyla",2020
"HumanObservation",2017,65.4967232913,-24.5247816848,"2017-08-02T14:43:00+00:00",NA,"Fratercula arctica","dca11b4a-473c-4495-a14c-b860c9919efa","Fratercula arctica",2010
"HumanObservation",2021,63.4031404638,-19.1034830803,"2021-08-01T13:47:00+02:00",NA,"Fratercula arctica","dcacb5aa-5a1e-45ef-8c18-bc31c4f5a688","Fratercula arctica",2020
"HumanObservation",2024,64.1745711696,-21.9736238096,"2024-05-20T06:53:00+00:00",NA,"Fratercula arctica","dccdf446-b399-4a96-8a21-3f93def2498d","Fratercula arctica",2020
"HumanObservation",2023,65.542084,-13.754628,"2023-07-01T05:02:00+00:00",NA,"Fratercula arctica","dcd79fa8-392e-46ff-ac3c-f6651cb1097c","Fratercula arctica",2020
"HumanObservation",2017,64.71495,-19.028362,"2017-07-21T22:00:00+00:00",NA,"Fratercula arctica","dcdf30de-ccbf-4f58-ba9a-88d80a3ea905","Fratercula arctica",2010
"HumanObservation",2022,65.5422216667,-13.755005,"2022-07-06T09:37:05+00:00",NA,"Fratercula arctica","dce5da58-c717-493d-863b-4bf5a1309692","Fratercula arctica",2020
"HumanObservation",2024,78.3101116667,15.5743083333,"2024-08-28T01:30:00+02:00",NA,"Rissa tridactyla","dceb8f6b-90a2-4d5b-ad20-de341a20fd0f","Rissa tridactyla",2020
"HumanObservation",2024,58.6793002993,-3.3729629303,"2024-06-23T15:06:00+01:00",NA,"Fratercula arctica","dcfd34cb-b285-48d9-a79d-635f8f78ded3","Fratercula arctica",2020
"HumanObservation",2022,63.4471652558,-20.2591199715,"2022-07-04T10:23:00+00:00",NA,"Rissa tridactyla","dd00c33f-6bc3-4a05-ac39-7bb1653b4956","Rissa tridactyla",2020
"HumanObservation",2024,65.648507794,-24.0795978159,"2024-07-10T11:11:48+00:00",NA,"Fratercula arctica","dd07e8e8-6083-4454-b9c4-1ebfdd362513","Fratercula arctica",2020
"HumanObservation",2021,65.3763352,-22.9159583,"2021-07-01T01:51:00-04:00",NA,"Fratercula arctica","dd15bca6-063a-4e15-bea6-1dee8565bd7f","Fratercula arctica",2020
"HumanObservation",2022,63.4475591005,-20.2406465926,"2022-07-30T20:39:00+00:00",NA,"Rissa tridactyla","dd2c045f-c452-4d7e-a6f7-8f97e0a452da","Rissa tridactyla",2020
"HumanObservation",2023,64.7350579262,-23.7742367014,"2023-06-10T18:28:52+00:00",NA,"Rissa tridactyla","dd373e1a-c708-4475-ae3f-8e32519d4bf4","Rissa tridactyla",2020
"HumanObservation",2019,59.8543369,-1.2745718,"2019-06-07T13:06:00-07:00",NA,"Fratercula arctica","dd381d69-e344-4da2-b673-27f6726ff092","Fratercula arctica",2010
"HumanObservation",2022,67.9661310439,12.8392801767,"2022-03-14T07:46:26Z",NA,"Rissa tridactyla","dd5dca13-ca1f-4868-938d-05a9d9b16e85","Rissa tridactyla",2020
"HumanObservation",2021,65.9623164778,-19.6068759861,"2021-07-23T12:00:00Z",NA,"Fratercula arctica","dd60b8e9-8f7a-4241-9681-f593d97cbd09","Fratercula arctica",2020
"HumanObservation",2022,67.8601797277,13.5412051823,"2022-08-08T17:31:56+02:00",NA,"Fratercula arctica","dd662c85-ee50-4bb4-b6a4-252a872cb189","Fratercula arctica",2020
"HumanObservation",2022,65.0718884241,-14.1930589725,"2022-07-18T00:34:00+00:00",NA,"Fratercula arctica","dd6864f4-fb7b-45fc-949e-9fa5702ebe9c","Fratercula arctica",2020
"HumanObservation",2023,78.5059163671,14.5236160943,"2023-06-05T13:27:00+02:00",NA,"Fratercula arctica","dd7611de-08ac-450b-b7bd-7915c645b430","Fratercula arctica",2020
"HumanObservation",2018,63.402745,-19.131005,"2018-08-19T20:47:00-07:00",NA,"Fratercula arctica","dd792a53-59df-4f5f-860b-729ffc31a798","Fratercula arctica",2010
"HumanObservation",2024,63.40243,-19.0404083333,"2024-07-08T18:27:30+00:00",NA,"Fratercula arctica","dd814507-2cab-4c7c-80da-52584eba6cf9","Fratercula arctica",2020
"HumanObservation",2022,66.158427,-17.8457410001,"2022-07-13T18:28:00+00:00",NA,"Fratercula arctica","dd86664d-5481-41e2-a89a-ed9d55ae7dba","Fratercula arctica",2020
"HumanObservation",2022,65.5025723,-24.5316982,"2022-06-03T16:53:00+00:00",NA,"Fratercula arctica","dd9c084a-26a0-4678-a9e0-b7365ef2baa8","Fratercula arctica",2020
"HumanObservation",2024,63.8017748424,-16.6360582259,"2024-07-22T15:16:00+00:00",NA,"Fratercula arctica","ddaefc10-9836-4ddc-add3-d1ddb98bd108","Fratercula arctica",2020
"HumanObservation",2024,58.6421619539,-3.0248302572,"2024-06-18T14:40:00+01:00",NA,"Fratercula arctica","ddb18dde-0f58-424b-b3f2-692b4573ce0f","Fratercula arctica",2020
"HumanObservation",2024,63.4022345,-19.1310053,"2024-08-05T20:04:59+00:00",NA,"Fratercula arctica","ddbbe7b8-bed1-48eb-8371-9a802975009c","Fratercula arctica",2020
"HumanObservation",2023,70.3440165957,31.0398627486,"2023-06-23T15:36:00+02:00",NA,"Fratercula arctica","ddbe8b40-edd0-4946-9d42-e681bd2646b9","Fratercula arctica",2020
"HumanObservation",2018,65.4136211643,-13.7749706816,"2018-08-05T10:24:00-04:00",NA,"Fratercula arctica","ddc393fc-8903-454e-9938-ebbdcd5b6f11","Fratercula arctica",2010
"HumanObservation",2017,63.4041528576,-19.1060525566,"2017-07-28T11:57:00+03:00",NA,"Fratercula arctica","ddcebf97-1249-4130-9dfc-c8a021b9aa6b","Fratercula arctica",2010
"HumanObservation",2024,63.40274,-19.131,"2024-07-10T13:51:00+00:00",NA,"Fratercula arctica","ddd84f42-e4b9-45b4-afb8-a2fbfdafa5a3","Fratercula arctica",2020
"HumanObservation",2024,61.7833205727,-6.8509670982,"2024-07-25T12:25:00+01:00",NA,"Rissa tridactyla","dde09a5a-fe17-46be-985f-9ec466c73e19","Rissa tridactyla",2020
"HumanObservation",2024,70.3768396039,31.0433102222,"2024-07-28T10:42:00+02:00",NA,"Fratercula arctica","de16b2aa-7ba2-4f43-9d4d-352763167b98","Fratercula arctica",2020
"HumanObservation",2023,78.3533522626,11.1189995646,"2023-06-29T20:37:00+02:00",NA,"Balaenoptera physalus","de310a70-cfbf-4b6d-a3d0-2b308999ccbd","Balaenoptera physalus",2020
"HumanObservation",2019,79.520838,19.23282,"2019-08-18","1","Balaenoptera musculus","de5a0990-fa82-47d6-9280-1a8c81e63f39","Balaenoptera musculus",2010
"HumanObservation",2023,66.5378322217,-18.0108411117,"2023-07-20T13:20:00+00:00",NA,"Fratercula arctica","de60a2a3-b586-4fbb-87e8-b0c75c03fc08","Fratercula arctica",2020
"HumanObservation",2019,67.836946454,12.8555208266,"2019-08-09T13:15:40+02:00",NA,"Rissa tridactyla","de6aa845-ffe2-4a86-9f40-8a3aef7e2f8e","Rissa tridactyla",2010
"HumanObservation",2019,64.172557,-21.964502,"2019-08-19T08:34:00+00:00",NA,"Fratercula arctica","de6b2546-f943-490c-bd3a-d3b99851fc95","Fratercula arctica",2010
"HumanObservation",2024,77.904307,19.731445,"2024-06-18T21:39:45","1","Balaenoptera physalus","de6df6ad-a67e-462b-8c33-2d814a1b0e03","Balaenoptera physalus",2020
"HumanObservation",2024,67.8911415629,12.8993677942,"2024-08-03T16:51:00+02:00",NA,"Rissa tridactyla","dea58e5a-ae17-4eee-ba34-a0b41dd6df80","Rissa tridactyla",2020
"HumanObservation",2019,59.854603633,-1.2752152054,"2019-05-29T11:48:00+10:00",NA,"Fratercula arctica","deb18db4-14b3-4fc3-98e3-1a5afbb16a65","Fratercula arctica",2010
"HumanObservation",2023,70.3722148799,31.0239890639,"2023-06-23T16:19:00+02:00",NA,"Fratercula arctica","debe1f23-349f-4291-a25c-bb123b1cfc7d","Fratercula arctica",2020
"HumanObservation",2024,65.50235,-24.5313133333,"2024-07-15T18:22:00+00:00",NA,"Fratercula arctica","dec3973e-7991-442d-b7af-5135e79b3f24","Fratercula arctica",2020
"HumanObservation",2021,63.4343633333,-20.303995,"2021-08-11T14:39:00+02:00",NA,"Fratercula arctica","dec87f0c-b1b6-45a4-9e36-5071a2d43809","Fratercula arctica",2020
"HumanObservation",2021,78.659860898,16.3703928873,"2021-10-03T12:53:00+02:00",NA,"Rissa tridactyla","ded16cdf-2c3f-477b-bdd0-3355b5092847","Rissa tridactyla",2020
"HumanObservation",2022,69.2217447385,15.9727204987,"2022-08-03T12:21:00+02:00",NA,"Physeter macrocephalus","deeba6f9-0936-4779-a5d0-3ec5f94a3dd2","Physeter macrocephalus",2020
"HumanObservation",2017,65.0943655074,-23.6718563458,"2017-05-23T15:38:00+00:00",NA,"Physeter macrocephalus","def76af7-898f-47b4-9b4e-bfe826e61f09","Physeter macrocephalus",2010
"HumanObservation",2023,64.886575555,-24.042851945,"2023-07-14T13:11:00+00:00",NA,"Rissa tridactyla","df0104a9-41a8-48a0-bbbb-733537a2a283","Rissa tridactyla",2020
"HumanObservation",2022,65.3779430001,-22.909739,"2022-07-08T18:05:00+00:00",NA,"Fratercula arctica","df0c7b11-abfc-4ee8-9143-337ab17698fd","Fratercula arctica",2020
"HumanObservation",2023,66.159263,-17.575006,"2023-04-20T12:00","1","Balaenoptera musculus","df15ab64-fa25-4a51-b7bc-d38f4e2f2ee6","Balaenoptera musculus",2020
"HumanObservation",2024,63.404195,-19.1032528333,"2024-06-24T16:56:16+00:00",NA,"Fratercula arctica","df1c71dc-834f-4fce-9120-8bfb37962657","Fratercula arctica",2020
"HumanObservation",2023,63.4089017817,-19.0523328503,"2023-07-15T17:15:00+00:00",NA,"Fratercula arctica","df367c0d-8b31-43a7-a321-64abcf454b77","Fratercula arctica",2020
"HumanObservation",2022,69.2432,15.4459,"2022-10-03","1","Physeter macrocephalus","df465da0-da5b-43b1-91b7-0f2aaed8931d","Physeter macrocephalus",2020
"HumanObservation",2022,59.1379459332,-3.3366881311,"2022-07-10T11:45:32+01:00",NA,"Fratercula arctica","df4a3f70-fe8c-4878-89bf-16f9ca962e54","Fratercula arctica",2020
"HumanObservation",2017,78.2724323535,15.4815140996,"2017-04-12T12:48:00+02:00",NA,"Rissa tridactyla","df6044d0-aaa7-42d2-a54e-d1c259b5b98a","Rissa tridactyla",2010
"HumanObservation",2023,67.9267300968,13.1557279183,"2023-05-27T19:39:00+02:00",NA,"Rissa tridactyla","df73c9e7-0da0-4c12-9677-852105e18d40","Rissa tridactyla",2020
"HumanObservation",2023,66.5368783333,-18.0093163883,"2023-07-20T13:24:00+00:00",NA,"Fratercula arctica","df89edb1-6c8f-4bf1-a8e7-6dae9ddf67aa","Fratercula arctica",2020
"HumanObservation",2022,70.9155853288,26.0190244312,"2022-04-22T13:21:46+02:00",NA,"Rissa tridactyla","dfa7e0f8-173b-4428-a9b6-9b66d4a2dd3e","Rissa tridactyla",2020
"HumanObservation",2021,74.0230125382,15.7413567859,"2021-08-31T09:07:00Z",NA,"Rissa tridactyla","dfaedf5a-4184-47de-9187-1337a92acacf","Rissa tridactyla",2020
"HumanObservation",2023,69.6188001476,18.9826380481,"2023-07-13T15:40:00+02:00",NA,"Rissa tridactyla","dfb10457-cda4-4807-a334-5fe4cfb82478","Rissa tridactyla",2020
"HumanObservation",2021,69.9083423891,18.6566063108,"2021-07-28T19:16:00+02:00",NA,"Fratercula arctica","dfb2e434-3f2a-411b-a9d1-d8370db1fec5","Fratercula arctica",2020
"HumanObservation",2019,78.895498,12.201616,"2019-06-24T11:22:00+02:00",NA,"Rissa tridactyla","dfbb6d48-ea5f-4eb9-b44a-b4f071c22815","Rissa tridactyla",2010
"HumanObservation",2023,70.3983529341,31.0338782525,"2023-06-23T15:04:00+02:00",NA,"Fratercula arctica","dfce54ce-a898-4f37-8622-11677b82ac18","Fratercula arctica",2020
"HumanObservation",2019,78.8967418815,12.1943707831,"2019-06-28T20:53:00-04:00",NA,"Rissa tridactyla","dfe07428-b208-4d47-b4da-a1f572ea497b","Rissa tridactyla",2010
"HumanObservation",2017,62.8518994099,6.8686833351,"2017-07-10T12:36:00-05:00",NA,"Rissa tridactyla","dfe34213-cc0d-4e6f-8132-857e4b0cee54","Rissa tridactyla",2010
"HumanObservation",2022,59.2700009,-2.8716135,"2022-07-25T17:35:00+01:00",NA,"Fratercula arctica","dfed5df1-898b-46ae-9eb5-b0a219323675","Fratercula arctica",2020
"HumanObservation",2024,64.7701266667,-23.618955,"2024-07-05T07:15:00+00:00",NA,"Rissa tridactyla","dff4e169-cd80-4648-8b40-c7a8713d381e","Rissa tridactyla",2020
"HumanObservation",2023,63.3162761044,-9.0369255525,"2023-10-03T17:56:00-01:00",NA,"Rissa tridactyla","e01229a5-16e9-4fac-bdf4-5a1eb4169be2","Rissa tridactyla",2020
"HumanObservation",2017,63.6800326058,-3.4932808907,"2017-05-24T16:47:00+00:00",NA,"Balaenoptera physalus","e01451d8-9908-484e-a03b-466289951526","Balaenoptera physalus",2010
"HumanObservation",2023,78.9681464113,11.8900037313,"2023-07-11T12:21:00+02:00",NA,"Rissa tridactyla","e01bc900-d841-4733-b930-4ad2ee038d18","Rissa tridactyla",2020
"HumanObservation",2023,70.2275754368,31.1999005715,"2023-06-23T17:25:00+02:00",NA,"Rissa tridactyla","e02e44cd-1f4a-4582-a9df-c58766d221b0","Rissa tridactyla",2020
"HumanObservation",2023,64.8642133333,-24.0396036117,"2023-07-14T14:36:00+00:00",NA,"Rissa tridactyla","e0345cc3-773c-4c9b-a614-7a4ef698d8c7","Rissa tridactyla",2020
"HumanObservation",2017,64.71495,-19.028362,"2017-07-15T22:00:00+00:00",NA,"Fratercula arctica","e04c573e-04c9-4c29-ae21-2eec9522423c","Fratercula arctica",2010
"HumanObservation",2024,63.8034691086,-16.6386390477,"2024-05-15",NA,"Fratercula arctica","e0853a86-5fd3-42ed-8232-de258e485af8","Fratercula arctica",2020
"HumanObservation",2022,70.3055210065,31.027369086,"2022-04-14T12:03:00+02:00",NA,"Fratercula arctica","e0870398-66a0-4cdb-a1a8-c4af84ca7044","Fratercula arctica",2020
"HumanObservation",2024,79.3050597891,11.6310198227,"2024-06-24T21:38:00+02:00",NA,"Rissa tridactyla","e09793fd-d773-493e-96f4-432a9d2bca5d","Rissa tridactyla",2020
"HumanObservation",2024,65.890206,-18.172236,"2024-08-11T13:02:42","1","Balaenoptera musculus","e09f0927-a335-4caa-abab-ba3d74dffe65","Balaenoptera musculus",2020
"HumanObservation",2023,63.40453,-20.2858583333,"2023-08-01T00:35:24+00:00",NA,"Fratercula arctica","e09f3b8e-e032-4f7a-b3e2-21e1e0553159","Fratercula arctica",2020
"HumanObservation",2021,58.9238166667,-2.7471583333,"2021-12-27T15:07:29+00:00",NA,"Fratercula arctica","e0b12115-a53c-4d43-992a-a4b7cc78ec1c","Fratercula arctica",2020
"HumanObservation",2017,64.759191,-23.637957,"2017-07-01",NA,"Rissa tridactyla","e0bad884-3ed6-48e9-8a30-a1e0a1c0c55e","Rissa tridactyla",2010
"HumanObservation",2017,71.1983718721,25.3871273609,"2017-05-21",NA,"Rissa tridactyla","e0c30390-89f6-466d-b66f-1a288acf47de","Rissa tridactyla",2010
"HumanObservation",2019,69.2174688001,15.8124601965,"2019-06-15T14:37:21+02:00",NA,"Fratercula arctica","e0d30f61-da09-4b2f-bec9-a2cdb5755763","Fratercula arctica",2010
"HumanObservation",2020,63.4032505707,-19.0313834143,"2020-08-21T13:48:00+00:00",NA,"Fratercula arctica","e0d6aa93-979d-4649-a998-403f934c55a1","Fratercula arctica",2020
"HumanObservation",2022,63.4026116667,-19.13115,"2022-07-09T19:44:26+00:00",NA,"Fratercula arctica","e0dfc682-a1e3-4bfc-94fe-b12e5f689012","Fratercula arctica",2020
"HumanObservation",2018,64.8394285,-22.9404378,"2018-06-30T21:28:00-04:00",NA,"Rissa tridactyla","e0e69363-1b1c-4b5c-80b8-389186d396d8","Rissa tridactyla",2010
"HumanObservation",2024,62.0232763771,-6.6895859128,"2024-08-23T14:45:00+01:00",NA,"Fratercula arctica","e110e2cb-c4f8-4f60-b94c-399cbcd11141","Fratercula arctica",2020
"HumanObservation",2022,65.5025723,-24.5316982,"2022-06-03T16:26:00+00:00",NA,"Rissa tridactyla","e113ffb8-aaf0-49d2-82f5-4183f4a817f5","Rissa tridactyla",2020
"HumanObservation",2017,77.898477,12.204893,"2017-06-25T20:34:42","1","Balaenoptera musculus","e11929f5-f768-4756-a64a-1fc80794bc5f","Balaenoptera musculus",2010
"HumanObservation",2019,65.5001770862,-24.5273185258,"2019-06-04T17:38:00-04:00",NA,"Fratercula arctica","e12e7660-f1c4-47e6-916e-e2d8cecec746","Fratercula arctica",2010
"HumanObservation",2024,66.0037198007,-17.7787680224,"2024-07-13T20:33:27+00:00",NA,"Fratercula arctica","e130267a-b335-401d-ac01-0b99d8c71a38","Fratercula arctica",2020
"HumanObservation",2021,63.8356508687,-22.0992444456,"2021-06-19T18:05:00-04:00",NA,"Rissa tridactyla","e1352980-b0c4-47f9-9038-8485be0d2d9b","Rissa tridactyla",2020
"HumanObservation",2018,63.5517530309,-19.1488515118,"2018-07-24T17:47:00+00:00",NA,"Fratercula arctica","e1498e38-9d4f-4924-9e6c-83405dbdf092","Fratercula arctica",2010
"HumanObservation",2024,66.1143945,-17.3651366667,"2024-07-14T09:37:12+00:00",NA,"Fratercula arctica","e1502770-602e-4ef0-b807-a7b36a9de6e9","Fratercula arctica",2020
"HumanObservation",2023,63.4390836291,-20.3026086751,"2023-07-24T19:49:00+00:00",NA,"Fratercula arctica","e15d81e2-165d-411d-bf9a-9272a71d3e0d","Fratercula arctica",2020
"HumanObservation",2022,65.475557,-24.769039,"2022-05-21T13:28:47","1","Physeter macrocephalus","e16a56f8-7428-48b8-8329-840543e84c1e","Physeter macrocephalus",2020
"HumanObservation",2018,66.3102100255,-22.7970382247,"2018-08-07T21:46:00-07:00",NA,"Fratercula arctica","e16aeb54-ccae-49ec-b962-16a16347d9ad","Fratercula arctica",2010
"HumanObservation",2023,63.4045459631,-19.1025122871,"2023-07-31T18:06:00+00:00",NA,"Fratercula arctica","e1802ad6-627f-4338-aa81-e12927fbbdb0","Fratercula arctica",2020
"HumanObservation",2024,78.9257989124,11.6242729345,"2024-06-27T02:34:00+02:00",NA,"Fratercula arctica","e18cc813-f438-45e6-bfa4-9b41dd7920d1","Fratercula arctica",2020
"HumanObservation",2021,60.3429141171,-1.7320028538,"2021-07-23T13:13:00+01:00",NA,"Fratercula arctica","e1aee9f7-17d5-4a58-9730-6ee8894d0f11","Fratercula arctica",2020
"HumanObservation",2019,66.5559627635,-18.0042686686,"2019-07-31T14:24:24+00:00",NA,"Fratercula arctica","e1b10b16-4e64-48a6-abea-7b1332b614e2","Fratercula arctica",2010
"HumanObservation",2024,78.9647987863,11.8205729607,"2024-07-25T08:31:00+02:00",NA,"Rissa tridactyla","e1c47654-77a3-4026-ae7e-750a6a60b35c","Rissa tridactyla",2020
"HumanObservation",2017,80.210262,15.60505,"2017-08-02T16:57:51","1","Balaenoptera musculus","e1d844b1-648f-4919-a27c-0884dc943448","Balaenoptera musculus",2010
"HumanObservation",2022,64.0469809235,-16.1812761603,"2022-05-28T18:14:00+00:00",NA,"Rissa tridactyla","e1df7fad-b050-4d4e-86f3-48934377b7a1","Rissa tridactyla",2020
"HumanObservation",2022,63.849151852,-16.745028255,"2022-07-09T07:23:00+00:00",NA,"Fratercula arctica","e1f453cb-6119-4b66-936f-0beb21c5c538","Fratercula arctica",2020
"HumanObservation",2019,63.8806179238,-22.7393565965,"2019-06-09T19:30:00+00:00",NA,"Rissa tridactyla","e208f4b5-a116-40bd-90d7-aebd8955ae85","Rissa tridactyla",2010
"HumanObservation",2024,66.0544598972,-22.8254706413,"2024-06-25T15:24:55+00:00",NA,"Fratercula arctica","e20bfde3-ae7e-49c5-be71-c510527c8933","Fratercula arctica",2020
"HumanObservation",2019,70.577733,-9.774617,"2019-07-08T10:55:28","1","Balaenoptera musculus","e20de21c-cf7a-422b-b5fe-fc75652b5ab1","Balaenoptera musculus",2010
"HumanObservation",2022,66.155763,-17.85095,"2022-07-13T16:45:00+00:00",NA,"Fratercula arctica","e22ffa01-346c-445a-8d53-3bb868d126e1","Fratercula arctica",2020
"HumanObservation",2022,66.2549320237,-22.5705366289,"2022-06-04T20:21:00+00:00",NA,"Rissa tridactyla","e23af9c9-80db-4499-b479-fa9f0db19959","Rissa tridactyla",2020
"HumanObservation",2024,65.5422966667,-13.7549033333,"2024-06-21T19:16:04+00:00",NA,"Fratercula arctica","e265439b-ac81-424e-9f45-6e928cd2b97a","Fratercula arctica",2020
"HumanObservation",2021,65.5009722222,-24.5277222222,"2021-07-01T18:47:00+03:00",NA,"Fratercula arctica","e271e953-666b-4f31-a421-abfb8381fe5b","Fratercula arctica",2020
"HumanObservation",2018,79.0860976131,11.450118873,"2018-05-19T16:21:00-06:00",NA,"Fratercula arctica","e27e15f4-1079-4bef-9490-67822fb26643","Fratercula arctica",2010
"HumanObservation",2024,70.2423555569,31.0739707409,"2024-06-14T12:15:00+02:00",NA,"Fratercula arctica","e27fae4a-2eb2-445c-8182-90cd2c81f81d","Fratercula arctica",2020
"HumanObservation",2018,65.6849689132,-21.4019466485,"2018-07-22T23:48:00-04:00",NA,"Fratercula arctica","e2dcb00d-d54a-4055-a638-ec64e14742db","Fratercula arctica",2010
"HumanObservation",2021,70.3819689971,31.1061609549,"2021-07-13T14:22:59+02:00",NA,"Fratercula arctica","e2e99951-2754-43c9-b33b-dc4c1aacb5e9","Fratercula arctica",2020
"HumanObservation",2024,67.131778,-23.805078,"2024-09-30T09:41:13","1","Physeter macrocephalus","e3038bf7-101f-4c21-84ed-de83b632a1b8","Physeter macrocephalus",2020
"HumanObservation",2024,72.8537367858,-7.535908401,"2024-06-01T21:09:00-01:00",NA,"Rissa tridactyla","e30e5aa8-1145-40f3-befc-f8113a227d40","Rissa tridactyla",2020
"HumanObservation",2023,64.6573793657,-22.2752496334,"2023-07-26T19:36:00+00:00",NA,"Fratercula arctica","e317065b-575d-4e9b-bf52-2a26581906bd","Fratercula arctica",2020
"HumanObservation",2019,65.5429202727,-13.7565017127,"2019-06-02T21:04:09+03:00",NA,"Fratercula arctica","e31c4fc2-e75b-4dfd-a1f5-a7ea36e59ba9","Fratercula arctica",2010
"HumanObservation",2023,59.8554897822,-1.2736445031,"2023-06-16T15:19:00+01:00",NA,"Fratercula arctica","e32235b4-2da5-42cf-88a0-c4cd308ee870","Fratercula arctica",2020
"HumanObservation",2024,62.1023534127,-7.6612119158,"2024-07-09T14:31:09+01:00",NA,"Fratercula arctica","e3287d96-0ed6-4516-b62c-60a71b950913","Fratercula arctica",2020
"HumanObservation",2023,79.6393924595,11.4039254289,"2023-06-12T08:49:00+02:00",NA,"Rissa tridactyla","e32b0c37-f15e-47e2-8096-ed9730b00299","Rissa tridactyla",2020
"HumanObservation",2017,80.041,11.732,"2017-06-01T22:48:00+02:00",NA,"Rissa tridactyla","e32f7b39-eb77-4044-97db-ed713168774f","Rissa tridactyla",2010
"HumanObservation",2022,64.86353,-24.039314,"2022-07-09T17:08:00+00:00",NA,"Rissa tridactyla","e3916794-6c0f-4960-ac31-e0673a8a843c","Rissa tridactyla",2020
"HumanObservation",2024,64.889668,-24.185365,"2024-08-27T08:56:33","1","Balaenoptera musculus","e3b98c0b-2fb8-48e2-89de-c07d79e53e2f","Balaenoptera musculus",2020
"HumanObservation",2019,78.2761956325,14.3001252957,"2019-07-27T09:01:00+02:00",NA,"Fratercula arctica","e3bb51e9-8d87-4a0d-8fba-1f5aa261fdc7","Fratercula arctica",2010
"HumanObservation",2022,65.5414783333,-13.754975,"2022-05-28T15:54:00+00:00",NA,"Rissa tridactyla","e3c28ad4-9a12-4090-9ed4-f301188df74f","Rissa tridactyla",2020
"HumanObservation",2021,63.4072769881,-19.1117636548,"2021-08-10T15:12:37-04:00",NA,"Fratercula arctica","e3c8df9b-f93b-4236-be7c-23ce1c5a4187","Fratercula arctica",2020
"HumanObservation",2024,64.732527,-23.7846095,"2024-05-03T17:44:00+00:00",NA,"Rissa tridactyla","e3d4663d-5375-4f07-8f6d-774baa597034","Rissa tridactyla",2020
"HumanObservation",2022,70.3499437683,31.1554605535,"2022-04-14T16:50:00+02:00",NA,"Fratercula arctica","e3de3d96-1186-4250-883c-1ce74dab679a","Fratercula arctica",2020
"HumanObservation",2020,60.6795,-8.4962,"2020-08-24",NA,"Fratercula arctica","e3e6df06-ce71-4731-ab30-98a0ae3dde45","Fratercula arctica",2020
"HumanObservation",2019,78.999723,7.675323,"2019-07-02T19:04:55","1","Balaenoptera physalus","e3efe18a-c085-45b7-a7eb-41188dd8b262","Balaenoptera physalus",2010
"HumanObservation",2022,78.7570837671,22.5988924342,"2022-08-22T17:43:00+02:00",NA,"Balaenoptera physalus","e3f441d6-c94b-493c-b651-48fc0e6dea8e","Balaenoptera physalus",2020
"HumanObservation",2023,62.1036628038,-7.5359319954,"2023-07-03T15:54:00+01:00",NA,"Rissa tridactyla","e3f65e9d-47b6-45b0-9561-c238fcbe1bdb","Rissa tridactyla",2020
"HumanObservation",2024,59.8541473357,-1.2727997542,"2024-06-22T10:48:00+01:00",NA,"Fratercula arctica","e41aa0dd-2f5a-488a-bea1-2369e0661f7a","Fratercula arctica",2020
"HumanObservation",2021,65.5421627758,-13.7547326085,"2021-07-30T14:26:00+02:00",NA,"Fratercula arctica","e42841ec-12bb-4d27-afe8-ae33b2601e1f","Fratercula arctica",2020
"HumanObservation",2024,79.211411,24.675469,"2024-07-19T05:42:00+02:00",NA,"Rissa tridactyla","e4370f5f-177d-4236-ba81-ff509b57496a","Rissa tridactyla",2020
"HumanObservation",2023,65.3984536704,-22.9786844286,"2023-06-22T12:51:00+00:00",NA,"Fratercula arctica","e43c1a36-690f-4168-8a4d-30994685bf78","Fratercula arctica",2020
"HumanObservation",2023,58.6599555556,-3.5126138889,"2023-09-05T08:48:00+01:00",NA,"Fratercula arctica","e43fb087-010e-4a9f-9a94-4bbfb43a4c0e","Fratercula arctica",2020
"HumanObservation",2021,63.402953,-19.032653,"2021-08-05",NA,"Fratercula arctica","e442438f-4daa-41be-8a4d-d59c855c0910","Fratercula arctica",2020
"HumanObservation",2018,63.4429579389,-20.2694808054,"2018-07-06T11:48:00+00:00",NA,"Fratercula arctica","e4440f39-486f-4902-b625-7e7ff311014a","Fratercula arctica",2010
"HumanObservation",2024,78.26279445,13.9621356334,"2024-06-05T15:39:00+02:00",NA,"Fratercula arctica","e44ccf42-210d-4b5a-8d56-425a7cada697","Fratercula arctica",2020
"HumanObservation",2022,79.6305118461,18.2392852449,"2022-07-07T17:29:30+02:00",NA,"Rissa tridactyla","e45df426-eb9d-4eb7-9d7f-b829ee9c4cfd","Rissa tridactyla",2020
"HumanObservation",2024,79.5647668602,18.5902489138,"2024-07-20T09:34:00+02:00",NA,"Rissa tridactyla","e49352da-c26a-440b-bcd0-809cbbf03dc7","Rissa tridactyla",2020
"HumanObservation",2024,62.288,-6.7885,"2024-06-05T11:31:00+01:00",NA,"Fratercula arctica","e49fd783-ce91-4171-9658-1facbd69e5f4","Fratercula arctica",2020
"HumanObservation",2024,64.770282137,-23.6177191014,"2024-07-06T03:45:14+00:00",NA,"Rissa tridactyla","e4ab03ac-ecec-4160-a20f-83f1483da1a1","Rissa tridactyla",2020
"HumanObservation",2023,78.0829589846,20.8096455564,"2023-09-12T16:23:00+02:00",NA,"Rissa tridactyla","e4ab6d12-5308-4301-8e68-c5ddf106f3bd","Rissa tridactyla",2020
"HumanObservation",2022,66.264375,-15.6872416667,"2022-09-06T10:41:00+00:00",NA,"Rissa tridactyla","e4b7f49c-b3f8-4638-abc5-d3e9d595c029","Rissa tridactyla",2020
"HumanObservation",2017,61.892635,-6.911806,"2017-08-24T16:27:00+01:00",NA,"Fratercula arctica","e4b803f9-46eb-4aaa-a507-4a933294b695","Fratercula arctica",2010
"HumanObservation",2023,71.0249562586,25.344274785,"2023-07-28T12:12:19+02:00",NA,"Fratercula arctica","e4c2efc9-6bf0-4354-9a0f-c12afea3cfe7","Fratercula arctica",2020
"HumanObservation",2022,65.36942,-22.956475,"2022-06-02T21:27:00+00:00",NA,"Rissa tridactyla","e4c45fe2-95e6-418a-a4ee-3bb8cad64ba3","Rissa tridactyla",2020
"HumanObservation",2020,61.0301,-12.3184,"2020-08-24",NA,"Rissa tridactyla","e4c95b8e-4b8e-4a1f-8603-3698573285ef","Rissa tridactyla",2020
"HumanObservation",2022,70.3243476067,31.0908003629,"2022-04-14T16:17:00+02:00",NA,"Fratercula arctica","e4cae89c-d8f8-4053-a0c4-97b1e59dbb0b","Fratercula arctica",2020
"HumanObservation",2024,66.552672,-17.997132,"2024-07-14T10:50:49+00:00",NA,"Fratercula arctica","e4dbbc20-f4a1-4cbb-b68b-692bde4621d7","Fratercula arctica",2020
"HumanObservation",2021,58.6393721707,-3.024251014,"2021-06-03T13:00:48+01:00",NA,"Fratercula arctica","e4dfe086-8832-4c6b-9cf9-b6e0a8f7a9b9","Fratercula arctica",2020
"HumanObservation",2024,63.427717,-20.2673821,"2024-07-03T11:33:00+00:00",NA,"Fratercula arctica","e4f4a080-c3bf-4471-9e55-795430ca7589","Fratercula arctica",2020
"HumanObservation",2024,78.930132,11.940108,"2024-06-30T08:25:49+02:00",NA,"Rissa tridactyla","e4ff305d-342f-40bd-8c01-918d85e5c66a","Rissa tridactyla",2020
"HumanObservation",2023,70.2371449219,31.0449480498,"2023-06-23T17:25:00+02:00",NA,"Rissa tridactyla","e500ffed-635a-4ced-bc05-020ea672ed74","Rissa tridactyla",2020
"HumanObservation",2024,62.1079895,-7.602288,"2024-05-02T23:20:34+01:00",NA,"Fratercula arctica","e50218fd-0bbe-4dee-955b-d2724c8d2bcb","Fratercula arctica",2020
"HumanObservation",2018,64.1719559,-21.9163726,"2018-07-30",NA,"Fratercula arctica","e56b9baf-38de-4112-92d7-42f64c823dac","Fratercula arctica",2010
"HumanObservation",2024,64.2042317165,-21.8682640046,"2024-08-11T11:13:09+00:00",NA,"Fratercula arctica","e571e69c-e74d-468f-af98-e79f4421658d","Fratercula arctica",2020
"HumanObservation",2023,69.5099374028,15.7203587272,"2023-09-11T14:47:00+02:00",NA,"Physeter macrocephalus","e5842248-6047-4b82-abab-d9e38139de88","Physeter macrocephalus",2020
"HumanObservation",2023,64.0704486707,-16.1934261623,"2023-06-06T21:09:00+00:00",NA,"Rissa tridactyla","e59a2936-2732-4489-be3b-ebd6a0bd9730","Rissa tridactyla",2020
"HumanObservation",2023,70.304804681,31.1393349949,"2023-06-23T15:13:00+02:00",NA,"Rissa tridactyla","e5a1e32d-3bfa-4895-a3e1-36cc3f4d5704","Rissa tridactyla",2020
"HumanObservation",2023,79.5614178329,11.0298213953,"2023-09-18T08:44:00+02:00",NA,"Rissa tridactyla","e5a9592a-256c-40d1-8a84-885202492936","Rissa tridactyla",2020
"HumanObservation",2024,64.1475337744,-21.9372931682,"2024-05-18T21:21:57+00:00",NA,"Fratercula arctica","e5d14d43-c4e2-4f07-9099-cbd7727484a3","Fratercula arctica",2020
"MaterialSample",2019,58.54382,-5.120767,"2019-06-23",NA,"Rissa tridactyla","e5e61c11-7741-4dfb-9fd4-b8d33f9915c6","Rissa tridactyla",2010
"HumanObservation",2020,61.4246,-21.3066,"2020-08-25",NA,"Balaenoptera musculus","e5e7f563-d25a-4fce-a02b-1fec1e9a3a8a","Balaenoptera musculus",2020
"HumanObservation",2021,62.178905,-7.2572583333,"2021-07-05T14:45:14+03:00",NA,"Fratercula arctica","e5ed7dd5-f7f2-48d6-b83a-e20d15b41679","Fratercula arctica",2020
"HumanObservation",2022,64.1572883333,-21.8794766667,"2022-10-30T15:47:00+00:00",NA,"Rissa tridactyla","e60bc945-163c-4b24-b090-4b4164c5df44","Rissa tridactyla",2020
"HumanObservation",2024,64.9221908106,-12.7496943154,"2024-06-06T12:12:00-01:00",NA,"Fratercula arctica","e6102881-0152-4e22-bbb1-35a62fc2d568","Fratercula arctica",2020
"HumanObservation",2017,59.5335163197,-1.6017482798,"2017-05-23T11:17:00+01:00",NA,"Fratercula arctica","e62a38f3-98a6-4652-9519-6749431621bb","Fratercula arctica",2010
"MachineObservation",2020,74.227647,14.342675,"2020-09-12T08:22",NA,"Physeter macrocephalus","e62e0f9c-94a9-4a52-909b-1a09809af433","Physeter macrocephalus",2020
"MachineObservation",2020,76.320278,10.464174,"2020-09-12T20:33",NA,"Physeter macrocephalus","e6305c0c-83f0-4757-87e2-49964432ca82","Physeter macrocephalus",2020
"HumanObservation",2022,70.2366985068,31.124647402,"2022-07-19T11:11:00+02:00",NA,"Fratercula arctica","e63bd2e8-daf8-4e6f-b8ce-6ef3e60a4706","Fratercula arctica",2020
"HumanObservation",2023,63.7856150941,-20.6965149983,"2023-11-26T10:40:39+00:00",NA,"Fratercula arctica","e63e2960-2b0a-48ef-881d-40520b836d7d","Fratercula arctica",2020
"MaterialSample",2019,58.52362,-5.11301,"2019-06-23",NA,"Fratercula arctica","e640d70a-e325-4e9c-b3ce-825d9e5902f2","Fratercula arctica",2010
"HumanObservation",2024,78.9242479129,11.9208650388,"2024-09-03T14:19:00+02:00",NA,"Rissa tridactyla","e64d6037-c353-41e8-9574-4b4ffe80922d","Rissa tridactyla",2020
"HumanObservation",2017,67.8752907785,12.8349155048,"2017-05-30T11:53:13+02:00",NA,"Rissa tridactyla","e666ecbf-a7ce-451b-9db6-60db5189660a","Rissa tridactyla",2010
"HumanObservation",2021,62.3152232212,-6.4816410426,"2021-08-03T14:55:29+02:00",NA,"Fratercula arctica","e6735fa5-0148-4e65-8567-3778b440e70c","Fratercula arctica",2020
"HumanObservation",2024,64.7698700212,-23.617307458,"2024-06-10T14:45:00+00:00",NA,"Rissa tridactyla","e6794f87-a440-4eab-9f3a-3b6bfd7780b7","Rissa tridactyla",2020
"HumanObservation",2024,65.990487,-18.313522,"2024-08-11T15:08:28","1","Balaenoptera musculus","e6855135-e158-46b5-9209-32289b1d8036","Balaenoptera musculus",2020
"HumanObservation",2017,64.71495,-19.028362,"2017-07-21T22:00:00+00:00",NA,"Fratercula arctica","e69334c4-58fd-45db-b1cd-ce2b8f55737b","Fratercula arctica",2010
"HumanObservation",2024,77.6742,14.82198,"2024-06-06T09:45:00+02:00",NA,"Fratercula arctica","e697c135-c6d8-41cc-b0c5-081ff004ad11","Fratercula arctica",2020
"HumanObservation",2024,63.4039927908,-19.1038377216,"2024-07-23T21:23:03+00:00",NA,"Fratercula arctica","e6aa92c5-39fd-4606-822f-1e7c7e7fcabe","Fratercula arctica",2020
"HumanObservation",2023,71.0854560056,25.2819892039,"2023-06-21T10:03:00+02:00",NA,"Fratercula arctica","e6c11876-b1cb-411e-95e3-0635c052592e","Fratercula arctica",2020
"HumanObservation",2018,78.2510694817,15.4961248862,"2018-08-03T09:58:00+02:00",NA,"Rissa tridactyla","e6d08118-9e35-477a-8ead-aef5edfb6a75","Rissa tridactyla",2010
"HumanObservation",2017,68.1399370428,13.2968841746,"2017-10-03T15:47:00+02:00",NA,"Rissa tridactyla","e6dda8e0-e676-4f48-8206-6857a5c6dcbc","Rissa tridactyla",2010
"HumanObservation",2019,62.5414607904,6.1478567855,"2019-07-26T15:30:52+02:00",NA,"Rissa tridactyla","e6df63fb-7f09-49d4-b37f-1e6b66b34310","Rissa tridactyla",2010
"HumanObservation",2023,77.4903623494,14.7090562147,"2023-06-21T15:24:00+02:00",NA,"Rissa tridactyla","e6ffa0f9-4485-429b-b2e2-4207992bddfa","Rissa tridactyla",2020
"HumanObservation",2024,79.6149133333,12.6971633333,"2024-07-01T15:59:13+02:00",NA,"Rissa tridactyla","e71b67e4-c814-4605-b9ef-11d2f8913175","Rissa tridactyla",2020
"HumanObservation",2024,77.0169584406,15.875409432,"2024-06-12T10:42:00+02:00",NA,"Rissa tridactyla","e71d0245-0b89-4862-a50a-9f819e9e5c9d","Rissa tridactyla",2020
"HumanObservation",2024,63.4010156,-20.2879715,"2024-05-23T10:57:00+00:00",NA,"Fratercula arctica","e731e808-c1e9-40af-b92d-fc4ea0a0d2c5","Fratercula arctica",2020
"HumanObservation",2022,76.9302782221,15.1530173059,"2022-08-09T13:22:32+02:00",NA,"Rissa tridactyla","e739bf1e-9d42-473c-a2ce-9d8534881a21","Rissa tridactyla",2020
"HumanObservation",2023,70.2686621353,31.1051201512,"2023-06-23T17:39:00+02:00",NA,"Rissa tridactyla","e73e97e3-6a05-4571-902c-e9afc9ec3b85","Rissa tridactyla",2020
"HumanObservation",2024,58.671005,-3.3771866667,"2024-07-23T12:06:00+01:00",NA,"Fratercula arctica","e761d66b-0900-4a7e-9570-f3a7678e3ff8","Fratercula arctica",2020
"HumanObservation",2018,63.402726,-19.038532,"2018-08-10T10:58:00-04:00",NA,"Fratercula arctica","e763b270-adad-4946-9598-5eee5b421433","Fratercula arctica",2010
"HumanObservation",2024,63.4029766667,-19.0426683333,"2024-08-12T16:07:38+00:00",NA,"Fratercula arctica","e76a17d0-22ff-48b2-bc4d-44df86f76a96","Fratercula arctica",2020
"HumanObservation",2024,78.3009453256,13.8700474825,"2024-06-05T17:30:00+02:00",NA,"Rissa tridactyla","e76de4a9-f0d4-48d6-b8a5-811f0d599f49","Rissa tridactyla",2020
"HumanObservation",2021,58.8617,-3.468583,"2021-05-06T17:20:00",NA,"Balaenoptera physalus","e77c57a2-9c01-49f5-89e1-dfa237cb65cf","Balaenoptera physalus",2020
"HumanObservation",2024,69.0914803695,-12.8145634901,"2024-06-09T15:10:00-01:00",NA,"Rissa tridactyla","e7814505-9ce9-42b1-a99c-099eb520201b","Rissa tridactyla",2020
"HumanObservation",2023,78.5115351,16.318572,"2023-07-23T23:48:00+02:00",NA,"Rissa tridactyla","e781be07-74a4-441b-a3ff-81022b23e291","Rissa tridactyla",2020
"HumanObservation",2023,78.1623878177,20.7880468188,"2023-07-07T13:26:00+02:00",NA,"Rissa tridactyla","e79a3bf2-efde-4fa8-b4ad-6b9c48749c20","Rissa tridactyla",2020
"HumanObservation",2024,66.1,-17.5,"2024-04-29","1","Balaenoptera musculus","e79dc1f1-314a-4bf7-872d-952552befa4a","Balaenoptera musculus",2020
"HumanObservation",2019,65.4992977462,-24.5201968653,"2019-06-30T13:58:00+00:00",NA,"Fratercula arctica","e7b5a95c-a594-475b-9265-be684028aa74","Fratercula arctica",2010
"HumanObservation",2022,67.9251881288,12.9703902223,"2022-07-23T23:45:00+02:00",NA,"Rissa tridactyla","e7b85090-807b-48e0-bc86-5f47a15a4a74","Rissa tridactyla",2020
"HumanObservation",2022,70.3160787504,31.1785099286,"2022-07-17T13:27:00+02:00",NA,"Fratercula arctica","e7be2e1b-39d2-4032-85a9-0bba43e8101f","Fratercula arctica",2020
"HumanObservation",2024,58.6409533333,-3.0249805,"2024-04-21T17:12:39+01:00",NA,"Fratercula arctica","e7c9a152-4fb3-4dc1-ba5c-420154f15b25","Fratercula arctica",2020
"HumanObservation",2022,69.367416,16.22041,"2022-08-03T12:39:03","1","Physeter macrocephalus","e814221a-3074-4236-85e9-088e3ae02e61","Physeter macrocephalus",2020
"HumanObservation",2024,64.7667,-23.621145,"2024-07-06T04:09:43+00:00",NA,"Rissa tridactyla","e81fab33-2abf-4fc7-9299-37553e8d2882","Rissa tridactyla",2020
"HumanObservation",2024,69.2830266766,16.538964861,"2024-03-26T12:32:00+01:00",NA,"Physeter macrocephalus","e8270f29-1f3f-4303-abef-09d83e41ccb6","Physeter macrocephalus",2020
"HumanObservation",2018,63.4027197222,-19.1310997222,"2018-08-19T20:49:00-07:00",NA,"Fratercula arctica","e8284602-3b41-45a6-885b-dbe2cf4f68c1","Fratercula arctica",2010
"HumanObservation",2022,64.76773,-23.6168905,"2022-07-11T15:55:00+00:00",NA,"Rissa tridactyla","e8290c8d-0534-4c71-b560-5a498367a957","Rissa tridactyla",2020
"HumanObservation",2024,64.4941368193,-12.5036471605,"2024-06-06T09:49:00-01:00",NA,"Rissa tridactyla","e82fcefc-f443-4309-a988-56404b93fe64","Rissa tridactyla",2020
"HumanObservation",2023,64.0705324,-22.6512494,"2023-06-15T19:45:00+00:00",NA,"Rissa tridactyla","e857c6f8-b67a-4051-a097-13de7430056e","Rissa tridactyla",2020
"HumanObservation",2018,63.4017666537,-19.127674127,"2018-07-26T13:40:00+00:00",NA,"Fratercula arctica","e85ab8db-961f-4f0a-adfa-95735d786b63","Fratercula arctica",2010
"HumanObservation",2020,71.1535863598,25.2447241534,"2020-08-01T15:17:00+02:00",NA,"Fratercula arctica","e862ce23-6ca8-46b5-b243-2f74b36a7324","Fratercula arctica",2020
"HumanObservation",2023,57.1166667,8.6,"2023-02-19T16:22:00+01:00",NA,"Rissa tridactyla","e8647171-a0a6-428d-b8ae-1186b6987396","Rissa tridactyla",2020
"HumanObservation",2019,66.5085366667,-16.5445583333,"2019-06-05T11:04:49+02:00",NA,"Fratercula arctica","e8a44255-aaf7-4e77-9831-1ca8a8db966b","Fratercula arctica",2010
"HumanObservation",2017,64.8513307767,-23.2327985086,"2017-06-01T13:52:00+00:00",NA,"Rissa tridactyla","e8c4d12b-23af-480a-a702-39af6443d820","Rissa tridactyla",2010
"HumanObservation",2019,62.4627961984,6.0004811304,"2019-07-26T15:30:47+02:00",NA,"Rissa tridactyla","e8c52bbd-d24e-4d8c-a81e-5dee636aaf0d","Rissa tridactyla",2010
"HumanObservation",2022,65.2976769698,-22.8211972729,"2022-06-02T22:20:00+00:00",NA,"Fratercula arctica","e8d7a345-7865-48e7-8f3f-93329f543c33","Fratercula arctica",2020
"HumanObservation",2018,66.2715766667,-22.5803016667,"2018-08-07T15:26:00-07:00",NA,"Rissa tridactyla","e8fd3fc7-d844-4a93-9934-9b3650519926","Rissa tridactyla",2010
"HumanObservation",2021,78.3581279107,16.8544446087,"2021-10-03T14:23:00+02:00",NA,"Rissa tridactyla","e9039866-dc32-4ee2-8827-80895d623259","Rissa tridactyla",2020
"HumanObservation",2018,65.919615,-21.8811763,"2018-06-12T03:28:00Z",NA,"Fratercula arctica","e91016f8-ab46-4537-a7e5-c6b3b72addad","Fratercula arctica",2010
"HumanObservation",2021,69.358856525,16.0411421536,"2021-08-22T18:37:39+03:00",NA,"Physeter macrocephalus","e9255a12-63a8-421f-9820-cd7930bbb51b","Physeter macrocephalus",2020
"HumanObservation",2023,67.1510207421,-16.6211671556,"2023-09-29T17:43:00-01:00",NA,"Rissa tridactyla","e96a0832-752c-4a8e-81f4-b66d2cf7fa14","Rissa tridactyla",2020
"HumanObservation",2017,79.1134944032,11.8751458112,"2017-06-18T22:24:00+01:00",NA,"Fratercula arctica","e979ff8c-29cb-4c09-bd09-f5bd39d623db","Fratercula arctica",2010
"HumanObservation",2023,70.7166392063,29.7606452102,"2023-05-21T16:28:23+02:00",NA,"Rissa tridactyla","e9808478-a478-4e9e-bf5b-badaa27b3eca","Rissa tridactyla",2020
"HumanObservation",2024,66.047451,-17.3439079,"2024-06-09T10:34:00+00:00",NA,"Fratercula arctica","e9a1285c-83b6-4a10-b3c1-34b5a1f8f03b","Fratercula arctica",2020
"HumanObservation",2021,64.963051,-19.020835,"2021-08-02T11:57:00-04:00",NA,"Rissa tridactyla","e9a23c49-e6a8-4273-ba74-02fd71fb67b0","Rissa tridactyla",2020
"HumanObservation",2019,63.4038485757,-19.1146651846,"2019-08-09",NA,"Fratercula arctica","e9a6f78e-1933-4b0c-88f1-b81efcb5a1e1","Fratercula arctica",2010
"HumanObservation",2023,64.7516193753,-23.6450487304,"2023-07-06T10:00:00+00:00",NA,"Rissa tridactyla","e9aeb9fa-063f-4da8-883e-1b527b1112e7","Rissa tridactyla",2020
"HumanObservation",2024,79.4599714672,13.307852299,"2024-07-19T10:33:00+02:00",NA,"Rissa tridactyla","e9ca3727-f056-4a84-8aef-4fd826a85331","Rissa tridactyla",2020
"HumanObservation",2020,61.0972,-13.2819,"2020-08-24",NA,"Balaenoptera physalus","e9f3fb79-5596-492f-b91f-09e6e6f2a3bd","Balaenoptera physalus",2020
"HumanObservation",2017,79.0254838562,21.1652768339,"2017-07-23T15:18:00+01:00",NA,"Rissa tridactyla","ea02bed0-7504-43a7-a0b4-8995c28b64a4","Rissa tridactyla",2010
"HumanObservation",2024,70.1858050494,-20.6823033453,"2024-08-21T10:31:10-01:00",NA,"Rissa tridactyla","ea0521c4-cb8c-4f1a-b103-ffa79f8322bd","Rissa tridactyla",2020
"HumanObservation",2022,63.404675,-19.1019583333,"2022-08-16T14:25:20+00:00",NA,"Fratercula arctica","ea2e023d-0394-4883-8958-710c009e8d18","Fratercula arctica",2020
"HumanObservation",2021,66.1653138536,-17.521620189,"2021-07-29",NA,"Fratercula arctica","ea2fa6c3-cf0f-46cc-8628-fc2caa83ef9b","Fratercula arctica",2020
"HumanObservation",2022,64.7347116667,-23.7776966667,"2022-07-12T18:11:36+00:00",NA,"Rissa tridactyla","ea352cc3-e899-4c6b-bcaf-5ad9d2cc0c99","Rissa tridactyla",2020
"HumanObservation",2024,63.4355611428,-20.2711573778,"2024-07-10T15:16:00+00:00",NA,"Fratercula arctica","ea35b9c7-5bbc-45e1-bf39-ab4f69c9ff17","Fratercula arctica",2020
"HumanObservation",2024,79.5640752227,10.9079825563,"2024-07-29T21:18:00+02:00",NA,"Fratercula arctica","ea3feb33-d69e-41a3-ba1e-3d5898a56984","Fratercula arctica",2020
"HumanObservation",2018,63.401434,-19.128451,"2018-07-12T13:36:00+00:00",NA,"Fratercula arctica","ea52e5d9-9768-4a74-9bb8-a4fbe54ddcdc","Fratercula arctica",2010
"HumanObservation",2024,63.4035166667,-20.2873305556,"2024-08-30T12:02:24+00:00",NA,"Fratercula arctica","ea591b51-9209-4c83-a5e7-90ecd6919ff4","Fratercula arctica",2020
"HumanObservation",2019,65.29601296,-13.6922780347,"2019-06-13T18:44:21+02:00",NA,"Fratercula arctica","ea5c3515-113c-4301-aabf-23d99590c4f9","Fratercula arctica",2010
"HumanObservation",2019,57.1590830045,9.0268631696,"2019-07-30T19:29:00+02:00",NA,"Rissa tridactyla","ea8cf834-2c9f-4714-8244-dbda2f69e8e3","Rissa tridactyla",2010
"HumanObservation",2022,70.2718208644,31.1551535666,"2022-07-19T10:44:00+02:00",NA,"Fratercula arctica","eab8ed0a-3cac-4943-9cd6-65ce915c8247","Fratercula arctica",2020
"HumanObservation",2023,70.0614963131,30.0088988337,"2023-03-23T10:08:00+01:00",NA,"Rissa tridactyla","eab92fc6-33de-4512-813d-be55cc144699","Rissa tridactyla",2020
"HumanObservation",2019,63.5337325204,-20.2746419509,"2019-07-04T18:25:00-05:00",NA,"Rissa tridactyla","eabee2d1-5c94-4c36-8b27-d0e9e1a232c6","Rissa tridactyla",2010
"HumanObservation",2019,65.5361462418,-24.3432370864,"2019-07-06T15:09:00+03:00",NA,"Rissa tridactyla","eac868ea-857b-4914-b9e5-e1dc9b0f8be7","Rissa tridactyla",2010
"HumanObservation",2022,64.7676533333,-23.6166833333,"2022-06-03T20:51:00+00:00",NA,"Rissa tridactyla","eacd97c8-49a2-4101-b062-a813796f6b5d","Rissa tridactyla",2020
"HumanObservation",2017,63.1629146861,7.7030331424,"2017-07-31T15:50:00+02:00",NA,"Rissa tridactyla","ead93f46-3aad-4cc9-bb70-80c48baaddf1","Rissa tridactyla",2010
"MachineObservation",2020,76.320278,10.464174,"2020-09-12T20:33",NA,"Physeter macrocephalus","eb043a06-0661-4b86-a45e-95ef289c92d1","Physeter macrocephalus",2020
"HumanObservation",2024,79.6566246591,11.078833577,"2024-08-15T13:05:00+02:00",NA,"Fratercula arctica","eb07f14b-e624-459c-86ba-98475b590361","Fratercula arctica",2020
"HumanObservation",2023,63.4283409117,-20.3013267517,"2023-07-07T13:26:32+00:00",NA,"Fratercula arctica","eb127b8b-cd9f-4595-ba72-549573506532","Fratercula arctica",2020
"HumanObservation",2023,71.1930537932,25.6427221745,"2023-06-30T13:20:08+02:00",NA,"Balaenoptera physalus","eb2a205a-2ead-4836-bc18-d571dce10d74","Balaenoptera physalus",2020
"HumanObservation",2019,68.1125281473,13.0663613539,"2019-07-07T15:56:38+02:00",NA,"Rissa tridactyla","eb4392fe-15fd-4ab7-85f9-37b5ac5fe25a","Rissa tridactyla",2010
"HumanObservation",2024,67.9615321847,12.810257298,"2024-07-12T00:38:00+02:00",NA,"Rissa tridactyla","eb514a80-219c-4d4e-946c-fa82a88e9243","Rissa tridactyla",2020
"HumanObservation",2023,74.377015,12.98341,"2023-09-18T14:27:00+01:00",NA,"Rissa tridactyla","eb514e96-274f-4bbb-a09f-05e5f5c02a1d","Rissa tridactyla",2020
"HumanObservation",2023,70.3192133427,31.0932223207,"2023-06-23T16:52:00+02:00",NA,"Fratercula arctica","eb652cce-e948-47d9-bfb8-49331267ac13","Fratercula arctica",2020
"HumanObservation",2024,66.5410388889,-18.0167694444,"2024-06-12T08:47:00+00:00",NA,"Rissa tridactyla","eb8d28e5-9fb5-4c14-bf9b-be97d0749441","Rissa tridactyla",2020
"HumanObservation",2018,63.5442464711,-19.1628273291,"2018-07-24T17:01:00+00:00",NA,"Fratercula arctica","eb998055-5ccc-435c-b27a-4505ff98dfd8","Fratercula arctica",2010
"HumanObservation",2022,59.8546194983,-1.2744441367,"2022-05-14T13:16:00+01:00",NA,"Fratercula arctica","ebaf6e8e-07b7-4ea8-a39f-066d714763a5","Fratercula arctica",2020
"HumanObservation",2024,70.0839807163,30.1490678822,"2024-06-29T09:10:00+02:00",NA,"Rissa tridactyla","ebc01e36-822a-4233-b7a3-651c5ce4d116","Rissa tridactyla",2020
"HumanObservation",2024,65.890206,-18.172236,"2024-08-11T10:31:50","1","Balaenoptera musculus","ebc19c3f-ec14-491c-8cf1-aa68382ff52e","Balaenoptera musculus",2020
"HumanObservation",2023,63.4450266958,-20.2614583281,"2023-07-24T14:22:00+00:00",NA,"Fratercula arctica","ebcb13f3-5ce9-4fd0-8b9d-c299fd97a36d","Fratercula arctica",2020
"HumanObservation",2024,57.1580583333,9.0236083333,"2024-07-11T12:43:01+02:00",NA,"Rissa tridactyla","ebdef497-f933-40c7-a46d-b7e2d6b814ee","Rissa tridactyla",2020
"HumanObservation",2023,65.5448112088,-24.1193737493,"2023-07-19T11:54:00+00:00",NA,"Fratercula arctica","ebe8898d-6d7f-41b5-adeb-fbc0be9635fc","Fratercula arctica",2020
"HumanObservation",2024,79.165,8.591667,"2024-06-25T21:43:34","1","Balaenoptera musculus","ebedbdae-78a6-411b-8edf-e5a623fea984","Balaenoptera musculus",2020
"HumanObservation",2024,78.2465840861,14.9392544306,"2024-07-24T20:14:00+02:00",NA,"Rissa tridactyla","ebf9ef07-e608-42d4-9e09-cc637adbb148","Rissa tridactyla",2020
"HumanObservation",2018,66.297157491,-17.5033842978,"2018-07-27T19:36:00+00:00",NA,"Fratercula arctica","ebfaa8da-db20-4dd1-aa03-31e166735476","Fratercula arctica",2010
"HumanObservation",2023,64.7678279691,-23.6163388286,"2023-06-02T13:25:46+00:00",NA,"Rissa tridactyla","ec0c8f5b-128d-473d-99c2-388a07268903","Rissa tridactyla",2020
"HumanObservation",2021,64.1430561169,-23.3188980633,"2021-08-21T14:04:48Z",NA,"Rissa tridactyla","ec16b833-2b28-453f-834b-139471c418a6","Rissa tridactyla",2020
"HumanObservation",2024,64.7208389551,-23.6495768975,"2024-08-05T21:16:00+00:00",NA,"Rissa tridactyla","ec1724ec-aedf-430a-ac89-8a37932e7558","Rissa tridactyla",2020
"HumanObservation",2024,65.374492,-22.916107,"2024-07-11T04:44:00+00:00",NA,"Fratercula arctica","ec1f1771-b7c7-4344-960e-b64a3dc44156","Fratercula arctica",2020
"HumanObservation",2018,64.8684121064,-24.0404419229,"2018-06-23T09:56:00Z",NA,"Rissa tridactyla","ec27694b-92d4-4afc-ab74-5a5ff5f09867","Rissa tridactyla",2010
"HumanObservation",2022,80.6660888889,11.9803722222,"2022-06-13T10:18:00+01:00",NA,"Rissa tridactyla","ec291d6e-3d85-4f09-a13e-ac0ead4c1c5a","Rissa tridactyla",2020
"HumanObservation",2024,67.1604,-23.9337,"2024-08-12T12:42:17","1","Physeter macrocephalus","ec2b325f-83ef-4d08-99d7-8b8ff7ce4531","Physeter macrocephalus",2020
"HumanObservation",2022,63.40184,-19.13044,"2022-05-26T18:44:00+00:00",NA,"Rissa tridactyla","ec466e6c-df66-428f-b218-2f4b0f52ddec","Rissa tridactyla",2020
"HumanObservation",2022,57.7455766667,10.65137,"2022-02-27T10:49:00+01:00",NA,"Rissa tridactyla","ec49fadc-e96b-44c6-9c60-7030f0b259bd","Rissa tridactyla",2020
"HumanObservation",2022,64.637235,-14.259479,"2022-07-20T10:52:39+00:00",NA,"Fratercula arctica","ec583898-560a-492b-af9b-c4b510a57ad6","Fratercula arctica",2020
"HumanObservation",2024,65.542045,-13.75472,"2024-07-06T17:49:01+00:00",NA,"Fratercula arctica","ec5c7e32-0a33-49cc-8c85-786aa5358635","Fratercula arctica",2020
"HumanObservation",2023,70.2188466462,31.1806159037,"2023-06-23T15:30:00+02:00",NA,"Fratercula arctica","ec5f4d91-f73b-4f48-aa78-a6e7ce5474f2","Fratercula arctica",2020
"HumanObservation",2019,63.4034852289,-20.289856245,"2019-07-05T15:11:00+00:00",NA,"Fratercula arctica","ec6b18bf-81ea-4238-a474-4d35fe6b5ae1","Fratercula arctica",2010
"HumanObservation",2024,63.7760781787,-18.5017501078,"2024-07-18T17:50:00+00:00",NA,"Fratercula arctica","ec6d6b59-1ef7-4e14-a77c-65f49abebfb6","Fratercula arctica",2020
"HumanObservation",2019,79.706302,19.189453,"2019-08-16T06:26:20","1","Balaenoptera musculus","ec83e3c5-b680-4bbb-afcd-8064f7c688ca","Balaenoptera musculus",2010
"HumanObservation",2024,61.7747401588,-6.8060019963,"2024-07-25T10:54:00+01:00",NA,"Fratercula arctica","ec868217-3bec-4e50-b6e0-cf0f9c37d72f","Fratercula arctica",2020
"HumanObservation",2024,65.5098315642,-24.4686167956,"2024-06-27T14:47:00+00:00",NA,"Fratercula arctica","ec9ab94f-2d8b-47bd-a179-4d6e130ecd64","Fratercula arctica",2020
"HumanObservation",2022,58.602128439,-4.7787669697,"2022-06-03T11:23:07+01:00",NA,"Fratercula arctica","ecb306cc-3525-40ab-96d3-c8416ab22bf9","Fratercula arctica",2020
"HumanObservation",2017,79.9940998508,11.7614116193,"2017-06-16T16:46:00+01:00",NA,"Rissa tridactyla","ecc38fc7-724a-4f31-b2cd-444b07e35d35","Rissa tridactyla",2010
"HumanObservation",2018,66.3834545134,-17.5286377939,"2018-07-27T19:36:00+00:00",NA,"Fratercula arctica","ecc5b7a8-7ac2-4f37-b080-e3ea8653eb54","Fratercula arctica",2010
"HumanObservation",2022,70.2291376098,31.1328958105,"2022-04-15T12:24:00+02:00",NA,"Fratercula arctica","eccd6c74-834a-4e96-bd08-64560e559f92","Fratercula arctica",2020
"HumanObservation",2019,69.22626,15.314856,"2019-07-17T09:00","1","Physeter macrocephalus","eced2952-6ad9-4b58-b647-3a8c87e4c465","Physeter macrocephalus",2010
"HumanObservation",2017,78.5237904407,16.0766326409,"2017-06-20T15:46:00+01:00",NA,"Fratercula arctica","eced93ca-c245-4acb-b76c-5d53a3b29a43","Fratercula arctica",2010
"HumanObservation",2022,63.4141278803,-19.0120087937,"2022-07-06T12:25:29+00:00",NA,"Fratercula arctica","ecf32967-6bc1-45c6-88b2-f2a5aef5dda7","Fratercula arctica",2020
"HumanObservation",2017,69.574566,15.830189,"2017-06-08T02:11:49","1","Physeter macrocephalus","ecf97539-4f50-4949-9a81-817c9b1a4a9d","Physeter macrocephalus",2010
"HumanObservation",2022,63.4020195081,-19.03999372,"2022-06-26T09:48:00+00:00",NA,"Rissa tridactyla","ed0276ae-7683-4c24-83ad-b792ee65acea","Rissa tridactyla",2020
"HumanObservation",2023,70.2925711508,31.001684053,"2023-06-23T16:39:05+02:00",NA,"Fratercula arctica","ed0545e1-e50c-4ac9-ba76-139625aa74e4","Fratercula arctica",2020
"HumanObservation",2023,59.533905,-1.602095,"2023-05-26T09:34:07+01:00",NA,"Fratercula arctica","ed0fc584-2681-4e50-bcbe-5069817f7205","Fratercula arctica",2020
"HumanObservation",2022,70.0546815062,30.163330167,"2022-04-13T16:54:00+02:00",NA,"Rissa tridactyla","ed0fdd0e-71b9-40e8-b438-ef42b3cfb175","Rissa tridactyla",2020
"HumanObservation",2024,62.1445878524,-7.1962388039,"2024-08-09T10:48:00+01:00",NA,"Rissa tridactyla","ed11dbc0-505d-4c84-a385-87d24bb2db91","Rissa tridactyla",2020
"HumanObservation",2024,79.7663532431,11.0313498847,"2024-08-05T09:35:00+02:00",NA,"Balaenoptera physalus","ed23ec27-1a2a-4042-8c67-225934547dba","Balaenoptera physalus",2020
"HumanObservation",2024,70.2658796287,30.8609594579,"2024-04-08T09:28:00+02:00",NA,"Rissa tridactyla","ed2892a9-72d8-432a-b1a5-33274e88c61b","Rissa tridactyla",2020
"HumanObservation",2021,63.4490271,-20.2640753,"2021-07-01T10:10:00-05:00",NA,"Fratercula arctica","ed301035-de08-4860-a198-8494d73f6b37","Fratercula arctica",2020
"HumanObservation",2023,79.6554895802,11.2164696048,"2023-08-21T13:25:00+02:00",NA,"Rissa tridactyla","ed3c48fc-9e8e-44df-8f15-1979691a1e79","Rissa tridactyla",2020
"HumanObservation",2022,65.5049530457,-24.5222388086,"2022-06-16T12:33:00+00:00",NA,"Fratercula arctica","ed4465ce-a4b0-4368-94c8-88b31ada6d22","Fratercula arctica",2020
"HumanObservation",2022,70.264179115,31.0267005335,"2022-04-14T18:33:00+02:00",NA,"Fratercula arctica","ed555629-250e-408c-b4c4-dde5bdf54739","Fratercula arctica",2020
"HumanObservation",2024,63.4472738592,-20.2873106785,"2024-07-13T11:31:00+00:00",NA,"Fratercula arctica","ed830554-c95a-4b1b-8a2e-d02a2af8c923","Fratercula arctica",2020
"HumanObservation",2023,63.4055660977,-19.1116428515,"2023-07-31T16:57:00+00:00",NA,"Fratercula arctica","ed87dfd0-59ef-4d67-ba61-93f615f7b024","Fratercula arctica",2020
"HumanObservation",2017,58.886817,-2.915333,"2017-04-28T14:30:00",NA,"Balaenoptera physalus","eda3f6e3-d059-44d2-88a2-231ed65196ab","Balaenoptera physalus",2010
"HumanObservation",2023,66.4576976375,-18.1686036826,"2023-06-19T11:41:00+00:00",NA,"Rissa tridactyla","edc23199-4832-4718-9200-ff3bc5e72122","Rissa tridactyla",2020
"HumanObservation",2024,65.5420610184,-13.7544777035,"2024-07-20T17:10:57+00:00",NA,"Fratercula arctica","edd060bf-7cae-4ef6-aafa-44869b6a5701","Fratercula arctica",2020
"HumanObservation",2024,64.7670724188,-23.6278388334,"2024-08-05T21:09:00+00:00",NA,"Rissa tridactyla","eddcb02a-7857-44c2-9b05-9d5027ca3c90","Rissa tridactyla",2020
"HumanObservation",2022,74.7529080185,3.2529220713,"2022-08-14T11:52:56+00:00",NA,"Physeter macrocephalus","edf669a9-3a26-4fe5-a6f8-45358bf2d58c","Physeter macrocephalus",2020
"HumanObservation",2024,69.6453752118,18.9157440517,"2024-05-16T18:20:00+02:00",NA,"Rissa tridactyla","ee00eb93-f13c-4af7-9c11-38bc1bc31c1f","Rissa tridactyla",2020
"HumanObservation",2023,70.2888779892,31.0153282501,"2023-06-23T17:06:00+02:00",NA,"Fratercula arctica","ee071892-31e3-45cd-bd6e-2527c3ef86d9","Fratercula arctica",2020
"HumanObservation",2022,64.7688751221,-23.6184062958,"2022-07-30T13:32:32+00:00",NA,"Rissa tridactyla","ee1ade28-80bf-4c5b-b811-3eb1e9948310","Rissa tridactyla",2020
"HumanObservation",2023,69.6637301669,18.8982914626,"2023-07-08T21:21:00+02:00",NA,"Rissa tridactyla","ee21796c-1262-4038-a6c3-4391f3a2a747","Rissa tridactyla",2020
"HumanObservation",2024,65.9159299265,-17.4266445556,"2024-07-16T17:34:22+00:00",NA,"Fratercula arctica","ee2825a6-e708-47b8-aab2-bc542a25d547","Fratercula arctica",2020
"HumanObservation",2024,65.542075,-13.7546033333,"2024-06-12T16:38:01+00:00",NA,"Fratercula arctica","ee315d46-ee94-409f-9284-6d306cd90792","Fratercula arctica",2020
"HumanObservation",2022,63.529915,-20.117147,"2022-07-04T12:09:00+00:00",NA,"Rissa tridactyla","ee435197-8bf6-496d-9d1a-4d7759f72f4e","Rissa tridactyla",2020
"MachineObservation",2020,76.347858,10.19784,"2020-09-12T20:45",NA,"Physeter macrocephalus","ee58e267-d052-495c-b3d1-769dabf1471e","Physeter macrocephalus",2020
"HumanObservation",2024,77.946162712,5.4505453068,"2024-06-04T08:40:00+00:00",NA,"Rissa tridactyla","ee591fdb-b6fd-4e41-9ab4-2d406f566397","Rissa tridactyla",2020
"HumanObservation",2023,70.2957232654,31.0860538966,"2023-06-23T14:54:00+02:00",NA,"Rissa tridactyla","ee59785b-b749-4576-acb0-a248260e852d","Rissa tridactyla",2020
"HumanObservation",2024,63.4039797776,-20.286760925,"2024-07-24T15:42:00+00:00",NA,"Rissa tridactyla","ee5e6b3c-2879-4845-978a-0e5e910e1db1","Rissa tridactyla",2020
"HumanObservation",2023,71.1314607442,25.2435488863,"2023-07-28T18:08:25+02:00",NA,"Fratercula arctica","ee640929-8284-4759-b501-aa13f2913ad1","Fratercula arctica",2020
"HumanObservation",2023,62.3251149,-6.9494209,"2023-07-15T21:21:24+01:00",NA,"Fratercula arctica","ee6c69c0-9c49-43d2-adb0-df7d1f652fd8","Fratercula arctica",2020
"HumanObservation",2024,65.8238112042,-17.749827245,"2024-07-16T13:36:55+00:00",NA,"Fratercula arctica","ee70cac6-7218-4b90-a67f-19631de73a77","Fratercula arctica",2020
"HumanObservation",2023,70.3775998754,31.0320239193,"2023-06-23T17:07:00+02:00",NA,"Fratercula arctica","ee856d2d-9459-427e-b158-8d95a37a02ce","Fratercula arctica",2020
"HumanObservation",2023,62.1026870353,-7.6552976669,"2023-07-02T12:15:00+01:00",NA,"Fratercula arctica","ee8f0bd5-1bb5-4818-8120-0db8baf50a10","Fratercula arctica",2020
"HumanObservation",2018,58.3866251199,-5.196137062,"2018-06-04",NA,"Fratercula arctica","ee9b8ba7-8c42-4ced-89be-4eeca7e20e38","Fratercula arctica",2010
"HumanObservation",2021,65.501045,-24.528905,"2021-07-02T04:16:53Z",NA,"Rissa tridactyla","ee9c515d-a94f-4a17-ab3e-5f4b933274fa","Rissa tridactyla",2020
"HumanObservation",2023,70.5464320109,23.5501613604,"2023-07-04T11:57:00+02:00",NA,"Rissa tridactyla","eead58b5-4f8e-4e04-9305-f22050c1768a","Rissa tridactyla",2020
"MachineObservation",2020,76.3994,10.177595,"2020-09-12T20:57",NA,"Physeter macrocephalus","eebfd38b-1f04-4e56-8921-954d306dcb97","Physeter macrocephalus",2020
"HumanObservation",2023,63.4211583147,-19.1008405387,"2023-07-22T17:46:46+00:00",NA,"Fratercula arctica","eec71fba-319c-4389-a485-a1f667f32cb8","Fratercula arctica",2020
"HumanObservation",2019,63.427717,-20.2673821,"2019-07-05T21:28:00-05:00",NA,"Fratercula arctica","eecaf6c4-dbba-4b83-9544-41ffe3bdcf36","Fratercula arctica",2010
"HumanObservation",2022,63.5246761325,-20.1127065902,"2022-07-30T17:54:00+00:00",NA,"Fratercula arctica","eeceac6a-39a2-4ec8-827a-905c1626d7c5","Fratercula arctica",2020
"HumanObservation",2022,63.4291081686,-20.30201008,"2022-07-31T12:58:00+00:00",NA,"Fratercula arctica","eed2f459-7bba-4d88-9600-6d539296266f","Fratercula arctica",2020
"HumanObservation",2022,69.791041787,19.0258042564,"2022-07-25T18:00:34+02:00",NA,"Rissa tridactyla","eeec9560-7335-4e91-bce4-997e934b331d","Rissa tridactyla",2020
"HumanObservation",2023,65.8599564565,-20.2947910826,"2023-08-13T10:41:00+00:00",NA,"Rissa tridactyla","eeefd5ac-d3e1-4fae-aa9f-75d2fd646b2e","Rissa tridactyla",2020
"HumanObservation",2022,59.3333333,-3.0666667,"2022-07-25T15:27:00+01:00",NA,"Rissa tridactyla","eeff4c73-03c4-4fd4-8a90-52b5b53ce373","Rissa tridactyla",2020
"HumanObservation",2023,66.3642375914,-14.6580785757,"2023-07-07T13:37:00+00:00",NA,"Rissa tridactyla","ef07bcaf-915a-472d-baa5-5c831b1ea01a","Rissa tridactyla",2020
"HumanObservation",2017,64.963051,-19.020835,"2017-08-13T06:02:00-07:00",NA,"Rissa tridactyla","ef3613c9-b56c-41fe-b41d-f835f35bab50","Rissa tridactyla",2010
"HumanObservation",2019,64.892312,-24.139709,"2019-04-26T15:00","1","Physeter macrocephalus","ef37b38e-8b59-47e1-8de7-e017fb47085d","Physeter macrocephalus",2010
"HumanObservation",2022,70.2254832293,31.1825764198,"2022-07-19T10:04:00+02:00",NA,"Fratercula arctica","ef459f36-ef68-45ed-b583-6e09b5f0aea0","Fratercula arctica",2020
"HumanObservation",2017,64.71495,-19.028362,"2017-07-21T22:00:00+00:00",NA,"Rissa tridactyla","ef477ff3-5a83-46a9-9560-022ce3a3aaee","Rissa tridactyla",2010
"HumanObservation",2024,66.4406659725,-17.2130648899,"2024-05-25T19:00:00-01:00",NA,"Fratercula arctica","ef505e40-087d-4f3a-8b98-0c66fd0c9c7d","Fratercula arctica",2020
"HumanObservation",2020,61.0972,-13.2819,"2020-08-24",NA,"Physeter macrocephalus","ef5ea338-a257-49bb-9b75-3816c01dd258","Physeter macrocephalus",2020
"HumanObservation",2018,59.8567456465,-1.2722671402,"2018-07-06T16:19:56+02:00",NA,"Fratercula arctica","ef783c11-c913-4240-bf07-1290e45c48b5","Fratercula arctica",2010
"HumanObservation",2024,69.4978637989,15.7412240709,"2024-08-30T18:55:31+02:00",NA,"Physeter macrocephalus","ef7a3896-28c2-4e31-bc74-3f81fd024e1c","Physeter macrocephalus",2020
"HumanObservation",2017,66.1239707104,-23.2559891594,"2017-08-25T07:15:00+00:00",NA,"Fratercula arctica","ef9a1395-35a3-4688-910e-5da753d603a8","Fratercula arctica",2010
"HumanObservation",2022,59.3333333,-3.0666667,"2022-07-25T15:29:00+01:00",NA,"Rissa tridactyla","ef9eadb8-4032-487a-9ffc-dae624086e06","Rissa tridactyla",2020
"HumanObservation",2023,70.2117479381,31.1996179909,"2023-06-23T16:53:00+02:00",NA,"Fratercula arctica","efa28f34-e220-4064-b345-48389c4b6f78","Fratercula arctica",2020
"HumanObservation",2017,64.963051,-19.020835,"2017-08-13T06:02:00-07:00",NA,"Rissa tridactyla","efa41778-3e16-4f65-a241-88d372e4cf32","Rissa tridactyla",2010
"HumanObservation",2021,63.407319,-20.293465,"2021-07-16",NA,"Fratercula arctica","efab2a96-ea8d-4d31-b538-c8dde184e03d","Fratercula arctica",2020
"HumanObservation",2019,68.755148101,14.5075193376,"2019-06-09T14:53:00+10:00",NA,"Rissa tridactyla","efaedf94-7504-4e0f-b4a1-cfc1cea600f2","Rissa tridactyla",2010
"HumanObservation",2019,63.4390445743,-20.2806916488,"2019-08-30T16:21:28-04:00",NA,"Fratercula arctica","efb2a185-e21d-40a8-8060-3c6acede0a69","Fratercula arctica",2010
"HumanObservation",2022,65.5424646895,-13.755633799,"2022-05-21T18:01:00+00:00",NA,"Fratercula arctica","efc4dded-c2d0-4cc1-83ed-1d6682d29965","Fratercula arctica",2020
"HumanObservation",2023,64.7716916074,-23.554342631,"2023-07-13T16:59:00+00:00",NA,"Rissa tridactyla","efd97388-d723-4d9a-9d79-ca7885aad1da","Rissa tridactyla",2020
"HumanObservation",2017,63.4166056628,-18.9940638937,"2017-07-17T22:58:00+00:00",NA,"Rissa tridactyla","efe06ed8-6ac3-4ac8-bf05-0a99049fefe1","Rissa tridactyla",2010
"HumanObservation",2023,64.7353973,-23.775135,"2023-07-07T09:29:00+00:00",NA,"Rissa tridactyla","efe83240-d89c-42a6-bb62-272974213010","Rissa tridactyla",2020
"HumanObservation",2023,65.5008805556,-24.5280852778,"2023-08-16T15:33:00+00:00",NA,"Fratercula arctica","efe8e45e-5278-4e69-966e-e084a1901f2b","Fratercula arctica",2020
"HumanObservation",2024,57.1575266667,9.0218405556,"2024-07-31T10:19:53+02:00",NA,"Rissa tridactyla","f002d13c-fb4d-47f6-84df-8a8955a516fc","Rissa tridactyla",2020
"MachineObservation",2020,74.377132,14.07797,"2020-09-12T09:14",NA,"Physeter macrocephalus","f021a31c-9295-4d8b-a1bc-fac008e1ac5e","Physeter macrocephalus",2020
"HumanObservation",2024,64.1721883333,-21.9231783333,"2024-08-07T00:07:02+00:00",NA,"Fratercula arctica","f021ea81-ec5d-4706-9676-18cb270d4193","Fratercula arctica",2020
"HumanObservation",2023,77.64483,14.63047,"2023-06-20T22:37:49","1","Balaenoptera musculus","f023d208-87c0-428f-97db-583016401ee4","Balaenoptera musculus",2020
"HumanObservation",2021,60.3857968672,-1.0811261289,"2021-07-22T10:40:00+01:00",NA,"Fratercula arctica","f02be70f-8a93-4c66-925b-2db62b4794d7","Fratercula arctica",2020
"HumanObservation",2024,70.0173035038,30.050877907,"2024-07-26T15:13:00+02:00",NA,"Rissa tridactyla","f039c1b7-c53d-45bc-9c42-371ea65cc968","Rissa tridactyla",2020
"HumanObservation",2022,67.9448482397,13.1407651653,"2022-08-29T15:23:00+02:00",NA,"Rissa tridactyla","f03ee82c-e3b7-4137-ba13-a598dfce969e","Rissa tridactyla",2020
"HumanObservation",2022,78.2252997539,15.6256364286,"2022-08-31",NA,"Fratercula arctica","f0578cb7-0101-42f0-9d0e-03a4d800ef70","Fratercula arctica",2020
"HumanObservation",2023,70.3615434763,31.1045835237,"2023-06-23T17:38:00+02:00",NA,"Rissa tridactyla","f05f2da0-d85b-461f-abc3-92b8d90bfbc5","Rissa tridactyla",2020
"HumanObservation",2018,63.4017666537,-19.127674127,"2018-07-26T13:39:00+00:00",NA,"Fratercula arctica","f097d1b9-4db5-49d2-9078-eda31abc8335","Fratercula arctica",2010
"HumanObservation",2022,58.7481662258,-2.9822010288,"2022-07-11T14:28:09+01:00",NA,"Fratercula arctica","f0a3ea4c-c9cb-4e11-bfd6-9fa113a8ac08","Fratercula arctica",2020
"HumanObservation",2019,59.8547472222,-1.2741777778,"2019-06-05T14:59:00+01:00",NA,"Fratercula arctica","f0aec992-4c47-48de-a3bd-67de34102fb1","Fratercula arctica",2010
"HumanObservation",2022,63.3993101522,-19.0393273526,"2022-06-26T09:37:00+00:00",NA,"Fratercula arctica","f0b9ee10-1815-46ce-94f9-42adbbb9ab97","Fratercula arctica",2020
"HumanObservation",2022,62.4224352354,5.7373630573,"2022-05-23T15:29:00+02:00",NA,"Fratercula arctica","f0cbfceb-6fa5-4502-85f2-117c2405f7aa","Fratercula arctica",2020
"HumanObservation",2023,70.3701679793,31.1161165478,"2023-06-23T16:13:00+02:00",NA,"Fratercula arctica","f0e94dbd-b7d8-47c8-a455-32eead5c6e48","Fratercula arctica",2020
"HumanObservation",2024,64.188175,-21.8284783333,"2024-07-19T14:32:00+00:00",NA,"Fratercula arctica","f0f5f6b9-5b25-43dd-b9ad-9e327eb4104f","Fratercula arctica",2020
"HumanObservation",2022,64.0817931582,-22.6903087571,"2022-08-03T12:58:00+00:00",NA,"Rissa tridactyla","f0ffdb9b-611f-4728-95da-6465d7621c99","Rissa tridactyla",2020
"HumanObservation",2024,66.1380556,-16.9491667,"2024-08-14T05:34:00+00:00",NA,"Rissa tridactyla","f12aeba5-fadd-4774-a593-de13e922cef0","Rissa tridactyla",2020
"HumanObservation",2023,79.9902292066,15.4448943057,"2023-08-03T10:55:00+02:00",NA,"Fratercula arctica","f154fe5f-d5d9-4f7e-a6c9-098c7d665877","Fratercula arctica",2020
"HumanObservation",2024,63.4342503233,-20.3039837857,"2024-07-12T11:14:00+00:00",NA,"Rissa tridactyla","f15d006b-109e-4c35-a909-5678762ac738","Rissa tridactyla",2020
"HumanObservation",2021,66.3784660233,-14.5331510617,"2021-07-12T11:49:00+02:00",NA,"Fratercula arctica","f1764f36-660c-403f-8664-6639c0db1ba7","Fratercula arctica",2020
"HumanObservation",2024,63.4038394508,-20.289708735,"2024-06-25T09:03:00+00:00",NA,"Fratercula arctica","f197b1c8-5a6d-465b-971c-1c54d5b7fd0c","Fratercula arctica",2020
"HumanObservation",2024,65.0235278333,-13.99668,"2024-09-02T16:10:17+00:00",NA,"Rissa tridactyla","f1a19d7c-8935-4d7c-ae1d-ed80b025e340","Rissa tridactyla",2020
"HumanObservation",2024,69.5056532703,18.9725271967,"2024-10-13T13:26:00+02:00",NA,"Rissa tridactyla","f1b8c301-2779-45ad-9c12-dc1ef68a9404","Rissa tridactyla",2020
"HumanObservation",2024,70.3177123045,31.1089592063,"2024-03-11T16:05:00+01:00",NA,"Fratercula arctica","f1d64f81-4eba-4c1d-bfc8-e54305bcda20","Fratercula arctica",2020
"HumanObservation",2023,62.2594295179,5.4232307864,"2023-01-26",NA,"Fratercula arctica","f1fe609d-b798-470a-98a4-7b73b184b7cd","Fratercula arctica",2020
"HumanObservation",2022,65.156565,-22.79269,"2022-07-08T20:39:00+00:00",NA,"Fratercula arctica","f209db27-55d3-46ad-81ca-88eb52a9929d","Fratercula arctica",2020
"HumanObservation",2018,77.934055,20.566406,"2018-05-09T00:09:01","1","Physeter macrocephalus","f2371af0-1378-4b04-84f0-281f362ae662","Physeter macrocephalus",2010
"HumanObservation",2024,55.849479,25.614135,"2024-12-06T13:06:38+02:00",NA,"Rissa tridactyla","f237ae44-b712-4fea-9cac-809e7a0fa64b","Rissa tridactyla",2020
"HumanObservation",2023,63.4032638472,-20.2883267957,"2023-05-29T17:12:00+00:00",NA,"Fratercula arctica","f263c6ff-5be7-49d9-97a3-ca518c21bb28","Fratercula arctica",2020
"HumanObservation",2022,63.4024258975,-19.1311593845,"2022-08-04T12:50:33+00:00",NA,"Fratercula arctica","f273febf-b94f-40cd-9ea1-64eb730a3dfb","Fratercula arctica",2020
"HumanObservation",2018,70.160784115,30.1237647982,"2018-05-09T12:26:00+02:00",NA,"Rissa tridactyla","f2744658-1f1b-4fee-8c78-10ef16c4c944","Rissa tridactyla",2010
"HumanObservation",2023,64.75157,-23.9019266667,"2023-08-10T15:55:00+00:00",NA,"Rissa tridactyla","f27c9ac5-1296-417a-bc9d-f4a17b56f5f0","Rissa tridactyla",2020
"HumanObservation",2022,63.4019879612,-19.1313887399,"2022-08-14T18:29:00+00:00",NA,"Fratercula arctica","f2ba0886-a232-4c57-a1e5-0eba204e34fb","Fratercula arctica",2020
"HumanObservation",2024,63.4066085325,-19.111633156,"2024-06-07T05:57:00+00:00",NA,"Rissa tridactyla","f2be137f-a8b0-4d58-b3a0-98c0a0c6290d","Rissa tridactyla",2020
"HumanObservation",2021,61.910624931,-6.9749726447,"2021-08-14T08:35:00+01:00",NA,"Balaenoptera physalus","f2e836dd-784b-4a66-ad58-766021822643","Balaenoptera physalus",2020
"HumanObservation",2023,57.1429138333,10.426975,"2023-10-22T19:52:16+02:00",NA,"Fratercula arctica","f30ffc6d-ff1c-4d08-9706-ba6749475f97","Fratercula arctica",2020
"HumanObservation",2024,77.0959737997,15.9187539,"2024-07-22T16:57:37+02:00",NA,"Rissa tridactyla","f3372e33-6dc0-4ea7-913a-1aeaf9881785","Rissa tridactyla",2020
"HumanObservation",2023,63.4073978971,-19.1047570227,"2023-06-07T19:04:00+00:00",NA,"Fratercula arctica","f34c0b2c-d41d-41bc-b630-7266aab46605","Fratercula arctica",2020
"HumanObservation",2022,65.5420533333,-13.75438,"2022-07-30T17:45:19+00:00",NA,"Fratercula arctica","f34cd490-f438-45a0-a97b-7b994e5fc977","Fratercula arctica",2020
"HumanObservation",2019,62.096028,-7.669672,"2019-06-18T06:32:00-07:00",NA,"Fratercula arctica","f34ebe46-e17e-4a13-a13c-ad86f145d1e8","Fratercula arctica",2010
"HumanObservation",2021,69.4341413904,18.6651636439,"2021-10-27T15:10:00+03:00",NA,"Rissa tridactyla","f35cfc9c-83de-4cee-91c3-f65fb221676a","Rissa tridactyla",2020
"HumanObservation",2024,66.0555954419,-22.8269710019,"2024-07-02T12:13:00+00:00",NA,"Fratercula arctica","f36ec1d3-a54d-48cc-9190-7ce98bfbc15d","Fratercula arctica",2020
"HumanObservation",2022,63.4023450141,-19.1240726491,"2022-06-01T18:12:19+00:00",NA,"Fratercula arctica","f370f52d-3ae1-41c1-84d7-7475a4799d10","Fratercula arctica",2020
"HumanObservation",2024,65.5428777809,-13.7570041655,"2024-04-26T11:47:55+00:00",NA,"Fratercula arctica","f3928361-7c1b-4756-b384-671960898e5e","Fratercula arctica",2020
"HumanObservation",2024,78.435265932,15.8164943041,"2024-08-28T02:22:00+02:00",NA,"Fratercula arctica","f3981640-0800-4278-aa62-20a22f109849","Fratercula arctica",2020
"HumanObservation",2023,69.7065920068,18.9595817647,"2023-07-29T11:41:29+02:00",NA,"Rissa tridactyla","f3a93d8e-bf2f-4640-8fc6-91d101538b51","Rissa tridactyla",2020
"HumanObservation",2017,64.71495,-19.028362,"2017-07-15T22:00:00+00:00",NA,"Rissa tridactyla","f3c600ad-4c86-4ea3-8aec-481dbd1bf06c","Rissa tridactyla",2010
"HumanObservation",2022,70.3722108713,31.041399498,"2022-07-19T13:24:00+02:00",NA,"Fratercula arctica","f3c872a3-2b9c-44eb-b0f4-1dce6d5c3f46","Fratercula arctica",2020
"HumanObservation",2024,65.827917672,-17.7723516622,"2024-07-16T13:35:40+00:00",NA,"Fratercula arctica","f3c8d26e-a4af-4d91-bd0a-dc7baa24b5a6","Fratercula arctica",2020
"HumanObservation",2022,66.2252803074,-18.8792143152,"2022-06-30T10:53:00+00:00",NA,"Rissa tridactyla","f3dbeb79-3736-48bf-b950-c1fe67d7ef40","Rissa tridactyla",2020
"HumanObservation",2019,63.4042033333,-19.1032388333,"2019-08-20T23:38:07+00:00",NA,"Fratercula arctica","f3ebf9a7-4a6c-473b-9826-7034cd793e0f","Fratercula arctica",2010
"HumanObservation",2024,62.5564331264,5.726081276,"2024-05-02T21:41:38+02:00",NA,"Fratercula arctica","f3ed420d-0332-47f1-a112-d46fa4b24c30","Fratercula arctica",2020
"HumanObservation",2017,71.0937020761,24.6228501019,"2017-07-17T10:26:00+02:00",NA,"Fratercula arctica","f3f573af-9f60-42d8-bd4f-99a6f8ebda49","Fratercula arctica",2010
"HumanObservation",2023,70.3608698245,31.1197615273,"2023-06-23T14:53:00+02:00",NA,"Rissa tridactyla","f4039db7-f961-4d57-99f8-14f5b2a0848c","Rissa tridactyla",2020
"HumanObservation",2017,79.1070521745,11.9096075719,"2017-06-19T09:01:00+01:00",NA,"Rissa tridactyla","f409da7c-8f94-4ce0-b12f-e994aa071c3b","Rissa tridactyla",2010
"HumanObservation",2023,79.7325179281,11.0048096894,"2023-09-18T17:19:00+02:00",NA,"Rissa tridactyla","f41181d8-642f-4999-9658-f533dafe719a","Rissa tridactyla",2020
"HumanObservation",2022,65.5421,-13.7548,"2022-07-06T09:07:43+00:00",NA,"Fratercula arctica","f4261458-4c67-473b-b762-40ef4c860a6a","Fratercula arctica",2020
"HumanObservation",2024,72.122,5.489,"2024-08-08","1","Physeter macrocephalus","f42c1cb3-5a2e-4ea1-a478-f986f1aa39c0","Physeter macrocephalus",2020
"HumanObservation",2019,63.402261,-19.130633,"2019-06-14T15:12:00+00:00",NA,"Fratercula arctica","f4431ab5-96d9-445e-9b1e-d5c127828429","Fratercula arctica",2010
"HumanObservation",2024,69.7538780908,18.902690377,"2024-05-31T19:18:00+02:00",NA,"Rissa tridactyla","f444536a-518f-4342-8a28-b6a93d949d92","Rissa tridactyla",2020
"HumanObservation",2023,70.2023446054,31.194896176,"2023-06-23T15:05:00+02:00",NA,"Fratercula arctica","f45202d9-94db-4eec-8505-19689be9623e","Fratercula arctica",2020
"HumanObservation",2022,64.735334641,-23.7757514775,"2022-07-21T18:50:22+00:00",NA,"Rissa tridactyla","f4635bf3-6f72-4f38-913d-098c671ba209","Rissa tridactyla",2020
"HumanObservation",2017,58.6907441928,-3.0516595021,"2017-08-17T12:48:45+03:00",NA,"Rissa tridactyla","f469a4cf-1e0e-4481-b707-c7f5e3c765b8","Rissa tridactyla",2010
"HumanObservation",2024,65.5143631713,-13.9512486756,"2024-07-15T14:36:40+00:00",NA,"Fratercula arctica","f46b11d5-5c26-41b5-b19a-54d202176961","Fratercula arctica",2020
"HumanObservation",2022,70.3574743306,31.1192176346,"2022-07-18T13:42:00+02:00",NA,"Rissa tridactyla","f4aa27c9-07f4-4e75-8983-cf9c99fc4fb6","Rissa tridactyla",2020
"HumanObservation",2024,63.80357,-16.6394366667,"2024-07-05T20:53:50+00:00",NA,"Fratercula arctica","f4b32c7c-3bfe-4ead-908e-57ce16c27a4d","Fratercula arctica",2020
"HumanObservation",2018,71.0937765335,-8.0420814813,"2018-05-30",NA,"Balaenoptera musculus musculus","f4f54a08-fa05-40a4-82f1-05fbfb7aaa89","Balaenoptera musculus",2010
"HumanObservation",2023,65.5424351551,-13.7482517435,"2023-06-05T16:56:00+00:00",NA,"Fratercula arctica","f4f74096-f1bf-4181-bf05-3dc80ce13a87","Fratercula arctica",2020
"HumanObservation",2019,79.144563,8.574503,"2019-07-07T05:04:10","1","Balaenoptera physalus","f4fd0311-4233-481e-af80-1b2bb4adb0d6","Balaenoptera physalus",2010
"HumanObservation",2024,70.2111033042,31.1892505017,"2024-08-08T16:20:00+02:00",NA,"Rissa tridactyla","f5126c72-14f0-4649-b68a-ed5d26a68cd3","Rissa tridactyla",2020
"HumanObservation",2023,70.3673029956,31.0439554532,"2023-06-29T10:23:00+02:00",NA,"Fratercula arctica","f529d31a-93ed-4e6a-b0bf-e7e68dcd8b81","Fratercula arctica",2020
"HumanObservation",2024,78.822,27.382,"2024-06-05T02:32:00+02:00",NA,"Rissa tridactyla","f539da51-3b98-4057-9393-1d70ff0c4f97","Rissa tridactyla",2020
"HumanObservation",2023,70.2617016401,31.1394940042,"2023-06-23T16:12:00+02:00",NA,"Fratercula arctica","f552bcf9-1562-4940-a699-28c71acb9395","Fratercula arctica",2020
"HumanObservation",2023,58.630494288,-3.0340853641,"2023-06-10T08:57:00+01:00",NA,"Rissa tridactyla","f558afbd-1155-4c5e-b0dd-a720de4c4e93","Rissa tridactyla",2020
"HumanObservation",2018,58.801667,-3.475,"2018-07-31T11:38:00",NA,"Balaenoptera physalus","f55a0c8c-de49-47db-bbda-bafeb9cf1cab","Balaenoptera physalus",2010
"HumanObservation",2024,77.8784545676,5.4345372683,"2024-06-04T08:41:00+00:00",NA,"Fratercula arctica","f5617a80-a085-48f8-b181-0e1335784e6a","Fratercula arctica",2020
"HumanObservation",2023,78.15677,13.76611,"2023-07-13T14:49:32","1","Balaenoptera musculus","f56d8aae-c581-4fb3-b7d6-4294028074b7","Balaenoptera musculus",2020
"HumanObservation",2019,79.7632083333,11.4713583333,"2019-08-13T14:52:00+02:00",NA,"Fratercula arctica","f5772642-028d-4fbd-9bda-2d204e222e9c","Fratercula arctica",2010
"HumanObservation",2017,67.4038594846,12.0463554599,"2017-07-01T14:58:00+02:00",NA,"Fratercula arctica","f58130a3-dd66-401d-a526-c9d1b791cd9c","Fratercula arctica",2010
"HumanObservation",2024,64.866387,-24.040446,"2024-06-04T08:04:00+00:00",NA,"Rissa tridactyla","f5ae611b-6b2b-4d9f-b7f4-5f2d7c8b07bc","Rissa tridactyla",2020
"HumanObservation",2020,58.8877,-2.91825,"2020-12-24T15:00:00",NA,"Balaenoptera physalus","f5b4c964-0a2e-4932-bbb0-9135a2740e55","Balaenoptera physalus",2020
"HumanObservation",2017,77.65799,14.784589,"2017-07-03T18:24:00+02:00",NA,"Rissa tridactyla","f5c578c7-b714-4913-a3a8-9f86d6f5cebc","Rissa tridactyla",2010
"HumanObservation",2023,70.3183214863,31.0914261658,"2023-06-23T16:59:00+02:00",NA,"Fratercula arctica","f5f6b8d0-5367-4ae3-92aa-05603be18d4d","Fratercula arctica",2020
"HumanObservation",2022,71.0486877361,25.826840132,"2022-04-22T12:53:22+02:00",NA,"Fratercula arctica","f5f9682f-c50e-4e82-9ea1-e84825263552","Fratercula arctica",2020
"HumanObservation",2024,70.2537329295,31.1122992569,"2024-07-05T10:56:00+02:00",NA,"Rissa tridactyla","f5fa269f-0095-495e-89c9-42057513d02e","Rissa tridactyla",2020
"HumanObservation",2022,65.0779624645,-22.7288646449,"2022-06-02T14:27:00+00:00",NA,"Rissa tridactyla","f61a5027-b445-4865-861f-e59d96797159","Rissa tridactyla",2020
"HumanObservation",2020,59.1557055556,-2.7472527778,"2020-04-06T06:32:00+01:00",NA,"Rissa tridactyla","f6569408-9545-4364-94c1-912f4c2081d3","Rissa tridactyla",2020
"MachineObservation",2020,75.564972,11.873234,"2020-09-12T16:11",NA,"Physeter macrocephalus","f6642a4b-dde5-4df3-a24c-6c965a47e814","Physeter macrocephalus",2020
"HumanObservation",2023,70.3724724266,31.1041218284,"2023-06-23T16:42:14+02:00",NA,"Fratercula arctica","f6e9760b-9c0f-46ff-b222-842d67424594","Fratercula arctica",2020
"HumanObservation",2024,63.4718553998,-18.7374159802,"2024-08-10T20:12:18+00:00",NA,"Fratercula arctica","f6e97787-8e73-4101-b659-66947bdf645d","Fratercula arctica",2020
"HumanObservation",2023,71.1843566667,25.5360166667,"2023-06-30T12:34:47+02:00",NA,"Balaenoptera physalus","f6f551c6-7994-4fc6-9f81-0c897b13e11e","Balaenoptera physalus",2020
"HumanObservation",2017,78.1794486009,13.8595857948,"2017-06-14T20:41:00+01:00",NA,"Rissa tridactyla","f703a230-1c8f-4b21-b526-91f3e8ec368f","Rissa tridactyla",2010
"HumanObservation",2019,62.5207598395,-15.6234811834,"2019-08-09T08:43:00-05:00",NA,"Balaenoptera physalus","f708dcc2-52b8-4fcf-9ca0-1dd47a1de7a1","Balaenoptera physalus",2010
"HumanObservation",2022,79.336412548,20.6792416644,"2022-08-25T05:07:48+02:00",NA,"Rissa tridactyla","f71acaa2-c482-44c8-9d93-ba2c4a08727d","Rissa tridactyla",2020
"HumanObservation",2022,78.2624,22.4393,"2022-06-12T05:40:00+02:00",NA,"Rissa tridactyla","f71c3da9-fd6a-459e-9c11-dc1c91da661c","Rissa tridactyla",2020
"HumanObservation",2022,70.2095400594,31.0261819915,"2022-07-02T11:44:00+02:00",NA,"Rissa tridactyla","f74667c1-e172-4a84-a9f0-445e8836cee6","Rissa tridactyla",2020
"HumanObservation",2023,79.7864216667,11.807355,"2023-07-08T10:20:12+02:00",NA,"Rissa tridactyla","f75dff71-7f00-4514-bdfb-7dfc8f1bf759","Rissa tridactyla",2020
"HumanObservation",2024,79.6144736233,14.1854147115,"2024-07-19T15:40:00+02:00",NA,"Rissa tridactyla","f7621ef8-1caf-46e3-a98e-2955aac32670","Rissa tridactyla",2020
"HumanObservation",2024,80.1057436459,17.0103803885,"2024-07-20T15:38:00+02:00",NA,"Balaenoptera physalus","f762fadf-800c-4749-8a2c-042007b7067c","Balaenoptera physalus",2020
"HumanObservation",2018,63.4031755527,-19.0440321481,"2018-07-27T06:53:00+02:00",NA,"Fratercula arctica","f769071a-42b1-4ce0-9f18-7a0a9f9e175c","Fratercula arctica",2010
"HumanObservation",2019,79.759428,14.093288,"2019-07-20T21:35:16","1","Balaenoptera musculus","f76a976e-3fe2-4117-bdae-fabc9f844524","Balaenoptera musculus",2010
"HumanObservation",2019,65.1220166667,-22.489525,"2019-07-07T16:56:29Z",NA,"Fratercula arctica","f786fb3a-ded9-48c8-94db-3c65962e2bdb","Fratercula arctica",2010
"HumanObservation",2023,64.049101,-16.181527,"2023-08-12T08:55:00+00:00",NA,"Rissa tridactyla","f78a6085-8b20-4fd3-af1e-380dfb45263b","Rissa tridactyla",2020
"HumanObservation",2019,79.653818,19.013672,"2019-08-16T12:15:20","1","Balaenoptera physalus","f790fc1d-59c4-4578-942d-0cb5b69b6edb","Balaenoptera physalus",2010
"HumanObservation",2019,65.6908583333,-21.390825,"2019-06-22T12:33:00Z",NA,"Fratercula arctica","f7913b3a-5a41-49ad-be09-395b3737e612","Fratercula arctica",2010
"HumanObservation",2024,78.2662531464,21.9201001842,"2024-08-19T09:53:00+02:00",NA,"Rissa tridactyla","f79d7fcd-2777-4368-96b4-4b8d758297cd","Rissa tridactyla",2020
"HumanObservation",2020,61.3953,-19.9077,"2020-08-25",NA,"Rissa tridactyla","f7a54765-9ba0-44f8-b074-4f2dbbd8a5e1","Rissa tridactyla",2020
"HumanObservation",2022,57.59425,9.979195,"2022-05-21T12:15:12+02:00",NA,"Rissa tridactyla","f7b1f4d4-24be-44b0-b6ee-453a293306ba","Rissa tridactyla",2020
"HumanObservation",2022,70.23203927,31.1359875792,"2022-04-14T11:59:00+02:00",NA,"Fratercula arctica","f7b5995a-9868-4611-b06b-b9482ad3f0e0","Fratercula arctica",2020
"HumanObservation",2023,64.0458136111,-16.1795086111,"2023-08-03T14:04:00+00:00",NA,"Rissa tridactyla","f7bc5626-8039-415b-9909-36faea3297fe","Rissa tridactyla",2020
"HumanObservation",2023,70.2676247151,31.1741493623,"2023-06-23T16:44:00+02:00",NA,"Rissa tridactyla","f7c939df-203a-43b9-92df-fca04eacca5f","Rissa tridactyla",2020
"HumanObservation",2024,65.0950111161,-23.8461871112,"2024-07-29T17:54:01+00:00",NA,"Physeter macrocephalus","f7caa4ea-3951-4f17-bbd3-101f5e9b18fc","Physeter macrocephalus",2020
"HumanObservation",2022,70.2433071072,31.0418248672,"2022-04-11T11:34:00+02:00",NA,"Rissa tridactyla","f7dffd58-31d3-4eee-b749-f5ba662e9f4d","Rissa tridactyla",2020
"HumanObservation",2022,62.4464334467,5.4147802641,"2022-07-19T14:27:00+02:00",NA,"Fratercula arctica","f7ee5a1e-3b44-413f-860e-92a2eab5405f","Fratercula arctica",2020
"HumanObservation",2022,64.8067266667,-23.1059933333,"2022-06-04T11:01:00+00:00",NA,"Rissa tridactyla","f7f4bbbb-7ca1-4486-86c7-9c62225333e9","Rissa tridactyla",2020
"HumanObservation",2024,57.0561975172,9.0021298582,"2024-08-21T14:37:00+02:00",NA,"Rissa tridactyla","f7fe803a-911e-4556-ab2d-ff4c99c8d3b1","Rissa tridactyla",2020
"HumanObservation",2024,62.1038944444,-7.6539333333,"2024-07-16T15:20:01+01:00",NA,"Fratercula arctica","f80842e1-8b37-4f8f-8f8e-cb3180b00e83","Fratercula arctica",2020
"HumanObservation",2018,65.5007366667,-24.527675,"2018-07-01T22:19:00-07:00",NA,"Fratercula arctica","f81b49e1-296d-4fbe-8093-44b29ee834e4","Fratercula arctica",2010
"HumanObservation",2017,64.1803300816,-21.9460934969,"2017-08-08T12:20:00+00:00",NA,"Fratercula arctica","f81ce420-f753-4f9c-83fc-8fce43e86365","Fratercula arctica",2010
"HumanObservation",2024,70.724143666,29.6762280646,"2024-04-05T13:41:00+02:00",NA,"Rissa tridactyla","f81eed26-e57e-48b6-9ad1-f8eeaf0e707b","Rissa tridactyla",2020
"HumanObservation",2022,66.112767,-17.370865,"2022-04-27T10:00","1","Balaenoptera musculus","f820a866-ef69-4bc8-bc50-fb8c0cc45d3d","Balaenoptera musculus",2020
"HumanObservation",2023,65.6063741326,-20.6352624129,"2023-06-01T17:01:00+00:00",NA,"Rissa tridactyla","f8555e56-4615-4882-8dad-05d9e5310707","Rissa tridactyla",2020
"HumanObservation",2023,64.047803055,-16.180913055,"2023-07-22T22:06:00+00:00",NA,"Rissa tridactyla","f8595e14-1658-41b2-bd07-11e833793457","Rissa tridactyla",2020
"HumanObservation",2024,58.502771,-6.266061,"2024-08-08T11:36:00+01:00",NA,"Rissa tridactyla","f8668574-1e0a-4ddf-8728-c34405407935","Rissa tridactyla",2020
"HumanObservation",2024,69.6424059402,18.9061775484,"2024-09-19T21:42:00+02:00",NA,"Rissa tridactyla","f872f1ff-43b1-40cc-8fda-e058227060ca","Rissa tridactyla",2020
"HumanObservation",2018,63.4544856404,-19.0758057262,"2018-07-24T17:50:00+00:00",NA,"Fratercula arctica","f87c5c64-b010-4921-a9bd-1b73caa5be94","Fratercula arctica",2010
"HumanObservation",2023,63.4442583333,-20.3022722222,"2023-05-05T22:21:00+00:00",NA,"Fratercula arctica","f89022c5-4abe-417f-bbae-660bb5e85b72","Fratercula arctica",2020
"HumanObservation",2024,80.7884838018,12.9034053697,"2024-07-21T04:35:00+01:00",NA,"Physeter macrocephalus","f896d186-080f-412d-b788-4e1a28d508b3","Physeter macrocephalus",2020
"HumanObservation",2019,66.0496221667,-22.832455,"2019-07-04T22:26:59+00:00",NA,"Fratercula arctica","f8a035e5-8e51-4c4f-a9ee-5dcd746e0470","Fratercula arctica",2010
"HumanObservation",2022,64.0472062267,-16.1804723633,"2022-06-23T17:47:00+00:00",NA,"Rissa tridactyla","f8d2908e-36b8-4aec-babc-42beae7903f9","Rissa tridactyla",2020
"HumanObservation",2024,69.7947643123,18.9429721685,"2024-10-17T08:55:42+02:00",NA,"Rissa tridactyla","f8e18527-cbe7-4155-aeef-60143f28e3a9","Rissa tridactyla",2020
"HumanObservation",2021,63.8015333333,-16.6362366667,"2021-07-28T11:57:48Z",NA,"Fratercula arctica","f8e28240-f761-492a-a2c2-81d397afaf4d","Fratercula arctica",2020
"HumanObservation",2024,60.1300217685,-2.0490619297,"2024-05-29T13:37:00+01:00",NA,"Fratercula arctica","f90ca783-e0fa-46e9-a314-65d6d99c7e6e","Fratercula arctica",2020
"HumanObservation",2022,66.157266,-17.852866,"2022-07-13T16:49:00+00:00",NA,"Fratercula arctica","f90fcf52-c7c3-44fb-9432-a051d724211e","Fratercula arctica",2020
"HumanObservation",2024,64.0827081721,-22.6924201959,"2024-06-08T08:37:00+00:00",NA,"Rissa tridactyla","f91678fe-df07-46a7-938f-13484986d48a","Rissa tridactyla",2020
"HumanObservation",2019,66.1,-17.5,"2019-06-07T13:42:26","1","Balaenoptera musculus","f926bb2c-61e6-4fa8-a60a-ddea90978499","Balaenoptera musculus",2010
"HumanObservation",2024,77.7525669752,17.9622325884,"2024-06-09T08:58:20+02:00",NA,"Fratercula arctica","f94911d0-9108-4ed8-830a-c5234e746337","Fratercula arctica",2020
"HumanObservation",2022,69.019816997,15.0854680929,"2022-08-04T16:34:00+02:00",NA,"Fratercula arctica","f94da8cb-cad3-4aa5-b2b5-30a606ef0d5d","Fratercula arctica",2020
"HumanObservation",2024,78.2541,15.027635,"2024-08-23T20:34:54+02:00",NA,"Rissa tridactyla","f94fd93b-837d-4409-a593-281567226f21","Rissa tridactyla",2020
"HumanObservation",2019,71.0642963065,24.604881706,"2019-07-15T20:06:00+02:00",NA,"Rissa tridactyla","f96ab4b8-af3a-4c01-9851-7023ed6e4e5c","Rissa tridactyla",2010
"HumanObservation",2017,63.4042383333,-19.1032,"2017-08-21T17:32:09-04:00",NA,"Fratercula arctica","f96d48f6-e8f2-4aa1-8f06-c893a524bb51","Fratercula arctica",2010
"HumanObservation",2020,61.4371,-23.361,"2020-08-25",NA,"Balaenoptera physalus","f96f34d0-72f3-4c50-8244-5051c36301a7","Balaenoptera physalus",2020
"HumanObservation",2024,79.5299118343,12.4858173906,"2024-06-25T12:00:00+02:00",NA,"Rissa tridactyla","f991847c-0ed4-449d-a3ee-661b917a3322","Rissa tridactyla",2020
"HumanObservation",2021,63.9734320297,-21.310030342,"2021-10-31T13:04:03+00:00",NA,"Balaenoptera physalus","f99bf1f6-9ebc-40ad-8a7e-e99c68a6fac1","Balaenoptera physalus",2020
"HumanObservation",2022,78.22287,15.6715566667,"2022-05-08T17:59:00+02:00",NA,"Rissa tridactyla","f9a06fac-3ae1-4d52-9959-3fc4607ccb12","Rissa tridactyla",2020
"HumanObservation",2024,63.6977527778,-13.9101583333,"2024-09-03T13:44:00-01:00",NA,"Rissa tridactyla","f9b71231-65b8-4c13-8c84-2781be0b9ca8","Rissa tridactyla",2020
"HumanObservation",2024,70.3839550841,31.0630714486,"2024-07-28T09:20:00+02:00",NA,"Fratercula arctica","f9c112d5-a6b2-4492-90b5-ac9c494293a3","Fratercula arctica",2020
"HumanObservation",2023,70.121644,20.949554,"2023-10-17T11:43","1","Balaenoptera physalus","f9d8f7a1-cbd6-43b5-bb75-b14102b860d6","Balaenoptera physalus",2020
"HumanObservation",2023,65.4992978239,-24.510755512,"2023-06-30T08:18:00+00:00",NA,"Fratercula arctica","f9dd45fe-61be-402a-b457-d1a2ec867e6f","Fratercula arctica",2020
"HumanObservation",2024,64.2079965326,-22.1712641513,"2024-08-11T11:15:39+00:00",NA,"Fratercula arctica","f9eaaeff-bd17-4079-9b7b-a62f15d37a7d","Fratercula arctica",2020
"HumanObservation",2023,77.0152292064,15.8741601935,"2023-09-22T15:51:00+02:00",NA,"Rissa tridactyla","f9f6efe9-d8d9-46f8-8413-2c0b72028e01","Rissa tridactyla",2020
"HumanObservation",2022,70.3086092385,31.1972998133,"2022-04-15T11:38:00+02:00",NA,"Fratercula arctica","fa01b9be-8a2b-4d29-a552-7e09d66a3097","Fratercula arctica",2020
"HumanObservation",2024,64.866387,-24.040446,"2024-06-04T07:53:00+00:00",NA,"Rissa tridactyla","fa2801d6-0f57-4bd6-b137-e94113bdd4aa","Rissa tridactyla",2020
"HumanObservation",2018,65.5418168849,-13.7551772294,"2018-05-18T12:10:00+00:00",NA,"Fratercula arctica","fa34ade3-8fd5-4e92-9032-1611975a3e68","Fratercula arctica",2010
"HumanObservation",2022,71.200209,25.66864,"2022-06-17T11:11:10","1","Balaenoptera physalus","fa3b4879-bd22-4025-bd72-35b46f7063fd","Balaenoptera physalus",2020
"HumanObservation",2022,70.21265492,31.0177536188,"2022-07-19T10:36:00+02:00",NA,"Fratercula arctica","fa51fb47-fd6f-47cd-8c53-a88d55d6bb51","Fratercula arctica",2020
"HumanObservation",2022,64.941367,-24.1873,"2022-05-09T13:36:22","1","Physeter macrocephalus","fa5937ab-a9b3-4519-837e-54d6e9e94afe","Physeter macrocephalus",2020
"HumanObservation",2017,78.131667,13.577833,"2017-06-21T19:38:32","1","Balaenoptera musculus","fa5c6eb7-80a4-4084-be01-b7d2c7d67f55","Balaenoptera musculus",2010
"HumanObservation",2024,63.4034283333,-20.2872583333,"2024-08-30T22:43:04+00:00",NA,"Fratercula arctica","fa5ccf7f-e3f9-4751-99ce-5218b099d5b0","Fratercula arctica",2020
"HumanObservation",2017,64.963051,-19.020835,"2017-08-13T06:02:00-07:00",NA,"Rissa tridactyla","fa7c755d-509f-4346-8f5f-f3865e8a3e37","Rissa tridactyla",2010
"HumanObservation",2020,65.5423866528,-13.7556575278,"2020-07-08T20:31:00+00:00",NA,"Rissa tridactyla","fa885acd-f8a0-463b-b3b0-a54ea717da41","Rissa tridactyla",2020
"HumanObservation",2023,70.3583435521,31.0109384104,"2023-06-23T16:19:00+02:00",NA,"Fratercula arctica","fa91ebe2-79f6-4323-a5c7-0232c4f0ff4c","Fratercula arctica",2020
"HumanObservation",2022,62.587094664,5.5281090641,"2022-07-06T19:48:00+02:00",NA,"Fratercula arctica","fa97ce63-fc6a-4d59-a568-f90894812793","Fratercula arctica",2020
"HumanObservation",2024,63.4047894006,-19.1035696772,"2024-08-10T13:43:00+00:00",NA,"Fratercula arctica","faaa5bfb-3c5f-43f9-8603-79bd238e4d08","Fratercula arctica",2020
"HumanObservation",2024,66.3044273663,-16.8488865345,"2024-08-10T17:18:00+00:00",NA,"Fratercula arctica","fab182e2-7c86-40a3-9a58-5524ba727f4b","Fratercula arctica",2020
"HumanObservation",2023,76.9545866667,15.8680733333,"2023-08-09T01:20:00+02:00",NA,"Fratercula arctica","facd95be-74b3-4f1f-be24-93cfa11e11a4","Fratercula arctica",2020
"HumanObservation",2024,80.1104823846,17.0168230383,"2024-07-20T15:37:00+02:00",NA,"Balaenoptera physalus","fad3c481-14d8-4d2b-aa18-60593d16f06e","Balaenoptera physalus",2020
"HumanObservation",2024,65.5420532227,-13.7544879913,"2024-06-01T08:00:59+00:00",NA,"Fratercula arctica","fae9fa01-6499-4de8-8b12-c674433a0944","Fratercula arctica",2020
"HumanObservation",2023,67.8340877572,12.8912035033,"2023-07-18T11:28:00+02:00",NA,"Rissa tridactyla","fb322df9-7c43-4e5f-b78a-76228855cc4d","Rissa tridactyla",2020
"HumanObservation",2021,58.5630866667,-3.8582633333,"2021-06-28T16:22:06+01:00",NA,"Fratercula arctica","fb34b757-9264-4b87-9c43-d93e356a48be","Fratercula arctica",2020
"HumanObservation",2023,63.4036638889,-19.1300611111,"2023-06-10T01:16:00+00:00",NA,"Fratercula arctica","fb34fe62-97c6-42bc-a213-6bde6d3b88e1","Fratercula arctica",2020
"HumanObservation",2018,57.1582510094,9.0245332022,"2018-08-09T16:53:00+02:00",NA,"Rissa tridactyla","fb3ec149-e9f6-42d2-ad45-204df96510ca","Rissa tridactyla",2010
"HumanObservation",2023,64.1742958921,-21.9623392169,"2023-06-01T13:23:18+00:00",NA,"Fratercula arctica","fb3fe1fe-ff13-4357-bd69-a4a8427bd1de","Fratercula arctica",2020
"HumanObservation",2024,65.7283930067,-17.9078181946,"2024-06-01T04:59:00+00:00",NA,"Fratercula arctica","fb4a1695-a83e-4cd3-a31d-074cf2a8b829","Fratercula arctica",2020
"HumanObservation",2022,79.803554,15.285644,"2022-06-11T17:34:39","1","Balaenoptera musculus","fb58d2cf-8e79-44b3-bef8-c541c4cca028","Balaenoptera musculus",2020
"HumanObservation",2022,71.0850296326,25.3634388344,"2022-07-15T17:00:00+02:00",NA,"Fratercula arctica","fb6cd85f-7657-4a75-bd93-e5f92b22468c","Fratercula arctica",2020
"HumanObservation",2019,64.9631679163,-13.8915641646,"2019-07-08T11:33:17-05:00",NA,"Rissa tridactyla","fb6e841d-7253-4535-9e4a-51c9e06df6bd","Rissa tridactyla",2010
"HumanObservation",2023,66.1135237473,-17.413473053,"2023-06-06T08:08:00+00:00",NA,"Rissa tridactyla","fb7ec0ee-2b9a-4929-b811-8caac1952b52","Rissa tridactyla",2020
"HumanObservation",2022,64.160730047,-21.9420400702,"2022-08-13T16:36:00+00:00",NA,"Fratercula arctica","fb87fd24-63a9-42a5-b8c6-9a83f713defb","Fratercula arctica",2020
"HumanObservation",2023,61.6855754911,-6.7415479571,"2023-07-21T12:07:08+01:00",NA,"Fratercula arctica","fb8b3ac3-e4a1-4c3e-9964-2ae3f82391cc","Fratercula arctica",2020
"HumanObservation",2024,63.4036186,-19.1299588,"2024-08-15T13:56:09+00:00",NA,"Fratercula arctica","fb987b2b-9198-46df-ac54-a4ec7009357d","Fratercula arctica",2020
"HumanObservation",2019,79.8415417354,11.6409057093,"2019-08-27T14:45:00Z",NA,"Fratercula arctica","fc08473f-177b-4fbb-8fdb-4a314ff3195c","Fratercula arctica",2010
"HumanObservation",2023,66.5617807164,-13.6235575005,"2023-07-27T19:33:43-01:00",NA,"Rissa tridactyla","fc155838-fad8-4176-9db5-2c88cd91f4e7","Rissa tridactyla",2020
"HumanObservation",2022,63.403975174,-19.1037556597,"2022-08-05T10:10:00+00:00",NA,"Fratercula arctica","fc30eaee-4746-4035-a542-b00487704a3e","Fratercula arctica",2020
"HumanObservation",2022,70.3793752668,31.1575000743,"2022-05-25T21:53:08+02:00",NA,"Fratercula arctica","fc368f11-01d3-49c3-bdd9-23a6f3965d5a","Fratercula arctica",2020
"HumanObservation",2024,70.4114864274,30.9386369349,"2024-08-11T13:49:10+02:00",NA,"Rissa tridactyla","fc3c4771-b0f2-4d02-b660-c7b0466103cf","Rissa tridactyla",2020
"HumanObservation",2018,60.1347069808,-1.0090402588,"2018-06-18T00:39:00+01:00",NA,"Fratercula arctica","fc3deaee-ee7f-4a81-acd2-005acaf4c8e3","Fratercula arctica",2010
"HumanObservation",2023,62.3718224284,5.7611229457,"2023-05-15T18:05:00+02:00",NA,"Fratercula arctica","fc5edf3b-a6fb-4fba-8eeb-cc997a905d9d","Fratercula arctica",2020
"HumanObservation",2022,77.1931930166,13.2079374979,"2022-08-09T21:07:01+01:00",NA,"Balaenoptera physalus","fc664539-7419-4a16-bda5-0569ce823d22","Balaenoptera physalus",2020
"HumanObservation",2023,66.1136304673,-17.3696698458,"2023-06-04T08:59:00+00:00",NA,"Fratercula arctica","fc77e7ce-6270-4e99-a270-8219af327d3b","Fratercula arctica",2020
"HumanObservation",2023,78.158846,13.806152,"2023-06-24T22:32:28","1","Balaenoptera musculus","fc7eff34-08c4-4fc9-a43c-4fb81329dee0","Balaenoptera musculus",2020
"HumanObservation",2019,66.1,-17.5,"2019-06-07T13:20:58","1","Balaenoptera musculus","fc9022a3-f88a-4cb7-b6bc-1a7dc39c48b7","Balaenoptera musculus",2010
"HumanObservation",2017,69.291792854,15.8013303839,"2017-07-29T15:27:20+02:00",NA,"Fratercula arctica","fcac4271-a430-4a48-bbc6-bc534c87b48d","Fratercula arctica",2010
"HumanObservation",2024,75.5196207878,-6.2966344706,"2024-06-02T10:41:00+00:00",NA,"Rissa tridactyla","fcad25f2-35ad-495c-a115-cc0f181f5cf3","Rissa tridactyla",2020
"HumanObservation",2018,65.2964726324,-13.6916847713,"2018-06-19T17:45:13Z",NA,"Rissa tridactyla","fcb4dfcc-68f2-4416-ab95-c80d53669a2f","Rissa tridactyla",2010
"HumanObservation",2023,70.2303046932,31.0325899947,"2023-06-23T17:38:00+02:00",NA,"Rissa tridactyla","fcc3729b-0d7c-4493-b2ad-56286425268b","Rissa tridactyla",2020
"HumanObservation",2023,57.1585044555,9.0251544038,"2023-08-05T19:46:00+02:00",NA,"Rissa tridactyla","fcc55c2f-e4fb-4fae-bafd-a3fa49abe614","Rissa tridactyla",2020
"HumanObservation",2021,65.5420638033,-13.7544855833,"2021-07-09T10:25:00+02:00",NA,"Fratercula arctica","fcdab46a-8d2c-4fe5-a90c-e33ff1c0c4a8","Fratercula arctica",2020
"HumanObservation",2022,78.9703333333,11.68274,"2022-05-12T13:27:00+02:00",NA,"Fratercula arctica","fcdf4f61-ee2f-4207-b293-5ff697345624","Fratercula arctica",2020
"HumanObservation",2024,63.4473230183,-20.2881097238,"2024-07-13T11:18:00+00:00",NA,"Fratercula arctica","fcec1ac0-5668-48ba-acb6-0ccee067bc3d","Fratercula arctica",2020
"HumanObservation",2024,77.553604,23.670272,"2024-06-09T22:18:00+02:00",NA,"Fratercula arctica","fcf216a0-cdcc-4ca4-94fe-03e47fb6b278","Fratercula arctica",2020
"HumanObservation",2024,77.0116395448,15.9172249111,"2024-08-30T15:05:00+02:00",NA,"Fratercula arctica","fcf2a4fa-b5ff-45ce-b5a5-41b0abd32de1","Fratercula arctica",2020
"HumanObservation",2021,64.8642043091,-24.0399004007,"2021-07-24T21:07:00+02:00",NA,"Rissa tridactyla","fd126b1b-e87d-45a9-a376-2b0782df9d54","Rissa tridactyla",2020
"HumanObservation",2018,63.4033616667,-20.2871,"2018-08-11T12:43:21+00:00",NA,"Fratercula arctica","fd1cc9fc-dbeb-482d-abe6-1f5e01082740","Fratercula arctica",2010
"HumanObservation",2023,69.5270156836,15.7996543123,"2023-08-12T10:37:00+02:00",NA,"Physeter macrocephalus","fd28ed8d-d5ce-40cf-87bd-f1515d155148","Physeter macrocephalus",2020
"HumanObservation",2022,65.5421366667,-13.7548883333,"2022-05-25T09:34:07+00:00",NA,"Rissa tridactyla","fd2c94a7-cf44-477a-ab97-b0d8b9d0d7b1","Rissa tridactyla",2020
"HumanObservation",2023,64.0676160412,-21.9713795193,"2023-02-24T15:46:00+00:00",NA,"Rissa tridactyla","fd3b5e2d-5b6a-498b-95ed-1ae3fa367551","Rissa tridactyla",2020
"HumanObservation",2022,64.0493231364,-16.1830677312,"2022-05-28T17:59:00+00:00",NA,"Rissa tridactyla","fd4c1fee-700f-4b88-8245-98c7abc9523c","Rissa tridactyla",2020
"HumanObservation",2019,78.8968508152,12.1936672739,"2019-07-03T20:53:00-04:00",NA,"Rissa tridactyla","fd58d31b-1116-4dfd-9d03-4446603e5a83","Rissa tridactyla",2010
"HumanObservation",2022,67.8150049414,12.8539708532,"2022-07-31T15:48:28+02:00",NA,"Rissa tridactyla","fd5ebb9d-eb74-431d-8b72-6fd107d6fdcd","Rissa tridactyla",2020
"HumanObservation",2019,58.8168330088,-3.0312200138,"2019-07-02T05:46:00-07:00",NA,"Fratercula arctica","fd60f37d-9460-423d-84f4-c12b5de93719","Fratercula arctica",2010
"HumanObservation",2023,64.169063489,-21.9693333283,"2023-06-01T13:51:31+00:00",NA,"Fratercula arctica","fd6287ff-047b-4812-a800-ca76c79ea31a","Fratercula arctica",2020
"HumanObservation",2024,69.7086288687,18.8661442181,"2024-03-07T09:42:00+01:00",NA,"Rissa tridactyla","fd67e737-97b0-42a5-9ea7-af16e94bddf1","Rissa tridactyla",2020
"HumanObservation",2023,69.759432397,18.8620277649,"2023-07-13T15:51:00+02:00",NA,"Rissa tridactyla","fd6e9a8a-3b9e-4113-96e4-b7daf40b1ce7","Rissa tridactyla",2020
"HumanObservation",2023,79.6221731087,11.4959053759,"2023-06-28T17:32:00+02:00",NA,"Rissa tridactyla","fd708bb1-0d81-4498-b21e-97c3698d2db6","Rissa tridactyla",2020
"HumanObservation",2023,70.3363519758,31.1565716286,"2023-06-23T15:36:00+02:00",NA,"Rissa tridactyla","fd767b89-c487-407e-b1f2-3649bf75a9aa","Rissa tridactyla",2020
"HumanObservation",2019,66.1,-17.5,"2019-06-08T00:23:18","1","Balaenoptera musculus","fd929f63-6273-4118-8cad-9977cae5449f","Balaenoptera musculus",2010
"HumanObservation",2020,60.7739,-9.2455,"2020-08-24",NA,"Fratercula arctica","fdb0804b-8e5e-48f6-9660-f858d6c1756d","Fratercula arctica",2020
"HumanObservation",2021,65.881522979,-19.6310530282,"2021-07-24T09:04:48-04:00",NA,"Fratercula arctica","fdb1f036-5142-4093-a6bf-3a2ec744e0d4","Fratercula arctica",2020
"HumanObservation",2020,59.182683,-2.724367,"2020-09-16T14:11:00",NA,"Balaenoptera physalus","fdc115d1-7bc1-40fd-ad75-fc52929ab646","Balaenoptera physalus",2020
"HumanObservation",2019,77.5445723829,23.7847613045,"2019-06-30T18:03:00+02:00",NA,"Balaenoptera musculus musculus","fdc26eba-92ae-4ab6-9fb3-7f10b9a6ecd1","Balaenoptera musculus",2010
"HumanObservation",2023,65.3783938675,-22.9095706352,"2023-06-21T16:18:00+00:00",NA,"Fratercula arctica","fdc45681-184a-4da5-b8a5-f0aad9774596","Fratercula arctica",2020
"HumanObservation",2023,70.2587652302,31.0254059856,"2023-06-23T14:53:00+02:00",NA,"Rissa tridactyla","fdcded69-68b0-48ea-9c61-011d0249c87a","Rissa tridactyla",2020
"HumanObservation",2019,63.5453398846,-20.2468555063,"2019-07-04T18:50:00-05:00",NA,"Rissa tridactyla","fde4db48-1c6f-401a-978e-b00d2cff400a","Rissa tridactyla",2010
"HumanObservation",2023,67.8150282835,12.8917789519,"2023-07-15T14:23:26+02:00",NA,"Rissa tridactyla","fde5671d-cc07-4053-91df-8a821181c8f9","Rissa tridactyla",2020
"HumanObservation",2024,70.2756649848,31.094500001,"2024-04-07T10:00:00+02:00",NA,"Fratercula arctica","fe01de56-b4b2-419b-b88d-d81a219c83b5","Fratercula arctica",2020
"HumanObservation",2024,61.7704522557,-6.8036014192,"2024-07-25T15:03:00+01:00",NA,"Fratercula arctica","fe1a6713-6630-48c2-9d5b-9ec787e39555","Fratercula arctica",2020
"MachineObservation",2020,74.389011,14.074108,"2020-09-12T09:19",NA,"Physeter macrocephalus","fe2620b0-ab75-45e0-b55f-715715c3d2d7","Physeter macrocephalus",2020
"HumanObservation",2023,70.3459675992,31.0906437512,"2023-06-23T15:35:00+02:00",NA,"Fratercula arctica","fe2a3f69-ff14-475e-b3f2-c2072e14b702","Fratercula arctica",2020
"HumanObservation",2023,65.5418783333,-13.7547883333,"2023-06-29T10:26:19+00:00",NA,"Fratercula arctica","fe2e5496-c0c8-420d-9afa-90a0f4ee18b4","Fratercula arctica",2020
"HumanObservation",2019,65.4999625753,-24.5265964306,"2019-07-06T07:51:00+02:00",NA,"Fratercula arctica","fe38b452-23c7-4e33-950b-120e7550dd79","Fratercula arctica",2010
"HumanObservation",2021,63.3678205186,7.4830593554,"2021-11-12T13:06:00+01:00",NA,"Rissa tridactyla","fe437d72-fc7d-4947-9ef3-0f52888ff775","Rissa tridactyla",2020
"HumanObservation",2017,80.069452,15.658987,"2017-08-07T00:09:50","1","Balaenoptera musculus","fe4851fd-f775-4dd7-a22a-a36eb3166808","Balaenoptera musculus",2010
"HumanObservation",2024,65.5420583333,-13.7545694444,"2024-05-30T12:32:00+00:00",NA,"Fratercula arctica","fe55cc26-77d4-4c79-89e7-f0e1720446db","Fratercula arctica",2020
"HumanObservation",2024,66.5472597024,-18.023096351,"2024-07-29T13:49:04+00:00",NA,"Fratercula arctica","fe5698d0-871d-42b1-a2bf-ca2987f4ce8d","Fratercula arctica",2020
"HumanObservation",2022,70.2065511308,31.0776038667,"2022-07-19T13:24:00+02:00",NA,"Fratercula arctica","fe5b0194-70fb-40a3-8f15-86a2027253bc","Fratercula arctica",2020
"HumanObservation",2023,65.5421916667,-13.7549555556,"2023-06-05T07:30:00+00:00",NA,"Fratercula arctica","fe5fb571-7f47-4ac6-ba05-15f3665acd55","Fratercula arctica",2020
"HumanObservation",2024,65.5420616667,-13.7544133333,"2024-06-27T14:34:45+00:00",NA,"Fratercula arctica","fe748ceb-417e-4ddb-b179-766fccefadb5","Fratercula arctica",2020
"HumanObservation",2023,78.7463619324,9.9040737817,"2023-07-03T14:44:00+02:00",NA,"Rissa tridactyla","fe8404ac-96ec-46ce-8226-8fa1c9a112b3","Rissa tridactyla",2020
"HumanObservation",2020,61.3967,-20.3996,"2020-08-25",NA,"Fratercula arctica","fe882630-a881-4cf7-9aba-229ef67a7448","Fratercula arctica",2020
"MachineObservation",2020,75.674854,11.637997,"2020-09-12T16:51",NA,"Physeter macrocephalus","fe96f54a-1754-498d-95b3-3fcc45f5106c","Physeter macrocephalus",2020
"HumanObservation",2023,63.3989840295,-20.2920211822,"2023-06-26T00:48:00+00:00",NA,"Fratercula arctica","fea27d01-db48-43c7-98b2-b2ff2341ccba","Fratercula arctica",2020
"HumanObservation",2020,61.9019294336,-6.9372010986,"2020-08-28",NA,"Fratercula arctica","feb9ee5c-efe8-495e-9f00-1675cb057801","Fratercula arctica",2020
"HumanObservation",2022,65.5071673707,-24.518364205,"2022-06-16T13:16:00+00:00",NA,"Rissa tridactyla","fee3f650-3d32-4ec8-83e8-164899b39a68","Rissa tridactyla",2020
"HumanObservation",2020,59.8886,-2.5135,"2020-08-23",NA,"Fratercula arctica","fee494e4-1bce-4dc9-bf7f-34d87ea9cf74","Fratercula arctica",2020
"HumanObservation",2018,63.4017666537,-19.127674127,"2018-07-26T13:26:00+00:00",NA,"Fratercula arctica","fef9aa81-47f1-4217-84e8-ead097fb508d","Fratercula arctica",2010
"HumanObservation",2023,70.3428293176,31.1177328769,"2023-03-24T11:31:00+01:00",NA,"Rissa tridactyla","fefcdf06-0eee-4def-928c-aefd47afd741","Rissa tridactyla",2020
"HumanObservation",2017,64.71495,-19.028362,"2017-07-15T22:00:00+00:00",NA,"Fratercula arctica","ff022b3a-0757-46f2-a291-51e2d0e0c533","Fratercula arctica",2010
"HumanObservation",2023,65.9017150225,-16.0653276382,"2023-05-29T18:12:13+00:00",NA,"Fratercula arctica","ff06c58f-4071-4978-856f-3e1fd5bf68da","Fratercula arctica",2020
"HumanObservation",2023,64.9389451138,-19.1132996684,"2023-07-13T19:11:08+00:00",NA,"Fratercula arctica","ff0f4cd1-3400-4e5f-b9b9-31afda8bc832","Fratercula arctica",2020
"HumanObservation",2017,63.4116666667,-19.0222216667,"2017-08-01T10:40:00-06:00",NA,"Fratercula arctica","ff584d7d-40b8-4046-b6af-fdec2e01b5df","Fratercula arctica",2010
"HumanObservation",2024,63.4047277778,-19.1019027778,"2024-05-02T18:28:00+00:00",NA,"Fratercula arctica","ff58fd68-8a0b-4fc1-878a-e1b211640616","Fratercula arctica",2020
"HumanObservation",2019,64.1789598699,-21.9116226988,"2019-05-11T17:27:00-05:00",NA,"Fratercula arctica","ff5ae498-0a55-4242-93fb-e536253693c2","Fratercula arctica",2010
"HumanObservation",2017,65.502542,-24.531585,"2017-07-07T13:51:45+00:00",NA,"Fratercula arctica","ff5c205e-05b8-43be-adc2-04c1e94a61d0","Fratercula arctica",2010
"HumanObservation",2024,63.4009500234,-20.2942915674,"2024-07-08T04:04:00+00:00",NA,"Fratercula arctica","ff8ac03d-5c00-434e-834f-5c42723f82b8","Fratercula arctica",2020
"HumanObservation",2022,65.4982180413,-24.5230708724,"2022-07-06T13:39:00+00:00",NA,"Rissa tridactyla","ffa11f7e-23d2-45e2-9ba8-51973e271c5f","Rissa tridactyla",2020
"HumanObservation",2022,67.8449539428,12.8972862022,"2022-08-07T14:10:02+02:00",NA,"Rissa tridactyla","ffaa08e8-db68-4b7d-b678-72b358f39964","Rissa tridactyla",2020
"HumanObservation",2023,66.076667,-17.55,"2023-05-13","1","Balaenoptera musculus","ffc18197-dd4e-4c99-8ec2-ee666112ced5","Balaenoptera musculus",2020
"HumanObservation",2019,60.4182915769,-1.2873040976,"2019-07-15T12:46:47+01:00",NA,"Fratercula arctica","ffc7d3bb-7788-4a68-94dc-2cac55c8a620","Fratercula arctica",2010
"HumanObservation",2023,78.1780130076,15.1161718294,"2023-05-24T07:47:00+02:00",NA,"Rissa tridactyla","ffe9f2bb-2364-43bc-9402-21335280704e","Rissa tridactyla",2020
"HumanObservation",2023,66.081892,-17.551167,"2023-06-15T11:00","1","Balaenoptera musculus","fff72bd9-82ac-4900-86fe-4557f34fc911","Balaenoptera musculus",2020
"HumanObservation",2023,65.4992978239,-24.510755512,"2023-06-30T07:48:00+00:00",NA,"Rissa tridactyla","fffd70b2-ef3f-4509-9e2e-6bff0bea63ea","Rissa tridactyla",2020
